<?xml version='1.0' encoding='UTF-8'?><!DOCTYPE paula SYSTEM "paula_rel.dtd">
<paula version="1.1">
	<header paula_id="bridge.GENTLE_dictionary_school.bridge"/>
	<relList xmlns:xlink="http://www.w3.org/1999/xlink" type="bridge">
		<rel id="sPointingRel1294_9673" xlink:href="ref.GENTLE_dictionary_school.mark.xml#sSpan383" target="ref.GENTLE_dictionary_school.mark.xml#sSpan381"/>
		<rel id="sPointingRel1296_9674" xlink:href="ref.GENTLE_dictionary_school.mark.xml#sSpan335" target="ref.GENTLE_dictionary_school.mark.xml#sSpan334"/>
		<rel id="sPointingRel1298_9675" xlink:href="ref.GENTLE_dictionary_school.mark.xml#sSpan224" target="ref.GENTLE_dictionary_school.mark.xml#sSpan223"/>
		<rel id="sPointingRel1300_9676" xlink:href="ref.GENTLE_dictionary_school.mark.xml#sSpan300" target="ref.GENTLE_dictionary_school.mark.xml#sSpan298"/>
		<rel id="sPointingRel1302" xlink:href="ref.GENTLE_dictionary_school.mark.xml#sSpan374" target="ref.GENTLE_dictionary_school.mark.xml#sSpan369"/>
		<rel id="sPointingRel1304" xlink:href="ref.GENTLE_dictionary_school.mark.xml#sSpan302" target="ref.GENTLE_dictionary_school.mark.xml#sSpan298"/>
		<rel id="sPointingRel1306" xlink:href="ref.GENTLE_dictionary_school.mark.xml#sSpan371" target="ref.GENTLE_dictionary_school.mark.xml#sSpan369"/></relList></paula>