<?xml version='1.0' encoding='UTF-8'?><!DOCTYPE paula SYSTEM "paula_feat.dtd">
<paula version="1.1">
	<header paula_id="bridge.GENTLE_dictionary_school.bridge_type"/>
	<featList xmlns:xlink="http://www.w3.org/1999/xlink" type="type" xml:base="bridge.GENTLE_dictionary_school.bridge.xml">
		<feat xlink:href="#sPointingRel1295_9698" value="bridge:other"/>
		<feat xlink:href="#sPointingRel1297_9699" value="bridge:other"/>
		<feat xlink:href="#sPointingRel1299_9700" value="bridge:other"/>
		<feat xlink:href="#sPointingRel1301" value="bridge:other"/>
		<feat xlink:href="#sPointingRel1303" value="bridge:other"/>
		<feat xlink:href="#sPointingRel1305" value="bridge:other"/></featList></paula>