<?xml version='1.0' encoding='UTF-8'?><!DOCTYPE paula SYSTEM "paula_feat.dtd">
<paula version="1.1">
	<header paula_id="GENTLE_dictionary_school.tok_pos"/>
	<featList xmlns:xlink="http://www.w3.org/1999/xlink" type="pos" xml:base="GENTLE_dictionary_school.tok.xml">
		<feat xlink:href="#sTok1" value="NN"/>
		<feat xlink:href="#sTok2" value="NP"/>
		<feat xlink:href="#sTok3" value="NN"/>
		<feat xlink:href="#sTok4" value="NN"/>
		<feat xlink:href="#sTok5" value=":"/>
		<feat xlink:href="#sTok6" value="NN"/>
		<feat xlink:href="#sTok7" value=","/>
		<feat xlink:href="#sTok8" value="NP"/>
		<feat xlink:href="#sTok9" value="("/>
		<feat xlink:href="#sTok10" value="NN"/>
		<feat xlink:href="#sTok11" value=")"/>
		<feat xlink:href="#sTok12" value=":"/>
		<feat xlink:href="#sTok13" value="SYM"/>
		<feat xlink:href="#sTok14" value="NN"/>
		<feat xlink:href="#sTok15" value=":"/>
		<feat xlink:href="#sTok16" value="NN"/>
		<feat xlink:href="#sTok17" value="("/>
		<feat xlink:href="#sTok18" value="NP"/>
		<feat xlink:href="#sTok19" value="NP"/>
		<feat xlink:href="#sTok20" value=")"/>
		<feat xlink:href="#sTok21" value="NNS"/>
		<feat xlink:href="#sTok22" value=":"/>
		<feat xlink:href="#sTok23" value="UH"/>
		<feat xlink:href="#sTok24" value="NN"/>
		<feat xlink:href="#sTok25" value="CD"/>
		<feat xlink:href="#sTok26" value="IN"/>
		<feat xlink:href="#sTok27" value="NP"/>
		<feat xlink:href="#sTok28" value="NP"/>
		<feat xlink:href="#sTok29" value="FW"/>
		<feat xlink:href="#sTok30" value=","/>
		<feat xlink:href="#sTok31" value="FW"/>
		<feat xlink:href="#sTok32" value="("/>
		<feat xlink:href="#sTok33" value="``"/>
		<feat xlink:href="#sTok34" value="NN"/>
		<feat xlink:href="#sTok35" value="IN"/>
		<feat xlink:href="#sTok36" value="NNS"/>
		<feat xlink:href="#sTok37" value=","/>
		<feat xlink:href="#sTok38" value="NN"/>
		<feat xlink:href="#sTok39" value=","/>
		<feat xlink:href="#sTok40" value="NN"/>
		<feat xlink:href="#sTok41" value=","/>
		<feat xlink:href="#sTok42" value="NN"/>
		<feat xlink:href="#sTok43" value="IN"/>
		<feat xlink:href="#sTok44" value="NN"/>
		<feat xlink:href="#sTok45" value="''"/>
		<feat xlink:href="#sTok46" value=")"/>
		<feat xlink:href="#sTok47" value=","/>
		<feat xlink:href="#sTok48" value="IN"/>
		<feat xlink:href="#sTok49" value="NP"/>
		<feat xlink:href="#sTok50" value="NP"/>
		<feat xlink:href="#sTok51" value="FW"/>
		<feat xlink:href="#sTok52" value="("/>
		<feat xlink:href="#sTok53" value="``"/>
		<feat xlink:href="#sTok54" value="NN"/>
		<feat xlink:href="#sTok55" value=","/>
		<feat xlink:href="#sTok56" value="NN"/>
		<feat xlink:href="#sTok57" value="IN"/>
		<feat xlink:href="#sTok58" value="NNS"/>
		<feat xlink:href="#sTok59" value=","/>
		<feat xlink:href="#sTok60" value="NN"/>
		<feat xlink:href="#sTok61" value="IN"/>
		<feat xlink:href="#sTok62" value="NNS"/>
		<feat xlink:href="#sTok63" value="''"/>
		<feat xlink:href="#sTok64" value=")"/>
		<feat xlink:href="#sTok65" value=","/>
		<feat xlink:href="#sTok66" value="IN"/>
		<feat xlink:href="#sTok67" value="NP"/>
		<feat xlink:href="#sTok68" value="NP"/>
		<feat xlink:href="#sTok69" value="FW"/>
		<feat xlink:href="#sTok70" value=","/>
		<feat xlink:href="#sTok71" value="FW"/>
		<feat xlink:href="#sTok72" value="("/>
		<feat xlink:href="#sTok73" value="``"/>
		<feat xlink:href="#sTok74" value="NN"/>
		<feat xlink:href="#sTok75" value=","/>
		<feat xlink:href="#sTok76" value="NN"/>
		<feat xlink:href="#sTok77" value="''"/>
		<feat xlink:href="#sTok78" value=")"/>
		<feat xlink:href="#sTok79" value=","/>
		<feat xlink:href="#sTok80" value="IN"/>
		<feat xlink:href="#sTok81" value="NP"/>
		<feat xlink:href="#sTok82" value="FW"/>
		<feat xlink:href="#sTok83" value="("/>
		<feat xlink:href="#sTok84" value="``"/>
		<feat xlink:href="#sTok85" value="NN"/>
		<feat xlink:href="#sTok86" value="''"/>
		<feat xlink:href="#sTok87" value=")"/>
		<feat xlink:href="#sTok88" value=","/>
		<feat xlink:href="#sTok89" value="IN"/>
		<feat xlink:href="#sTok90" value="NP"/>
		<feat xlink:href="#sTok91" value="FW"/>
		<feat xlink:href="#sTok92" value="("/>
		<feat xlink:href="#sTok93" value="``"/>
		<feat xlink:href="#sTok94" value="NN"/>
		<feat xlink:href="#sTok95" value=","/>
		<feat xlink:href="#sTok96" value="NNS"/>
		<feat xlink:href="#sTok97" value="''"/>
		<feat xlink:href="#sTok98" value=")"/>
		<feat xlink:href="#sTok99" value="SENT"/>
		<feat xlink:href="#sTok100" value="JJ"/>
		<feat xlink:href="#sTok101" value="IN"/>
		<feat xlink:href="#sTok102" value="NP"/>
		<feat xlink:href="#sTok103" value="NP"/>
		<feat xlink:href="#sTok104" value="NP"/>
		<feat xlink:href="#sTok105" value="FW"/>
		<feat xlink:href="#sTok106" value="("/>
		<feat xlink:href="#sTok107" value="``"/>
		<feat xlink:href="#sTok108" value="NN"/>
		<feat xlink:href="#sTok109" value=","/>
		<feat xlink:href="#sTok110" value="NN"/>
		<feat xlink:href="#sTok111" value="''"/>
		<feat xlink:href="#sTok112" value=")"/>
		<feat xlink:href="#sTok113" value=","/>
		<feat xlink:href="#sTok114" value="NP"/>
		<feat xlink:href="#sTok115" value="NP"/>
		<feat xlink:href="#sTok116" value="NN"/>
		<feat xlink:href="#sTok117" value="("/>
		<feat xlink:href="#sTok118" value="``"/>
		<feat xlink:href="#sTok119" value="NN"/>
		<feat xlink:href="#sTok120" value="CC"/>
		<feat xlink:href="#sTok121" value="NN"/>
		<feat xlink:href="#sTok122" value="IN"/>
		<feat xlink:href="#sTok123" value="NNS"/>
		<feat xlink:href="#sTok124" value=","/>
		<feat xlink:href="#sTok125" value="NN"/>
		<feat xlink:href="#sTok126" value=","/>
		<feat xlink:href="#sTok127" value="NN"/>
		<feat xlink:href="#sTok128" value=","/>
		<feat xlink:href="#sTok129" value="NN"/>
		<feat xlink:href="#sTok130" value="IN"/>
		<feat xlink:href="#sTok131" value="NN"/>
		<feat xlink:href="#sTok132" value="''"/>
		<feat xlink:href="#sTok133" value=")"/>
		<feat xlink:href="#sTok134" value="SENT"/>
		<feat xlink:href="#sTok135" value="NN"/>
		<feat xlink:href="#sTok136" value="IN"/>
		<feat xlink:href="#sTok137" value="NN"/>
		<feat xlink:href="#sTok138" value="SENT"/>
		<feat xlink:href="#sTok139" value="JJ"/>
		<feat xlink:href="#sTok140" value="NNS"/>
		<feat xlink:href="#sTok141" value="NN"/>
		<feat xlink:href="#sTok142" value="("/>
		<feat xlink:href="#sTok143" value="JJ"/>
		<feat xlink:href="#sTok144" value=")"/>
		<feat xlink:href="#sTok145" value="NN"/>
		<feat xlink:href="#sTok146" value="NN"/>
		<feat xlink:href="#sTok147" value="("/>
		<feat xlink:href="#sTok148" value="CD"/>
		<feat xlink:href="#sTok149" value=")"/>
		<feat xlink:href="#sTok150" value="IN"/>
		<feat xlink:href="#sTok151" value="NN"/>
		<feat xlink:href="#sTok152" value="SENT"/>
		<feat xlink:href="#sTok153" value="NN"/>
		<feat xlink:href="#sTok154" value="("/>
		<feat xlink:href="#sTok155" value="JJ"/>
		<feat xlink:href="#sTok156" value="NNS"/>
		<feat xlink:href="#sTok157" value=")"/>
		<feat xlink:href="#sTok158" value="("/>
		<feat xlink:href="#sTok159" value="JJ"/>
		<feat xlink:href="#sTok160" value=")"/>
		<feat xlink:href="#sTok161" value="DT"/>
		<feat xlink:href="#sTok162" value="NN"/>
		<feat xlink:href="#sTok163" value="IN"/>
		<feat xlink:href="#sTok164" value="NN"/>
		<feat xlink:href="#sTok165" value="CC"/>
		<feat xlink:href="#sTok166" value="DT"/>
		<feat xlink:href="#sTok167" value="NN"/>
		<feat xlink:href="#sTok168" value="IN"/>
		<feat xlink:href="#sTok169" value="JJ"/>
		<feat xlink:href="#sTok170" value="NNS"/>
		<feat xlink:href="#sTok171" value="JJ"/>
		<feat xlink:href="#sTok172" value="IN"/>
		<feat xlink:href="#sTok173" value="NNS"/>
		<feat xlink:href="#sTok174" value=","/>
		<feat xlink:href="#sTok175" value="NNS"/>
		<feat xlink:href="#sTok176" value=","/>
		<feat xlink:href="#sTok177" value="CC"/>
		<feat xlink:href="#sTok178" value="NNS"/>
		<feat xlink:href="#sTok179" value="SENT"/>
		<feat xlink:href="#sTok180" value="DT"/>
		<feat xlink:href="#sTok181" value="NNS"/>
		<feat xlink:href="#sTok182" value="VVD"/>
		<feat xlink:href="#sTok183" value="DT"/>
		<feat xlink:href="#sTok184" value="JJ"/>
		<feat xlink:href="#sTok185" value="NN"/>
		<feat xlink:href="#sTok186" value="IN"/>
		<feat xlink:href="#sTok187" value="NN"/>
		<feat xlink:href="#sTok188" value="SENT"/>
		<feat xlink:href="#sTok189" value="DT"/>
		<feat xlink:href="#sTok190" value="NN"/>
		<feat xlink:href="#sTok191" value="SENT"/>
		<feat xlink:href="#sTok192" value="NNS"/>
		<feat xlink:href="#sTok193" value="("/>
		<feat xlink:href="#sTok194" value="NNS"/>
		<feat xlink:href="#sTok195" value=")"/>
		<feat xlink:href="#sTok196" value=":"/>
		<feat xlink:href="#sTok197" value="NN"/>
		<feat xlink:href="#sTok198" value="NN"/>
		<feat xlink:href="#sTok199" value="NN"/>
		<feat xlink:href="#sTok200" value="("/>
		<feat xlink:href="#sTok201" value="JJ"/>
		<feat xlink:href="#sTok202" value="HYPH"/>
		<feat xlink:href="#sTok203" value="NN"/>
		<feat xlink:href="#sTok204" value="JJ"/>
		<feat xlink:href="#sTok205" value="JJ"/>
		<feat xlink:href="#sTok206" value="NN"/>
		<feat xlink:href="#sTok207" value="NNS"/>
		<feat xlink:href="#sTok208" value=","/>
		<feat xlink:href="#sTok209" value="JJ"/>
		<feat xlink:href="#sTok210" value="NN"/>
		<feat xlink:href="#sTok211" value="VVG"/>
		<feat xlink:href="#sTok212" value=","/>
		<feat xlink:href="#sTok213" value="JJ"/>
		<feat xlink:href="#sTok214" value="NN"/>
		<feat xlink:href="#sTok215" value="CC"/>
		<feat xlink:href="#sTok216" value="NN"/>
		<feat xlink:href="#sTok217" value="NN"/>
		<feat xlink:href="#sTok218" value="VVD"/>
		<feat xlink:href="#sTok219" value=")"/>
		<feat xlink:href="#sTok220" value="("/>
		<feat xlink:href="#sTok221" value="JJ"/>
		<feat xlink:href="#sTok222" value=")"/>
		<feat xlink:href="#sTok223" value="("/>
		<feat xlink:href="#sTok224" value="IN"/>
		<feat xlink:href="#sTok225" value="NN"/>
		<feat xlink:href="#sTok226" value=")"/>
		<feat xlink:href="#sTok227" value="TO"/>
		<feat xlink:href="#sTok228" value="VV"/>
		<feat xlink:href="#sTok229" value="IN"/>
		<feat xlink:href="#sTok230" value=","/>
		<feat xlink:href="#sTok231" value="CC"/>
		<feat xlink:href="#sTok232" value="VV"/>
		<feat xlink:href="#sTok233" value="IN"/>
		<feat xlink:href="#sTok234" value="DT"/>
		<feat xlink:href="#sTok235" value="NN"/>
		<feat xlink:href="#sTok236" value="SENT"/>
		<feat xlink:href="#sTok237" value="NN"/>
		<feat xlink:href="#sTok238" value="CD"/>
		<feat xlink:href="#sTok239" value="JJ"/>
		<feat xlink:href="#sTok240" value="NN"/>
		<feat xlink:href="#sTok241" value="IN"/>
		<feat xlink:href="#sTok242" value="NP"/>
		<feat xlink:href="#sTok243" value="NP"/>
		<feat xlink:href="#sTok244" value="FW"/>
		<feat xlink:href="#sTok245" value=","/>
		<feat xlink:href="#sTok246" value="IN"/>
		<feat xlink:href="#sTok247" value="NP"/>
		<feat xlink:href="#sTok248" value="NP"/>
		<feat xlink:href="#sTok249" value="FW"/>
		<feat xlink:href="#sTok250" value="("/>
		<feat xlink:href="#sTok251" value="``"/>
		<feat xlink:href="#sTok252" value="NN"/>
		<feat xlink:href="#sTok253" value="IN"/>
		<feat xlink:href="#sTok254" value="NN"/>
		<feat xlink:href="#sTok255" value="''"/>
		<feat xlink:href="#sTok256" value=")"/>
		<feat xlink:href="#sTok257" value=","/>
		<feat xlink:href="#sTok258" value="IN"/>
		<feat xlink:href="#sTok259" value="NP"/>
		<feat xlink:href="#sTok260" value="FW"/>
		<feat xlink:href="#sTok261" value="("/>
		<feat xlink:href="#sTok262" value="``"/>
		<feat xlink:href="#sTok263" value="NN"/>
		<feat xlink:href="#sTok264" value="''"/>
		<feat xlink:href="#sTok265" value=")"/>
		<feat xlink:href="#sTok266" value=","/>
		<feat xlink:href="#sTok267" value="IN"/>
		<feat xlink:href="#sTok268" value="NP"/>
		<feat xlink:href="#sTok269" value="NP"/>
		<feat xlink:href="#sTok270" value="NN"/>
		<feat xlink:href="#sTok271" value=","/>
		<feat xlink:href="#sTok272" value="FW"/>
		<feat xlink:href="#sTok273" value="("/>
		<feat xlink:href="#sTok274" value="``"/>
		<feat xlink:href="#sTok275" value="JJ"/>
		<feat xlink:href="#sTok276" value="NN"/>
		<feat xlink:href="#sTok277" value="CC"/>
		<feat xlink:href="#sTok278" value="NN"/>
		<feat xlink:href="#sTok279" value=","/>
		<feat xlink:href="#sTok280" value="NN"/>
		<feat xlink:href="#sTok281" value=","/>
		<feat xlink:href="#sTok282" value="NN"/>
		<feat xlink:href="#sTok283" value="''"/>
		<feat xlink:href="#sTok284" value=")"/>
		<feat xlink:href="#sTok285" value=","/>
		<feat xlink:href="#sTok286" value="IN"/>
		<feat xlink:href="#sTok287" value="NP"/>
		<feat xlink:href="#sTok288" value="NP"/>
		<feat xlink:href="#sTok289" value="FW"/>
		<feat xlink:href="#sTok290" value="("/>
		<feat xlink:href="#sTok291" value="FW"/>
		<feat xlink:href="#sTok292" value=")"/>
		<feat xlink:href="#sTok293" value=","/>
		<feat xlink:href="#sTok294" value="IN"/>
		<feat xlink:href="#sTok295" value="FW"/>
		<feat xlink:href="#sTok296" value="("/>
		<feat xlink:href="#sTok297" value="FW"/>
		<feat xlink:href="#sTok298" value=","/>
		<feat xlink:href="#sTok299" value="``"/>
		<feat xlink:href="#sTok300" value="JJ"/>
		<feat xlink:href="#sTok301" value="NN"/>
		<feat xlink:href="#sTok302" value=","/>
		<feat xlink:href="#sTok303" value="NN"/>
		<feat xlink:href="#sTok304" value=":"/>
		<feat xlink:href="#sTok305" value="NNS"/>
		<feat xlink:href="#sTok306" value="CC"/>
		<feat xlink:href="#sTok307" value="DT"/>
		<feat xlink:href="#sTok308" value="NN"/>
		<feat xlink:href="#sTok309" value="VVN"/>
		<feat xlink:href="#sTok310" value="IN"/>
		<feat xlink:href="#sTok311" value="PP"/>
		<feat xlink:href="#sTok312" value="IN"/>
		<feat xlink:href="#sTok313" value="JJ"/>
		<feat xlink:href="#sTok314" value="NN"/>
		<feat xlink:href="#sTok315" value=":"/>
		<feat xlink:href="#sTok316" value="DT"/>
		<feat xlink:href="#sTok317" value="NNS"/>
		<feat xlink:href="#sTok318" value="WRB"/>
		<feat xlink:href="#sTok319" value="DT"/>
		<feat xlink:href="#sTok320" value="NNS"/>
		<feat xlink:href="#sTok321" value="VVD"/>
		<feat xlink:href="#sTok322" value="NN"/>
		<feat xlink:href="#sTok323" value="''"/>
		<feat xlink:href="#sTok324" value=")"/>
		<feat xlink:href="#sTok325" value=","/>
		<feat xlink:href="#sTok326" value="IN"/>
		<feat xlink:href="#sTok327" value="NP"/>
		<feat xlink:href="#sTok328" value="FW"/>
		<feat xlink:href="#sTok329" value="("/>
		<feat xlink:href="#sTok330" value="``"/>
		<feat xlink:href="#sTok331" value="TO"/>
		<feat xlink:href="#sTok332" value="VV"/>
		<feat xlink:href="#sTok333" value=","/>
		<feat xlink:href="#sTok334" value="VH"/>
		<feat xlink:href="#sTok335" value=","/>
		<feat xlink:href="#sTok336" value="VV"/>
		<feat xlink:href="#sTok337" value="''"/>
		<feat xlink:href="#sTok338" value=")"/>
		<feat xlink:href="#sTok339" value="SENT"/>
		<feat xlink:href="#sTok340" value="NN"/>
		<feat xlink:href="#sTok341" value="IN"/>
		<feat xlink:href="#sTok342" value="NN"/>
		<feat xlink:href="#sTok343" value="CC"/>
		<feat xlink:href="#sTok344" value="NN"/>
		<feat xlink:href="#sTok345" value="SENT"/>
		<feat xlink:href="#sTok346" value="VV"/>
		<feat xlink:href="#sTok347" value="NP"/>
		<feat xlink:href="#sTok348" value="NP"/>
		<feat xlink:href="#sTok349" value="FW"/>
		<feat xlink:href="#sTok350" value=","/>
		<feat xlink:href="#sTok351" value="FW"/>
		<feat xlink:href="#sTok352" value="("/>
		<feat xlink:href="#sTok353" value="``"/>
		<feat xlink:href="#sTok354" value="NN"/>
		<feat xlink:href="#sTok355" value="''"/>
		<feat xlink:href="#sTok356" value=")"/>
		<feat xlink:href="#sTok357" value="("/>
		<feat xlink:href="#sTok358" value="NP"/>
		<feat xlink:href="#sTok359" value="NP"/>
		<feat xlink:href="#sTok360" value="FW"/>
		<feat xlink:href="#sTok361" value=","/>
		<feat xlink:href="#sTok362" value="NP"/>
		<feat xlink:href="#sTok363" value="NP"/>
		<feat xlink:href="#sTok364" value="FW"/>
		<feat xlink:href="#sTok365" value=")"/>
		<feat xlink:href="#sTok366" value=","/>
		<feat xlink:href="#sTok367" value="NP"/>
		<feat xlink:href="#sTok368" value="FW"/>
		<feat xlink:href="#sTok369" value="("/>
		<feat xlink:href="#sTok370" value="``"/>
		<feat xlink:href="#sTok371" value="NN"/>
		<feat xlink:href="#sTok372" value="''"/>
		<feat xlink:href="#sTok373" value=")"/>
		<feat xlink:href="#sTok374" value=","/>
		<feat xlink:href="#sTok375" value="NP"/>
		<feat xlink:href="#sTok376" value="NP"/>
		<feat xlink:href="#sTok377" value="NP"/>
		<feat xlink:href="#sTok378" value="FW"/>
		<feat xlink:href="#sTok379" value="("/>
		<feat xlink:href="#sTok380" value="``"/>
		<feat xlink:href="#sTok381" value="NN"/>
		<feat xlink:href="#sTok382" value="''"/>
		<feat xlink:href="#sTok383" value=")"/>
		<feat xlink:href="#sTok384" value=","/>
		<feat xlink:href="#sTok385" value="NP"/>
		<feat xlink:href="#sTok386" value="NP"/>
		<feat xlink:href="#sTok387" value="NP"/>
		<feat xlink:href="#sTok388" value="FW"/>
		<feat xlink:href="#sTok389" value="("/>
		<feat xlink:href="#sTok390" value="``"/>
		<feat xlink:href="#sTok391" value="NN"/>
		<feat xlink:href="#sTok392" value="''"/>
		<feat xlink:href="#sTok393" value=")"/>
		<feat xlink:href="#sTok394" value=","/>
		<feat xlink:href="#sTok395" value="NP"/>
		<feat xlink:href="#sTok396" value="NP"/>
		<feat xlink:href="#sTok397" value="FW"/>
		<feat xlink:href="#sTok398" value="("/>
		<feat xlink:href="#sTok399" value="``"/>
		<feat xlink:href="#sTok400" value="NN"/>
		<feat xlink:href="#sTok401" value="''"/>
		<feat xlink:href="#sTok402" value=")"/>
		<feat xlink:href="#sTok403" value="SENT"/>
		<feat xlink:href="#sTok404" value="VVN"/>
		<feat xlink:href="#sTok405" value="IN"/>
		<feat xlink:href="#sTok406" value="DT"/>
		<feat xlink:href="#sTok407" value="NNS"/>
		<feat xlink:href="#sTok408" value="IN"/>
		<feat xlink:href="#sTok409" value="NP"/>
		<feat xlink:href="#sTok410" value="NP"/>
		<feat xlink:href="#sTok411" value="FW"/>
		<feat xlink:href="#sTok412" value="("/>
		<feat xlink:href="#sTok413" value="``"/>
		<feat xlink:href="#sTok414" value="NN"/>
		<feat xlink:href="#sTok415" value="IN"/>
		<feat xlink:href="#sTok416" value="NNS"/>
		<feat xlink:href="#sTok417" value=","/>
		<feat xlink:href="#sTok418" value="NN"/>
		<feat xlink:href="#sTok419" value=","/>
		<feat xlink:href="#sTok420" value="NN"/>
		<feat xlink:href="#sTok421" value="''"/>
		<feat xlink:href="#sTok422" value=")"/>
		<feat xlink:href="#sTok423" value=","/>
		<feat xlink:href="#sTok424" value="IN"/>
		<feat xlink:href="#sTok425" value="NP"/>
		<feat xlink:href="#sTok426" value="NP"/>
		<feat xlink:href="#sTok427" value="FW"/>
		<feat xlink:href="#sTok428" value="("/>
		<feat xlink:href="#sTok429" value="``"/>
		<feat xlink:href="#sTok430" value="NN"/>
		<feat xlink:href="#sTok431" value=","/>
		<feat xlink:href="#sTok432" value="NN"/>
		<feat xlink:href="#sTok433" value=","/>
		<feat xlink:href="#sTok434" value="NN"/>
		<feat xlink:href="#sTok435" value="''"/>
		<feat xlink:href="#sTok436" value=")"/>
		<feat xlink:href="#sTok437" value="SENT"/>
		<feat xlink:href="#sTok438" value="VV"/>
		<feat xlink:href="#sTok439" value="NN"/>
		<feat xlink:href="#sTok440" value="CD"/>
		<feat xlink:href="#sTok441" value="SENT"/>
		<feat xlink:href="#sTok442" value="VVN"/>
		<feat xlink:href="#sTok443" value="RB"/>
		<feat xlink:href="#sTok444" value="IN"/>
		<feat xlink:href="#sTok445" value="NP"/>
		<feat xlink:href="#sTok446" value="NP"/>
		<feat xlink:href="#sTok447" value="NP"/>
		<feat xlink:href="#sTok448" value="FW"/>
		<feat xlink:href="#sTok449" value="("/>
		<feat xlink:href="#sTok450" value="NP"/>
		<feat xlink:href="#sTok451" value="FW"/>
		<feat xlink:href="#sTok452" value=","/>
		<feat xlink:href="#sTok453" value="``"/>
		<feat xlink:href="#sTok454" value="NN"/>
		<feat xlink:href="#sTok455" value="''"/>
		<feat xlink:href="#sTok456" value=")"/>
		<feat xlink:href="#sTok457" value=","/>
		<feat xlink:href="#sTok458" value="NP"/>
		<feat xlink:href="#sTok459" value="NP"/>
		<feat xlink:href="#sTok460" value="FW"/>
		<feat xlink:href="#sTok461" value=","/>
		<feat xlink:href="#sTok462" value="FW"/>
		<feat xlink:href="#sTok463" value="("/>
		<feat xlink:href="#sTok464" value="``"/>
		<feat xlink:href="#sTok465" value="NN"/>
		<feat xlink:href="#sTok466" value="''"/>
		<feat xlink:href="#sTok467" value=")"/>
		<feat xlink:href="#sTok468" value="SENT"/>
		<feat xlink:href="#sTok469" value="JJ"/>
		<feat xlink:href="#sTok470" value="NNS"/>
		<feat xlink:href="#sTok471" value="NN"/>
		<feat xlink:href="#sTok472" value="("/>
		<feat xlink:href="#sTok473" value="JJ"/>
		<feat xlink:href="#sTok474" value=")"/>
		<feat xlink:href="#sTok475" value="NN"/>
		<feat xlink:href="#sTok476" value="NN"/>
		<feat xlink:href="#sTok477" value="("/>
		<feat xlink:href="#sTok478" value="JJ"/>
		<feat xlink:href="#sTok479" value="CC"/>
		<feat xlink:href="#sTok480" value="JJ"/>
		<feat xlink:href="#sTok481" value=","/>
		<feat xlink:href="#sTok482" value="NNS"/>
		<feat xlink:href="#sTok483" value="NNS"/>
		<feat xlink:href="#sTok484" value=")"/>
		<feat xlink:href="#sTok485" value="("/>
		<feat xlink:href="#sTok486" value="NP"/>
		<feat xlink:href="#sTok487" value=","/>
		<feat xlink:href="#sTok488" value="NP"/>
		<feat xlink:href="#sTok489" value=")"/>
		<feat xlink:href="#sTok490" value="DT"/>
		<feat xlink:href="#sTok491" value="NN"/>
		<feat xlink:href="#sTok492" value="VVN"/>
		<feat xlink:href="#sTok493" value="IN"/>
		<feat xlink:href="#sTok494" value="VVG"/>
		<feat xlink:href="#sTok495" value="CC"/>
		<feat xlink:href="#sTok496" value="VVG"/>
		<feat xlink:href="#sTok497" value=":"/>
		<feat xlink:href="#sTok498" value="DT"/>
		<feat xlink:href="#sTok499" value="JJ"/>
		<feat xlink:href="#sTok500" value="NN"/>
		<feat xlink:href="#sTok501" value="SENT"/>
		<feat xlink:href="#sTok502" value="PP$"/>
		<feat xlink:href="#sTok503" value="NNS"/>
		<feat xlink:href="#sTok504" value="VVP"/>
		<feat xlink:href="#sTok505" value="DT"/>
		<feat xlink:href="#sTok506" value="JJ"/>
		<feat xlink:href="#sTok507" value="NN"/>
		<feat xlink:href="#sTok508" value="IN"/>
		<feat xlink:href="#sTok509" value="PP$"/>
		<feat xlink:href="#sTok510" value="NN"/>
		<feat xlink:href="#sTok511" value="SENT"/>
		<feat xlink:href="#sTok512" value="NP"/>
		<feat xlink:href="#sTok513" value="NP"/>
		<feat xlink:href="#sTok514" value="VBZ"/>
		<feat xlink:href="#sTok515" value="DT"/>
		<feat xlink:href="#sTok516" value="JJ"/>
		<feat xlink:href="#sTok517" value="JJ"/>
		<feat xlink:href="#sTok518" value="JJ"/>
		<feat xlink:href="#sTok519" value="NN"/>
		<feat xlink:href="#sTok520" value="SENT"/>
		<feat xlink:href="#sTok521" value="("/>
		<feat xlink:href="#sTok522" value="NP"/>
		<feat xlink:href="#sTok523" value=")"/>
		<feat xlink:href="#sTok524" value="DT"/>
		<feat xlink:href="#sTok525" value="JJ"/>
		<feat xlink:href="#sTok526" value="NN"/>
		<feat xlink:href="#sTok527" value="VVG"/>
		<feat xlink:href="#sTok528" value="JJ"/>
		<feat xlink:href="#sTok529" value="CC"/>
		<feat xlink:href="#sTok530" value="JJ"/>
		<feat xlink:href="#sTok531" value="NN"/>
		<feat xlink:href="#sTok532" value=","/>
		<feat xlink:href="#sTok533" value="RB"/>
		<feat xlink:href="#sTok534" value="IN"/>
		<feat xlink:href="#sTok535" value="JJ"/>
		<feat xlink:href="#sTok536" value="NN"/>
		<feat xlink:href="#sTok537" value="("/>
		<feat xlink:href="#sTok538" value="NN"/>
		<feat xlink:href="#sTok539" value="CC"/>
		<feat xlink:href="#sTok540" value="NN"/>
		<feat xlink:href="#sTok541" value=")"/>
		<feat xlink:href="#sTok542" value="SENT"/>
		<feat xlink:href="#sTok543" value="("/>
		<feat xlink:href="#sTok544" value="NP"/>
		<feat xlink:href="#sTok545" value=")"/>
		<feat xlink:href="#sTok546" value="IN"/>
		<feat xlink:href="#sTok547" value="NP"/>
		<feat xlink:href="#sTok548" value="NP"/>
		<feat xlink:href="#sTok549" value=","/>
		<feat xlink:href="#sTok550" value="DT"/>
		<feat xlink:href="#sTok551" value="NN"/>
		<feat xlink:href="#sTok552" value="CC"/>
		<feat xlink:href="#sTok553" value="NN"/>
		<feat xlink:href="#sTok554" value="IN"/>
		<feat xlink:href="#sTok555" value="NN"/>
		<feat xlink:href="#sTok556" value="SENT"/>
		<feat xlink:href="#sTok557" value="NN"/>
		<feat xlink:href="#sTok558" value=","/>
		<feat xlink:href="#sTok559" value="NN"/>
		<feat xlink:href="#sTok560" value="CC"/>
		<feat xlink:href="#sTok561" value="NN"/>
		<feat xlink:href="#sTok562" value="VBP"/>
		<feat xlink:href="#sTok563" value="VVN"/>
		<feat xlink:href="#sTok564" value="IN"/>
		<feat xlink:href="#sTok565" value="CD"/>
		<feat xlink:href="#sTok566" value="NNS"/>
		<feat xlink:href="#sTok567" value="IN"/>
		<feat xlink:href="#sTok568" value="NN"/>
		<feat xlink:href="#sTok569" value="SENT"/>
		<feat xlink:href="#sTok570" value="IN"/>
		<feat xlink:href="#sTok571" value="DT"/>
		<feat xlink:href="#sTok572" value="JJR"/>
		<feat xlink:href="#sTok573" value="JJ"/>
		<feat xlink:href="#sTok574" value="NN"/>
		<feat xlink:href="#sTok575" value=","/>
		<feat xlink:href="#sTok576" value="DT"/>
		<feat xlink:href="#sTok577" value="JJ"/>
		<feat xlink:href="#sTok578" value="NN"/>
		<feat xlink:href="#sTok579" value=","/>
		<feat xlink:href="#sTok580" value="JJ"/>
		<feat xlink:href="#sTok581" value="IN"/>
		<feat xlink:href="#sTok582" value="DT"/>
		<feat xlink:href="#sTok583" value="NN"/>
		<feat xlink:href="#sTok584" value="CC"/>
		<feat xlink:href="#sTok585" value="NN"/>
		<feat xlink:href="#sTok586" value=","/>
		<feat xlink:href="#sTok587" value="WDT"/>
		<feat xlink:href="#sTok588" value="VBZ"/>
		<feat xlink:href="#sTok589" value="VVN"/>
		<feat xlink:href="#sTok590" value="IN"/>
		<feat xlink:href="#sTok591" value="DT"/>
		<feat xlink:href="#sTok592" value="JJ"/>
		<feat xlink:href="#sTok593" value="NN"/>
		<feat xlink:href="#sTok594" value="NN"/>
		<feat xlink:href="#sTok595" value="SENT"/>
		<feat xlink:href="#sTok596" value="PP"/>
		<feat xlink:href="#sTok597" value="VBP"/>
		<feat xlink:href="#sTok598" value="VVN"/>
		<feat xlink:href="#sTok599" value="IN"/>
		<feat xlink:href="#sTok600" value="DT"/>
		<feat xlink:href="#sTok601" value="JJ"/>
		<feat xlink:href="#sTok602" value="NN"/>
		<feat xlink:href="#sTok603" value=","/>
		<feat xlink:href="#sTok604" value="CC"/>
		<feat xlink:href="#sTok605" value="PP"/>
		<feat xlink:href="#sTok606" value="VVP"/>
		<feat xlink:href="#sTok607" value="DT"/>
		<feat xlink:href="#sTok608" value="NP"/>
		<feat xlink:href="#sTok609" value="IN"/>
		<feat xlink:href="#sTok610" value="NP"/>
		<feat xlink:href="#sTok611" value="CC"/>
		<feat xlink:href="#sTok612" value="PP$"/>
		<feat xlink:href="#sTok613" value="NN"/>
		<feat xlink:href="#sTok614" value="VBZ"/>
		<feat xlink:href="#sTok615" value="IN"/>
		<feat xlink:href="#sTok616" value="DT"/>
		<feat xlink:href="#sTok617" value="NP"/>
		<feat xlink:href="#sTok618" value="IN"/>
		<feat xlink:href="#sTok619" value="NP"/>
		<feat xlink:href="#sTok620" value="SENT"/>
		<feat xlink:href="#sTok621" value="DT"/>
		<feat xlink:href="#sTok622" value="NN"/>
		<feat xlink:href="#sTok623" value="NN"/>
		<feat xlink:href="#sTok624" value=","/>
		<feat xlink:href="#sTok625" value="DT"/>
		<feat xlink:href="#sTok626" value="NN"/>
		<feat xlink:href="#sTok627" value="IN"/>
		<feat xlink:href="#sTok628" value="NNS"/>
		<feat xlink:href="#sTok629" value="SENT"/>
		<feat xlink:href="#sTok630" value="DT"/>
		<feat xlink:href="#sTok631" value="NP"/>
		<feat xlink:href="#sTok632" value="NN"/>
		<feat xlink:href="#sTok633" value="IN"/>
		<feat xlink:href="#sTok634" value="NNS"/>
		<feat xlink:href="#sTok635" value="VBD"/>
		<feat xlink:href="#sTok636" value="NN"/>
		<feat xlink:href="#sTok637" value="IN"/>
		<feat xlink:href="#sTok638" value="DT"/>
		<feat xlink:href="#sTok639" value="NN"/>
		<feat xlink:href="#sTok640" value="NN"/>
		<feat xlink:href="#sTok641" value="IN"/>
		<feat xlink:href="#sTok642" value="NP"/>
		<feat xlink:href="#sTok643" value="IN"/>
		<feat xlink:href="#sTok644" value="NN"/>
		<feat xlink:href="#sTok645" value=","/>
		<feat xlink:href="#sTok646" value="WDT"/>
		<feat xlink:href="#sTok647" value="VVD"/>
		<feat xlink:href="#sTok648" value="IN"/>
		<feat xlink:href="#sTok649" value="DT"/>
		<feat xlink:href="#sTok650" value="NN"/>
		<feat xlink:href="#sTok651" value="IN"/>
		<feat xlink:href="#sTok652" value="DT"/>
		<feat xlink:href="#sTok653" value="JJ"/>
		<feat xlink:href="#sTok654" value="NP"/>
		<feat xlink:href="#sTok655" value="NP"/>
		<feat xlink:href="#sTok656" value="IN"/>
		<feat xlink:href="#sTok657" value="DT"/>
		<feat xlink:href="#sTok658" value="NN"/>
		<feat xlink:href="#sTok659" value="SENT"/>
		<feat xlink:href="#sTok660" value="("/>
		<feat xlink:href="#sTok661" value="VVN"/>
		<feat xlink:href="#sTok662" value="RB"/>
		<feat xlink:href="#sTok663" value=")"/>
		<feat xlink:href="#sTok664" value="DT"/>
		<feat xlink:href="#sTok665" value="NNS"/>
		<feat xlink:href="#sTok666" value="IN"/>
		<feat xlink:href="#sTok667" value="DT"/>
		<feat xlink:href="#sTok668" value="JJ"/>
		<feat xlink:href="#sTok669" value="NN"/>
		<feat xlink:href="#sTok670" value=":"/>
		<feat xlink:href="#sTok671" value="DT"/>
		<feat xlink:href="#sTok672" value="JJ"/>
		<feat xlink:href="#sTok673" value="NN"/>
		<feat xlink:href="#sTok674" value="IN"/>
		<feat xlink:href="#sTok675" value="VVG"/>
		<feat xlink:href="#sTok676" value="CC"/>
		<feat xlink:href="#sTok677" value="JJ"/>
		<feat xlink:href="#sTok678" value="NN"/>
		<feat xlink:href="#sTok679" value=":"/>
		<feat xlink:href="#sTok680" value="DT"/>
		<feat xlink:href="#sTok681" value="NN"/>
		<feat xlink:href="#sTok682" value="IN"/>
		<feat xlink:href="#sTok683" value="NN"/>
		<feat xlink:href="#sTok684" value="SENT"/>
		<feat xlink:href="#sTok685" value="DT"/>
		<feat xlink:href="#sTok686" value="NNS"/>
		<feat xlink:href="#sTok687" value="VVP"/>
		<feat xlink:href="#sTok688" value="IN"/>
		<feat xlink:href="#sTok689" value="DT"/>
		<feat xlink:href="#sTok690" value="JJ"/>
		<feat xlink:href="#sTok691" value="NN"/>
		<feat xlink:href="#sTok692" value="SENT"/>
		<feat xlink:href="#sTok693" value="DT"/>
		<feat xlink:href="#sTok694" value="NN"/>
		<feat xlink:href="#sTok695" value="IN"/>
		<feat xlink:href="#sTok696" value="WDT"/>
		<feat xlink:href="#sTok697" value="NNS"/>
		<feat xlink:href="#sTok698" value="VBP"/>
		<feat xlink:href="#sTok699" value="VVN"/>
		<feat xlink:href="#sTok700" value="CC"/>
		<feat xlink:href="#sTok701" value="IN"/>
		<feat xlink:href="#sTok702" value="NN"/>
		<feat xlink:href="#sTok703" value="IN"/>
		<feat xlink:href="#sTok704" value="DT"/>
		<feat xlink:href="#sTok705" value="JJ"/>
		<feat xlink:href="#sTok706" value="NN"/>
		<feat xlink:href="#sTok707" value="SENT"/>
		<feat xlink:href="#sTok708" value="PP"/>
		<feat xlink:href="#sTok709" value="MD"/>
		<feat xlink:href="#sTok710" value="VV"/>
		<feat xlink:href="#sTok711" value="PP"/>
		<feat xlink:href="#sTok712" value="IN"/>
		<feat xlink:href="#sTok713" value="NN"/>
		<feat xlink:href="#sTok714" value="SENT"/>
		<feat xlink:href="#sTok715" value="DT"/>
		<feat xlink:href="#sTok716" value="NN"/>
		<feat xlink:href="#sTok717" value="CC"/>
		<feat xlink:href="#sTok718" value="NN"/>
		<feat xlink:href="#sTok719" value="IN"/>
		<feat xlink:href="#sTok720" value="JJ"/>
		<feat xlink:href="#sTok721" value="NNS"/>
		<feat xlink:href="#sTok722" value="WRB"/>
		<feat xlink:href="#sTok723" value="DT"/>
		<feat xlink:href="#sTok724" value="NNS"/>
		<feat xlink:href="#sTok725" value="IN"/>
		<feat xlink:href="#sTok726" value="NNS"/>
		<feat xlink:href="#sTok727" value="CC"/>
		<feat xlink:href="#sTok728" value="NNS"/>
		<feat xlink:href="#sTok729" value="VBP"/>
		<feat xlink:href="#sTok730" value="VVN"/>
		<feat xlink:href="#sTok731" value="SENT"/>
		<feat xlink:href="#sTok732" value="DT"/>
		<feat xlink:href="#sTok733" value="NNS"/>
		<feat xlink:href="#sTok734" value=","/>
		<feat xlink:href="#sTok735" value="NNS"/>
		<feat xlink:href="#sTok736" value=","/>
		<feat xlink:href="#sTok737" value="CC"/>
		<feat xlink:href="#sTok738" value="NN"/>
		<feat xlink:href="#sTok739" value="IN"/>
		<feat xlink:href="#sTok740" value="NN"/>
		<feat xlink:href="#sTok741" value="CC"/>
		<feat xlink:href="#sTok742" value="NN"/>
		<feat xlink:href="#sTok743" value=","/>
		<feat xlink:href="#sTok744" value="VVN"/>
		<feat xlink:href="#sTok745" value="IN"/>
		<feat xlink:href="#sTok746" value="DT"/>
		<feat xlink:href="#sTok747" value="NN"/>
		<feat xlink:href="#sTok748" value="IN"/>
		<feat xlink:href="#sTok749" value="DT"/>
		<feat xlink:href="#sTok750" value="JJ"/>
		<feat xlink:href="#sTok751" value="NN"/>
		<feat xlink:href="#sTok752" value="CC"/>
		<feat xlink:href="#sTok753" value="NN"/>
		<feat xlink:href="#sTok754" value="SENT"/>
		<feat xlink:href="#sTok755" value="PP"/>
		<feat xlink:href="#sTok756" value="VBD"/>
		<feat xlink:href="#sTok757" value="DT"/>
		<feat xlink:href="#sTok758" value="NN"/>
		<feat xlink:href="#sTok759" value="IN"/>
		<feat xlink:href="#sTok760" value="DT"/>
		<feat xlink:href="#sTok761" value="JJ"/>
		<feat xlink:href="#sTok762" value="NN"/>
		<feat xlink:href="#sTok763" value="SENT"/>
		<feat xlink:href="#sTok764" value="DT"/>
		<feat xlink:href="#sTok765" value="NN"/>
		<feat xlink:href="#sTok766" value="VVG"/>
		<feat xlink:href="#sTok767" value="JJ"/>
		<feat xlink:href="#sTok768" value="NN"/>
		<feat xlink:href="#sTok769" value=","/>
		<feat xlink:href="#sTok770" value="IN"/>
		<feat xlink:href="#sTok771" value="IN"/>
		<feat xlink:href="#sTok772" value="VVG"/>
		<feat xlink:href="#sTok773" value=","/>
		<feat xlink:href="#sTok774" value="VVG"/>
		<feat xlink:href="#sTok775" value=","/>
		<feat xlink:href="#sTok776" value="VVG"/>
		<feat xlink:href="#sTok777" value=","/>
		<feat xlink:href="#sTok778" value="VVG"/>
		<feat xlink:href="#sTok779" value=","/>
		<feat xlink:href="#sTok780" value="FW"/>
		<feat xlink:href="#sTok781" value="NNS"/>
		<feat xlink:href="#sTok782" value="("/>
		<feat xlink:href="#sTok783" value="NN"/>
		<feat xlink:href="#sTok784" value="VVN"/>
		<feat xlink:href="#sTok785" value="IN"/>
		<feat xlink:href="#sTok786" value="NN"/>
		<feat xlink:href="#sTok787" value="CC"/>
		<feat xlink:href="#sTok788" value="NN"/>
		<feat xlink:href="#sTok789" value=")"/>
		<feat xlink:href="#sTok790" value=":"/>
		<feat xlink:href="#sTok791" value="NN"/>
		<feat xlink:href="#sTok792" value=","/>
		<feat xlink:href="#sTok793" value="NN"/>
		<feat xlink:href="#sTok794" value=","/>
		<feat xlink:href="#sTok795" value="NN"/>
		<feat xlink:href="#sTok796" value="("/>
		<feat xlink:href="#sTok797" value="JJ"/>
		<feat xlink:href="#sTok798" value="NN"/>
		<feat xlink:href="#sTok799" value="IN"/>
		<feat xlink:href="#sTok800" value="DT"/>
		<feat xlink:href="#sTok801" value="JJ"/>
		<feat xlink:href="#sTok802" value="NN"/>
		<feat xlink:href="#sTok803" value=")"/>
		<feat xlink:href="#sTok804" value=":"/>
		<feat xlink:href="#sTok805" value="NN"/>
		<feat xlink:href="#sTok806" value=","/>
		<feat xlink:href="#sTok807" value="NN"/>
		<feat xlink:href="#sTok808" value=","/>
		<feat xlink:href="#sTok809" value="NN"/>
		<feat xlink:href="#sTok810" value=","/>
		<feat xlink:href="#sTok811" value="NN"/>
		<feat xlink:href="#sTok812" value="NNS"/>
		<feat xlink:href="#sTok813" value="VV"/>
		<feat xlink:href="#sTok814" value="RB"/>
		<feat xlink:href="#sTok815" value="NN"/>
		<feat xlink:href="#sTok816" value=":"/>
		<feat xlink:href="#sTok817" value="NN"/>
		<feat xlink:href="#sTok818" value="JJ"/>
		<feat xlink:href="#sTok819" value="NNS"/>
		<feat xlink:href="#sTok820" value="("/>
		<feat xlink:href="#sTok821" value="NN"/>
		<feat xlink:href="#sTok822" value="VVG"/>
		<feat xlink:href="#sTok823" value="JJ"/>
		<feat xlink:href="#sTok824" value="CC"/>
		<feat xlink:href="#sTok825" value="JJ"/>
		<feat xlink:href="#sTok826" value="NN"/>
		<feat xlink:href="#sTok827" value=")"/>
		<feat xlink:href="#sTok828" value=":"/>
		<feat xlink:href="#sTok829" value="NN"/>
		<feat xlink:href="#sTok830" value="NN"/>
		<feat xlink:href="#sTok831" value=","/>
		<feat xlink:href="#sTok832" value="NN"/>
		<feat xlink:href="#sTok833" value=","/>
		<feat xlink:href="#sTok834" value="NN"/>
		<feat xlink:href="#sTok835" value=","/>
		<feat xlink:href="#sTok836" value="NN"/>
		<feat xlink:href="#sTok837" value=","/>
		<feat xlink:href="#sTok838" value="NN"/>
		<feat xlink:href="#sTok839" value="NN"/>
		<feat xlink:href="#sTok840" value="NN"/>
		<feat xlink:href="#sTok841" value="("/>
		<feat xlink:href="#sTok842" value="JJ"/>
		<feat xlink:href="#sTok843" value="HYPH"/>
		<feat xlink:href="#sTok844" value="NN"/>
		<feat xlink:href="#sTok845" value="JJ"/>
		<feat xlink:href="#sTok846" value="JJ"/>
		<feat xlink:href="#sTok847" value="JJ"/>
		<feat xlink:href="#sTok848" value="NNS"/>
		<feat xlink:href="#sTok849" value=","/>
		<feat xlink:href="#sTok850" value="JJ"/>
		<feat xlink:href="#sTok851" value="NN"/>
		<feat xlink:href="#sTok852" value="VVG"/>
		<feat xlink:href="#sTok853" value=","/>
		<feat xlink:href="#sTok854" value="JJ"/>
		<feat xlink:href="#sTok855" value="NN"/>
		<feat xlink:href="#sTok856" value="CC"/>
		<feat xlink:href="#sTok857" value="JJ"/>
		<feat xlink:href="#sTok858" value="NN"/>
		<feat xlink:href="#sTok859" value="VVD"/>
		<feat xlink:href="#sTok860" value=")"/>
		<feat xlink:href="#sTok861" value="("/>
		<feat xlink:href="#sTok862" value="JJ"/>
		<feat xlink:href="#sTok863" value=")"/>
		<feat xlink:href="#sTok864" value="TO"/>
		<feat xlink:href="#sTok865" value="VV"/>
		<feat xlink:href="#sTok866" value=","/>
		<feat xlink:href="#sTok867" value="VV"/>
		<feat xlink:href="#sTok868" value=","/>
		<feat xlink:href="#sTok869" value="CC"/>
		<feat xlink:href="#sTok870" value="VV"/>
		<feat xlink:href="#sTok871" value="("/>
		<feat xlink:href="#sTok872" value="RB"/>
		<feat xlink:href="#sTok873" value=","/>
		<feat xlink:href="#sTok874" value="CC"/>
		<feat xlink:href="#sTok875" value="RB"/>
		<feat xlink:href="#sTok876" value="RB"/>
		<feat xlink:href="#sTok877" value=","/>
		<feat xlink:href="#sTok878" value="IN"/>
		<feat xlink:href="#sTok879" value="DT"/>
		<feat xlink:href="#sTok880" value="NN"/>
		<feat xlink:href="#sTok881" value=")"/>
		<feat xlink:href="#sTok882" value="SENT"/>
		<feat xlink:href="#sTok883" value="JJ"/>
		<feat xlink:href="#sTok884" value="JJ"/>
		<feat xlink:href="#sTok885" value="JJ"/>
		<feat xlink:href="#sTok886" value="NNS"/>
		<feat xlink:href="#sTok887" value="VBD"/>
		<feat xlink:href="#sTok888" value="VVN"/>
		<feat xlink:href="#sTok889" value="IN"/>
		<feat xlink:href="#sTok890" value="NP"/>
		<feat xlink:href="#sTok891" value="SENT"/>
		<feat xlink:href="#sTok892" value="("/>
		<feat xlink:href="#sTok893" value="JJ"/>
		<feat xlink:href="#sTok894" value=")"/>
		<feat xlink:href="#sTok895" value="TO"/>
		<feat xlink:href="#sTok896" value="VV"/>
		<feat xlink:href="#sTok897" value="RB"/>
		<feat xlink:href="#sTok898" value=","/>
		<feat xlink:href="#sTok899" value="TO"/>
		<feat xlink:href="#sTok900" value="VV"/>
		<feat xlink:href="#sTok901" value="DT"/>
		<feat xlink:href="#sTok902" value="NN"/>
		<feat xlink:href="#sTok903" value="DT"/>
		<feat xlink:href="#sTok904" value="JJ"/>
		<feat xlink:href="#sTok905" value="NN"/>
		<feat xlink:href="#sTok906" value="SENT"/>
		<feat xlink:href="#sTok907" value="("/>
		<feat xlink:href="#sTok908" value="JJ"/>
		<feat xlink:href="#sTok909" value=")"/>
		<feat xlink:href="#sTok910" value="TO"/>
		<feat xlink:href="#sTok911" value="VV"/>
		<feat xlink:href="#sTok912" value=","/>
		<feat xlink:href="#sTok913" value="CC"/>
		<feat xlink:href="#sTok914" value="VV"/>
		<feat xlink:href="#sTok915" value=","/>
		<feat xlink:href="#sTok916" value="PP"/>
		<feat xlink:href="#sTok917" value="POS"/>
		<feat xlink:href="#sTok918" value="NN"/>
		<feat xlink:href="#sTok919" value="SENT"/>
		<feat xlink:href="#sTok920" value="PP"/>
		<feat xlink:href="#sTok921" value="VVD"/>
		<feat xlink:href="#sTok922" value="NN"/>
		<feat xlink:href="#sTok923" value="TO"/>
		<feat xlink:href="#sTok924" value="VV"/>
		<feat xlink:href="#sTok925" value="PP$"/>
		<feat xlink:href="#sTok926" value="NN"/>
		<feat xlink:href="#sTok927" value=","/>
		<feat xlink:href="#sTok928" value="RB"/>
		<feat xlink:href="#sTok929" value="VVG"/>
		<feat xlink:href="#sTok930" value="RP"/>
		<feat xlink:href="#sTok931" value="DT"/>
		<feat xlink:href="#sTok932" value="IN"/>
		<feat xlink:href="#sTok933" value="PP$"/>
		<feat xlink:href="#sTok934" value="NNS"/>
		<feat xlink:href="#sTok935" value="SENT"/></featList></paula>