<?xml version='1.0' encoding='UTF-8'?><!DOCTYPE paula SYSTEM "paula_feat.dtd">
<paula version="1.1">
	<header paula_id="GENTLE_dictionary_school.tok_SpaceAfter"/>
	<featList xmlns:xlink="http://www.w3.org/1999/xlink" type="SpaceAfter" xml:base="GENTLE_dictionary_school.tok.xml">
		<feat xlink:href="#sTok4" value="No"/>
		<feat xlink:href="#sTok6" value="No"/>
		<feat xlink:href="#sTok8" value="No"/>
		<feat xlink:href="#sTok9" value="No"/>
		<feat xlink:href="#sTok10" value="No"/>
		<feat xlink:href="#sTok11" value="No"/>
		<feat xlink:href="#sTok17" value="No"/>
		<feat xlink:href="#sTok19" value="No"/>
		<feat xlink:href="#sTok21" value="No"/>
		<feat xlink:href="#sTok29" value="No"/>
		<feat xlink:href="#sTok32" value="No"/>
		<feat xlink:href="#sTok33" value="No"/>
		<feat xlink:href="#sTok36" value="No"/>
		<feat xlink:href="#sTok38" value="No"/>
		<feat xlink:href="#sTok40" value="No"/>
		<feat xlink:href="#sTok44" value="No"/>
		<feat xlink:href="#sTok45" value="No"/>
		<feat xlink:href="#sTok46" value="No"/>
		<feat xlink:href="#sTok52" value="No"/>
		<feat xlink:href="#sTok53" value="No"/>
		<feat xlink:href="#sTok54" value="No"/>
		<feat xlink:href="#sTok58" value="No"/>
		<feat xlink:href="#sTok62" value="No"/>
		<feat xlink:href="#sTok63" value="No"/>
		<feat xlink:href="#sTok64" value="No"/>
		<feat xlink:href="#sTok69" value="No"/>
		<feat xlink:href="#sTok72" value="No"/>
		<feat xlink:href="#sTok73" value="No"/>
		<feat xlink:href="#sTok74" value="No"/>
		<feat xlink:href="#sTok76" value="No"/>
		<feat xlink:href="#sTok77" value="No"/>
		<feat xlink:href="#sTok78" value="No"/>
		<feat xlink:href="#sTok83" value="No"/>
		<feat xlink:href="#sTok84" value="No"/>
		<feat xlink:href="#sTok85" value="No"/>
		<feat xlink:href="#sTok86" value="No"/>
		<feat xlink:href="#sTok87" value="No"/>
		<feat xlink:href="#sTok92" value="No"/>
		<feat xlink:href="#sTok93" value="No"/>
		<feat xlink:href="#sTok94" value="No"/>
		<feat xlink:href="#sTok96" value="No"/>
		<feat xlink:href="#sTok97" value="No"/>
		<feat xlink:href="#sTok98" value="No"/>
		<feat xlink:href="#sTok106" value="No"/>
		<feat xlink:href="#sTok107" value="No"/>
		<feat xlink:href="#sTok108" value="No"/>
		<feat xlink:href="#sTok110" value="No"/>
		<feat xlink:href="#sTok111" value="No"/>
		<feat xlink:href="#sTok112" value="No"/>
		<feat xlink:href="#sTok117" value="No"/>
		<feat xlink:href="#sTok118" value="No"/>
		<feat xlink:href="#sTok123" value="No"/>
		<feat xlink:href="#sTok125" value="No"/>
		<feat xlink:href="#sTok127" value="No"/>
		<feat xlink:href="#sTok131" value="No"/>
		<feat xlink:href="#sTok132" value="No"/>
		<feat xlink:href="#sTok133" value="No"/>
		<feat xlink:href="#sTok137" value="No"/>
		<feat xlink:href="#sTok142" value="No"/>
		<feat xlink:href="#sTok143" value="No"/>
		<feat xlink:href="#sTok147" value="No"/>
		<feat xlink:href="#sTok148" value="No"/>
		<feat xlink:href="#sTok151" value="No"/>
		<feat xlink:href="#sTok154" value="No"/>
		<feat xlink:href="#sTok156" value="No"/>
		<feat xlink:href="#sTok158" value="No"/>
		<feat xlink:href="#sTok159" value="No"/>
		<feat xlink:href="#sTok173" value="No"/>
		<feat xlink:href="#sTok175" value="No"/>
		<feat xlink:href="#sTok178" value="No"/>
		<feat xlink:href="#sTok187" value="No"/>
		<feat xlink:href="#sTok190" value="No"/>
		<feat xlink:href="#sTok193" value="No"/>
		<feat xlink:href="#sTok194" value="No"/>
		<feat xlink:href="#sTok195" value="No"/>
		<feat xlink:href="#sTok200" value="No"/>
		<feat xlink:href="#sTok201" value="No"/>
		<feat xlink:href="#sTok202" value="No"/>
		<feat xlink:href="#sTok207" value="No"/>
		<feat xlink:href="#sTok211" value="No"/>
		<feat xlink:href="#sTok218" value="No"/>
		<feat xlink:href="#sTok220" value="No"/>
		<feat xlink:href="#sTok221" value="No"/>
		<feat xlink:href="#sTok223" value="No"/>
		<feat xlink:href="#sTok225" value="No"/>
		<feat xlink:href="#sTok229" value="No"/>
		<feat xlink:href="#sTok235" value="No"/>
		<feat xlink:href="#sTok244" value="No"/>
		<feat xlink:href="#sTok250" value="No"/>
		<feat xlink:href="#sTok251" value="No"/>
		<feat xlink:href="#sTok254" value="No"/>
		<feat xlink:href="#sTok255" value="No"/>
		<feat xlink:href="#sTok256" value="No"/>
		<feat xlink:href="#sTok261" value="No"/>
		<feat xlink:href="#sTok262" value="No"/>
		<feat xlink:href="#sTok263" value="No"/>
		<feat xlink:href="#sTok264" value="No"/>
		<feat xlink:href="#sTok265" value="No"/>
		<feat xlink:href="#sTok270" value="No"/>
		<feat xlink:href="#sTok273" value="No"/>
		<feat xlink:href="#sTok274" value="No"/>
		<feat xlink:href="#sTok278" value="No"/>
		<feat xlink:href="#sTok280" value="No"/>
		<feat xlink:href="#sTok282" value="No"/>
		<feat xlink:href="#sTok283" value="No"/>
		<feat xlink:href="#sTok284" value="No"/>
		<feat xlink:href="#sTok290" value="No"/>
		<feat xlink:href="#sTok291" value="No"/>
		<feat xlink:href="#sTok292" value="No"/>
		<feat xlink:href="#sTok296" value="No"/>
		<feat xlink:href="#sTok297" value="No"/>
		<feat xlink:href="#sTok299" value="No"/>
		<feat xlink:href="#sTok301" value="No"/>
		<feat xlink:href="#sTok303" value="No"/>
		<feat xlink:href="#sTok314" value="No"/>
		<feat xlink:href="#sTok322" value="No"/>
		<feat xlink:href="#sTok323" value="No"/>
		<feat xlink:href="#sTok324" value="No"/>
		<feat xlink:href="#sTok329" value="No"/>
		<feat xlink:href="#sTok330" value="No"/>
		<feat xlink:href="#sTok332" value="No"/>
		<feat xlink:href="#sTok334" value="No"/>
		<feat xlink:href="#sTok336" value="No"/>
		<feat xlink:href="#sTok337" value="No"/>
		<feat xlink:href="#sTok338" value="No"/>
		<feat xlink:href="#sTok344" value="No"/>
		<feat xlink:href="#sTok349" value="No"/>
		<feat xlink:href="#sTok352" value="No"/>
		<feat xlink:href="#sTok353" value="No"/>
		<feat xlink:href="#sTok354" value="No"/>
		<feat xlink:href="#sTok355" value="No"/>
		<feat xlink:href="#sTok357" value="No"/>
		<feat xlink:href="#sTok360" value="No"/>
		<feat xlink:href="#sTok364" value="No"/>
		<feat xlink:href="#sTok365" value="No"/>
		<feat xlink:href="#sTok369" value="No"/>
		<feat xlink:href="#sTok370" value="No"/>
		<feat xlink:href="#sTok371" value="No"/>
		<feat xlink:href="#sTok372" value="No"/>
		<feat xlink:href="#sTok373" value="No"/>
		<feat xlink:href="#sTok379" value="No"/>
		<feat xlink:href="#sTok380" value="No"/>
		<feat xlink:href="#sTok381" value="No"/>
		<feat xlink:href="#sTok382" value="No"/>
		<feat xlink:href="#sTok383" value="No"/>
		<feat xlink:href="#sTok389" value="No"/>
		<feat xlink:href="#sTok390" value="No"/>
		<feat xlink:href="#sTok391" value="No"/>
		<feat xlink:href="#sTok392" value="No"/>
		<feat xlink:href="#sTok393" value="No"/>
		<feat xlink:href="#sTok398" value="No"/>
		<feat xlink:href="#sTok399" value="No"/>
		<feat xlink:href="#sTok400" value="No"/>
		<feat xlink:href="#sTok401" value="No"/>
		<feat xlink:href="#sTok402" value="No"/>
		<feat xlink:href="#sTok412" value="No"/>
		<feat xlink:href="#sTok413" value="No"/>
		<feat xlink:href="#sTok416" value="No"/>
		<feat xlink:href="#sTok418" value="No"/>
		<feat xlink:href="#sTok420" value="No"/>
		<feat xlink:href="#sTok421" value="No"/>
		<feat xlink:href="#sTok422" value="No"/>
		<feat xlink:href="#sTok428" value="No"/>
		<feat xlink:href="#sTok429" value="No"/>
		<feat xlink:href="#sTok430" value="No"/>
		<feat xlink:href="#sTok432" value="No"/>
		<feat xlink:href="#sTok434" value="No"/>
		<feat xlink:href="#sTok435" value="No"/>
		<feat xlink:href="#sTok436" value="No"/>
		<feat xlink:href="#sTok439" value="No"/>
		<feat xlink:href="#sTok440" value="No"/>
		<feat xlink:href="#sTok449" value="No"/>
		<feat xlink:href="#sTok451" value="No"/>
		<feat xlink:href="#sTok453" value="No"/>
		<feat xlink:href="#sTok454" value="No"/>
		<feat xlink:href="#sTok455" value="No"/>
		<feat xlink:href="#sTok456" value="No"/>
		<feat xlink:href="#sTok460" value="No"/>
		<feat xlink:href="#sTok463" value="No"/>
		<feat xlink:href="#sTok464" value="No"/>
		<feat xlink:href="#sTok465" value="No"/>
		<feat xlink:href="#sTok466" value="No"/>
		<feat xlink:href="#sTok467" value="No"/>
		<feat xlink:href="#sTok472" value="No"/>
		<feat xlink:href="#sTok473" value="No"/>
		<feat xlink:href="#sTok477" value="No"/>
		<feat xlink:href="#sTok480" value="No"/>
		<feat xlink:href="#sTok483" value="No"/>
		<feat xlink:href="#sTok485" value="No"/>
		<feat xlink:href="#sTok486" value="No"/>
		<feat xlink:href="#sTok488" value="No"/>
		<feat xlink:href="#sTok496" value="No"/>
		<feat xlink:href="#sTok500" value="No"/>
		<feat xlink:href="#sTok510" value="No"/>
		<feat xlink:href="#sTok519" value="No"/>
		<feat xlink:href="#sTok521" value="No"/>
		<feat xlink:href="#sTok522" value="No"/>
		<feat xlink:href="#sTok531" value="No"/>
		<feat xlink:href="#sTok537" value="No"/>
		<feat xlink:href="#sTok540" value="No"/>
		<feat xlink:href="#sTok541" value="No"/>
		<feat xlink:href="#sTok543" value="No"/>
		<feat xlink:href="#sTok544" value="No"/>
		<feat xlink:href="#sTok548" value="No"/>
		<feat xlink:href="#sTok555" value="No"/>
		<feat xlink:href="#sTok557" value="No"/>
		<feat xlink:href="#sTok568" value="No"/>
		<feat xlink:href="#sTok574" value="No"/>
		<feat xlink:href="#sTok578" value="No"/>
		<feat xlink:href="#sTok585" value="No"/>
		<feat xlink:href="#sTok594" value="No"/>
		<feat xlink:href="#sTok602" value="No"/>
		<feat xlink:href="#sTok619" value="No"/>
		<feat xlink:href="#sTok623" value="No"/>
		<feat xlink:href="#sTok628" value="No"/>
		<feat xlink:href="#sTok644" value="No"/>
		<feat xlink:href="#sTok658" value="No"/>
		<feat xlink:href="#sTok660" value="No"/>
		<feat xlink:href="#sTok662" value="No"/>
		<feat xlink:href="#sTok669" value="No"/>
		<feat xlink:href="#sTok678" value="No"/>
		<feat xlink:href="#sTok683" value="No"/>
		<feat xlink:href="#sTok691" value="No"/>
		<feat xlink:href="#sTok706" value="No"/>
		<feat xlink:href="#sTok713" value="No"/>
		<feat xlink:href="#sTok730" value="No"/>
		<feat xlink:href="#sTok733" value="No"/>
		<feat xlink:href="#sTok735" value="No"/>
		<feat xlink:href="#sTok742" value="No"/>
		<feat xlink:href="#sTok753" value="No"/>
		<feat xlink:href="#sTok762" value="No"/>
		<feat xlink:href="#sTok768" value="No"/>
		<feat xlink:href="#sTok772" value="No"/>
		<feat xlink:href="#sTok774" value="No"/>
		<feat xlink:href="#sTok776" value="No"/>
		<feat xlink:href="#sTok778" value="No"/>
		<feat xlink:href="#sTok782" value="No"/>
		<feat xlink:href="#sTok788" value="No"/>
		<feat xlink:href="#sTok789" value="No"/>
		<feat xlink:href="#sTok791" value="No"/>
		<feat xlink:href="#sTok793" value="No"/>
		<feat xlink:href="#sTok796" value="No"/>
		<feat xlink:href="#sTok802" value="No"/>
		<feat xlink:href="#sTok803" value="No"/>
		<feat xlink:href="#sTok805" value="No"/>
		<feat xlink:href="#sTok807" value="No"/>
		<feat xlink:href="#sTok809" value="No"/>
		<feat xlink:href="#sTok815" value="No"/>
		<feat xlink:href="#sTok820" value="No"/>
		<feat xlink:href="#sTok826" value="No"/>
		<feat xlink:href="#sTok827" value="No"/>
		<feat xlink:href="#sTok830" value="No"/>
		<feat xlink:href="#sTok832" value="No"/>
		<feat xlink:href="#sTok834" value="No"/>
		<feat xlink:href="#sTok836" value="No"/>
		<feat xlink:href="#sTok841" value="No"/>
		<feat xlink:href="#sTok848" value="No"/>
		<feat xlink:href="#sTok852" value="No"/>
		<feat xlink:href="#sTok859" value="No"/>
		<feat xlink:href="#sTok861" value="No"/>
		<feat xlink:href="#sTok862" value="No"/>
		<feat xlink:href="#sTok865" value="No"/>
		<feat xlink:href="#sTok867" value="No"/>
		<feat xlink:href="#sTok871" value="No"/>
		<feat xlink:href="#sTok872" value="No"/>
		<feat xlink:href="#sTok876" value="No"/>
		<feat xlink:href="#sTok880" value="No"/>
		<feat xlink:href="#sTok881" value="No"/>
		<feat xlink:href="#sTok890" value="No"/>
		<feat xlink:href="#sTok892" value="No"/>
		<feat xlink:href="#sTok893" value="No"/>
		<feat xlink:href="#sTok897" value="No"/>
		<feat xlink:href="#sTok905" value="No"/>
		<feat xlink:href="#sTok907" value="No"/>
		<feat xlink:href="#sTok908" value="No"/>
		<feat xlink:href="#sTok911" value="No"/>
		<feat xlink:href="#sTok914" value="No"/>
		<feat xlink:href="#sTok918" value="No"/>
		<feat xlink:href="#sTok926" value="No"/>
		<feat xlink:href="#sTok934" value="No"/></featList></paula>