<?xml version='1.0' encoding='UTF-8'?><!DOCTYPE paula SYSTEM "paula_feat.dtd">
<paula version="1.1">
	<header paula_id="morph.GENTLE_dictionary_school.mark_Case"/>
	<featList xmlns:xlink="http://www.w3.org/1999/xlink" type="Case" xml:base="morph.GENTLE_dictionary_school.mark.xml">
		<feat xlink:href="#sSpan898" value="Acc"/>
		<feat xlink:href="#sSpan1008" value="Gen"/>
		<feat xlink:href="#sSpan1023" value="Gen"/>
		<feat xlink:href="#sSpan1108" value="Nom"/>
		<feat xlink:href="#sSpan1125" value="Nom"/>
		<feat xlink:href="#sSpan1136" value="Gen"/>
		<feat xlink:href="#sSpan1246" value="Nom"/>
		<feat xlink:href="#sSpan1253" value="Acc"/>
		<feat xlink:href="#sSpan1297" value="Nom"/>
		<feat xlink:href="#sSpan1431" value="Nom"/>
		<feat xlink:href="#sSpan1444" value="Gen"/>
		<feat xlink:href="#sSpan1454" value="Gen"/></featList></paula>