<?xml version='1.0' encoding='UTF-8'?><!DOCTYPE paula SYSTEM "paula_feat.dtd">
<paula version="1.1">
	<header paula_id="morph.GENTLE_dictionary_school.mark_Definite"/>
	<featList xmlns:xlink="http://www.w3.org/1999/xlink" type="Definite" xml:base="morph.GENTLE_dictionary_school.mark.xml">
		<feat xlink:href="#sSpan803" value="Ind"/>
		<feat xlink:href="#sSpan807" value="Ind"/>
		<feat xlink:href="#sSpan816" value="Def"/>
		<feat xlink:href="#sSpan824" value="Ind"/>
		<feat xlink:href="#sSpan829" value="Ind"/>
		<feat xlink:href="#sSpan863" value="Ind"/>
		<feat xlink:href="#sSpan892" value="Def"/>
		<feat xlink:href="#sSpan905" value="Def"/>
		<feat xlink:href="#sSpan993" value="Ind"/>
		<feat xlink:href="#sSpan1003" value="Ind"/>
		<feat xlink:href="#sSpan1019" value="Ind"/>
		<feat xlink:href="#sSpan1036" value="Ind"/>
		<feat xlink:href="#sSpan1042" value="Ind"/>
		<feat xlink:href="#sSpan1061" value="Ind"/>
		<feat xlink:href="#sSpan1081" value="Ind"/>
		<feat xlink:href="#sSpan1086" value="Ind"/>
		<feat xlink:href="#sSpan1090" value="Ind"/>
		<feat xlink:href="#sSpan1104" value="Ind"/>
		<feat xlink:href="#sSpan1120" value="Def"/>
		<feat xlink:href="#sSpan1134" value="Def"/>
		<feat xlink:href="#sSpan1149" value="Def"/>
		<feat xlink:href="#sSpan1152" value="Ind"/>
		<feat xlink:href="#sSpan1156" value="Ind"/>
		<feat xlink:href="#sSpan1160" value="Def"/>
		<feat xlink:href="#sSpan1172" value="Ind"/>
		<feat xlink:href="#sSpan1183" value="Def"/>
		<feat xlink:href="#sSpan1187" value="Def"/>
		<feat xlink:href="#sSpan1192" value="Def"/>
		<feat xlink:href="#sSpan1198" value="Def"/>
		<feat xlink:href="#sSpan1201" value="Ind"/>
		<feat xlink:href="#sSpan1205" value="Ind"/>
		<feat xlink:href="#sSpan1214" value="Ind"/>
		<feat xlink:href="#sSpan1226" value="Def"/>
		<feat xlink:href="#sSpan1230" value="Def"/>
		<feat xlink:href="#sSpan1244" value="Ind"/>
		<feat xlink:href="#sSpan1259" value="Def"/>
		<feat xlink:href="#sSpan1265" value="Def"/>
		<feat xlink:href="#sSpan1278" value="Def"/>
		<feat xlink:href="#sSpan1288" value="Def"/>
		<feat xlink:href="#sSpan1292" value="Ind"/>
		<feat xlink:href="#sSpan1307" value="Ind"/>
		<feat xlink:href="#sSpan1310" value="Def"/>
		<feat xlink:href="#sSpan1314" value="Ind"/>
		<feat xlink:href="#sSpan1341" value="Ind"/>
		<feat xlink:href="#sSpan1398" value="Ind"/>
		<feat xlink:href="#sSpan1419" value="Ind"/>
		<feat xlink:href="#sSpan1422" value="Ind"/></featList></paula>