<?xml version='1.0' encoding='UTF-8'?><!DOCTYPE paula SYSTEM "paula_feat.dtd">
<paula version="1.1">
	<header paula_id="morph.GENTLE_dictionary_school.mark_VerbForm"/>
	<featList xmlns:xlink="http://www.w3.org/1999/xlink" type="VerbForm" xml:base="morph.GENTLE_dictionary_school.mark.xml">
		<feat xlink:href="#sSpan1194" value="Fin"/>
		<feat xlink:href="#sSpan1220" value="Ger"/>
		<feat xlink:href="#sSpan1227" value="Fin"/>
		<feat xlink:href="#sSpan1233" value="Inf"/>
		<feat xlink:href="#sSpan1234" value="Inf"/>
		<feat xlink:href="#sSpan1273" value="Part"/>
		<feat xlink:href="#sSpan1289" value="Fin"/>
		<feat xlink:href="#sSpan1295" value="Inf"/>
		<feat xlink:href="#sSpan1296" value="Inf"/>
		<feat xlink:href="#sSpan1297" value="Inf"/>
		<feat xlink:href="#sSpan1301" value="Fin"/>
		<feat xlink:href="#sSpan1329" value="Part"/>
		<feat xlink:href="#sSpan1345" value="Fin"/>
		<feat xlink:href="#sSpan1351" value="Part"/>
		<feat xlink:href="#sSpan1382" value="Part"/>
		<feat xlink:href="#sSpan1383" value="Ger"/>
		<feat xlink:href="#sSpan1384" value="Ger"/>
		<feat xlink:href="#sSpan1399" value="Fin"/>
		<feat xlink:href="#sSpan1412" value="Fin"/>
		<feat xlink:href="#sSpan1428" value="Ger"/>
		<feat xlink:href="#sSpan1450" value="Fin"/>
		<feat xlink:href="#sSpan1454" value="Part"/>
		<feat xlink:href="#sSpan1476" value="Fin"/>
		<feat xlink:href="#sSpan1481" value="Part"/>
		<feat xlink:href="#sSpan1497" value="Fin"/>
		<feat xlink:href="#sSpan1500" value="Part"/>
		<feat xlink:href="#sSpan1513" value="Fin"/>
		<feat xlink:href="#sSpan1527" value="Fin"/>
		<feat xlink:href="#sSpan1546" value="Fin"/>
		<feat xlink:href="#sSpan1559" value="Fin"/>
		<feat xlink:href="#sSpan1576" value="Part"/>
		<feat xlink:href="#sSpan1590" value="Ger"/>
		<feat xlink:href="#sSpan1602" value="Fin"/>
		<feat xlink:href="#sSpan1618" value="Fin"/>
		<feat xlink:href="#sSpan1621" value="Part"/>
		<feat xlink:href="#sSpan1631" value="Fin"/>
		<feat xlink:href="#sSpan1632" value="Inf"/>
		<feat xlink:href="#sSpan1650" value="Fin"/>
		<feat xlink:href="#sSpan1656" value="Part"/>
		<feat xlink:href="#sSpan1665" value="Part"/>
		<feat xlink:href="#sSpan1682" value="Fin"/>
		<feat xlink:href="#sSpan1695" value="Ger"/>
		<feat xlink:href="#sSpan1698" value="Ger"/>
		<feat xlink:href="#sSpan1699" value="Ger"/>
		<feat xlink:href="#sSpan1700" value="Ger"/>
		<feat xlink:href="#sSpan1701" value="Ger"/>
		<feat xlink:href="#sSpan1706" value="Part"/>
		<feat xlink:href="#sSpan1724" value="Fin"/>
		<feat xlink:href="#sSpan1732" value="Ger"/>
		<feat xlink:href="#sSpan1753" value="Ger"/>
		<feat xlink:href="#sSpan1762" value="Fin"/>
		<feat xlink:href="#sSpan1764" value="Inf"/>
		<feat xlink:href="#sSpan1767" value="Inf"/>
		<feat xlink:href="#sSpan1768" value="Inf"/>
		<feat xlink:href="#sSpan1781" value="Fin"/>
		<feat xlink:href="#sSpan1785" value="Part"/>
		<feat xlink:href="#sSpan1791" value="Inf"/>
		<feat xlink:href="#sSpan1793" value="Inf"/>
		<feat xlink:href="#sSpan1803" value="Inf"/>
		<feat xlink:href="#sSpan1806" value="Inf"/>
		<feat xlink:href="#sSpan1820" value="Fin"/>
		<feat xlink:href="#sSpan1822" value="Inf"/>
		<feat xlink:href="#sSpan1831" value="Ger"/></featList></paula>