<?xml version='1.0' encoding='UTF-8'?><!DOCTYPE paula SYSTEM "paula_feat.dtd">
<paula version="1.1">
	<header paula_id="morph.GENTLE_dictionary_school.mark_Voice"/>
	<featList xmlns:xlink="http://www.w3.org/1999/xlink" type="Voice" xml:base="morph.GENTLE_dictionary_school.mark.xml">
		<feat xlink:href="#sSpan894" value="Pass"/>
		<feat xlink:href="#sSpan946" value="Pass"/>
		<feat xlink:href="#sSpan968" value="Pass"/>
		<feat xlink:href="#sSpan995" value="Pass"/>
		<feat xlink:href="#sSpan1072" value="Pass"/>
		<feat xlink:href="#sSpan1098" value="Pass"/>
		<feat xlink:href="#sSpan1115" value="Pass"/>
		<feat xlink:href="#sSpan1192" value="Pass"/>
		<feat xlink:href="#sSpan1238" value="Pass"/>
		<feat xlink:href="#sSpan1273" value="Pass"/>
		<feat xlink:href="#sSpan1285" value="Pass"/>
		<feat xlink:href="#sSpan1331" value="Pass"/>
		<feat xlink:href="#sSpan1408" value="Pass"/></featList></paula>