<?xml version='1.0' encoding='UTF-8'?><!DOCTYPE paula SYSTEM "paula_feat.dtd">
<paula version="1.1">
	<header paula_id="morph.GENTLE_dictionary_school.mark_Tense"/>
	<featList xmlns:xlink="http://www.w3.org/1999/xlink" type="Tense" xml:base="morph.GENTLE_dictionary_school.mark.xml">
		<feat xlink:href="#sSpan1196" value="Past"/>
		<feat xlink:href="#sSpan1229" value="Past"/>
		<feat xlink:href="#sSpan1274" value="Past"/>
		<feat xlink:href="#sSpan1290" value="Past"/>
		<feat xlink:href="#sSpan1328" value="Past"/>
		<feat xlink:href="#sSpan1352" value="Past"/>
		<feat xlink:href="#sSpan1381" value="Past"/>
		<feat xlink:href="#sSpan1397" value="Pres"/>
		<feat xlink:href="#sSpan1416" value="Pres"/>
		<feat xlink:href="#sSpan1449" value="Pres"/>
		<feat xlink:href="#sSpan1455" value="Past"/>
		<feat xlink:href="#sSpan1480" value="Pres"/>
		<feat xlink:href="#sSpan1482" value="Past"/>
		<feat xlink:href="#sSpan1493" value="Pres"/>
		<feat xlink:href="#sSpan1499" value="Past"/>
		<feat xlink:href="#sSpan1512" value="Pres"/>
		<feat xlink:href="#sSpan1525" value="Pres"/>
		<feat xlink:href="#sSpan1547" value="Past"/>
		<feat xlink:href="#sSpan1560" value="Past"/>
		<feat xlink:href="#sSpan1577" value="Past"/>
		<feat xlink:href="#sSpan1604" value="Pres"/>
		<feat xlink:href="#sSpan1614" value="Pres"/>
		<feat xlink:href="#sSpan1620" value="Past"/>
		<feat xlink:href="#sSpan1653" value="Pres"/>
		<feat xlink:href="#sSpan1657" value="Past"/>
		<feat xlink:href="#sSpan1666" value="Past"/>
		<feat xlink:href="#sSpan1683" value="Past"/>
		<feat xlink:href="#sSpan1707" value="Past"/>
		<feat xlink:href="#sSpan1759" value="Past"/>
		<feat xlink:href="#sSpan1780" value="Past"/>
		<feat xlink:href="#sSpan1786" value="Past"/>
		<feat xlink:href="#sSpan1817" value="Past"/></featList></paula>