<?xml version='1.0' encoding='UTF-8'?><!DOCTYPE paula SYSTEM "paula_feat.dtd">
<paula version="1.1">
	<header paula_id="morph.GENTLE_dictionary_school.mark_PronType"/>
	<featList xmlns:xlink="http://www.w3.org/1999/xlink" type="PronType" xml:base="morph.GENTLE_dictionary_school.mark.xml">
		<feat xlink:href="#sSpan804" value="Art"/>
		<feat xlink:href="#sSpan808" value="Art"/>
		<feat xlink:href="#sSpan817" value="Art"/>
		<feat xlink:href="#sSpan825" value="Art"/>
		<feat xlink:href="#sSpan830" value="Art"/>
		<feat xlink:href="#sSpan862" value="Art"/>
		<feat xlink:href="#sSpan893" value="Art"/>
		<feat xlink:href="#sSpan901" value="Prs"/>
		<feat xlink:href="#sSpan904" value="Art"/>
		<feat xlink:href="#sSpan907" value="Rel"/>
		<feat xlink:href="#sSpan909" value="Dem"/>
		<feat xlink:href="#sSpan950" value="Ind"/>
		<feat xlink:href="#sSpan994" value="Art"/>
		<feat xlink:href="#sSpan1004" value="Art"/>
		<feat xlink:href="#sSpan1010" value="Prs"/>
		<feat xlink:href="#sSpan1018" value="Art"/>
		<feat xlink:href="#sSpan1026" value="Prs"/>
		<feat xlink:href="#sSpan1035" value="Art"/>
		<feat xlink:href="#sSpan1043" value="Art"/>
		<feat xlink:href="#sSpan1060" value="Art"/>
		<feat xlink:href="#sSpan1080" value="Art"/>
		<feat xlink:href="#sSpan1085" value="Art"/>
		<feat xlink:href="#sSpan1091" value="Art"/>
		<feat xlink:href="#sSpan1094" value="Rel"/>
		<feat xlink:href="#sSpan1103" value="Art"/>
		<feat xlink:href="#sSpan1109" value="Prs"/>
		<feat xlink:href="#sSpan1121" value="Art"/>
		<feat xlink:href="#sSpan1127" value="Prs"/>
		<feat xlink:href="#sSpan1133" value="Art"/>
		<feat xlink:href="#sSpan1140" value="Prs"/>
		<feat xlink:href="#sSpan1148" value="Art"/>
		<feat xlink:href="#sSpan1153" value="Art"/>
		<feat xlink:href="#sSpan1157" value="Art"/>
		<feat xlink:href="#sSpan1161" value="Art"/>
		<feat xlink:href="#sSpan1171" value="Art"/>
		<feat xlink:href="#sSpan1177" value="Rel"/>
		<feat xlink:href="#sSpan1184" value="Art"/>
		<feat xlink:href="#sSpan1186" value="Art"/>
		<feat xlink:href="#sSpan1191" value="Art"/>
		<feat xlink:href="#sSpan1199" value="Art"/>
		<feat xlink:href="#sSpan1202" value="Art"/>
		<feat xlink:href="#sSpan1206" value="Art"/>
		<feat xlink:href="#sSpan1213" value="Art"/>
		<feat xlink:href="#sSpan1218" value="Dem"/>
		<feat xlink:href="#sSpan1225" value="Art"/>
		<feat xlink:href="#sSpan1229" value="Art"/>
		<feat xlink:href="#sSpan1232" value="Rel"/>
		<feat xlink:href="#sSpan1243" value="Art"/>
		<feat xlink:href="#sSpan1250" value="Prs"/>
		<feat xlink:href="#sSpan1255" value="Prs"/>
		<feat xlink:href="#sSpan1258" value="Art"/>
		<feat xlink:href="#sSpan1264" value="Rel"/>
		<feat xlink:href="#sSpan1266" value="Art"/>
		<feat xlink:href="#sSpan1279" value="Art"/>
		<feat xlink:href="#sSpan1289" value="Art"/>
		<feat xlink:href="#sSpan1291" value="Art"/>
		<feat xlink:href="#sSpan1297" value="Prs"/>
		<feat xlink:href="#sSpan1306" value="Art"/>
		<feat xlink:href="#sSpan1309" value="Art"/>
		<feat xlink:href="#sSpan1313" value="Art"/>
		<feat xlink:href="#sSpan1342" value="Art"/>
		<feat xlink:href="#sSpan1399" value="Art"/>
		<feat xlink:href="#sSpan1418" value="Art"/>
		<feat xlink:href="#sSpan1421" value="Art"/>
		<feat xlink:href="#sSpan1430" value="Prs"/>
		<feat xlink:href="#sSpan1433" value="Prs"/>
		<feat xlink:href="#sSpan1444" value="Prs"/>
		<feat xlink:href="#sSpan1454" value="Ind"/>
		<feat xlink:href="#sSpan1457" value="Prs"/></featList></paula>