<?xml version='1.0' encoding='UTF-8'?><!DOCTYPE paula SYSTEM "paula_feat.dtd">
<paula version="1.1">
	<header paula_id="morph.GENTLE_dictionary_school.mark_Tense"/>
	<featList xmlns:xlink="http://www.w3.org/1999/xlink" type="Tense" xml:base="morph.GENTLE_dictionary_school.mark.xml">
		<feat xlink:href="#sSpan1195" value="Past"/>
		<feat xlink:href="#sSpan1226" value="Past"/>
		<feat xlink:href="#sSpan1272" value="Past"/>
		<feat xlink:href="#sSpan1288" value="Past"/>
		<feat xlink:href="#sSpan1330" value="Past"/>
		<feat xlink:href="#sSpan1353" value="Past"/>
		<feat xlink:href="#sSpan1384" value="Past"/>
		<feat xlink:href="#sSpan1402" value="Pres"/>
		<feat xlink:href="#sSpan1416" value="Pres"/>
		<feat xlink:href="#sSpan1453" value="Pres"/>
		<feat xlink:href="#sSpan1458" value="Past"/>
		<feat xlink:href="#sSpan1482" value="Pres"/>
		<feat xlink:href="#sSpan1485" value="Past"/>
		<feat xlink:href="#sSpan1498" value="Pres"/>
		<feat xlink:href="#sSpan1503" value="Past"/>
		<feat xlink:href="#sSpan1514" value="Pres"/>
		<feat xlink:href="#sSpan1531" value="Pres"/>
		<feat xlink:href="#sSpan1551" value="Past"/>
		<feat xlink:href="#sSpan1566" value="Past"/>
		<feat xlink:href="#sSpan1581" value="Past"/>
		<feat xlink:href="#sSpan1606" value="Pres"/>
		<feat xlink:href="#sSpan1621" value="Pres"/>
		<feat xlink:href="#sSpan1623" value="Past"/>
		<feat xlink:href="#sSpan1658" value="Pres"/>
		<feat xlink:href="#sSpan1660" value="Past"/>
		<feat xlink:href="#sSpan1669" value="Past"/>
		<feat xlink:href="#sSpan1688" value="Past"/>
		<feat xlink:href="#sSpan1712" value="Past"/>
		<feat xlink:href="#sSpan1766" value="Past"/>
		<feat xlink:href="#sSpan1787" value="Past"/>
		<feat xlink:href="#sSpan1790" value="Past"/>
		<feat xlink:href="#sSpan1818" value="Past"/></featList></paula>