<?xml version='1.0' encoding='UTF-8'?><!DOCTYPE paula SYSTEM "paula_feat.dtd">
<paula version="1.1">
	<header paula_id="morph.GENTLE_dictionary_school.mark_NumType"/>
	<featList xmlns:xlink="http://www.w3.org/1999/xlink" type="NumType" xml:base="morph.GENTLE_dictionary_school.mark.xml">
		<feat xlink:href="#sSpan746" value="Card"/>
		<feat xlink:href="#sSpan796" value="Card"/>
		<feat xlink:href="#sSpan837" value="Ord"/>
		<feat xlink:href="#sSpan867" value="Card"/>
		<feat xlink:href="#sSpan968" value="Card"/>
		<feat xlink:href="#sSpan1077" value="Card"/>
		<feat xlink:href="#sSpan1371" value="Ord"/></featList></paula>