<?xml version='1.0' encoding='UTF-8'?><!DOCTYPE paula SYSTEM "paula_feat.dtd">
<paula version="1.1">
	<header paula_id="morph.GENTLE_dictionary_school.mark_Case"/>
	<featList xmlns:xlink="http://www.w3.org/1999/xlink" type="Case" xml:base="morph.GENTLE_dictionary_school.mark.xml">
		<feat xlink:href="#sSpan899" value="Acc"/>
		<feat xlink:href="#sSpan1009" value="Gen"/>
		<feat xlink:href="#sSpan1023" value="Gen"/>
		<feat xlink:href="#sSpan1111" value="Nom"/>
		<feat xlink:href="#sSpan1124" value="Nom"/>
		<feat xlink:href="#sSpan1138" value="Gen"/>
		<feat xlink:href="#sSpan1248" value="Nom"/>
		<feat xlink:href="#sSpan1256" value="Acc"/>
		<feat xlink:href="#sSpan1298" value="Nom"/>
		<feat xlink:href="#sSpan1436" value="Nom"/>
		<feat xlink:href="#sSpan1449" value="Gen"/>
		<feat xlink:href="#sSpan1458" value="Gen"/></featList></paula>