<?xml version='1.0' encoding='UTF-8'?><!DOCTYPE paula SYSTEM "paula_feat.dtd">
<paula version="1.1">
	<header paula_id="morph.GENTLE_dictionary_school.mark_NumForm"/>
	<featList xmlns:xlink="http://www.w3.org/1999/xlink" type="NumForm" xml:base="morph.GENTLE_dictionary_school.mark.xml">
		<feat xlink:href="#sSpan1114" value="Digit"/>
		<feat xlink:href="#sSpan1171" value="Digit"/>
		<feat xlink:href="#sSpan1241" value="Digit"/>
		<feat xlink:href="#sSpan1349" value="Digit"/>
		<feat xlink:href="#sSpan1457" value="Word"/></featList></paula>