<?xml version='1.0' encoding='UTF-8'?><!DOCTYPE paula SYSTEM "paula_feat.dtd">
<paula version="1.1">
	<header paula_id="morph.GENTLE_dictionary_school.mark_Person"/>
	<featList xmlns:xlink="http://www.w3.org/1999/xlink" type="Person" xml:base="morph.GENTLE_dictionary_school.mark.xml">
		<feat xlink:href="#sSpan823" value="3"/>
		<feat xlink:href="#sSpan853" value="3"/>
		<feat xlink:href="#sSpan900" value="3"/>
		<feat xlink:href="#sSpan913" value="3"/>
		<feat xlink:href="#sSpan925" value="2"/>
		<feat xlink:href="#sSpan963" value="2"/>
		<feat xlink:href="#sSpan1007" value="1"/>
		<feat xlink:href="#sSpan1015" value="3"/>
		<feat xlink:href="#sSpan1025" value="1"/>
		<feat xlink:href="#sSpan1034" value="3"/>
		<feat xlink:href="#sSpan1070" value="3"/>
		<feat xlink:href="#sSpan1096" value="3"/>
		<feat xlink:href="#sSpan1108" value="1"/>
		<feat xlink:href="#sSpan1112" value="1"/>
		<feat xlink:href="#sSpan1125" value="1"/>
		<feat xlink:href="#sSpan1129" value="1"/>
		<feat xlink:href="#sSpan1139" value="1"/>
		<feat xlink:href="#sSpan1145" value="3"/>
		<feat xlink:href="#sSpan1166" value="3"/>
		<feat xlink:href="#sSpan1181" value="3"/>
		<feat xlink:href="#sSpan1220" value="3"/>
		<feat xlink:href="#sSpan1234" value="3"/>
		<feat xlink:href="#sSpan1247" value="1"/>
		<feat xlink:href="#sSpan1253" value="2"/>
		<feat xlink:href="#sSpan1270" value="3"/>
		<feat xlink:href="#sSpan1300" value="3"/>
		<feat xlink:href="#sSpan1303" value="3"/>
		<feat xlink:href="#sSpan1350" value="2"/>
		<feat xlink:href="#sSpan1389" value="3"/>
		<feat xlink:href="#sSpan1406" value="3"/>
		<feat xlink:href="#sSpan1428" value="3"/>
		<feat xlink:href="#sSpan1435" value="3"/>
		<feat xlink:href="#sSpan1438" value="3"/>
		<feat xlink:href="#sSpan1445" value="3"/>
		<feat xlink:href="#sSpan1456" value="3"/></featList></paula>