<?xml version='1.0' encoding='UTF-8'?><!DOCTYPE paula SYSTEM "paula_feat.dtd">
<paula version="1.1">
	<header paula_id="morph.GENTLE_dictionary_school.mark_Degree"/>
	<featList xmlns:xlink="http://www.w3.org/1999/xlink" type="Degree" xml:base="morph.GENTLE_dictionary_school.mark.xml">
		<feat xlink:href="#sSpan1108" value="Pos"/>
		<feat xlink:href="#sSpan1115" value="Pos"/>
		<feat xlink:href="#sSpan1125" value="Pos"/>
		<feat xlink:href="#sSpan1133" value="Pos"/>
		<feat xlink:href="#sSpan1137" value="Pos"/>
		<feat xlink:href="#sSpan1143" value="Pos"/>
		<feat xlink:href="#sSpan1144" value="Pos"/>
		<feat xlink:href="#sSpan1146" value="Pos"/>
		<feat xlink:href="#sSpan1151" value="Pos"/>
		<feat xlink:href="#sSpan1164" value="Pos"/>
		<feat xlink:href="#sSpan1167" value="Pos"/>
		<feat xlink:href="#sSpan1174" value="Pos"/>
		<feat xlink:href="#sSpan1176" value="Pos"/>
		<feat xlink:href="#sSpan1184" value="Pos"/>
		<feat xlink:href="#sSpan1186" value="Pos"/>
		<feat xlink:href="#sSpan1200" value="Pos"/>
		<feat xlink:href="#sSpan1211" value="Pos"/>
		<feat xlink:href="#sSpan1214" value="Pos"/>
		<feat xlink:href="#sSpan1215" value="Pos"/>
		<feat xlink:href="#sSpan1218" value="Pos"/>
		<feat xlink:href="#sSpan1221" value="Pos"/>
		<feat xlink:href="#sSpan1230" value="Pos"/>
		<feat xlink:href="#sSpan1242" value="Pos"/>
		<feat xlink:href="#sSpan1245" value="Pos"/>
		<feat xlink:href="#sSpan1248" value="Pos"/>
		<feat xlink:href="#sSpan1254" value="Pos"/>
		<feat xlink:href="#sSpan1258" value="Pos"/>
		<feat xlink:href="#sSpan1264" value="Pos"/>
		<feat xlink:href="#sSpan1266" value="Pos"/>
		<feat xlink:href="#sSpan1279" value="Pos"/>
		<feat xlink:href="#sSpan1305" value="Pos"/>
		<feat xlink:href="#sSpan1318" value="Pos"/>
		<feat xlink:href="#sSpan1321" value="Pos"/>
		<feat xlink:href="#sSpan1325" value="Pos"/>
		<feat xlink:href="#sSpan1333" value="Pos"/>
		<feat xlink:href="#sSpan1340" value="Pos"/>
		<feat xlink:href="#sSpan1353" value="Pos"/>
		<feat xlink:href="#sSpan1355" value="Pos"/>
		<feat xlink:href="#sSpan1360" value="Pos"/>
		<feat xlink:href="#sSpan1364" value="Pos"/>
		<feat xlink:href="#sSpan1367" value="Pos"/>
		<feat xlink:href="#sSpan1370" value="Pos"/>
		<feat xlink:href="#sSpan1372" value="Pos"/>
		<feat xlink:href="#sSpan1387" value="Pos"/>
		<feat xlink:href="#sSpan1402" value="Pos"/>
		<feat xlink:href="#sSpan1419" value="Pos"/>
		<feat xlink:href="#sSpan1420" value="Pos"/>
		<feat xlink:href="#sSpan1421" value="Pos"/>
		<feat xlink:href="#sSpan1426" value="Pos"/>
		<feat xlink:href="#sSpan1429" value="Pos"/>
		<feat xlink:href="#sSpan1430" value="Pos"/>
		<feat xlink:href="#sSpan1432" value="Pos"/>
		<feat xlink:href="#sSpan1433" value="Pos"/>
		<feat xlink:href="#sSpan1463" value="Cmp"/>
		<feat xlink:href="#sSpan1464" value="Pos"/>
		<feat xlink:href="#sSpan1468" value="Pos"/>
		<feat xlink:href="#sSpan1470" value="Pos"/>
		<feat xlink:href="#sSpan1486" value="Pos"/>
		<feat xlink:href="#sSpan1503" value="Pos"/>
		<feat xlink:href="#sSpan1569" value="Pos"/>
		<feat xlink:href="#sSpan1570" value="Pos"/>
		<feat xlink:href="#sSpan1578" value="Pos"/>
		<feat xlink:href="#sSpan1584" value="Pos"/>
		<feat xlink:href="#sSpan1588" value="Pos"/>
		<feat xlink:href="#sSpan1591" value="Pos"/>
		<feat xlink:href="#sSpan1607" value="Pos"/>
		<feat xlink:href="#sSpan1625" value="Pos"/>
		<feat xlink:href="#sSpan1642" value="Pos"/>
		<feat xlink:href="#sSpan1672" value="Pos"/>
		<feat xlink:href="#sSpan1690" value="Pos"/>
		<feat xlink:href="#sSpan1696" value="Pos"/>
		<feat xlink:href="#sSpan1713" value="Pos"/>
		<feat xlink:href="#sSpan1717" value="Pos"/>
		<feat xlink:href="#sSpan1729" value="Pos"/>
		<feat xlink:href="#sSpan1733" value="Pos"/>
		<feat xlink:href="#sSpan1734" value="Pos"/>
		<feat xlink:href="#sSpan1744" value="Pos"/>
		<feat xlink:href="#sSpan1747" value="Pos"/>
		<feat xlink:href="#sSpan1748" value="Pos"/>
		<feat xlink:href="#sSpan1749" value="Pos"/>
		<feat xlink:href="#sSpan1751" value="Pos"/>
		<feat xlink:href="#sSpan1754" value="Pos"/>
		<feat xlink:href="#sSpan1756" value="Pos"/>
		<feat xlink:href="#sSpan1763" value="Pos"/>
		<feat xlink:href="#sSpan1770" value="Pos"/>
		<feat xlink:href="#sSpan1772" value="Pos"/>
		<feat xlink:href="#sSpan1776" value="Pos"/>
		<feat xlink:href="#sSpan1777" value="Pos"/>
		<feat xlink:href="#sSpan1778" value="Pos"/>
		<feat xlink:href="#sSpan1789" value="Pos"/>
		<feat xlink:href="#sSpan1792" value="Pos"/>
		<feat xlink:href="#sSpan1800" value="Pos"/>
		<feat xlink:href="#sSpan1802" value="Pos"/></featList></paula>