<?xml version='1.0' encoding='UTF-8'?><!DOCTYPE paula SYSTEM "paula_feat.dtd">
<paula version="1.1">
	<header paula_id="morph.GENTLE_dictionary_school.mark_Number"/>
	<featList xmlns:xlink="http://www.w3.org/1999/xlink" type="Number" xml:base="morph.GENTLE_dictionary_school.mark.xml">
		<feat xlink:href="#sSpan733" value="Sing"/>
		<feat xlink:href="#sSpan734" value="Sing"/>
		<feat xlink:href="#sSpan735" value="Sing"/>
		<feat xlink:href="#sSpan736" value="Sing"/>
		<feat xlink:href="#sSpan737" value="Sing"/>
		<feat xlink:href="#sSpan738" value="Sing"/>
		<feat xlink:href="#sSpan739" value="Sing"/>
		<feat xlink:href="#sSpan740" value="Sing"/>
		<feat xlink:href="#sSpan741" value="Sing"/>
		<feat xlink:href="#sSpan743" value="Sing"/>
		<feat xlink:href="#sSpan744" value="Plur"/>
		<feat xlink:href="#sSpan745" value="Sing"/>
		<feat xlink:href="#sSpan749" value="Sing"/>
		<feat xlink:href="#sSpan750" value="Sing"/>
		<feat xlink:href="#sSpan751" value="Plur"/>
		<feat xlink:href="#sSpan752" value="Sing"/>
		<feat xlink:href="#sSpan753" value="Sing"/>
		<feat xlink:href="#sSpan754" value="Sing"/>
		<feat xlink:href="#sSpan755" value="Sing"/>
		<feat xlink:href="#sSpan757" value="Sing"/>
		<feat xlink:href="#sSpan758" value="Sing"/>
		<feat xlink:href="#sSpan759" value="Sing"/>
		<feat xlink:href="#sSpan760" value="Plur"/>
		<feat xlink:href="#sSpan761" value="Sing"/>
		<feat xlink:href="#sSpan762" value="Plur"/>
		<feat xlink:href="#sSpan764" value="Sing"/>
		<feat xlink:href="#sSpan765" value="Sing"/>
		<feat xlink:href="#sSpan766" value="Sing"/>
		<feat xlink:href="#sSpan768" value="Sing"/>
		<feat xlink:href="#sSpan769" value="Sing"/>
		<feat xlink:href="#sSpan770" value="Sing"/>
		<feat xlink:href="#sSpan771" value="Plur"/>
		<feat xlink:href="#sSpan775" value="Sing"/>
		<feat xlink:href="#sSpan776" value="Sing"/>
		<feat xlink:href="#sSpan777" value="Sing"/>
		<feat xlink:href="#sSpan779" value="Sing"/>
		<feat xlink:href="#sSpan780" value="Sing"/>
		<feat xlink:href="#sSpan781" value="Sing"/>
		<feat xlink:href="#sSpan782" value="Sing"/>
		<feat xlink:href="#sSpan783" value="Plur"/>
		<feat xlink:href="#sSpan784" value="Sing"/>
		<feat xlink:href="#sSpan785" value="Sing"/>
		<feat xlink:href="#sSpan786" value="Sing"/>
		<feat xlink:href="#sSpan787" value="Sing"/>
		<feat xlink:href="#sSpan788" value="Sing"/>
		<feat xlink:href="#sSpan789" value="Sing"/>
		<feat xlink:href="#sSpan791" value="Plur"/>
		<feat xlink:href="#sSpan792" value="Sing"/>
		<feat xlink:href="#sSpan794" value="Sing"/>
		<feat xlink:href="#sSpan795" value="Sing"/>
		<feat xlink:href="#sSpan798" value="Sing"/>
		<feat xlink:href="#sSpan799" value="Sing"/>
		<feat xlink:href="#sSpan801" value="Plur"/>
		<feat xlink:href="#sSpan805" value="Sing"/>
		<feat xlink:href="#sSpan806" value="Sing"/>
		<feat xlink:href="#sSpan809" value="Sing"/>
		<feat xlink:href="#sSpan811" value="Plur"/>
		<feat xlink:href="#sSpan813" value="Plur"/>
		<feat xlink:href="#sSpan814" value="Plur"/>
		<feat xlink:href="#sSpan815" value="Plur"/>
		<feat xlink:href="#sSpan818" value="Plur"/>
		<feat xlink:href="#sSpan821" value="Plur"/>
		<feat xlink:href="#sSpan827" value="Sing"/>
		<feat xlink:href="#sSpan828" value="Sing"/>
		<feat xlink:href="#sSpan831" value="Sing"/>
		<feat xlink:href="#sSpan832" value="Plur"/>
		<feat xlink:href="#sSpan833" value="Plur"/>
		<feat xlink:href="#sSpan834" value="Sing"/>
		<feat xlink:href="#sSpan835" value="Sing"/>
		<feat xlink:href="#sSpan836" value="Sing"/>
		<feat xlink:href="#sSpan840" value="Sing"/>
		<feat xlink:href="#sSpan843" value="Sing"/>
		<feat xlink:href="#sSpan844" value="Plur"/>
		<feat xlink:href="#sSpan846" value="Sing"/>
		<feat xlink:href="#sSpan850" value="Sing"/>
		<feat xlink:href="#sSpan851" value="Sing"/>
		<feat xlink:href="#sSpan852" value="Sing"/>
		<feat xlink:href="#sSpan856" value="Sing"/>
		<feat xlink:href="#sSpan859" value="Sing"/>
		<feat xlink:href="#sSpan864" value="Sing"/>
		<feat xlink:href="#sSpan865" value="Sing"/>
		<feat xlink:href="#sSpan869" value="Sing"/>
		<feat xlink:href="#sSpan871" value="Sing"/>
		<feat xlink:href="#sSpan873" value="Sing"/>
		<feat xlink:href="#sSpan874" value="Sing"/>
		<feat xlink:href="#sSpan875" value="Sing"/>
		<feat xlink:href="#sSpan876" value="Sing"/>
		<feat xlink:href="#sSpan877" value="Sing"/>
		<feat xlink:href="#sSpan879" value="Sing"/>
		<feat xlink:href="#sSpan880" value="Sing"/>
		<feat xlink:href="#sSpan882" value="Sing"/>
		<feat xlink:href="#sSpan883" value="Sing"/>
		<feat xlink:href="#sSpan884" value="Sing"/>
		<feat xlink:href="#sSpan885" value="Sing"/>
		<feat xlink:href="#sSpan887" value="Sing"/>
		<feat xlink:href="#sSpan889" value="Sing"/>
		<feat xlink:href="#sSpan890" value="Sing"/>
		<feat xlink:href="#sSpan891" value="Plur"/>
		<feat xlink:href="#sSpan894" value="Sing"/>
		<feat xlink:href="#sSpan898" value="Plur"/>
		<feat xlink:href="#sSpan903" value="Sing"/>
		<feat xlink:href="#sSpan906" value="Plur"/>
		<feat xlink:href="#sSpan908" value="Plur"/>
		<feat xlink:href="#sSpan910" value="Plur"/>
		<feat xlink:href="#sSpan914" value="Plur"/>
		<feat xlink:href="#sSpan916" value="Sing"/>
		<feat xlink:href="#sSpan917" value="Sing"/>
		<feat xlink:href="#sSpan921" value="Sing"/>
		<feat xlink:href="#sSpan922" value="Sing"/>
		<feat xlink:href="#sSpan923" value="Sing"/>
		<feat xlink:href="#sSpan928" value="Sing"/>
		<feat xlink:href="#sSpan929" value="Sing"/>
		<feat xlink:href="#sSpan930" value="Sing"/>
		<feat xlink:href="#sSpan931" value="Sing"/>
		<feat xlink:href="#sSpan932" value="Sing"/>
		<feat xlink:href="#sSpan933" value="Sing"/>
		<feat xlink:href="#sSpan934" value="Sing"/>
		<feat xlink:href="#sSpan935" value="Sing"/>
		<feat xlink:href="#sSpan936" value="Sing"/>
		<feat xlink:href="#sSpan937" value="Sing"/>
		<feat xlink:href="#sSpan938" value="Sing"/>
		<feat xlink:href="#sSpan939" value="Sing"/>
		<feat xlink:href="#sSpan942" value="Sing"/>
		<feat xlink:href="#sSpan943" value="Sing"/>
		<feat xlink:href="#sSpan945" value="Sing"/>
		<feat xlink:href="#sSpan946" value="Sing"/>
		<feat xlink:href="#sSpan951" value="Plur"/>
		<feat xlink:href="#sSpan953" value="Sing"/>
		<feat xlink:href="#sSpan954" value="Sing"/>
		<feat xlink:href="#sSpan955" value="Plur"/>
		<feat xlink:href="#sSpan956" value="Sing"/>
		<feat xlink:href="#sSpan957" value="Sing"/>
		<feat xlink:href="#sSpan959" value="Sing"/>
		<feat xlink:href="#sSpan960" value="Sing"/>
		<feat xlink:href="#sSpan961" value="Sing"/>
		<feat xlink:href="#sSpan962" value="Sing"/>
		<feat xlink:href="#sSpan966" value="Sing"/>
		<feat xlink:href="#sSpan974" value="Sing"/>
		<feat xlink:href="#sSpan975" value="Sing"/>
		<feat xlink:href="#sSpan976" value="Sing"/>
		<feat xlink:href="#sSpan978" value="Sing"/>
		<feat xlink:href="#sSpan979" value="Sing"/>
		<feat xlink:href="#sSpan981" value="Plur"/>
		<feat xlink:href="#sSpan982" value="Sing"/>
		<feat xlink:href="#sSpan984" value="Sing"/>
		<feat xlink:href="#sSpan985" value="Sing"/>
		<feat xlink:href="#sSpan988" value="Plur"/>
		<feat xlink:href="#sSpan989" value="Plur"/>
		<feat xlink:href="#sSpan991" value="Sing"/>
		<feat xlink:href="#sSpan992" value="Sing"/>
		<feat xlink:href="#sSpan995" value="Sing"/>
		<feat xlink:href="#sSpan1006" value="Sing"/>
		<feat xlink:href="#sSpan1008" value="Plur"/>
		<feat xlink:href="#sSpan1012" value="Plur"/>
		<feat xlink:href="#sSpan1014" value="Plur"/>
		<feat xlink:href="#sSpan1021" value="Sing"/>
		<feat xlink:href="#sSpan1024" value="Plur"/>
		<feat xlink:href="#sSpan1027" value="Sing"/>
		<feat xlink:href="#sSpan1028" value="Sing"/>
		<feat xlink:href="#sSpan1029" value="Sing"/>
		<feat xlink:href="#sSpan1032" value="Sing"/>
		<feat xlink:href="#sSpan1040" value="Sing"/>
		<feat xlink:href="#sSpan1041" value="Sing"/>
		<feat xlink:href="#sSpan1045" value="Sing"/>
		<feat xlink:href="#sSpan1049" value="Sing"/>
		<feat xlink:href="#sSpan1053" value="Sing"/>
		<feat xlink:href="#sSpan1054" value="Sing"/>
		<feat xlink:href="#sSpan1055" value="Sing"/>
		<feat xlink:href="#sSpan1056" value="Sing"/>
		<feat xlink:href="#sSpan1058" value="Sing"/>
		<feat xlink:href="#sSpan1059" value="Sing"/>
		<feat xlink:href="#sSpan1062" value="Sing"/>
		<feat xlink:href="#sSpan1063" value="Sing"/>
		<feat xlink:href="#sSpan1064" value="Sing"/>
		<feat xlink:href="#sSpan1065" value="Sing"/>
		<feat xlink:href="#sSpan1066" value="Sing"/>
		<feat xlink:href="#sSpan1067" value="Sing"/>
		<feat xlink:href="#sSpan1069" value="Plur"/>
		<feat xlink:href="#sSpan1078" value="Plur"/>
		<feat xlink:href="#sSpan1079" value="Sing"/>
		<feat xlink:href="#sSpan1084" value="Sing"/>
		<feat xlink:href="#sSpan1088" value="Sing"/>
		<feat xlink:href="#sSpan1092" value="Sing"/>
		<feat xlink:href="#sSpan1093" value="Sing"/>
		<feat xlink:href="#sSpan1098" value="Sing"/>
		<feat xlink:href="#sSpan1106" value="Sing"/>
		<feat xlink:href="#sSpan1107" value="Sing"/>
		<feat xlink:href="#sSpan1110" value="Plur"/>
		<feat xlink:href="#sSpan1116" value="Plur"/>
		<feat xlink:href="#sSpan1123" value="Sing"/>
		<feat xlink:href="#sSpan1126" value="Sing"/>
		<feat xlink:href="#sSpan1132" value="Sing"/>
		<feat xlink:href="#sSpan1135" value="Sing"/>
		<feat xlink:href="#sSpan1136" value="Sing"/>
		<feat xlink:href="#sSpan1137" value="Sing"/>
		<feat xlink:href="#sSpan1142" value="Sing"/>
		<feat xlink:href="#sSpan1144" value="Sing"/>
		<feat xlink:href="#sSpan1150" value="Sing"/>
		<feat xlink:href="#sSpan1151" value="Sing"/>
		<feat xlink:href="#sSpan1154" value="Sing"/>
		<feat xlink:href="#sSpan1155" value="Sing"/>
		<feat xlink:href="#sSpan1158" value="Sing"/>
		<feat xlink:href="#sSpan1159" value="Plur"/>
		<feat xlink:href="#sSpan1162" value="Sing"/>
		<feat xlink:href="#sSpan1163" value="Sing"/>
		<feat xlink:href="#sSpan1164" value="Plur"/>
		<feat xlink:href="#sSpan1168" value="Plur"/>
		<feat xlink:href="#sSpan1170" value="Sing"/>
		<feat xlink:href="#sSpan1173" value="Sing"/>
		<feat xlink:href="#sSpan1174" value="Sing"/>
		<feat xlink:href="#sSpan1175" value="Sing"/>
		<feat xlink:href="#sSpan1176" value="Sing"/>
		<feat xlink:href="#sSpan1179" value="Sing"/>
		<feat xlink:href="#sSpan1185" value="Sing"/>
		<feat xlink:href="#sSpan1190" value="Sing"/>
		<feat xlink:href="#sSpan1193" value="Sing"/>
		<feat xlink:href="#sSpan1200" value="Plur"/>
		<feat xlink:href="#sSpan1204" value="Sing"/>
		<feat xlink:href="#sSpan1208" value="Sing"/>
		<feat xlink:href="#sSpan1212" value="Sing"/>
		<feat xlink:href="#sSpan1215" value="Sing"/>
		<feat xlink:href="#sSpan1216" value="Sing"/>
		<feat xlink:href="#sSpan1217" value="Plur"/>
		<feat xlink:href="#sSpan1219" value="Plur"/>
		<feat xlink:href="#sSpan1221" value="Plur"/>
		<feat xlink:href="#sSpan1228" value="Sing"/>
		<feat xlink:href="#sSpan1231" value="Sing"/>
		<feat xlink:href="#sSpan1233" value="Plur"/>
		<feat xlink:href="#sSpan1236" value="Plur"/>
		<feat xlink:href="#sSpan1242" value="Sing"/>
		<feat xlink:href="#sSpan1246" value="Sing"/>
		<feat xlink:href="#sSpan1249" value="Sing"/>
		<feat xlink:href="#sSpan1254" value="Sing"/>
		<feat xlink:href="#sSpan1257" value="Sing"/>
		<feat xlink:href="#sSpan1260" value="Sing"/>
		<feat xlink:href="#sSpan1261" value="Sing"/>
		<feat xlink:href="#sSpan1263" value="Plur"/>
		<feat xlink:href="#sSpan1267" value="Plur"/>
		<feat xlink:href="#sSpan1268" value="Plur"/>
		<feat xlink:href="#sSpan1269" value="Plur"/>
		<feat xlink:href="#sSpan1273" value="Plur"/>
		<feat xlink:href="#sSpan1280" value="Plur"/>
		<feat xlink:href="#sSpan1281" value="Plur"/>
		<feat xlink:href="#sSpan1282" value="Sing"/>
		<feat xlink:href="#sSpan1283" value="Sing"/>
		<feat xlink:href="#sSpan1284" value="Sing"/>
		<feat xlink:href="#sSpan1290" value="Sing"/>
		<feat xlink:href="#sSpan1294" value="Sing"/>
		<feat xlink:href="#sSpan1295" value="Sing"/>
		<feat xlink:href="#sSpan1299" value="Sing"/>
		<feat xlink:href="#sSpan1301" value="Sing"/>
		<feat xlink:href="#sSpan1308" value="Sing"/>
		<feat xlink:href="#sSpan1312" value="Sing"/>
		<feat xlink:href="#sSpan1315" value="Sing"/>
		<feat xlink:href="#sSpan1318" value="Sing"/>
		<feat xlink:href="#sSpan1328" value="Plur"/>
		<feat xlink:href="#sSpan1329" value="Plur"/>
		<feat xlink:href="#sSpan1330" value="Sing"/>
		<feat xlink:href="#sSpan1334" value="Sing"/>
		<feat xlink:href="#sSpan1335" value="Sing"/>
		<feat xlink:href="#sSpan1336" value="Sing"/>
		<feat xlink:href="#sSpan1337" value="Sing"/>
		<feat xlink:href="#sSpan1338" value="Sing"/>
		<feat xlink:href="#sSpan1340" value="Sing"/>
		<feat xlink:href="#sSpan1344" value="Sing"/>
		<feat xlink:href="#sSpan1345" value="Sing"/>
		<feat xlink:href="#sSpan1346" value="Sing"/>
		<feat xlink:href="#sSpan1347" value="Sing"/>
		<feat xlink:href="#sSpan1348" value="Sing"/>
		<feat xlink:href="#sSpan1349" value="Plur"/>
		<feat xlink:href="#sSpan1353" value="Sing"/>
		<feat xlink:href="#sSpan1354" value="Sing"/>
		<feat xlink:href="#sSpan1356" value="Plur"/>
		<feat xlink:href="#sSpan1357" value="Sing"/>
		<feat xlink:href="#sSpan1361" value="Sing"/>
		<feat xlink:href="#sSpan1362" value="Sing"/>
		<feat xlink:href="#sSpan1363" value="Sing"/>
		<feat xlink:href="#sSpan1364" value="Sing"/>
		<feat xlink:href="#sSpan1365" value="Sing"/>
		<feat xlink:href="#sSpan1366" value="Sing"/>
		<feat xlink:href="#sSpan1367" value="Sing"/>
		<feat xlink:href="#sSpan1368" value="Sing"/>
		<feat xlink:href="#sSpan1369" value="Sing"/>
		<feat xlink:href="#sSpan1373" value="Sing"/>
		<feat xlink:href="#sSpan1377" value="Plur"/>
		<feat xlink:href="#sSpan1379" value="Sing"/>
		<feat xlink:href="#sSpan1383" value="Sing"/>
		<feat xlink:href="#sSpan1385" value="Sing"/>
		<feat xlink:href="#sSpan1387" value="Sing"/>
		<feat xlink:href="#sSpan1400" value="Sing"/>
		<feat xlink:href="#sSpan1404" value="Plur"/>
		<feat xlink:href="#sSpan1409" value="Plur"/>
		<feat xlink:href="#sSpan1413" value="Sing"/>
		<feat xlink:href="#sSpan1420" value="Sing"/>
		<feat xlink:href="#sSpan1424" value="Sing"/>
		<feat xlink:href="#sSpan1429" value="Sing"/>
		<feat xlink:href="#sSpan1431" value="Sing"/>
		<feat xlink:href="#sSpan1432" value="Sing"/>
		<feat xlink:href="#sSpan1439" value="Sing"/>
		<feat xlink:href="#sSpan1442" value="Sing"/>
		<feat xlink:href="#sSpan1446" value="Sing"/>
		<feat xlink:href="#sSpan1450" value="Sing"/>
		<feat xlink:href="#sSpan1459" value="Sing"/>
		<feat xlink:href="#sSpan1461" value="Plur"/></featList></paula>