<?xml version='1.0' encoding='UTF-8'?><!DOCTYPE paula SYSTEM "paula_rel.dtd">
<paula version="1.1">
	<header paula_id="ref.GENTLE_dictionary_school.coref"/>
	<relList xmlns:xlink="http://www.w3.org/1999/xlink" type="coref">
		<rel id="sPointingRel1208" xlink:href="ref.GENTLE_dictionary_school.mark.xml#sSpan175" target="ref.GENTLE_dictionary_school.mark.xml#sSpan167"/>
		<rel id="sPointingRel1209" xlink:href="ref.GENTLE_dictionary_school.mark.xml#sSpan277" target="ref.GENTLE_dictionary_school.mark.xml#sSpan175"/>
		<rel id="sPointingRel1210" xlink:href="ref.GENTLE_dictionary_school.mark.xml#sSpan349" target="ref.GENTLE_dictionary_school.mark.xml#sSpan187"/>
		<rel id="sPointingRel1211" xlink:href="ref.GENTLE_dictionary_school.mark.xml#sSpan488" target="ref.GENTLE_dictionary_school.mark.xml#sSpan189"/>
		<rel id="sPointingRel1212" xlink:href="ref.GENTLE_dictionary_school.mark.xml#sSpan212" target="ref.GENTLE_dictionary_school.mark.xml#sSpan193"/>
		<rel id="sPointingRel1213" xlink:href="ref.GENTLE_dictionary_school.mark.xml#sSpan209" target="ref.GENTLE_dictionary_school.mark.xml#sSpan195"/>
		<rel id="sPointingRel1214" xlink:href="ref.GENTLE_dictionary_school.mark.xml#sSpan268" target="ref.GENTLE_dictionary_school.mark.xml#sSpan197"/>
		<rel id="sPointingRel1215" xlink:href="ref.GENTLE_dictionary_school.mark.xml#sSpan272" target="ref.GENTLE_dictionary_school.mark.xml#sSpan199"/>
		<rel id="sPointingRel1216" xlink:href="ref.GENTLE_dictionary_school.mark.xml#sSpan273" target="ref.GENTLE_dictionary_school.mark.xml#sSpan200"/>
		<rel id="sPointingRel1217" xlink:href="ref.GENTLE_dictionary_school.mark.xml#sSpan502" target="ref.GENTLE_dictionary_school.mark.xml#sSpan205"/>
		<rel id="sPointingRel1218" xlink:href="ref.GENTLE_dictionary_school.mark.xml#sSpan503" target="ref.GENTLE_dictionary_school.mark.xml#sSpan206"/>
		<rel id="sPointingRel1219" xlink:href="ref.GENTLE_dictionary_school.mark.xml#sSpan227" target="ref.GENTLE_dictionary_school.mark.xml#sSpan209"/>
		<rel id="sPointingRel1220" xlink:href="ref.GENTLE_dictionary_school.mark.xml#sSpan246" target="ref.GENTLE_dictionary_school.mark.xml#sSpan212"/>
		<rel id="sPointingRel1221" xlink:href="ref.GENTLE_dictionary_school.mark.xml#sSpan257" target="ref.GENTLE_dictionary_school.mark.xml#sSpan225"/>
		<rel id="sPointingRel1222" xlink:href="ref.GENTLE_dictionary_school.mark.xml#sSpan270" target="ref.GENTLE_dictionary_school.mark.xml#sSpan227"/>
		<rel id="sPointingRel1223" xlink:href="ref.GENTLE_dictionary_school.mark.xml#sSpan363" target="ref.GENTLE_dictionary_school.mark.xml#sSpan233"/>
		<rel id="sPointingRel1224" xlink:href="ref.GENTLE_dictionary_school.mark.xml#sSpan245" target="ref.GENTLE_dictionary_school.mark.xml#sSpan236"/>
		<rel id="sPointingRel1225" xlink:href="ref.GENTLE_dictionary_school.mark.xml#sSpan416" target="ref.GENTLE_dictionary_school.mark.xml#sSpan242"/>
		<rel id="sPointingRel1226" xlink:href="ref.GENTLE_dictionary_school.mark.xml#sSpan266" target="ref.GENTLE_dictionary_school.mark.xml#sSpan246"/>
		<rel id="sPointingRel1227" xlink:href="ref.GENTLE_dictionary_school.mark.xml#sSpan508" target="ref.GENTLE_dictionary_school.mark.xml#sSpan257"/>
		<rel id="sPointingRel1228" xlink:href="ref.GENTLE_dictionary_school.mark.xml#sSpan353" target="ref.GENTLE_dictionary_school.mark.xml#sSpan262"/>
		<rel id="sPointingRel1229" xlink:href="ref.GENTLE_dictionary_school.mark.xml#sSpan493" target="ref.GENTLE_dictionary_school.mark.xml#sSpan266"/>
		<rel id="sPointingRel1230" xlink:href="ref.GENTLE_dictionary_school.mark.xml#sSpan495" target="ref.GENTLE_dictionary_school.mark.xml#sSpan268"/>
		<rel id="sPointingRel1231" xlink:href="ref.GENTLE_dictionary_school.mark.xml#sSpan309" target="ref.GENTLE_dictionary_school.mark.xml#sSpan270"/>
		<rel id="sPointingRel1232" xlink:href="ref.GENTLE_dictionary_school.mark.xml#sSpan278" target="ref.GENTLE_dictionary_school.mark.xml#sSpan272"/>
		<rel id="sPointingRel1233" xlink:href="ref.GENTLE_dictionary_school.mark.xml#sSpan285" target="ref.GENTLE_dictionary_school.mark.xml#sSpan273"/>
		<rel id="sPointingRel1234" xlink:href="ref.GENTLE_dictionary_school.mark.xml#sSpan284" target="ref.GENTLE_dictionary_school.mark.xml#sSpan278"/>
		<rel id="sPointingRel1235" xlink:href="ref.GENTLE_dictionary_school.mark.xml#sSpan281" target="ref.GENTLE_dictionary_school.mark.xml#sSpan280"/>
		<rel id="sPointingRel1236" xlink:href="ref.GENTLE_dictionary_school.mark.xml#sSpan296" target="ref.GENTLE_dictionary_school.mark.xml#sSpan284"/>
		<rel id="sPointingRel1237" xlink:href="ref.GENTLE_dictionary_school.mark.xml#sSpan297" target="ref.GENTLE_dictionary_school.mark.xml#sSpan285"/>
		<rel id="sPointingRel1238" xlink:href="ref.GENTLE_dictionary_school.mark.xml#sSpan295" target="ref.GENTLE_dictionary_school.mark.xml#sSpan287"/>
		<rel id="sPointingRel1240" xlink:href="ref.GENTLE_dictionary_school.mark.xml#sSpan290" target="ref.GENTLE_dictionary_school.mark.xml#sSpan289"/>
		<rel id="sPointingRel1241" xlink:href="ref.GENTLE_dictionary_school.mark.xml#sSpan551" target="ref.GENTLE_dictionary_school.mark.xml#sSpan290"/>
		<rel id="sPointingRel1242" xlink:href="ref.GENTLE_dictionary_school.mark.xml#sSpan316" target="ref.GENTLE_dictionary_school.mark.xml#sSpan296"/>
		<rel id="sPointingRel1243" xlink:href="ref.GENTLE_dictionary_school.mark.xml#sSpan313" target="ref.GENTLE_dictionary_school.mark.xml#sSpan297"/>
		<rel id="sPointingRel1244" xlink:href="ref.GENTLE_dictionary_school.mark.xml#sSpan506" target="ref.GENTLE_dictionary_school.mark.xml#sSpan309"/>
		<rel id="sPointingRel1245" xlink:href="ref.GENTLE_dictionary_school.mark.xml#sSpan334" target="ref.GENTLE_dictionary_school.mark.xml#sSpan313"/>
		<rel id="sPointingRel1246" xlink:href="ref.GENTLE_dictionary_school.mark.xml#sSpan343" target="ref.GENTLE_dictionary_school.mark.xml#sSpan316"/>
		<rel id="sPointingRel1247" xlink:href="ref.GENTLE_dictionary_school.mark.xml#sSpan321" target="ref.GENTLE_dictionary_school.mark.xml#sSpan320"/>
		<rel id="sPointingRel1248" xlink:href="ref.GENTLE_dictionary_school.mark.xml#sSpan324" target="ref.GENTLE_dictionary_school.mark.xml#sSpan323"/>
		<rel id="sPointingRel1249" xlink:href="ref.GENTLE_dictionary_school.mark.xml#sSpan327" target="ref.GENTLE_dictionary_school.mark.xml#sSpan326"/>
		<rel id="sPointingRel1250" xlink:href="ref.GENTLE_dictionary_school.mark.xml#sSpan489" target="ref.GENTLE_dictionary_school.mark.xml#sSpan349"/>
		<rel id="sPointingRel1251" xlink:href="ref.GENTLE_dictionary_school.mark.xml#sSpan532" target="ref.GENTLE_dictionary_school.mark.xml#sSpan353"/>
		<rel id="sPointingRel1252" xlink:href="ref.GENTLE_dictionary_school.mark.xml#sSpan383" target="ref.GENTLE_dictionary_school.mark.xml#sSpan366"/>
		<rel id="sPointingRel1253" xlink:href="ref.GENTLE_dictionary_school.mark.xml#sSpan439" target="ref.GENTLE_dictionary_school.mark.xml#sSpan383"/>
		<rel id="sPointingRel1254" xlink:href="ref.GENTLE_dictionary_school.mark.xml#sSpan407" target="ref.GENTLE_dictionary_school.mark.xml#sSpan400"/>
		<rel id="sPointingRel1255" xlink:href="ref.GENTLE_dictionary_school.mark.xml#sSpan406" target="ref.GENTLE_dictionary_school.mark.xml#sSpan404"/>
		<rel id="sPointingRel1256" xlink:href="ref.GENTLE_dictionary_school.mark.xml#sSpan410" target="ref.GENTLE_dictionary_school.mark.xml#sSpan406"/>
		<rel id="sPointingRel1257" xlink:href="ref.GENTLE_dictionary_school.mark.xml#sSpan455" target="ref.GENTLE_dictionary_school.mark.xml#sSpan439"/>
		<rel id="sPointingRel1258" xlink:href="ref.GENTLE_dictionary_school.mark.xml#sSpan464" target="ref.GENTLE_dictionary_school.mark.xml#sSpan455"/>
		<rel id="sPointingRel1259" xlink:href="ref.GENTLE_dictionary_school.mark.xml#sSpan524" target="ref.GENTLE_dictionary_school.mark.xml#sSpan459"/>
		<rel id="sPointingRel1262" xlink:href="ref.GENTLE_dictionary_school.mark.xml#sSpan472" target="ref.GENTLE_dictionary_school.mark.xml#sSpan464"/>
		<rel id="sPointingRel1263" xlink:href="ref.GENTLE_dictionary_school.mark.xml#sSpan521" target="ref.GENTLE_dictionary_school.mark.xml#sSpan468"/>
		<rel id="sPointingRel1264" xlink:href="ref.GENTLE_dictionary_school.mark.xml#sSpan480" target="ref.GENTLE_dictionary_school.mark.xml#sSpan472"/>
		<rel id="sPointingRel1265" xlink:href="ref.GENTLE_dictionary_school.mark.xml#sSpan559" target="ref.GENTLE_dictionary_school.mark.xml#sSpan480"/>
		<rel id="sPointingRel1266" xlink:href="ref.GENTLE_dictionary_school.mark.xml#sSpan537" target="ref.GENTLE_dictionary_school.mark.xml#sSpan527"/>
		<rel id="sPointingRel1267" xlink:href="ref.GENTLE_dictionary_school.mark.xml#sSpan542" target="ref.GENTLE_dictionary_school.mark.xml#sSpan541"/>
		<rel id="sPointingRel1269" xlink:href="ref.GENTLE_dictionary_school.mark.xml#sSpan552" target="ref.GENTLE_dictionary_school.mark.xml#sSpan551"/>
		<rel id="sPointingRel1270" xlink:href="ref.GENTLE_dictionary_school.mark.xml#sSpan563" target="ref.GENTLE_dictionary_school.mark.xml#sSpan559"/>
		<rel id="sPointingRel1271" xlink:href="ref.GENTLE_dictionary_school.mark.xml#sSpan592" target="ref.GENTLE_dictionary_school.mark.xml#sSpan560"/>
		<rel id="sPointingRel1272" xlink:href="ref.GENTLE_dictionary_school.mark.xml#sSpan713" target="ref.GENTLE_dictionary_school.mark.xml#sSpan561"/>
		<rel id="sPointingRel1273" xlink:href="ref.GENTLE_dictionary_school.mark.xml#sSpan669" target="ref.GENTLE_dictionary_school.mark.xml#sSpan563"/>
		<rel id="sPointingRel1274" xlink:href="ref.GENTLE_dictionary_school.mark.xml#sSpan570" target="ref.GENTLE_dictionary_school.mark.xml#sSpan566"/>
		<rel id="sPointingRel1275" xlink:href="ref.GENTLE_dictionary_school.mark.xml#sSpan613" target="ref.GENTLE_dictionary_school.mark.xml#sSpan570"/>
		<rel id="sPointingRel1276" xlink:href="ref.GENTLE_dictionary_school.mark.xml#sSpan574" target="ref.GENTLE_dictionary_school.mark.xml#sSpan572"/>
		<rel id="sPointingRel1277" xlink:href="ref.GENTLE_dictionary_school.mark.xml#sSpan586" target="ref.GENTLE_dictionary_school.mark.xml#sSpan577"/>
		<rel id="sPointingRel1278" xlink:href="ref.GENTLE_dictionary_school.mark.xml#sSpan718" target="ref.GENTLE_dictionary_school.mark.xml#sSpan582"/>
		<rel id="sPointingRel1279" xlink:href="ref.GENTLE_dictionary_school.mark.xml#sSpan720" target="ref.GENTLE_dictionary_school.mark.xml#sSpan583"/>
		<rel id="sPointingRel1280" xlink:href="ref.GENTLE_dictionary_school.mark.xml#sSpan791" target="ref.GENTLE_dictionary_school.mark.xml#sSpan589"/>
		<rel id="sPointingRel1281" xlink:href="ref.GENTLE_dictionary_school.mark.xml#sSpan712" target="ref.GENTLE_dictionary_school.mark.xml#sSpan592"/>
		<rel id="sPointingRel1284" xlink:href="ref.GENTLE_dictionary_school.mark.xml#sSpan626" target="ref.GENTLE_dictionary_school.mark.xml#sSpan620"/>
		<rel id="sPointingRel1286" xlink:href="ref.GENTLE_dictionary_school.mark.xml#sSpan711" target="ref.GENTLE_dictionary_school.mark.xml#sSpan669"/>
		<rel id="sPointingRel1287" xlink:href="ref.GENTLE_dictionary_school.mark.xml#sSpan692" target="ref.GENTLE_dictionary_school.mark.xml#sSpan690"/>
		<rel id="sPointingRel1288" xlink:href="ref.GENTLE_dictionary_school.mark.xml#sSpan723" target="ref.GENTLE_dictionary_school.mark.xml#sSpan711"/>
		<rel id="sPointingRel1289" xlink:href="ref.GENTLE_dictionary_school.mark.xml#sSpan726" target="ref.GENTLE_dictionary_school.mark.xml#sSpan718"/>
		<rel id="sPointingRel1290" xlink:href="ref.GENTLE_dictionary_school.mark.xml#sSpan753" target="ref.GENTLE_dictionary_school.mark.xml#sSpan720"/>
		<rel id="sPointingRel1291" xlink:href="ref.GENTLE_dictionary_school.mark.xml#sSpan738" target="ref.GENTLE_dictionary_school.mark.xml#sSpan723"/>
		<rel id="sPointingRel1292" xlink:href="ref.GENTLE_dictionary_school.mark.xml#sSpan749" target="ref.GENTLE_dictionary_school.mark.xml#sSpan726"/>
		<rel id="sPointingRel1293" xlink:href="ref.GENTLE_dictionary_school.mark.xml#sSpan741" target="ref.GENTLE_dictionary_school.mark.xml#sSpan738"/>
		<rel id="sPointingRel1294" xlink:href="ref.GENTLE_dictionary_school.mark.xml#sSpan784" target="ref.GENTLE_dictionary_school.mark.xml#sSpan741"/>
		<rel id="sPointingRel1295" xlink:href="ref.GENTLE_dictionary_school.mark.xml#sSpan755" target="ref.GENTLE_dictionary_school.mark.xml#sSpan754"/>
		<rel id="sPointingRel1296" xlink:href="ref.GENTLE_dictionary_school.mark.xml#sSpan758" target="ref.GENTLE_dictionary_school.mark.xml#sSpan757"/>
		<rel id="sPointingRel1297" xlink:href="ref.GENTLE_dictionary_school.mark.xml#sSpan761" target="ref.GENTLE_dictionary_school.mark.xml#sSpan760"/>
		<rel id="sPointingRel1298" xlink:href="ref.GENTLE_dictionary_school.mark.xml#sSpan764" target="ref.GENTLE_dictionary_school.mark.xml#sSpan763"/>
		<rel id="sPointingRel1299" xlink:href="ref.GENTLE_dictionary_school.mark.xml#sSpan831" target="ref.GENTLE_dictionary_school.mark.xml#sSpan823"/>
		<rel id="sPointingRel1300" xlink:href="ref.GENTLE_dictionary_school.mark.xml#sSpan817" target="ref.GENTLE_dictionary_school.mark.xml#sSpan823"/></relList></paula>