<?xml version='1.0' encoding='UTF-8'?><!DOCTYPE paula SYSTEM "paula_feat.dtd">
<paula version="1.1">
	<header paula_id="ref.GENTLE_dictionary_school.mark_identity"/>
	<featList xmlns:xlink="http://www.w3.org/1999/xlink" type="identity" xml:base="ref.GENTLE_dictionary_school.mark.xml">
		<feat xlink:href="#sSpan2" value="English"/>
		<feat xlink:href="#sSpan8" value="International_Phonetic_Alphabet"/>
		<feat xlink:href="#sSpan26" value="Middle_English"/>
		<feat xlink:href="#sSpan45" value="Middle_Dutch"/>
		<feat xlink:href="#sSpan59" value="Old_Dutch"/>
		<feat xlink:href="#sSpan72" value="Proto%2DGermanic_language"/>
		<feat xlink:href="#sSpan81" value="Proto%2DIndo%2DEuropean_language"/>
		<feat xlink:href="#sSpan91" value="Middle_Low_German"/>
		<feat xlink:href="#sSpan101" value="Old_English"/>
		<feat xlink:href="#sSpan188" value="Middle_English"/>
		<feat xlink:href="#sSpan192" value="Old_English"/>
		<feat xlink:href="#sSpan202" value="Proto%2DGermanic_language"/>
		<feat xlink:href="#sSpan211" value="Late_Latin"/>
		<feat xlink:href="#sSpan228" value="Ancient_Greek"/>
		<feat xlink:href="#sSpan255" value="Proto%2DIndo%2DEuropean_language"/>
		<feat xlink:href="#sSpan273" value="Old_Frisian"/>
		<feat xlink:href="#sSpan283" value="West_Frisian_language"/>
		<feat xlink:href="#sSpan286" value="Saterland_Frisian_language"/>
		<feat xlink:href="#sSpan287" value="Saterland"/>
		<feat xlink:href="#sSpan291" value="Dutch_language"/>
		<feat xlink:href="#sSpan298" value="German_language"/>
		<feat xlink:href="#sSpan300" value="Low_German"/>
		<feat xlink:href="#sSpan307" value="Old_High_German"/>
		<feat xlink:href="#sSpan316" value="Old_Norse"/>
		<feat xlink:href="#sSpan328" value="Middle_English"/>
		<feat xlink:href="#sSpan342" value="Middle_Dutch"/>
		<feat xlink:href="#sSpan360" value="Old_High_German"/>
		<feat xlink:href="#sSpan363" value="German_language"/>
		<feat xlink:href="#sSpan371" value="Old_English"/>
		<feat xlink:href="#sSpan394" value="United_States"/>
		<feat xlink:href="#sSpan396" value="Canada"/>
		<feat xlink:href="#sSpan411" value="Harvard_University"/>
		<feat xlink:href="#sSpan413" value="Harvard_University"/>
		<feat xlink:href="#sSpan416" value="United_Kingdom"/>
		<feat xlink:href="#sSpan425" value="United_Kingdom"/>
		<feat xlink:href="#sSpan428" value="Eton_College"/>
		<feat xlink:href="#sSpan462" value="Economics"/>
		<feat xlink:href="#sSpan469" value="Music"/>
		<feat xlink:href="#sSpan476" value="Barbizon_school"/>
		<feat xlink:href="#sSpan482" value="Realism_%28arts%29"/>
		<feat xlink:href="#sSpan630" value="Eton_College"/></featList></paula>