<?xml version='1.0' encoding='UTF-8'?><!DOCTYPE paula SYSTEM "paula_mark.dtd">
<paula version="1.1">
	<header paula_id="ref.GENTLE_dictionary_school.mark"/>
	<markList xmlns:xlink="http://www.w3.org/1999/xlink" type="ref" xml:base="GENTLE_dictionary_school.tok.xml">
		<!--school-->
		<mark id="sSpan162" xlink:href="#sTok1"/>
		<!--English-->
		<mark id="sSpan163" xlink:href="#sTok2"/>
		<!--Pronunciation-->
		<mark id="sSpan164" xlink:href="#sTok3"/>
		<!--enPR-->
		<mark id="sSpan165" xlink:href="#sTok4"/>
		<!--sko͞ol-->
		<mark id="sSpan166" xlink:href="#sTok6"/>
		<!--IPA-->
		<mark id="sSpan167" xlink:href="#sTok8"/>
		<!--key-->
		<mark id="sSpan168" xlink:href="#sTok10"/>
		<!--skuːl-->
		<mark id="sSpan169" xlink:href="#sTok14"/>
		<!--Audio-->
		<mark id="sSpan170" xlink:href="#sTok16"/>
		<!--Received Pronunciation-->
		<mark id="sSpan171" xlink:href="#sTok18 #sTok19"/>
		<!--Rhymes-->
		<mark id="sSpan172" xlink:href="#sTok21"/>
		<!---uːl-->
		<mark id="sSpan173" xlink:href="#sTok23"/>
		<!--Etymology 1-->
		<mark id="sSpan174" xlink:href="#sTok24 #sTok25"/>
		<!--Middle English scole-->
		<mark id="sSpan175" xlink:href="#sTok27 #sTok28 #sTok29"/>
		<!--Middle English-->
		<mark id="sSpan176" xlink:href="#sTok27 #sTok28"/>
		<!--schole-->
		<mark id="sSpan177" xlink:href="#sTok31"/>
		<!--group of persons-->
		<mark id="sSpan178" xlink:href="#sTok34 #sTok35 #sTok36"/>
		<!--persons-->
		<mark id="sSpan179" xlink:href="#sTok36"/>
		<!--multitude-->
		<mark id="sSpan180" xlink:href="#sTok38"/>
		<!--host-->
		<mark id="sSpan181" xlink:href="#sTok40"/>
		<!--school of fish-->
		<mark id="sSpan182" xlink:href="#sTok42 #sTok43 #sTok44"/>
		<!--fish-->
		<mark id="sSpan183" xlink:href="#sTok44"/>
		<!--Middle Dutch scole-->
		<mark id="sSpan184" xlink:href="#sTok49 #sTok50 #sTok51"/>
		<!--Middle Dutch-->
		<mark id="sSpan185" xlink:href="#sTok49 #sTok50"/>
		<!--multitude-->
		<mark id="sSpan186" xlink:href="#sTok54"/>
		<!--troop of people-->
		<mark id="sSpan187" xlink:href="#sTok56 #sTok57 #sTok58"/>
		<!--people-->
		<mark id="sSpan188" xlink:href="#sTok58"/>
		<!--swarm of animals-->
		<mark id="sSpan189" xlink:href="#sTok60 #sTok61 #sTok62"/>
		<!--Old Dutch *scola-->
		<mark id="sSpan190" xlink:href="#sTok67 #sTok68 #sTok69"/>
		<!--Old Dutch-->
		<mark id="sSpan191" xlink:href="#sTok67 #sTok68"/>
		<!--*skola-->
		<mark id="sSpan192" xlink:href="#sTok71"/>
		<!--troop-->
		<mark id="sSpan193" xlink:href="#sTok74"/>
		<!--multitude-->
		<mark id="sSpan194" xlink:href="#sTok76"/>
		<!--Proto-Germanic *skulō-->
		<mark id="sSpan195" xlink:href="#sTok81 #sTok82"/>
		<!--Proto-Germanic-->
		<mark id="sSpan196" xlink:href="#sTok81"/>
		<!--crowd-->
		<mark id="sSpan197" xlink:href="#sTok85"/>
		<!--Proto-Indo-European *(s)kʷel- -->
		<mark id="sSpan198" xlink:href="#sTok90 #sTok91"/>
		<!--Proto-Indo-European-->
		<mark id="sSpan199" xlink:href="#sTok90"/>
		<!--“ crowd , people ”-->
		<mark id="sSpan200" xlink:href="#sTok93 #sTok94 #sTok95 #sTok96 #sTok97"/>
		<!--crowd-->
		<mark id="sSpan201" xlink:href="#sTok94"/>
		<!--people-->
		<mark id="sSpan202" xlink:href="#sTok96"/>
		<!--Middle Low German schōle-->
		<mark id="sSpan203" xlink:href="#sTok102 #sTok103 #sTok104 #sTok105"/>
		<!--Middle Low German-->
		<mark id="sSpan204" xlink:href="#sTok102 #sTok103 #sTok104"/>
		<!--multitude-->
		<mark id="sSpan205" xlink:href="#sTok108"/>
		<!--troop-->
		<mark id="sSpan206" xlink:href="#sTok110"/>
		<!--Old English scolu-->
		<mark id="sSpan207" xlink:href="#sTok114 #sTok115 #sTok116"/>
		<!--Old English-->
		<mark id="sSpan208" xlink:href="#sTok114 #sTok115"/>
		<!--troop or band of people-->
		<mark id="sSpan209" xlink:href="#sTok119 #sTok120 #sTok121 #sTok122 #sTok123"/>
		<!--people-->
		<mark id="sSpan210" xlink:href="#sTok123"/>
		<!--host-->
		<mark id="sSpan211" xlink:href="#sTok125"/>
		<!--multitude-->
		<mark id="sSpan212" xlink:href="#sTok127"/>
		<!--school of fish-->
		<mark id="sSpan213" xlink:href="#sTok129 #sTok130 #sTok131"/>
		<!--fish-->
		<mark id="sSpan214" xlink:href="#sTok131"/>
		<!--Doublet of shoal-->
		<mark id="sSpan215" xlink:href="#sTok135 #sTok136 #sTok137"/>
		<!--shoal-->
		<mark id="sSpan216" xlink:href="#sTok137"/>
		<!--Alternative forms-->
		<mark id="sSpan217" xlink:href="#sTok139 #sTok140"/>
		<!--skull ( obsolete )-->
		<mark id="sSpan218" xlink:href="#sTok141 #sTok142 #sTok143 #sTok144"/>
		<!--skull-->
		<mark id="sSpan219" xlink:href="#sTok141"/>
		<!--Noun-->
		<mark id="sSpan220" xlink:href="#sTok145"/>
		<!--school ( 1 ) of fish-->
		<mark id="sSpan221" xlink:href="#sTok146 #sTok147 #sTok148 #sTok149 #sTok150 #sTok151"/>
		<!--fish-->
		<mark id="sSpan222" xlink:href="#sTok151"/>
		<!--school-->
		<mark id="sSpan223" xlink:href="#sTok153"/>
		<!--plural-->
		<mark id="sSpan224" xlink:href="#sTok155"/>
		<!--schools-->
		<mark id="sSpan225" xlink:href="#sTok156"/>
		<!--A group of fish or a group of marine mammals such as porpoises , dolphins , or whales-->
		<mark id="sSpan226" xlink:href="#sTok161 #sTok162 #sTok163 #sTok164 #sTok165 #sTok166 #sTok167 #sTok168 #sTok169 #sTok170 #sTok171 #sTok172 #sTok173 #sTok174 #sTok175 #sTok176 #sTok177 #sTok178"/>
		<!--A group of fish-->
		<mark id="sSpan227" xlink:href="#sTok161 #sTok162 #sTok163 #sTok164"/>
		<!--fish-->
		<mark id="sSpan228" xlink:href="#sTok164"/>
		<!--a group of marine mammals such as porpoises , dolphins , or whales-->
		<mark id="sSpan229" xlink:href="#sTok166 #sTok167 #sTok168 #sTok169 #sTok170 #sTok171 #sTok172 #sTok173 #sTok174 #sTok175 #sTok176 #sTok177 #sTok178"/>
		<!--marine mammals such as porpoises , dolphins , or whales-->
		<mark id="sSpan230" xlink:href="#sTok169 #sTok170 #sTok171 #sTok172 #sTok173 #sTok174 #sTok175 #sTok176 #sTok177 #sTok178"/>
		<!--porpoises-->
		<mark id="sSpan231" xlink:href="#sTok173"/>
		<!--dolphins-->
		<mark id="sSpan232" xlink:href="#sTok175"/>
		<!--whales-->
		<mark id="sSpan233" xlink:href="#sTok178"/>
		<!--The divers-->
		<mark id="sSpan234" xlink:href="#sTok180 #sTok181"/>
		<!--a huge school of mackerel-->
		<mark id="sSpan235" xlink:href="#sTok183 #sTok184 #sTok185 #sTok186 #sTok187"/>
		<!--mackerel-->
		<mark id="sSpan236" xlink:href="#sTok187"/>
		<!--A multitude-->
		<mark id="sSpan237" xlink:href="#sTok189 #sTok190"/>
		<!--Synonyms-->
		<mark id="sSpan238" xlink:href="#sTok192"/>
		<!--fish-->
		<mark id="sSpan239" xlink:href="#sTok194"/>
		<!--shoal-->
		<mark id="sSpan240" xlink:href="#sTok197"/>
		<!--Verb-->
		<mark id="sSpan241" xlink:href="#sTok198"/>
		<!--school-->
		<mark id="sSpan242" xlink:href="#sTok199"/>
		<!--third - person singular simple present-->
		<mark id="sSpan243" xlink:href="#sTok201 #sTok202 #sTok203 #sTok204 #sTok205 #sTok206"/>
		<!--schools-->
		<mark id="sSpan244" xlink:href="#sTok207"/>
		<!--present participle-->
		<mark id="sSpan245" xlink:href="#sTok209 #sTok210"/>
		<!--schooling-->
		<mark id="sSpan246" xlink:href="#sTok211"/>
		<!--simple past and past participle-->
		<mark id="sSpan247" xlink:href="#sTok213 #sTok214 #sTok215 #sTok216 #sTok217"/>
		<!--schooled-->
		<mark id="sSpan248" xlink:href="#sTok218"/>
		<!--fish-->
		<mark id="sSpan249" xlink:href="#sTok225"/>
		<!--a school-->
		<mark id="sSpan250" xlink:href="#sTok234 #sTok235"/>
		<!--Etymology 2-->
		<mark id="sSpan251" xlink:href="#sTok237 #sTok238"/>
		<!--Elementary school-->
		<mark id="sSpan252" xlink:href="#sTok239 #sTok240"/>
		<!--Middle English scole-->
		<mark id="sSpan253" xlink:href="#sTok242 #sTok243 #sTok244"/>
		<!--Middle English-->
		<mark id="sSpan254" xlink:href="#sTok242 #sTok243"/>
		<!--Old English scōl-->
		<mark id="sSpan255" xlink:href="#sTok247 #sTok248 #sTok249"/>
		<!--Old English-->
		<mark id="sSpan256" xlink:href="#sTok247 #sTok248"/>
		<!--place of education-->
		<mark id="sSpan257" xlink:href="#sTok252 #sTok253 #sTok254"/>
		<!--education-->
		<mark id="sSpan258" xlink:href="#sTok254"/>
		<!--Proto-Germanic *skōla-->
		<mark id="sSpan259" xlink:href="#sTok259 #sTok260"/>
		<!--Proto-Germanic-->
		<mark id="sSpan260" xlink:href="#sTok259"/>
		<!--school-->
		<mark id="sSpan261" xlink:href="#sTok263"/>
		<!--Late Latin schola-->
		<mark id="sSpan262" xlink:href="#sTok268 #sTok269 #sTok270"/>
		<!--Late Latin-->
		<mark id="sSpan263" xlink:href="#sTok268 #sTok269"/>
		<!--scola-->
		<mark id="sSpan264" xlink:href="#sTok272"/>
		<!--learned discussion-->
		<mark id="sSpan265" xlink:href="#sTok275 #sTok276"/>
		<!--dissertation-->
		<mark id="sSpan266" xlink:href="#sTok278"/>
		<!--lecture-->
		<mark id="sSpan267" xlink:href="#sTok280"/>
		<!--school-->
		<mark id="sSpan268" xlink:href="#sTok282"/>
		<!--Ancient Greek σχολεῖον-->
		<mark id="sSpan269" xlink:href="#sTok287 #sTok288 #sTok289"/>
		<!--Ancient Greek-->
		<mark id="sSpan270" xlink:href="#sTok287 #sTok288"/>
		<!--skholeîon-->
		<mark id="sSpan271" xlink:href="#sTok291"/>
		<!--σχολή-->
		<mark id="sSpan272" xlink:href="#sTok295"/>
		<!--skholḗ-->
		<mark id="sSpan273" xlink:href="#sTok297"/>
		<!--spare time-->
		<mark id="sSpan274" xlink:href="#sTok300 #sTok301"/>
		<!--leisure-->
		<mark id="sSpan275" xlink:href="#sTok303"/>
		<!--conversations and the knowledge gained through them during free time-->
		<mark id="sSpan276" xlink:href="#sTok305 #sTok306 #sTok307 #sTok308 #sTok309 #sTok310 #sTok311 #sTok312 #sTok313 #sTok314"/>
		<!--the knowledge gained through them during free time-->
		<mark id="sSpan277" xlink:href="#sTok307 #sTok308 #sTok309 #sTok310 #sTok311 #sTok312 #sTok313 #sTok314"/>
		<!--them-->
		<mark id="sSpan278" xlink:href="#sTok311"/>
		<!--free time-->
		<mark id="sSpan279" xlink:href="#sTok313 #sTok314"/>
		<!--the places where these conversations took place-->
		<mark id="sSpan280" xlink:href="#sTok316 #sTok317 #sTok318 #sTok319 #sTok320 #sTok321 #sTok322"/>
		<!--these conversations-->
		<mark id="sSpan281" xlink:href="#sTok319 #sTok320"/>
		<!--Proto-Indo-European *seǵʰ- -->
		<mark id="sSpan282" xlink:href="#sTok327 #sTok328"/>
		<!--Proto-Indo-European-->
		<mark id="sSpan283" xlink:href="#sTok327"/>
		<!--Doublet of schola and shul-->
		<mark id="sSpan284" xlink:href="#sTok340 #sTok341 #sTok342 #sTok343 #sTok344"/>
		<!--schola-->
		<mark id="sSpan285" xlink:href="#sTok342"/>
		<!--shul-->
		<mark id="sSpan286" xlink:href="#sTok344"/>
		<!--Old Frisian skūle-->
		<mark id="sSpan287" xlink:href="#sTok347 #sTok348 #sTok349"/>
		<!--Old Frisian-->
		<mark id="sSpan288" xlink:href="#sTok347 #sTok348"/>
		<!--schūle-->
		<mark id="sSpan289" xlink:href="#sTok351"/>
		<!--school-->
		<mark id="sSpan290" xlink:href="#sTok354"/>
		<!--West Frisian skoalle-->
		<mark id="sSpan291" xlink:href="#sTok358 #sTok359 #sTok360"/>
		<!--West Frisian-->
		<mark id="sSpan292" xlink:href="#sTok358 #sTok359"/>
		<!--Saterland Frisian Skoule-->
		<mark id="sSpan293" xlink:href="#sTok362 #sTok363 #sTok364"/>
		<!--Saterland Frisian-->
		<mark id="sSpan294" xlink:href="#sTok362 #sTok363"/>
		<!--Saterland-->
		<mark id="sSpan295" xlink:href="#sTok362"/>
		<!--Dutch school-->
		<mark id="sSpan296" xlink:href="#sTok367 #sTok368"/>
		<!--Dutch-->
		<mark id="sSpan297" xlink:href="#sTok367"/>
		<!--school-->
		<mark id="sSpan298" xlink:href="#sTok371"/>
		<!--German-->
		<mark id="sSpan299" xlink:href="#sTok375"/>
		<!--Low German School-->
		<mark id="sSpan300" xlink:href="#sTok376 #sTok377 #sTok378"/>
		<!--Low German-->
		<mark id="sSpan301" xlink:href="#sTok376 #sTok377"/>
		<!--school-->
		<mark id="sSpan302" xlink:href="#sTok381"/>
		<!--Old High German-->
		<mark id="sSpan303" xlink:href="#sTok385 #sTok386 #sTok387"/>
		<!--scuola-->
		<mark id="sSpan304" xlink:href="#sTok388"/>
		<!--school-->
		<mark id="sSpan305" xlink:href="#sTok391"/>
		<!--Old Norse skóli-->
		<mark id="sSpan306" xlink:href="#sTok395 #sTok396 #sTok397"/>
		<!--Old Norse-->
		<mark id="sSpan307" xlink:href="#sTok395 #sTok396"/>
		<!--school-->
		<mark id="sSpan308" xlink:href="#sTok400"/>
		<!--some senses-->
		<mark id="sSpan309" xlink:href="#sTok406 #sTok407"/>
		<!--Middle English schole-->
		<mark id="sSpan310" xlink:href="#sTok409 #sTok410 #sTok411"/>
		<!--Middle English-->
		<mark id="sSpan311" xlink:href="#sTok409 #sTok410"/>
		<!--group of persons-->
		<mark id="sSpan312" xlink:href="#sTok414 #sTok415 #sTok416"/>
		<!--persons-->
		<mark id="sSpan313" xlink:href="#sTok416"/>
		<!--host-->
		<mark id="sSpan314" xlink:href="#sTok418"/>
		<!--company-->
		<mark id="sSpan315" xlink:href="#sTok420"/>
		<!--Middle Dutch scole-->
		<mark id="sSpan316" xlink:href="#sTok425 #sTok426 #sTok427"/>
		<!--Middle Dutch-->
		<mark id="sSpan317" xlink:href="#sTok425 #sTok426"/>
		<!--multitude-->
		<mark id="sSpan318" xlink:href="#sTok430"/>
		<!--troop-->
		<mark id="sSpan319" xlink:href="#sTok432"/>
		<!--band-->
		<mark id="sSpan320" xlink:href="#sTok434"/>
		<!--school 1-->
		<mark id="sSpan321" xlink:href="#sTok439 #sTok440"/>
		<!--Old High German sigi-->
		<mark id="sSpan322" xlink:href="#sTok445 #sTok446 #sTok447 #sTok448"/>
		<!--Old High German-->
		<mark id="sSpan323" xlink:href="#sTok445 #sTok446 #sTok447"/>
		<!--German Sieg-->
		<mark id="sSpan324" xlink:href="#sTok450 #sTok451"/>
		<!--German-->
		<mark id="sSpan325" xlink:href="#sTok450"/>
		<!--victory-->
		<mark id="sSpan326" xlink:href="#sTok454"/>
		<!--Old English siġe-->
		<mark id="sSpan327" xlink:href="#sTok458 #sTok459 #sTok460"/>
		<!--Old English-->
		<mark id="sSpan328" xlink:href="#sTok458 #sTok459"/>
		<!--sigor-->
		<mark id="sSpan329" xlink:href="#sTok462"/>
		<!--victory-->
		<mark id="sSpan330" xlink:href="#sTok465"/>
		<!--Alternative forms-->
		<mark id="sSpan331" xlink:href="#sTok469 #sTok470"/>
		<!--schole ( obsolete )-->
		<mark id="sSpan332" xlink:href="#sTok471 #sTok472 #sTok473 #sTok474"/>
		<!--schole-->
		<mark id="sSpan333" xlink:href="#sTok471"/>
		<!--Noun-->
		<mark id="sSpan334" xlink:href="#sTok475"/>
		<!--school-->
		<mark id="sSpan335" xlink:href="#sTok476"/>
		<!--plural-->
		<mark id="sSpan336" xlink:href="#sTok482"/>
		<!--schools-->
		<mark id="sSpan337" xlink:href="#sTok483"/>
		<!--US-->
		<mark id="sSpan338" xlink:href="#sTok486"/>
		<!--Canada-->
		<mark id="sSpan339" xlink:href="#sTok488"/>
		<!--An institution dedicated to teaching and learning-->
		<mark id="sSpan340" xlink:href="#sTok490 #sTok491 #sTok492 #sTok493 #sTok494 #sTok495 #sTok496"/>
		<!--teaching-->
		<mark id="sSpan341" xlink:href="#sTok494"/>
		<!--learning-->
		<mark id="sSpan342" xlink:href="#sTok496"/>
		<!--an educational institution-->
		<mark id="sSpan343" xlink:href="#sTok498 #sTok499 #sTok500"/>
		<!--Our children-->
		<mark id="sSpan344" xlink:href="#sTok502 #sTok503"/>
		<!--Our-->
		<mark id="sSpan345" xlink:href="#sTok502"/>
		<!--a public school in our neighborhood-->
		<mark id="sSpan346" xlink:href="#sTok505 #sTok506 #sTok507 #sTok508 #sTok509 #sTok510"/>
		<!--our neighborhood-->
		<mark id="sSpan347" xlink:href="#sTok509 #sTok510"/>
		<!--our-->
		<mark id="sSpan348" xlink:href="#sTok509"/>
		<!--Harvard University-->
		<mark id="sSpan349" xlink:href="#sTok512 #sTok513"/>
		<!--a famous American postsecondary school-->
		<mark id="sSpan350" xlink:href="#sTok515 #sTok516 #sTok517 #sTok518 #sTok519"/>
		<!--Britain-->
		<mark id="sSpan351" xlink:href="#sTok522"/>
		<!--An educational institution providing primary and secondary education , prior to tertiary education ( college or university )-->
		<mark id="sSpan352" xlink:href="#sTok524 #sTok525 #sTok526 #sTok527 #sTok528 #sTok529 #sTok530 #sTok531 #sTok532 #sTok533 #sTok534 #sTok535 #sTok536 #sTok537 #sTok538 #sTok539 #sTok540 #sTok541"/>
		<!--primary and secondary education-->
		<mark id="sSpan353" xlink:href="#sTok528 #sTok529 #sTok530 #sTok531"/>
		<!--tertiary education-->
		<mark id="sSpan354" xlink:href="#sTok535 #sTok536"/>
		<!--college-->
		<mark id="sSpan355" xlink:href="#sTok538"/>
		<!--university-->
		<mark id="sSpan356" xlink:href="#sTok540"/>
		<!--UK-->
		<mark id="sSpan357" xlink:href="#sTok544"/>
		<!--Eton College-->
		<mark id="sSpan358" xlink:href="#sTok547 #sTok548"/>
		<!--a period or session of teaching-->
		<mark id="sSpan359" xlink:href="#sTok550 #sTok551 #sTok552 #sTok553 #sTok554 #sTok555"/>
		<!--teaching-->
		<mark id="sSpan360" xlink:href="#sTok555"/>
		<!--Divinity-->
		<mark id="sSpan361" xlink:href="#sTok557"/>
		<!--history-->
		<mark id="sSpan362" xlink:href="#sTok559"/>
		<!--geography-->
		<mark id="sSpan363" xlink:href="#sTok561"/>
		<!--two schools-->
		<mark id="sSpan364" xlink:href="#sTok565 #sTok566"/>
		<!--week-->
		<mark id="sSpan365" xlink:href="#sTok568"/>
		<!--a larger educational institution-->
		<mark id="sSpan366" xlink:href="#sTok571 #sTok572 #sTok573 #sTok574"/>
		<!--an organizational unit , such as a department or institute , which is dedicated to a specific subject area-->
		<mark id="sSpan367" xlink:href="#sTok576 #sTok577 #sTok578 #sTok579 #sTok580 #sTok581 #sTok582 #sTok583 #sTok584 #sTok585 #sTok586 #sTok587 #sTok588 #sTok589 #sTok590 #sTok591 #sTok592 #sTok593 #sTok594"/>
		<!--a department or institute-->
		<mark id="sSpan368" xlink:href="#sTok582 #sTok583 #sTok584 #sTok585"/>
		<!--a specific subject area-->
		<mark id="sSpan369" xlink:href="#sTok591 #sTok592 #sTok593 #sTok594"/>
		<!--We-->
		<mark id="sSpan370" xlink:href="#sTok596"/>
		<!--the same university-->
		<mark id="sSpan371" xlink:href="#sTok600 #sTok601 #sTok602"/>
		<!--I-->
		<mark id="sSpan372" xlink:href="#sTok605"/>
		<!--the School of Economics-->
		<mark id="sSpan373" xlink:href="#sTok607 #sTok608 #sTok609 #sTok610"/>
		<!--Economics-->
		<mark id="sSpan374" xlink:href="#sTok610"/>
		<!--my brother-->
		<mark id="sSpan375" xlink:href="#sTok612 #sTok613"/>
		<!--my-->
		<mark id="sSpan376" xlink:href="#sTok612"/>
		<!--the School of Music-->
		<mark id="sSpan377" xlink:href="#sTok616 #sTok617 #sTok618 #sTok619"/>
		<!--Music-->
		<mark id="sSpan378" xlink:href="#sTok619"/>
		<!--An art movement-->
		<mark id="sSpan379" xlink:href="#sTok621 #sTok622 #sTok623"/>
		<!--a community of artists-->
		<mark id="sSpan380" xlink:href="#sTok625 #sTok626 #sTok627 #sTok628"/>
		<!--artists-->
		<mark id="sSpan381" xlink:href="#sTok628"/>
		<!--The Barbizon school of painters-->
		<mark id="sSpan382" xlink:href="#sTok630 #sTok631 #sTok632 #sTok633 #sTok634"/>
		<!--painters-->
		<mark id="sSpan383" xlink:href="#sTok634"/>
		<!--part of an art movement towards Realism in art , which arose in the context of the dominant Romantic Movement of the time-->
		<mark id="sSpan384" xlink:href="#sTok636 #sTok637 #sTok638 #sTok639 #sTok640 #sTok641 #sTok642 #sTok643 #sTok644 #sTok645 #sTok646 #sTok647 #sTok648 #sTok649 #sTok650 #sTok651 #sTok652 #sTok653 #sTok654 #sTok655 #sTok656 #sTok657 #sTok658"/>
		<!--an art movement towards Realism in art , which arose in the context of the dominant Romantic Movement of the time-->
		<mark id="sSpan385" xlink:href="#sTok638 #sTok639 #sTok640 #sTok641 #sTok642 #sTok643 #sTok644 #sTok645 #sTok646 #sTok647 #sTok648 #sTok649 #sTok650 #sTok651 #sTok652 #sTok653 #sTok654 #sTok655 #sTok656 #sTok657 #sTok658"/>
		<!--Realism in art-->
		<mark id="sSpan386" xlink:href="#sTok642 #sTok643 #sTok644"/>
		<!--art-->
		<mark id="sSpan387" xlink:href="#sTok644"/>
		<!--the context of the dominant Romantic Movement of the time-->
		<mark id="sSpan388" xlink:href="#sTok649 #sTok650 #sTok651 #sTok652 #sTok653 #sTok654 #sTok655 #sTok656 #sTok657 #sTok658"/>
		<!--the dominant Romantic Movement of the time-->
		<mark id="sSpan389" xlink:href="#sTok652 #sTok653 #sTok654 #sTok655 #sTok656 #sTok657 #sTok658"/>
		<!--the time-->
		<mark id="sSpan390" xlink:href="#sTok657 #sTok658"/>
		<!--The followers of a particular doctrine-->
		<mark id="sSpan391" xlink:href="#sTok664 #sTok665 #sTok666 #sTok667 #sTok668 #sTok669"/>
		<!--a particular doctrine-->
		<mark id="sSpan392" xlink:href="#sTok667 #sTok668 #sTok669"/>
		<!--a particular way of thinking-->
		<mark id="sSpan393" xlink:href="#sTok671 #sTok672 #sTok673 #sTok674 #sTok675"/>
		<!--particular doctrine-->
		<mark id="sSpan394" xlink:href="#sTok677 #sTok678"/>
		<!--a school of thought-->
		<mark id="sSpan395" xlink:href="#sTok680 #sTok681 #sTok682 #sTok683"/>
		<!--These economists-->
		<mark id="sSpan396" xlink:href="#sTok685 #sTok686"/>
		<!--the monetarist school-->
		<mark id="sSpan397" xlink:href="#sTok689 #sTok690 #sTok691"/>
		<!--The time during which classes are attended or in session in an educational institution-->
		<mark id="sSpan398" xlink:href="#sTok693 #sTok694 #sTok695 #sTok696 #sTok697 #sTok698 #sTok699 #sTok700 #sTok701 #sTok702 #sTok703 #sTok704 #sTok705 #sTok706"/>
		<!--classes-->
		<mark id="sSpan399" xlink:href="#sTok697"/>
		<!--an educational institution-->
		<mark id="sSpan400" xlink:href="#sTok704 #sTok705 #sTok706"/>
		<!--I-->
		<mark id="sSpan401" xlink:href="#sTok708"/>
		<!--you-->
		<mark id="sSpan402" xlink:href="#sTok711"/>
		<!--school-->
		<mark id="sSpan403" xlink:href="#sTok713"/>
		<!--The room or hall in English universities where the examinations for degrees and honours are held-->
		<mark id="sSpan404" xlink:href="#sTok715 #sTok716 #sTok717 #sTok718 #sTok719 #sTok720 #sTok721 #sTok722 #sTok723 #sTok724 #sTok725 #sTok726 #sTok727 #sTok728 #sTok729 #sTok730"/>
		<!--English universities-->
		<mark id="sSpan405" xlink:href="#sTok720 #sTok721"/>
		<!--the examinations for degrees and honours are held-->
		<mark id="sSpan406" xlink:href="#sTok723 #sTok724 #sTok725 #sTok726 #sTok727 #sTok728 #sTok729 #sTok730"/>
		<!--degrees-->
		<mark id="sSpan407" xlink:href="#sTok726"/>
		<!--honours-->
		<mark id="sSpan408" xlink:href="#sTok728"/>
		<!--The canons , precepts , or body of opinion or practice , sanctioned by the authority of a particular class or age-->
		<mark id="sSpan409" xlink:href="#sTok732 #sTok733 #sTok734 #sTok735 #sTok736 #sTok737 #sTok738 #sTok739 #sTok740 #sTok741 #sTok742 #sTok743 #sTok744 #sTok745 #sTok746 #sTok747 #sTok748 #sTok749 #sTok750 #sTok751 #sTok752 #sTok753"/>
		<!--opinion-->
		<mark id="sSpan410" xlink:href="#sTok740"/>
		<!--practice-->
		<mark id="sSpan411" xlink:href="#sTok742"/>
		<!--the authority of a particular class or age-->
		<mark id="sSpan412" xlink:href="#sTok746 #sTok747 #sTok748 #sTok749 #sTok750 #sTok751 #sTok752 #sTok753"/>
		<!--a particular class or age-->
		<mark id="sSpan413" xlink:href="#sTok749 #sTok750 #sTok751 #sTok752 #sTok753"/>
		<!--He-->
		<mark id="sSpan414" xlink:href="#sTok755"/>
		<!--a gentleman of the old school-->
		<mark id="sSpan415" xlink:href="#sTok757 #sTok758 #sTok759 #sTok760 #sTok761 #sTok762"/>
		<!--the old school-->
		<mark id="sSpan416" xlink:href="#sTok760 #sTok761 #sTok762"/>
		<!--An establishment offering specialized instruction-->
		<mark id="sSpan417" xlink:href="#sTok764 #sTok765 #sTok766 #sTok767 #sTok768"/>
		<!--specialized instruction-->
		<mark id="sSpan418" xlink:href="#sTok767 #sTok768"/>
		<!--driving-->
		<mark id="sSpan419" xlink:href="#sTok772"/>
		<!--cooking-->
		<mark id="sSpan420" xlink:href="#sTok774"/>
		<!--typing-->
		<mark id="sSpan421" xlink:href="#sTok776"/>
		<!--coding-->
		<mark id="sSpan422" xlink:href="#sTok778"/>
		<!--Synonyms-->
		<mark id="sSpan423" xlink:href="#sTok781"/>
		<!--institution dedicated to teaching and learning-->
		<mark id="sSpan424" xlink:href="#sTok783 #sTok784 #sTok785 #sTok786 #sTok787 #sTok788"/>
		<!--teaching-->
		<mark id="sSpan425" xlink:href="#sTok786"/>
		<!--learning-->
		<mark id="sSpan426" xlink:href="#sTok788"/>
		<!--academy-->
		<mark id="sSpan427" xlink:href="#sTok791"/>
		<!--college-->
		<mark id="sSpan428" xlink:href="#sTok793"/>
		<!--university-->
		<mark id="sSpan429" xlink:href="#sTok795"/>
		<!--organizational unity within an educational institution-->
		<mark id="sSpan430" xlink:href="#sTok797 #sTok798 #sTok799 #sTok800 #sTok801 #sTok802"/>
		<!--an educational institution-->
		<mark id="sSpan431" xlink:href="#sTok800 #sTok801 #sTok802"/>
		<!--college-->
		<mark id="sSpan432" xlink:href="#sTok805"/>
		<!--department-->
		<mark id="sSpan433" xlink:href="#sTok807"/>
		<!--faculty-->
		<mark id="sSpan434" xlink:href="#sTok809"/>
		<!--institute-->
		<mark id="sSpan435" xlink:href="#sTok811"/>
		<!--Hyponyms-->
		<mark id="sSpan436" xlink:href="#sTok812"/>
		<!--Thesaurus-->
		<mark id="sSpan437" xlink:href="#sTok815"/>
		<!--school-->
		<mark id="sSpan438" xlink:href="#sTok817"/>
		<!--Coordinate terms-->
		<mark id="sSpan439" xlink:href="#sTok818 #sTok819"/>
		<!--institution providing primary and secondary education-->
		<mark id="sSpan440" xlink:href="#sTok821 #sTok822 #sTok823 #sTok824 #sTok825 #sTok826"/>
		<!--primary and secondary education-->
		<mark id="sSpan441" xlink:href="#sTok823 #sTok824 #sTok825 #sTok826"/>
		<!--nursery school-->
		<mark id="sSpan442" xlink:href="#sTok829 #sTok830"/>
		<!--kindergarten-->
		<mark id="sSpan443" xlink:href="#sTok832"/>
		<!--college-->
		<mark id="sSpan444" xlink:href="#sTok834"/>
		<!--polytechnic-->
		<mark id="sSpan445" xlink:href="#sTok836"/>
		<!--university-->
		<mark id="sSpan446" xlink:href="#sTok838"/>
		<!--Verb-->
		<mark id="sSpan447" xlink:href="#sTok839"/>
		<!--school-->
		<mark id="sSpan448" xlink:href="#sTok840"/>
		<!--third - person singular simple present-->
		<mark id="sSpan449" xlink:href="#sTok842 #sTok843 #sTok844 #sTok845 #sTok846 #sTok847"/>
		<!--schools-->
		<mark id="sSpan450" xlink:href="#sTok848"/>
		<!--present participle-->
		<mark id="sSpan451" xlink:href="#sTok850 #sTok851"/>
		<!--schooling-->
		<mark id="sSpan452" xlink:href="#sTok852"/>
		<!--simple past and past participle-->
		<mark id="sSpan453" xlink:href="#sTok854 #sTok855 #sTok856 #sTok857 #sTok858"/>
		<!--schooled-->
		<mark id="sSpan454" xlink:href="#sTok859"/>
		<!--a school-->
		<mark id="sSpan455" xlink:href="#sTok879 #sTok880"/>
		<!--Many future prime ministers-->
		<mark id="sSpan456" xlink:href="#sTok883 #sTok884 #sTok885 #sTok886"/>
		<!--Eton-->
		<mark id="sSpan457" xlink:href="#sTok890"/>
		<!--an opponent-->
		<mark id="sSpan458" xlink:href="#sTok901 #sTok902"/>
		<!--a harsh lesson-->
		<mark id="sSpan459" xlink:href="#sTok903 #sTok904 #sTok905"/>
		<!--one 's expression-->
		<mark id="sSpan460" xlink:href="#sTok916 #sTok917 #sTok918"/>
		<!--one 's-->
		<mark id="sSpan461" xlink:href="#sTok916 #sTok917"/>
		<!--She-->
		<mark id="sSpan462" xlink:href="#sTok920"/>
		<!--her expression-->
		<mark id="sSpan463" xlink:href="#sTok925 #sTok926"/>
		<!--her-->
		<mark id="sSpan464" xlink:href="#sTok925"/>
		<!--her feelings-->
		<mark id="sSpan465" xlink:href="#sTok933 #sTok934"/>
		<!--her-->
		<mark id="sSpan466" xlink:href="#sTok933"/></markList></paula>