<?xml version='1.0' encoding='UTF-8'?><!DOCTYPE paula SYSTEM "paula_feat.dtd">
<paula version="1.1">
	<header paula_id="ref.GENTLE_dictionary_school.mark_entity"/>
	<featList xmlns:xlink="http://www.w3.org/1999/xlink" type="entity" xml:base="ref.GENTLE_dictionary_school.mark.xml">
		<feat xlink:href="#sSpan162" value="abstract"/>
		<feat xlink:href="#sSpan163" value="abstract"/>
		<feat xlink:href="#sSpan164" value="abstract"/>
		<feat xlink:href="#sSpan165" value="abstract"/>
		<feat xlink:href="#sSpan166" value="abstract"/>
		<feat xlink:href="#sSpan167" value="abstract"/>
		<feat xlink:href="#sSpan168" value="abstract"/>
		<feat xlink:href="#sSpan169" value="abstract"/>
		<feat xlink:href="#sSpan170" value="abstract"/>
		<feat xlink:href="#sSpan171" value="abstract"/>
		<feat xlink:href="#sSpan172" value="abstract"/>
		<feat xlink:href="#sSpan173" value="abstract"/>
		<feat xlink:href="#sSpan174" value="abstract"/>
		<feat xlink:href="#sSpan175" value="abstract"/>
		<feat xlink:href="#sSpan176" value="abstract"/>
		<feat xlink:href="#sSpan177" value="abstract"/>
		<feat xlink:href="#sSpan178" value="organization"/>
		<feat xlink:href="#sSpan179" value="person"/>
		<feat xlink:href="#sSpan180" value="abstract"/>
		<feat xlink:href="#sSpan181" value="organization"/>
		<feat xlink:href="#sSpan182" value="animal"/>
		<feat xlink:href="#sSpan183" value="animal"/>
		<feat xlink:href="#sSpan184" value="abstract"/>
		<feat xlink:href="#sSpan185" value="abstract"/>
		<feat xlink:href="#sSpan186" value="abstract"/>
		<feat xlink:href="#sSpan187" value="organization"/>
		<feat xlink:href="#sSpan188" value="person"/>
		<feat xlink:href="#sSpan189" value="animal"/>
		<feat xlink:href="#sSpan190" value="abstract"/>
		<feat xlink:href="#sSpan191" value="abstract"/>
		<feat xlink:href="#sSpan192" value="abstract"/>
		<feat xlink:href="#sSpan193" value="organization"/>
		<feat xlink:href="#sSpan194" value="abstract"/>
		<feat xlink:href="#sSpan195" value="abstract"/>
		<feat xlink:href="#sSpan196" value="abstract"/>
		<feat xlink:href="#sSpan197" value="abstract"/>
		<feat xlink:href="#sSpan198" value="abstract"/>
		<feat xlink:href="#sSpan199" value="abstract"/>
		<feat xlink:href="#sSpan200" value="abstract"/>
		<feat xlink:href="#sSpan201" value="abstract"/>
		<feat xlink:href="#sSpan202" value="person"/>
		<feat xlink:href="#sSpan203" value="abstract"/>
		<feat xlink:href="#sSpan204" value="abstract"/>
		<feat xlink:href="#sSpan205" value="abstract"/>
		<feat xlink:href="#sSpan206" value="organization"/>
		<feat xlink:href="#sSpan207" value="abstract"/>
		<feat xlink:href="#sSpan208" value="abstract"/>
		<feat xlink:href="#sSpan209" value="organization"/>
		<feat xlink:href="#sSpan210" value="person"/>
		<feat xlink:href="#sSpan211" value="organization"/>
		<feat xlink:href="#sSpan212" value="abstract"/>
		<feat xlink:href="#sSpan213" value="animal"/>
		<feat xlink:href="#sSpan214" value="animal"/>
		<feat xlink:href="#sSpan215" value="abstract"/>
		<feat xlink:href="#sSpan216" value="animal"/>
		<feat xlink:href="#sSpan217" value="abstract"/>
		<feat xlink:href="#sSpan218" value="abstract"/>
		<feat xlink:href="#sSpan219" value="object"/>
		<feat xlink:href="#sSpan220" value="abstract"/>
		<feat xlink:href="#sSpan221" value="animal"/>
		<feat xlink:href="#sSpan222" value="animal"/>
		<feat xlink:href="#sSpan223" value="animal"/>
		<feat xlink:href="#sSpan224" value="animal"/>
		<feat xlink:href="#sSpan225" value="animal"/>
		<feat xlink:href="#sSpan226" value="animal"/>
		<feat xlink:href="#sSpan227" value="animal"/>
		<feat xlink:href="#sSpan228" value="animal"/>
		<feat xlink:href="#sSpan229" value="animal"/>
		<feat xlink:href="#sSpan230" value="animal"/>
		<feat xlink:href="#sSpan231" value="animal"/>
		<feat xlink:href="#sSpan232" value="animal"/>
		<feat xlink:href="#sSpan233" value="animal"/>
		<feat xlink:href="#sSpan234" value="person"/>
		<feat xlink:href="#sSpan235" value="animal"/>
		<feat xlink:href="#sSpan236" value="animal"/>
		<feat xlink:href="#sSpan237" value="abstract"/>
		<feat xlink:href="#sSpan238" value="abstract"/>
		<feat xlink:href="#sSpan239" value="animal"/>
		<feat xlink:href="#sSpan240" value="animal"/>
		<feat xlink:href="#sSpan241" value="abstract"/>
		<feat xlink:href="#sSpan242" value="abstract"/>
		<feat xlink:href="#sSpan243" value="abstract"/>
		<feat xlink:href="#sSpan244" value="abstract"/>
		<feat xlink:href="#sSpan245" value="abstract"/>
		<feat xlink:href="#sSpan246" value="abstract"/>
		<feat xlink:href="#sSpan247" value="abstract"/>
		<feat xlink:href="#sSpan248" value="animal"/>
		<feat xlink:href="#sSpan249" value="animal"/>
		<feat xlink:href="#sSpan250" value="abstract"/>
		<feat xlink:href="#sSpan251" value="organization"/>
		<feat xlink:href="#sSpan252" value="abstract"/>
		<feat xlink:href="#sSpan253" value="abstract"/>
		<feat xlink:href="#sSpan254" value="abstract"/>
		<feat xlink:href="#sSpan255" value="abstract"/>
		<feat xlink:href="#sSpan256" value="place"/>
		<feat xlink:href="#sSpan257" value="abstract"/>
		<feat xlink:href="#sSpan258" value="abstract"/>
		<feat xlink:href="#sSpan259" value="abstract"/>
		<feat xlink:href="#sSpan260" value="organization"/>
		<feat xlink:href="#sSpan261" value="abstract"/>
		<feat xlink:href="#sSpan262" value="abstract"/>
		<feat xlink:href="#sSpan263" value="abstract"/>
		<feat xlink:href="#sSpan264" value="abstract"/>
		<feat xlink:href="#sSpan265" value="abstract"/>
		<feat xlink:href="#sSpan266" value="event"/>
		<feat xlink:href="#sSpan267" value="organization"/>
		<feat xlink:href="#sSpan268" value="abstract"/>
		<feat xlink:href="#sSpan269" value="abstract"/>
		<feat xlink:href="#sSpan270" value="abstract"/>
		<feat xlink:href="#sSpan271" value="abstract"/>
		<feat xlink:href="#sSpan272" value="abstract"/>
		<feat xlink:href="#sSpan273" value="time"/>
		<feat xlink:href="#sSpan274" value="abstract"/>
		<feat xlink:href="#sSpan275" value="abstract"/>
		<feat xlink:href="#sSpan276" value="abstract"/>
		<feat xlink:href="#sSpan277" value="abstract"/>
		<feat xlink:href="#sSpan278" value="time"/>
		<feat xlink:href="#sSpan279" value="place"/>
		<feat xlink:href="#sSpan280" value="abstract"/>
		<feat xlink:href="#sSpan281" value="abstract"/>
		<feat xlink:href="#sSpan282" value="abstract"/>
		<feat xlink:href="#sSpan283" value="abstract"/>
		<feat xlink:href="#sSpan284" value="organization"/>
		<feat xlink:href="#sSpan285" value="organization"/>
		<feat xlink:href="#sSpan286" value="abstract"/>
		<feat xlink:href="#sSpan287" value="abstract"/>
		<feat xlink:href="#sSpan288" value="organization"/>
		<feat xlink:href="#sSpan289" value="organization"/>
		<feat xlink:href="#sSpan290" value="organization"/>
		<feat xlink:href="#sSpan291" value="abstract"/>
		<feat xlink:href="#sSpan292" value="organization"/>
		<feat xlink:href="#sSpan293" value="abstract"/>
		<feat xlink:href="#sSpan294" value="place"/>
		<feat xlink:href="#sSpan295" value="organization"/>
		<feat xlink:href="#sSpan296" value="abstract"/>
		<feat xlink:href="#sSpan297" value="organization"/>
		<feat xlink:href="#sSpan298" value="abstract"/>
		<feat xlink:href="#sSpan299" value="organization"/>
		<feat xlink:href="#sSpan300" value="abstract"/>
		<feat xlink:href="#sSpan301" value="organization"/>
		<feat xlink:href="#sSpan302" value="abstract"/>
		<feat xlink:href="#sSpan303" value="organization"/>
		<feat xlink:href="#sSpan304" value="organization"/>
		<feat xlink:href="#sSpan305" value="organization"/>
		<feat xlink:href="#sSpan306" value="abstract"/>
		<feat xlink:href="#sSpan307" value="organization"/>
		<feat xlink:href="#sSpan308" value="abstract"/>
		<feat xlink:href="#sSpan309" value="abstract"/>
		<feat xlink:href="#sSpan310" value="abstract"/>
		<feat xlink:href="#sSpan311" value="organization"/>
		<feat xlink:href="#sSpan312" value="person"/>
		<feat xlink:href="#sSpan313" value="organization"/>
		<feat xlink:href="#sSpan314" value="organization"/>
		<feat xlink:href="#sSpan315" value="abstract"/>
		<feat xlink:href="#sSpan316" value="abstract"/>
		<feat xlink:href="#sSpan317" value="abstract"/>
		<feat xlink:href="#sSpan318" value="organization"/>
		<feat xlink:href="#sSpan319" value="organization"/>
		<feat xlink:href="#sSpan320" value="abstract"/>
		<feat xlink:href="#sSpan321" value="abstract"/>
		<feat xlink:href="#sSpan322" value="abstract"/>
		<feat xlink:href="#sSpan323" value="abstract"/>
		<feat xlink:href="#sSpan324" value="abstract"/>
		<feat xlink:href="#sSpan325" value="event"/>
		<feat xlink:href="#sSpan326" value="event"/>
		<feat xlink:href="#sSpan327" value="abstract"/>
		<feat xlink:href="#sSpan328" value="event"/>
		<feat xlink:href="#sSpan329" value="event"/>
		<feat xlink:href="#sSpan330" value="abstract"/>
		<feat xlink:href="#sSpan331" value="abstract"/>
		<feat xlink:href="#sSpan332" value="organization"/>
		<feat xlink:href="#sSpan333" value="abstract"/>
		<feat xlink:href="#sSpan334" value="organization"/>
		<feat xlink:href="#sSpan335" value="organization"/>
		<feat xlink:href="#sSpan336" value="organization"/>
		<feat xlink:href="#sSpan337" value="place"/>
		<feat xlink:href="#sSpan338" value="place"/>
		<feat xlink:href="#sSpan339" value="organization"/>
		<feat xlink:href="#sSpan340" value="abstract"/>
		<feat xlink:href="#sSpan341" value="abstract"/>
		<feat xlink:href="#sSpan342" value="organization"/>
		<feat xlink:href="#sSpan343" value="person"/>
		<feat xlink:href="#sSpan344" value="person"/>
		<feat xlink:href="#sSpan345" value="organization"/>
		<feat xlink:href="#sSpan346" value="place"/>
		<feat xlink:href="#sSpan347" value="person"/>
		<feat xlink:href="#sSpan348" value="organization"/>
		<feat xlink:href="#sSpan349" value="organization"/>
		<feat xlink:href="#sSpan350" value="place"/>
		<feat xlink:href="#sSpan351" value="organization"/>
		<feat xlink:href="#sSpan352" value="abstract"/>
		<feat xlink:href="#sSpan353" value="abstract"/>
		<feat xlink:href="#sSpan354" value="organization"/>
		<feat xlink:href="#sSpan355" value="organization"/>
		<feat xlink:href="#sSpan356" value="place"/>
		<feat xlink:href="#sSpan357" value="place"/>
		<feat xlink:href="#sSpan358" value="time"/>
		<feat xlink:href="#sSpan359" value="abstract"/>
		<feat xlink:href="#sSpan360" value="abstract"/>
		<feat xlink:href="#sSpan361" value="abstract"/>
		<feat xlink:href="#sSpan362" value="abstract"/>
		<feat xlink:href="#sSpan363" value="abstract"/>
		<feat xlink:href="#sSpan364" value="time"/>
		<feat xlink:href="#sSpan365" value="organization"/>
		<feat xlink:href="#sSpan366" value="organization"/>
		<feat xlink:href="#sSpan367" value="organization"/>
		<feat xlink:href="#sSpan368" value="abstract"/>
		<feat xlink:href="#sSpan369" value="person"/>
		<feat xlink:href="#sSpan370" value="organization"/>
		<feat xlink:href="#sSpan371" value="person"/>
		<feat xlink:href="#sSpan372" value="organization"/>
		<feat xlink:href="#sSpan373" value="abstract"/>
		<feat xlink:href="#sSpan374" value="person"/>
		<feat xlink:href="#sSpan375" value="person"/>
		<feat xlink:href="#sSpan376" value="organization"/>
		<feat xlink:href="#sSpan377" value="abstract"/>
		<feat xlink:href="#sSpan378" value="organization"/>
		<feat xlink:href="#sSpan379" value="organization"/>
		<feat xlink:href="#sSpan380" value="person"/>
		<feat xlink:href="#sSpan381" value="organization"/>
		<feat xlink:href="#sSpan382" value="person"/>
		<feat xlink:href="#sSpan383" value="organization"/>
		<feat xlink:href="#sSpan384" value="abstract"/>
		<feat xlink:href="#sSpan385" value="abstract"/>
		<feat xlink:href="#sSpan386" value="abstract"/>
		<feat xlink:href="#sSpan387" value="organization"/>
		<feat xlink:href="#sSpan388" value="time"/>
		<feat xlink:href="#sSpan389" value="person"/>
		<feat xlink:href="#sSpan390" value="abstract"/>
		<feat xlink:href="#sSpan391" value="abstract"/>
		<feat xlink:href="#sSpan392" value="abstract"/>
		<feat xlink:href="#sSpan393" value="abstract"/>
		<feat xlink:href="#sSpan394" value="person"/>
		<feat xlink:href="#sSpan395" value="organization"/>
		<feat xlink:href="#sSpan396" value="time"/>
		<feat xlink:href="#sSpan397" value="abstract"/>
		<feat xlink:href="#sSpan398" value="organization"/>
		<feat xlink:href="#sSpan399" value="person"/>
		<feat xlink:href="#sSpan400" value="person"/>
		<feat xlink:href="#sSpan401" value="time"/>
		<feat xlink:href="#sSpan402" value="place"/>
		<feat xlink:href="#sSpan403" value="organization"/>
		<feat xlink:href="#sSpan404" value="event"/>
		<feat xlink:href="#sSpan405" value="abstract"/>
		<feat xlink:href="#sSpan406" value="abstract"/>
		<feat xlink:href="#sSpan407" value="abstract"/>
		<feat xlink:href="#sSpan408" value="abstract"/>
		<feat xlink:href="#sSpan409" value="abstract"/>
		<feat xlink:href="#sSpan410" value="abstract"/>
		<feat xlink:href="#sSpan411" value="abstract"/>
		<feat xlink:href="#sSpan412" value="person"/>
		<feat xlink:href="#sSpan413" value="person"/>
		<feat xlink:href="#sSpan414" value="abstract"/>
		<feat xlink:href="#sSpan415" value="organization"/>
		<feat xlink:href="#sSpan416" value="abstract"/>
		<feat xlink:href="#sSpan417" value="event"/>
		<feat xlink:href="#sSpan418" value="event"/>
		<feat xlink:href="#sSpan419" value="event"/>
		<feat xlink:href="#sSpan420" value="event"/>
		<feat xlink:href="#sSpan421" value="organization"/>
		<feat xlink:href="#sSpan422" value="organization"/>
		<feat xlink:href="#sSpan423" value="abstract"/>
		<feat xlink:href="#sSpan424" value="abstract"/>
		<feat xlink:href="#sSpan425" value="organization"/>
		<feat xlink:href="#sSpan426" value="organization"/>
		<feat xlink:href="#sSpan427" value="organization"/>
		<feat xlink:href="#sSpan428" value="organization"/>
		<feat xlink:href="#sSpan429" value="organization"/>
		<feat xlink:href="#sSpan430" value="organization"/>
		<feat xlink:href="#sSpan431" value="organization"/>
		<feat xlink:href="#sSpan432" value="organization"/>
		<feat xlink:href="#sSpan433" value="organization"/>
		<feat xlink:href="#sSpan434" value="abstract"/>
		<feat xlink:href="#sSpan435" value="abstract"/>
		<feat xlink:href="#sSpan436" value="organization"/>
		<feat xlink:href="#sSpan437" value="abstract"/>
		<feat xlink:href="#sSpan438" value="organization"/>
		<feat xlink:href="#sSpan439" value="abstract"/>
		<feat xlink:href="#sSpan440" value="organization"/>
		<feat xlink:href="#sSpan441" value="organization"/>
		<feat xlink:href="#sSpan442" value="organization"/>
		<feat xlink:href="#sSpan443" value="organization"/>
		<feat xlink:href="#sSpan444" value="organization"/>
		<feat xlink:href="#sSpan445" value="event"/>
		<feat xlink:href="#sSpan446" value="event"/>
		<feat xlink:href="#sSpan447" value="abstract"/>
		<feat xlink:href="#sSpan448" value="abstract"/>
		<feat xlink:href="#sSpan449" value="abstract"/>
		<feat xlink:href="#sSpan450" value="abstract"/>
		<feat xlink:href="#sSpan451" value="abstract"/>
		<feat xlink:href="#sSpan452" value="abstract"/>
		<feat xlink:href="#sSpan453" value="organization"/>
		<feat xlink:href="#sSpan454" value="person"/>
		<feat xlink:href="#sSpan455" value="place"/>
		<feat xlink:href="#sSpan456" value="person"/>
		<feat xlink:href="#sSpan457" value="abstract"/>
		<feat xlink:href="#sSpan458" value="abstract"/>
		<feat xlink:href="#sSpan459" value="person"/>
		<feat xlink:href="#sSpan460" value="person"/>
		<feat xlink:href="#sSpan461" value="abstract"/>
		<feat xlink:href="#sSpan462" value="person"/>
		<feat xlink:href="#sSpan463" value="abstract"/>
		<feat xlink:href="#sSpan464" value="person"/></featList></paula>