<?xml version='1.0' encoding='UTF-8'?><!DOCTYPE paula SYSTEM "paula_feat.dtd">
<paula version="1.1">
	<header paula_id="ref.GENTLE_dictionary_school.mark_centering"/>
	<featList xmlns:xlink="http://www.w3.org/1999/xlink" type="centering" xml:base="ref.GENTLE_dictionary_school.mark.xml">
		<feat xlink:href="#sSpan162" value="cf1"/>
		<feat xlink:href="#sSpan163" value="cf1"/>
		<feat xlink:href="#sSpan164" value="cf1"/>
		<feat xlink:href="#sSpan165" value="cf3"/>
		<feat xlink:href="#sSpan166" value=""/>
		<feat xlink:href="#sSpan167" value="cf1"/>
		<feat xlink:href="#sSpan168" value=""/>
		<feat xlink:href="#sSpan169" value="cf2"/>
		<feat xlink:href="#sSpan170" value=""/>
		<feat xlink:href="#sSpan171" value="cf4"/>
		<feat xlink:href="#sSpan172" value=""/>
		<feat xlink:href="#sSpan173" value=""/>
		<feat xlink:href="#sSpan174" value=""/>
		<feat xlink:href="#sSpan175" value="cf1"/>
		<feat xlink:href="#sSpan176" value=""/>
		<feat xlink:href="#sSpan177" value="cf2"/>
		<feat xlink:href="#sSpan178" value=""/>
		<feat xlink:href="#sSpan179" value="cf1"/>
		<feat xlink:href="#sSpan180" value=""/>
		<feat xlink:href="#sSpan181" value="cf1"/>
		<feat xlink:href="#sSpan182" value=""/>
		<feat xlink:href="#sSpan183" value="cf2"/>
		<feat xlink:href="#sSpan184" value="cf1"/>
		<feat xlink:href="#sSpan185" value=""/>
		<feat xlink:href="#sSpan186" value="cf13"/>
		<feat xlink:href="#sSpan187" value="cf20"/>
		<feat xlink:href="#sSpan188" value=""/>
		<feat xlink:href="#sSpan189" value="cf14"/>
		<feat xlink:href="#sSpan190" value=""/>
		<feat xlink:href="#sSpan191" value=""/>
		<feat xlink:href="#sSpan192" value="cf5"/>
		<feat xlink:href="#sSpan193" value="cf1"/>
		<feat xlink:href="#sSpan194" value=""/>
		<feat xlink:href="#sSpan195" value="cf2"/>
		<feat xlink:href="#sSpan196" value=""/>
		<feat xlink:href="#sSpan197" value="cf6"/>
		<feat xlink:href="#sSpan198" value=""/>
		<feat xlink:href="#sSpan199" value="cf7"/>
		<feat xlink:href="#sSpan200" value="cf8"/>
		<feat xlink:href="#sSpan201" value=""/>
		<feat xlink:href="#sSpan202" value=""/>
		<feat xlink:href="#sSpan203" value=""/>
		<feat xlink:href="#sSpan204" value=""/>
		<feat xlink:href="#sSpan205" value="cf15"/>
		<feat xlink:href="#sSpan206" value="cf21"/>
		<feat xlink:href="#sSpan207" value=""/>
		<feat xlink:href="#sSpan208" value=""/>
		<feat xlink:href="#sSpan209" value="cf2"/>
		<feat xlink:href="#sSpan210" value=""/>
		<feat xlink:href="#sSpan211" value="cf9"/>
		<feat xlink:href="#sSpan212" value="cf1"/>
		<feat xlink:href="#sSpan213" value=""/>
		<feat xlink:href="#sSpan214" value="cf10"/>
		<feat xlink:href="#sSpan215" value=""/>
		<feat xlink:href="#sSpan216" value=""/>
		<feat xlink:href="#sSpan217" value=""/>
		<feat xlink:href="#sSpan218" value=""/>
		<feat xlink:href="#sSpan219" value="cf16"/>
		<feat xlink:href="#sSpan220" value="cf22"/>
		<feat xlink:href="#sSpan221" value=""/>
		<feat xlink:href="#sSpan222" value="cf17"/>
		<feat xlink:href="#sSpan223" value=""/>
		<feat xlink:href="#sSpan224" value=""/>
		<feat xlink:href="#sSpan225" value="cf11"/>
		<feat xlink:href="#sSpan226" value=""/>
		<feat xlink:href="#sSpan227" value="cf2"/>
		<feat xlink:href="#sSpan228" value=""/>
		<feat xlink:href="#sSpan229" value=""/>
		<feat xlink:href="#sSpan230" value=""/>
		<feat xlink:href="#sSpan231" value=""/>
		<feat xlink:href="#sSpan232" value="cf18"/>
		<feat xlink:href="#sSpan233" value="cf4"/>
		<feat xlink:href="#sSpan234" value=""/>
		<feat xlink:href="#sSpan235" value=""/>
		<feat xlink:href="#sSpan236" value="cf3"/>
		<feat xlink:href="#sSpan237" value=""/>
		<feat xlink:href="#sSpan238" value=""/>
		<feat xlink:href="#sSpan239" value=""/>
		<feat xlink:href="#sSpan240" value=""/>
		<feat xlink:href="#sSpan241" value="cf19"/>
		<feat xlink:href="#sSpan242" value="cf23"/>
		<feat xlink:href="#sSpan243" value=""/>
		<feat xlink:href="#sSpan244" value="cf12"/>
		<feat xlink:href="#sSpan245" value="cf3"/>
		<feat xlink:href="#sSpan246" value="cf1"/>
		<feat xlink:href="#sSpan247" value=""/>
		<feat xlink:href="#sSpan248" value=""/>
		<feat xlink:href="#sSpan249" value=""/>
		<feat xlink:href="#sSpan250" value=""/>
		<feat xlink:href="#sSpan251" value="cf11"/>
		<feat xlink:href="#sSpan252" value="cf12"/>
		<feat xlink:href="#sSpan253" value=""/>
		<feat xlink:href="#sSpan254" value=""/>
		<feat xlink:href="#sSpan255" value="cf8"/>
		<feat xlink:href="#sSpan256" value=""/>
		<feat xlink:href="#sSpan257" value="cf2"/>
		<feat xlink:href="#sSpan258" value=""/>
		<feat xlink:href="#sSpan259" value=""/>
		<feat xlink:href="#sSpan260" value=""/>
		<feat xlink:href="#sSpan261" value="cf9"/>
		<feat xlink:href="#sSpan262" value="cf13"/>
		<feat xlink:href="#sSpan263" value=""/>
		<feat xlink:href="#sSpan264" value=""/>
		<feat xlink:href="#sSpan265" value="cf10"/>
		<feat xlink:href="#sSpan266" value="cf1*"/>
		<feat xlink:href="#sSpan267" value=""/>
		<feat xlink:href="#sSpan268" value="cf3"/>
		<feat xlink:href="#sSpan269" value=""/>
		<feat xlink:href="#sSpan270" value="cf4"/>
		<feat xlink:href="#sSpan271" value=""/>
		<feat xlink:href="#sSpan272" value="cf5"/>
		<feat xlink:href="#sSpan273" value="cf6"/>
		<feat xlink:href="#sSpan274" value=""/>
		<feat xlink:href="#sSpan275" value=""/>
		<feat xlink:href="#sSpan276" value=""/>
		<feat xlink:href="#sSpan277" value="cf7"/>
		<feat xlink:href="#sSpan278" value="cf5"/>
		<feat xlink:href="#sSpan279" value=""/>
		<feat xlink:href="#sSpan280" value="cf1"/>
		<feat xlink:href="#sSpan281" value="cf1*"/>
		<feat xlink:href="#sSpan282" value="cf2"/>
		<feat xlink:href="#sSpan283" value="cf1"/>
		<feat xlink:href="#sSpan284" value="cf1"/>
		<feat xlink:href="#sSpan285" value="cf2"/>
		<feat xlink:href="#sSpan286" value=""/>
		<feat xlink:href="#sSpan287" value="cf2"/>
		<feat xlink:href="#sSpan288" value=""/>
		<feat xlink:href="#sSpan289" value="cf1"/>
		<feat xlink:href="#sSpan290" value="cf1"/>
		<feat xlink:href="#sSpan291" value=""/>
		<feat xlink:href="#sSpan292" value=""/>
		<feat xlink:href="#sSpan293" value=""/>
		<feat xlink:href="#sSpan294" value=""/>
		<feat xlink:href="#sSpan295" value="cf1*"/>
		<feat xlink:href="#sSpan296" value="cf2"/>
		<feat xlink:href="#sSpan297" value="cf3"/>
		<feat xlink:href="#sSpan298" value="cf4"/>
		<feat xlink:href="#sSpan299" value="cf5"/>
		<feat xlink:href="#sSpan300" value="cf6"/>
		<feat xlink:href="#sSpan301" value="cf7"/>
		<feat xlink:href="#sSpan302" value="cf8"/>
		<feat xlink:href="#sSpan303" value=""/>
		<feat xlink:href="#sSpan304" value="cf1"/>
		<feat xlink:href="#sSpan305" value=""/>
		<feat xlink:href="#sSpan306" value="cf2"/>
		<feat xlink:href="#sSpan307" value="cf3"/>
		<feat xlink:href="#sSpan308" value=""/>
		<feat xlink:href="#sSpan309" value="cf1"/>
		<feat xlink:href="#sSpan310" value=""/>
		<feat xlink:href="#sSpan311" value="cf1"/>
		<feat xlink:href="#sSpan312" value=""/>
		<feat xlink:href="#sSpan313" value="cf1"/>
		<feat xlink:href="#sSpan314" value=""/>
		<feat xlink:href="#sSpan315" value=""/>
		<feat xlink:href="#sSpan316" value="cf2"/>
		<feat xlink:href="#sSpan317" value="cf1"/>
		<feat xlink:href="#sSpan318" value=""/>
		<feat xlink:href="#sSpan319" value=""/>
		<feat xlink:href="#sSpan320" value="cf1"/>
		<feat xlink:href="#sSpan321" value="cf1"/>
		<feat xlink:href="#sSpan322" value=""/>
		<feat xlink:href="#sSpan323" value="cf2"/>
		<feat xlink:href="#sSpan324" value="cf2"/>
		<feat xlink:href="#sSpan325" value=""/>
		<feat xlink:href="#sSpan326" value="cf3"/>
		<feat xlink:href="#sSpan327" value="cf3"/>
		<feat xlink:href="#sSpan328" value=""/>
		<feat xlink:href="#sSpan329" value=""/>
		<feat xlink:href="#sSpan330" value=""/>
		<feat xlink:href="#sSpan331" value=""/>
		<feat xlink:href="#sSpan332" value=""/>
		<feat xlink:href="#sSpan333" value=""/>
		<feat xlink:href="#sSpan334" value="cf1"/>
		<feat xlink:href="#sSpan335" value=""/>
		<feat xlink:href="#sSpan336" value=""/>
		<feat xlink:href="#sSpan337" value=""/>
		<feat xlink:href="#sSpan338" value=""/>
		<feat xlink:href="#sSpan339" value=""/>
		<feat xlink:href="#sSpan340" value=""/>
		<feat xlink:href="#sSpan341" value=""/>
		<feat xlink:href="#sSpan342" value=""/>
		<feat xlink:href="#sSpan343" value="cf2"/>
		<feat xlink:href="#sSpan344" value=""/>
		<feat xlink:href="#sSpan345" value="cf1"/>
		<feat xlink:href="#sSpan346" value="cf1"/>
		<feat xlink:href="#sSpan347" value=""/>
		<feat xlink:href="#sSpan348" value="cf17"/>
		<feat xlink:href="#sSpan349" value="cf4"/>
		<feat xlink:href="#sSpan350" value=""/>
		<feat xlink:href="#sSpan351" value=""/>
		<feat xlink:href="#sSpan352" value="cf18"/>
		<feat xlink:href="#sSpan353" value="cf5"/>
		<feat xlink:href="#sSpan354" value=""/>
		<feat xlink:href="#sSpan355" value=""/>
		<feat xlink:href="#sSpan356" value="cf10"/>
		<feat xlink:href="#sSpan357" value="cf11"/>
		<feat xlink:href="#sSpan358" value=""/>
		<feat xlink:href="#sSpan359" value=""/>
		<feat xlink:href="#sSpan360" value=""/>
		<feat xlink:href="#sSpan361" value=""/>
		<feat xlink:href="#sSpan362" value="cf19"/>
		<feat xlink:href="#sSpan363" value="cf6"/>
		<feat xlink:href="#sSpan364" value=""/>
		<feat xlink:href="#sSpan365" value=""/>
		<feat xlink:href="#sSpan366" value="cf2"/>
		<feat xlink:href="#sSpan367" value=""/>
		<feat xlink:href="#sSpan368" value=""/>
		<feat xlink:href="#sSpan369" value=""/>
		<feat xlink:href="#sSpan370" value=""/>
		<feat xlink:href="#sSpan371" value="cf12"/>
		<feat xlink:href="#sSpan372" value="cf26"/>
		<feat xlink:href="#sSpan373" value=""/>
		<feat xlink:href="#sSpan374" value="cf20"/>
		<feat xlink:href="#sSpan375" value=""/>
		<feat xlink:href="#sSpan376" value=""/>
		<feat xlink:href="#sSpan377" value="cf13"/>
		<feat xlink:href="#sSpan378" value=""/>
		<feat xlink:href="#sSpan379" value="cf14"/>
		<feat xlink:href="#sSpan380" value=""/>
		<feat xlink:href="#sSpan381" value="cf15"/>
		<feat xlink:href="#sSpan382" value=""/>
		<feat xlink:href="#sSpan383" value="cf2"/>
		<feat xlink:href="#sSpan384" value=""/>
		<feat xlink:href="#sSpan385" value=""/>
		<feat xlink:href="#sSpan386" value=""/>
		<feat xlink:href="#sSpan387" value=""/>
		<feat xlink:href="#sSpan388" value="cf21"/>
		<feat xlink:href="#sSpan389" value="cf27"/>
		<feat xlink:href="#sSpan390" value=""/>
		<feat xlink:href="#sSpan391" value="cf22"/>
		<feat xlink:href="#sSpan392" value=""/>
		<feat xlink:href="#sSpan393" value=""/>
		<feat xlink:href="#sSpan394" value=""/>
		<feat xlink:href="#sSpan395" value="cf23"/>
		<feat xlink:href="#sSpan396" value=""/>
		<feat xlink:href="#sSpan397" value="cf24"/>
		<feat xlink:href="#sSpan398" value=""/>
		<feat xlink:href="#sSpan399" value=""/>
		<feat xlink:href="#sSpan400" value="cf3"/>
		<feat xlink:href="#sSpan401" value=""/>
		<feat xlink:href="#sSpan402" value="cf16"/>
		<feat xlink:href="#sSpan403" value=""/>
		<feat xlink:href="#sSpan404" value="cf1"/>
		<feat xlink:href="#sSpan405" value="cf8"/>
		<feat xlink:href="#sSpan406" value="cf1"/>
		<feat xlink:href="#sSpan407" value="cf3"/>
		<feat xlink:href="#sSpan408" value=""/>
		<feat xlink:href="#sSpan409" value="cf9"/>
		<feat xlink:href="#sSpan410" value="cf1"/>
		<feat xlink:href="#sSpan411" value=""/>
		<feat xlink:href="#sSpan412" value=""/>
		<feat xlink:href="#sSpan413" value=""/>
		<feat xlink:href="#sSpan414" value=""/>
		<feat xlink:href="#sSpan415" value="cf25"/>
		<feat xlink:href="#sSpan416" value="cf7"/>
		<feat xlink:href="#sSpan417" value=""/>
		<feat xlink:href="#sSpan418" value=""/>
		<feat xlink:href="#sSpan419" value=""/>
		<feat xlink:href="#sSpan420" value=""/>
		<feat xlink:href="#sSpan421" value=""/>
		<feat xlink:href="#sSpan422" value=""/>
		<feat xlink:href="#sSpan423" value=""/>
		<feat xlink:href="#sSpan424" value=""/>
		<feat xlink:href="#sSpan425" value=""/>
		<feat xlink:href="#sSpan426" value=""/>
		<feat xlink:href="#sSpan427" value=""/>
		<feat xlink:href="#sSpan428" value="cf1"/>
		<feat xlink:href="#sSpan429" value="cf2"/>
		<feat xlink:href="#sSpan430" value="cf3"/>
		<feat xlink:href="#sSpan431" value=""/>
		<feat xlink:href="#sSpan432" value=""/>
		<feat xlink:href="#sSpan433" value="cf4"/>
		<feat xlink:href="#sSpan434" value="cf12"/>
		<feat xlink:href="#sSpan435" value=""/>
		<feat xlink:href="#sSpan436" value="cf5"/>
		<feat xlink:href="#sSpan437" value=""/>
		<feat xlink:href="#sSpan438" value=""/>
		<feat xlink:href="#sSpan439" value="cf1"/>
		<feat xlink:href="#sSpan440" value=""/>
		<feat xlink:href="#sSpan441" value=""/>
		<feat xlink:href="#sSpan442" value=""/>
		<feat xlink:href="#sSpan443" value="cf6"/>
		<feat xlink:href="#sSpan444" value="cf13"/>
		<feat xlink:href="#sSpan445" value=""/>
		<feat xlink:href="#sSpan446" value="cf7"/>
		<feat xlink:href="#sSpan447" value="cf14"/>
		<feat xlink:href="#sSpan448" value="cf15"/>
		<feat xlink:href="#sSpan449" value=""/>
		<feat xlink:href="#sSpan450" value=""/>
		<feat xlink:href="#sSpan451" value="cf8"/>
		<feat xlink:href="#sSpan452" value="cf16"/>
		<feat xlink:href="#sSpan453" value=""/>
		<feat xlink:href="#sSpan454" value=""/>
		<feat xlink:href="#sSpan455" value="cf1"/>
		<feat xlink:href="#sSpan456" value=""/>
		<feat xlink:href="#sSpan457" value=""/>
		<feat xlink:href="#sSpan458" value=""/>
		<feat xlink:href="#sSpan459" value="cf17"/>
		<feat xlink:href="#sSpan460" value="cf9"/>
		<feat xlink:href="#sSpan461" value="cf2"/>
		<feat xlink:href="#sSpan462" value=""/>
		<feat xlink:href="#sSpan463" value=""/>
		<feat xlink:href="#sSpan464" value="cf1"/>
		<feat xlink:href="#sSpan465" value=""/>
		<feat xlink:href="#sSpan466" value=""/>
		<feat xlink:href="#sSpan467" value=""/>
		<feat xlink:href="#sSpan468" value="cf3"/>
		<feat xlink:href="#sSpan469" value="cf10"/>
		<feat xlink:href="#sSpan470" value=""/>
		<feat xlink:href="#sSpan471" value=""/>
		<feat xlink:href="#sSpan472" value="cf1"/>
		<feat xlink:href="#sSpan473" value=""/>
		<feat xlink:href="#sSpan474" value=""/>
		<feat xlink:href="#sSpan475" value=""/>
		<feat xlink:href="#sSpan476" value="cf11"/>
		<feat xlink:href="#sSpan477" value="cf18"/>
		<feat xlink:href="#sSpan478" value=""/>
		<feat xlink:href="#sSpan479" value=""/>
		<feat xlink:href="#sSpan480" value="cf1"/>
		<feat xlink:href="#sSpan481" value=""/>
		<feat xlink:href="#sSpan482" value=""/>
		<feat xlink:href="#sSpan483" value=""/>
		<feat xlink:href="#sSpan484" value=""/>
		<feat xlink:href="#sSpan485" value=""/>
		<feat xlink:href="#sSpan486" value="cf9"/>
		<feat xlink:href="#sSpan487" value=""/>
		<feat xlink:href="#sSpan488" value="cf5"/>
		<feat xlink:href="#sSpan489" value="cf7"/>
		<feat xlink:href="#sSpan490" value=""/>
		<feat xlink:href="#sSpan491" value=""/>
		<feat xlink:href="#sSpan492" value="cf10"/>
		<feat xlink:href="#sSpan493" value="cf1"/>
		<feat xlink:href="#sSpan494" value=""/>
		<feat xlink:href="#sSpan495" value="cf2"/>
		<feat xlink:href="#sSpan496" value=""/>
		<feat xlink:href="#sSpan497" value="cf11"/>
		<feat xlink:href="#sSpan498" value=""/>
		<feat xlink:href="#sSpan499" value=""/>
		<feat xlink:href="#sSpan500" value=""/>
		<feat xlink:href="#sSpan501" value=""/>
		<feat xlink:href="#sSpan502" value="cf6"/>
		<feat xlink:href="#sSpan503" value="cf8"/>
		<feat xlink:href="#sSpan504" value=""/>
		<feat xlink:href="#sSpan505" value=""/>
		<feat xlink:href="#sSpan506" value="cf3"/>
		<feat xlink:href="#sSpan507" value=""/>
		<feat xlink:href="#sSpan508" value="cf4"/>
		<feat xlink:href="#sSpan509" value=""/>
		<feat xlink:href="#sSpan510" value="cf12"/>
		<feat xlink:href="#sSpan511" value=""/>
		<feat xlink:href="#sSpan512" value=""/>
		<feat xlink:href="#sSpan513" value=""/>
		<feat xlink:href="#sSpan514" value=""/>
		<feat xlink:href="#sSpan515" value="cf1"/>
		<feat xlink:href="#sSpan516" value=""/>
		<feat xlink:href="#sSpan517" value=""/>
		<feat xlink:href="#sSpan518" value=""/>
		<feat xlink:href="#sSpan519" value=""/>
		<feat xlink:href="#sSpan520" value="cf5"/>
		<feat xlink:href="#sSpan521" value="cf2"/>
		<feat xlink:href="#sSpan522" value=""/>
		<feat xlink:href="#sSpan523" value="cf6"/>
		<feat xlink:href="#sSpan524" value="cf3"/>
		<feat xlink:href="#sSpan525" value=""/>
		<feat xlink:href="#sSpan526" value=""/>
		<feat xlink:href="#sSpan527" value="cf1"/>
		<feat xlink:href="#sSpan528" value=""/>
		<feat xlink:href="#sSpan529" value=""/>
		<feat xlink:href="#sSpan530" value=""/>
		<feat xlink:href="#sSpan531" value="cf7"/>
		<feat xlink:href="#sSpan532" value="cf4"/>
		<feat xlink:href="#sSpan533" value=""/>
		<feat xlink:href="#sSpan534" value="cf8"/>
		<feat xlink:href="#sSpan535" value=""/>
		<feat xlink:href="#sSpan536" value=""/>
		<feat xlink:href="#sSpan537" value="cf1"/>
		<feat xlink:href="#sSpan538" value=""/>
		<feat xlink:href="#sSpan539" value=""/>
		<feat xlink:href="#sSpan540" value=""/>
		<feat xlink:href="#sSpan541" value="cf1"/>
		<feat xlink:href="#sSpan542" value="cf1*"/>
		<feat xlink:href="#sSpan543" value="cf2"/>
		<feat xlink:href="#sSpan544" value="cf1"/>
		<feat xlink:href="#sSpan545" value="cf2"/>
		<feat xlink:href="#sSpan546" value=""/>
		<feat xlink:href="#sSpan547" value=""/>
		<feat xlink:href="#sSpan548" value=""/>
		<feat xlink:href="#sSpan549" value=""/>
		<feat xlink:href="#sSpan550" value=""/>
		<feat xlink:href="#sSpan551" value="cf1"/>
		<feat xlink:href="#sSpan552" value="cf1"/>
		<feat xlink:href="#sSpan553" value=""/>
		<feat xlink:href="#sSpan554" value=""/>
		<feat xlink:href="#sSpan555" value="cf2"/>
		<feat xlink:href="#sSpan556" value=""/>
		<feat xlink:href="#sSpan557" value="cf3"/>
		<feat xlink:href="#sSpan558" value=""/>
		<feat xlink:href="#sSpan559" value="cf1"/>
		<feat xlink:href="#sSpan560" value="cf4"/>
		<feat xlink:href="#sSpan561" value="cf5"/>
		<feat xlink:href="#sSpan562" value=""/>
		<feat xlink:href="#sSpan563" value="cf1"/>
		<feat xlink:href="#sSpan564" value=""/>
		<feat xlink:href="#sSpan565" value="cf2"/>
		<feat xlink:href="#sSpan566" value="cf1"/>
		<feat xlink:href="#sSpan567" value=""/>
		<feat xlink:href="#sSpan568" value="cf3"/>
		<feat xlink:href="#sSpan569" value="cf4"/>
		<feat xlink:href="#sSpan570" value="cf1"/>
		<feat xlink:href="#sSpan571" value=""/>
		<feat xlink:href="#sSpan572" value="cf1"/>
		<feat xlink:href="#sSpan573" value=""/>
		<feat xlink:href="#sSpan574" value="cf1"/>
		<feat xlink:href="#sSpan575" value=""/>
		<feat xlink:href="#sSpan576" value=""/>
		<feat xlink:href="#sSpan577" value="cf2"/>
		<feat xlink:href="#sSpan578" value=""/>
		<feat xlink:href="#sSpan579" value="cf3"/>
		<feat xlink:href="#sSpan580" value="cf1"/>
		<feat xlink:href="#sSpan581" value="cf4"/>
		<feat xlink:href="#sSpan582" value="cf5"/>
		<feat xlink:href="#sSpan583" value="cf6"/>
		<feat xlink:href="#sSpan584" value=""/>
		<feat xlink:href="#sSpan585" value=""/>
		<feat xlink:href="#sSpan586" value="cf1*"/>
		<feat xlink:href="#sSpan587" value=""/>
		<feat xlink:href="#sSpan588" value=""/>
		<feat xlink:href="#sSpan589" value="cf3"/>
		<feat xlink:href="#sSpan590" value=""/>
		<feat xlink:href="#sSpan591" value="cf4"/>
		<feat xlink:href="#sSpan592" value="cf2"/>
		<feat xlink:href="#sSpan593" value=""/>
		<feat xlink:href="#sSpan594" value="cf1"/>
		<feat xlink:href="#sSpan595" value=""/>
		<feat xlink:href="#sSpan596" value="cf2"/>
		<feat xlink:href="#sSpan597" value=""/>
		<feat xlink:href="#sSpan598" value="cf3"/>
		<feat xlink:href="#sSpan599" value=""/>
		<feat xlink:href="#sSpan600" value=""/>
		<feat xlink:href="#sSpan601" value=""/>
		<feat xlink:href="#sSpan602" value="cf4"/>
		<feat xlink:href="#sSpan603" value=""/>
		<feat xlink:href="#sSpan604" value="cf5"/>
		<feat xlink:href="#sSpan605" value=""/>
		<feat xlink:href="#sSpan606" value=""/>
		<feat xlink:href="#sSpan607" value="cf1"/>
		<feat xlink:href="#sSpan608" value=""/>
		<feat xlink:href="#sSpan609" value="cf2"/>
		<feat xlink:href="#sSpan610" value="cf3"/>
		<feat xlink:href="#sSpan611" value="cf4"/>
		<feat xlink:href="#sSpan612" value=""/>
		<feat xlink:href="#sSpan613" value="cf2"/>
		<feat xlink:href="#sSpan614" value=""/>
		<feat xlink:href="#sSpan615" value=""/>
		<feat xlink:href="#sSpan616" value=""/>
		<feat xlink:href="#sSpan617" value="cf5"/>
		<feat xlink:href="#sSpan618" value=""/>
		<feat xlink:href="#sSpan619" value=""/>
		<feat xlink:href="#sSpan620" value="cf1"/>
		<feat xlink:href="#sSpan621" value=""/>
		<feat xlink:href="#sSpan622" value="cf4"/>
		<feat xlink:href="#sSpan623" value="cf7"/>
		<feat xlink:href="#sSpan624" value=""/>
		<feat xlink:href="#sSpan625" value="cf3"/>
		<feat xlink:href="#sSpan626" value="cf1"/>
		<feat xlink:href="#sSpan627" value=""/>
		<feat xlink:href="#sSpan628" value=""/>
		<feat xlink:href="#sSpan629" value="cf6"/>
		<feat xlink:href="#sSpan630" value="cf8"/>
		<feat xlink:href="#sSpan631" value=""/>
		<feat xlink:href="#sSpan632" value="cf2"/>
		<feat xlink:href="#sSpan633" value=""/>
		<feat xlink:href="#sSpan634" value="cf3"/>
		<feat xlink:href="#sSpan635" value="cf1"/>
		<feat xlink:href="#sSpan636" value=""/>
		<feat xlink:href="#sSpan637" value="cf3"/>
		<feat xlink:href="#sSpan638" value="cf7"/>
		<feat xlink:href="#sSpan639" value=""/>
		<feat xlink:href="#sSpan640" value=""/>
		<feat xlink:href="#sSpan641" value=""/>
		<feat xlink:href="#sSpan642" value="cf2"/>
		<feat xlink:href="#sSpan643" value="cf6"/>
		<feat xlink:href="#sSpan644" value="cf8"/>
		<feat xlink:href="#sSpan645" value="cf4"/>
		<feat xlink:href="#sSpan646" value="cf5"/>
		<feat xlink:href="#sSpan647" value="cf1"/>
		<feat xlink:href="#sSpan648" value=""/>
		<feat xlink:href="#sSpan649" value=""/>
		<feat xlink:href="#sSpan650" value=""/>
		<feat xlink:href="#sSpan651" value=""/>
		<feat xlink:href="#sSpan652" value=""/>
		<feat xlink:href="#sSpan653" value="cf1"/>
		<feat xlink:href="#sSpan654" value="cf2"/>
		<feat xlink:href="#sSpan655" value=""/>
		<feat xlink:href="#sSpan656" value="cf3"/>
		<feat xlink:href="#sSpan657" value=""/>
		<feat xlink:href="#sSpan658" value="cf4"/>
		<feat xlink:href="#sSpan659" value=""/>
		<feat xlink:href="#sSpan660" value="cf5"/>
		<feat xlink:href="#sSpan661" value=""/>
		<feat xlink:href="#sSpan662" value="cf1"/>
		<feat xlink:href="#sSpan663" value=""/>
		<feat xlink:href="#sSpan664" value=""/>
		<feat xlink:href="#sSpan665" value="cf2"/>
		<feat xlink:href="#sSpan666" value=""/>
		<feat xlink:href="#sSpan667" value="cf3"/>
		<feat xlink:href="#sSpan668" value="cf2"/>
		<feat xlink:href="#sSpan669" value="cf1"/>
		<feat xlink:href="#sSpan670" value=""/>
		<feat xlink:href="#sSpan671" value="cf2"/>
		<feat xlink:href="#sSpan672" value=""/>
		<feat xlink:href="#sSpan673" value=""/>
		<feat xlink:href="#sSpan674" value="cf1"/>
		<feat xlink:href="#sSpan675" value=""/>
		<feat xlink:href="#sSpan676" value="cf3"/>
		<feat xlink:href="#sSpan677" value=""/>
		<feat xlink:href="#sSpan678" value="cf1"/>
		<feat xlink:href="#sSpan679" value="cf2"/>
		<feat xlink:href="#sSpan680" value="cf5"/>
		<feat xlink:href="#sSpan681" value="cf3"/>
		<feat xlink:href="#sSpan682" value="cf4"/>
		<feat xlink:href="#sSpan683" value=""/>
		<feat xlink:href="#sSpan684" value="cf1"/>
		<feat xlink:href="#sSpan685" value="cf3"/>
		<feat xlink:href="#sSpan686" value="cf4"/>
		<feat xlink:href="#sSpan687" value="cf2"/>
		<feat xlink:href="#sSpan688" value="cf5"/>
		<feat xlink:href="#sSpan689" value=""/>
		<feat xlink:href="#sSpan690" value="cf1"/>
		<feat xlink:href="#sSpan691" value=""/>
		<feat xlink:href="#sSpan692" value="cf1"/>
		<feat xlink:href="#sSpan693" value="cf2"/>
		<feat xlink:href="#sSpan694" value=""/>
		<feat xlink:href="#sSpan695" value="cf2"/>
		<feat xlink:href="#sSpan696" value="cf1"/>
		<feat xlink:href="#sSpan697" value=""/>
		<feat xlink:href="#sSpan698" value=""/>
		<feat xlink:href="#sSpan699" value=""/>
		<feat xlink:href="#sSpan700" value="cf3"/>
		<feat xlink:href="#sSpan701" value=""/>
		<feat xlink:href="#sSpan702" value="cf4"/>
		<feat xlink:href="#sSpan703" value=""/>
		<feat xlink:href="#sSpan704" value="cf5"/>
		<feat xlink:href="#sSpan705" value=""/>
		<feat xlink:href="#sSpan706" value="cf6"/>
		<feat xlink:href="#sSpan707" value=""/>
		<feat xlink:href="#sSpan708" value=""/>
		<feat xlink:href="#sSpan709" value="cf1"/>
		<feat xlink:href="#sSpan710" value=""/>
		<feat xlink:href="#sSpan711" value="cf1"/>
		<feat xlink:href="#sSpan712" value="cf2"/>
		<feat xlink:href="#sSpan713" value="cf3"/>
		<feat xlink:href="#sSpan714" value=""/>
		<feat xlink:href="#sSpan715" value=""/>
		<feat xlink:href="#sSpan716" value="cf6"/>
		<feat xlink:href="#sSpan717" value=""/>
		<feat xlink:href="#sSpan718" value="cf4"/>
		<feat xlink:href="#sSpan719" value=""/>
		<feat xlink:href="#sSpan720" value="cf5"/>
		<feat xlink:href="#sSpan721" value=""/>
		<feat xlink:href="#sSpan722" value="cf3"/>
		<feat xlink:href="#sSpan723" value="cf1*"/>
		<feat xlink:href="#sSpan724" value=""/>
		<feat xlink:href="#sSpan725" value=""/>
		<feat xlink:href="#sSpan726" value="cf2"/>
		<feat xlink:href="#sSpan727" value=""/>
		<feat xlink:href="#sSpan728" value="cf4"/>
		<feat xlink:href="#sSpan729" value=""/>
		<feat xlink:href="#sSpan730" value="cf5"/>
		<feat xlink:href="#sSpan731" value=""/>
		<feat xlink:href="#sSpan732" value="cf6"/>
		<feat xlink:href="#sSpan733" value="cf1"/>
		<feat xlink:href="#sSpan734" value=""/>
		<feat xlink:href="#sSpan735" value=""/>
		<feat xlink:href="#sSpan736" value="cf2"/>
		<feat xlink:href="#sSpan737" value=""/>
		<feat xlink:href="#sSpan738" value="cf1"/>
		<feat xlink:href="#sSpan739" value="cf1"/>
		<feat xlink:href="#sSpan740" value=""/>
		<feat xlink:href="#sSpan741" value="cf1"/>
		<feat xlink:href="#sSpan742" value="cf4"/>
		<feat xlink:href="#sSpan743" value=""/>
		<feat xlink:href="#sSpan744" value=""/>
		<feat xlink:href="#sSpan745" value="cf5"/>
		<feat xlink:href="#sSpan746" value=""/>
		<feat xlink:href="#sSpan747" value="cf6"/>
		<feat xlink:href="#sSpan748" value=""/>
		<feat xlink:href="#sSpan749" value="cf2"/>
		<feat xlink:href="#sSpan750" value=""/>
		<feat xlink:href="#sSpan751" value="cf7"/>
		<feat xlink:href="#sSpan752" value=""/>
		<feat xlink:href="#sSpan753" value="cf3"/>
		<feat xlink:href="#sSpan754" value="cf1"/>
		<feat xlink:href="#sSpan755" value="cf1*"/>
		<feat xlink:href="#sSpan756" value=""/>
		<feat xlink:href="#sSpan757" value="cf2"/>
		<feat xlink:href="#sSpan758" value="cf2"/>
		<feat xlink:href="#sSpan759" value=""/>
		<feat xlink:href="#sSpan760" value="cf3"/>
		<feat xlink:href="#sSpan761" value="cf3"/>
		<feat xlink:href="#sSpan762" value=""/>
		<feat xlink:href="#sSpan763" value="cf4"/>
		<feat xlink:href="#sSpan764" value="cf4"/>
		<feat xlink:href="#sSpan765" value=""/>
		<feat xlink:href="#sSpan766" value=""/>
		<feat xlink:href="#sSpan767" value=""/>
		<feat xlink:href="#sSpan768" value=""/>
		<feat xlink:href="#sSpan769" value=""/>
		<feat xlink:href="#sSpan770" value=""/>
		<feat xlink:href="#sSpan771" value=""/>
		<feat xlink:href="#sSpan772" value=""/>
		<feat xlink:href="#sSpan773" value=""/>
		<feat xlink:href="#sSpan774" value=""/>
		<feat xlink:href="#sSpan775" value=""/>
		<feat xlink:href="#sSpan776" value=""/>
		<feat xlink:href="#sSpan777" value=""/>
		<feat xlink:href="#sSpan778" value=""/>
		<feat xlink:href="#sSpan779" value=""/>
		<feat xlink:href="#sSpan780" value=""/>
		<feat xlink:href="#sSpan781" value=""/>
		<feat xlink:href="#sSpan782" value=""/>
		<feat xlink:href="#sSpan783" value=""/>
		<feat xlink:href="#sSpan784" value="cf1"/>
		<feat xlink:href="#sSpan785" value=""/>
		<feat xlink:href="#sSpan786" value=""/>
		<feat xlink:href="#sSpan787" value="cf2"/>
		<feat xlink:href="#sSpan788" value=""/>
		<feat xlink:href="#sSpan789" value=""/>
		<feat xlink:href="#sSpan790" value=""/>
		<feat xlink:href="#sSpan791" value="cf1"/>
		<feat xlink:href="#sSpan792" value=""/>
		<feat xlink:href="#sSpan793" value=""/>
		<feat xlink:href="#sSpan794" value=""/>
		<feat xlink:href="#sSpan795" value=""/>
		<feat xlink:href="#sSpan796" value=""/>
		<feat xlink:href="#sSpan797" value=""/>
		<feat xlink:href="#sSpan798" value=""/>
		<feat xlink:href="#sSpan799" value=""/>
		<feat xlink:href="#sSpan800" value=""/>
		<feat xlink:href="#sSpan801" value=""/>
		<feat xlink:href="#sSpan802" value="cf2"/>
		<feat xlink:href="#sSpan803" value="cf1"/>
		<feat xlink:href="#sSpan804" value=""/>
		<feat xlink:href="#sSpan805" value=""/>
		<feat xlink:href="#sSpan806" value=""/>
		<feat xlink:href="#sSpan807" value=""/>
		<feat xlink:href="#sSpan808" value=""/>
		<feat xlink:href="#sSpan809" value=""/>
		<feat xlink:href="#sSpan810" value=""/>
		<feat xlink:href="#sSpan811" value=""/>
		<feat xlink:href="#sSpan812" value=""/>
		<feat xlink:href="#sSpan813" value=""/>
		<feat xlink:href="#sSpan814" value="cf2"/>
		<feat xlink:href="#sSpan815" value="cf1"/>
		<feat xlink:href="#sSpan816" value=""/>
		<feat xlink:href="#sSpan817" value="cf1"/>
		<feat xlink:href="#sSpan818" value=""/>
		<feat xlink:href="#sSpan819" value=""/>
		<feat xlink:href="#sSpan820" value=""/>
		<feat xlink:href="#sSpan821" value=""/>
		<feat xlink:href="#sSpan822" value="cf2"/>
		<feat xlink:href="#sSpan823" value="cf1"/>
		<feat xlink:href="#sSpan824" value=""/>
		<feat xlink:href="#sSpan825" value=""/>
		<feat xlink:href="#sSpan826" value=""/>
		<feat xlink:href="#sSpan827" value=""/>
		<feat xlink:href="#sSpan828" value=""/>
		<feat xlink:href="#sSpan829" value=""/>
		<feat xlink:href="#sSpan830" value="cf3"/>
		<feat xlink:href="#sSpan831" value="cf1"/>
		<feat xlink:href="#sSpan832" value=""/></featList></paula>