<?xml version='1.0' encoding='UTF-8'?><!DOCTYPE paula SYSTEM "paula_feat.dtd">
<paula version="1.1">
	<header paula_id="ref.GENTLE_dictionary_school.mark_infstat"/>
	<featList xmlns:xlink="http://www.w3.org/1999/xlink" type="infstat" xml:base="ref.GENTLE_dictionary_school.mark.xml">
		<feat xlink:href="#sSpan162" value="new"/>
		<feat xlink:href="#sSpan163" value="new"/>
		<feat xlink:href="#sSpan164" value="new"/>
		<feat xlink:href="#sSpan165" value="new"/>
		<feat xlink:href="#sSpan166" value="new"/>
		<feat xlink:href="#sSpan167" value="new"/>
		<feat xlink:href="#sSpan168" value="new"/>
		<feat xlink:href="#sSpan169" value="giv:act"/>
		<feat xlink:href="#sSpan170" value="new"/>
		<feat xlink:href="#sSpan171" value="new"/>
		<feat xlink:href="#sSpan172" value="new"/>
		<feat xlink:href="#sSpan173" value="new"/>
		<feat xlink:href="#sSpan174" value="new"/>
		<feat xlink:href="#sSpan175" value="new"/>
		<feat xlink:href="#sSpan176" value="new"/>
		<feat xlink:href="#sSpan177" value="new"/>
		<feat xlink:href="#sSpan178" value="new"/>
		<feat xlink:href="#sSpan179" value="new"/>
		<feat xlink:href="#sSpan180" value="new"/>
		<feat xlink:href="#sSpan181" value="new"/>
		<feat xlink:href="#sSpan182" value="new"/>
		<feat xlink:href="#sSpan183" value="new"/>
		<feat xlink:href="#sSpan184" value="new"/>
		<feat xlink:href="#sSpan185" value="new"/>
		<feat xlink:href="#sSpan186" value="giv:act"/>
		<feat xlink:href="#sSpan187" value="new"/>
		<feat xlink:href="#sSpan188" value="giv:act"/>
		<feat xlink:href="#sSpan189" value="new"/>
		<feat xlink:href="#sSpan190" value="new"/>
		<feat xlink:href="#sSpan191" value="new"/>
		<feat xlink:href="#sSpan192" value="new"/>
		<feat xlink:href="#sSpan193" value="new"/>
		<feat xlink:href="#sSpan194" value="giv:act"/>
		<feat xlink:href="#sSpan195" value="new"/>
		<feat xlink:href="#sSpan196" value="new"/>
		<feat xlink:href="#sSpan197" value="new"/>
		<feat xlink:href="#sSpan198" value="new"/>
		<feat xlink:href="#sSpan199" value="new"/>
		<feat xlink:href="#sSpan200" value="new"/>
		<feat xlink:href="#sSpan201" value="giv:act"/>
		<feat xlink:href="#sSpan202" value="giv:act"/>
		<feat xlink:href="#sSpan203" value="new"/>
		<feat xlink:href="#sSpan204" value="new"/>
		<feat xlink:href="#sSpan205" value="new"/>
		<feat xlink:href="#sSpan206" value="giv:act"/>
		<feat xlink:href="#sSpan207" value="new"/>
		<feat xlink:href="#sSpan208" value="new"/>
		<feat xlink:href="#sSpan209" value="new"/>
		<feat xlink:href="#sSpan210" value="giv:act"/>
		<feat xlink:href="#sSpan211" value="giv:act"/>
		<feat xlink:href="#sSpan212" value="giv:act"/>
		<feat xlink:href="#sSpan213" value="giv:act"/>
		<feat xlink:href="#sSpan214" value="giv:act"/>
		<feat xlink:href="#sSpan215" value="giv:inact"/>
		<feat xlink:href="#sSpan216" value="giv:act"/>
		<feat xlink:href="#sSpan217" value="new"/>
		<feat xlink:href="#sSpan218" value="giv:act"/>
		<feat xlink:href="#sSpan219" value="new"/>
		<feat xlink:href="#sSpan220" value="new"/>
		<feat xlink:href="#sSpan221" value="giv:inact"/>
		<feat xlink:href="#sSpan222" value="giv:inact"/>
		<feat xlink:href="#sSpan223" value="new"/>
		<feat xlink:href="#sSpan224" value="acc:inf"/>
		<feat xlink:href="#sSpan225" value="giv:act"/>
		<feat xlink:href="#sSpan226" value="giv:act"/>
		<feat xlink:href="#sSpan227" value="giv:inact"/>
		<feat xlink:href="#sSpan228" value="giv:inact"/>
		<feat xlink:href="#sSpan229" value="new"/>
		<feat xlink:href="#sSpan230" value="new"/>
		<feat xlink:href="#sSpan231" value="new"/>
		<feat xlink:href="#sSpan232" value="new"/>
		<feat xlink:href="#sSpan233" value="new"/>
		<feat xlink:href="#sSpan234" value="new"/>
		<feat xlink:href="#sSpan235" value="new"/>
		<feat xlink:href="#sSpan236" value="new"/>
		<feat xlink:href="#sSpan237" value="giv:inact"/>
		<feat xlink:href="#sSpan238" value="new"/>
		<feat xlink:href="#sSpan239" value="giv:inact"/>
		<feat xlink:href="#sSpan240" value="giv:inact"/>
		<feat xlink:href="#sSpan241" value="new"/>
		<feat xlink:href="#sSpan242" value="giv:act"/>
		<feat xlink:href="#sSpan243" value="new"/>
		<feat xlink:href="#sSpan244" value="giv:act"/>
		<feat xlink:href="#sSpan245" value="new"/>
		<feat xlink:href="#sSpan246" value="giv:act"/>
		<feat xlink:href="#sSpan247" value="new"/>
		<feat xlink:href="#sSpan248" value="giv:act"/>
		<feat xlink:href="#sSpan249" value="giv:inact"/>
		<feat xlink:href="#sSpan250" value="giv:inact"/>
		<feat xlink:href="#sSpan251" value="new"/>
		<feat xlink:href="#sSpan252" value="new"/>
		<feat xlink:href="#sSpan253" value="new"/>
		<feat xlink:href="#sSpan254" value="giv:inact"/>
		<feat xlink:href="#sSpan255" value="new"/>
		<feat xlink:href="#sSpan256" value="giv:inact"/>
		<feat xlink:href="#sSpan257" value="new"/>
		<feat xlink:href="#sSpan258" value="new"/>
		<feat xlink:href="#sSpan259" value="new"/>
		<feat xlink:href="#sSpan260" value="giv:inact"/>
		<feat xlink:href="#sSpan261" value="new"/>
		<feat xlink:href="#sSpan262" value="new"/>
		<feat xlink:href="#sSpan263" value="new"/>
		<feat xlink:href="#sSpan264" value="new"/>
		<feat xlink:href="#sSpan265" value="new"/>
		<feat xlink:href="#sSpan266" value="new"/>
		<feat xlink:href="#sSpan267" value="new"/>
		<feat xlink:href="#sSpan268" value="giv:act"/>
		<feat xlink:href="#sSpan269" value="new"/>
		<feat xlink:href="#sSpan270" value="new"/>
		<feat xlink:href="#sSpan271" value="new"/>
		<feat xlink:href="#sSpan272" value="new"/>
		<feat xlink:href="#sSpan273" value="new"/>
		<feat xlink:href="#sSpan274" value="new"/>
		<feat xlink:href="#sSpan275" value="new"/>
		<feat xlink:href="#sSpan276" value="new"/>
		<feat xlink:href="#sSpan277" value="new"/>
		<feat xlink:href="#sSpan278" value="giv:act"/>
		<feat xlink:href="#sSpan279" value="giv:act"/>
		<feat xlink:href="#sSpan280" value="new"/>
		<feat xlink:href="#sSpan281" value="giv:act"/>
		<feat xlink:href="#sSpan282" value="new"/>
		<feat xlink:href="#sSpan283" value="giv:inact"/>
		<feat xlink:href="#sSpan284" value="new"/>
		<feat xlink:href="#sSpan285" value="new"/>
		<feat xlink:href="#sSpan286" value="new"/>
		<feat xlink:href="#sSpan287" value="new"/>
		<feat xlink:href="#sSpan288" value="new"/>
		<feat xlink:href="#sSpan289" value="new"/>
		<feat xlink:href="#sSpan290" value="giv:inact"/>
		<feat xlink:href="#sSpan291" value="new"/>
		<feat xlink:href="#sSpan292" value="new"/>
		<feat xlink:href="#sSpan293" value="new"/>
		<feat xlink:href="#sSpan294" value="new"/>
		<feat xlink:href="#sSpan295" value="new"/>
		<feat xlink:href="#sSpan296" value="new"/>
		<feat xlink:href="#sSpan297" value="new"/>
		<feat xlink:href="#sSpan298" value="giv:act"/>
		<feat xlink:href="#sSpan299" value="new"/>
		<feat xlink:href="#sSpan300" value="new"/>
		<feat xlink:href="#sSpan301" value="acc:inf"/>
		<feat xlink:href="#sSpan302" value="giv:act"/>
		<feat xlink:href="#sSpan303" value="acc:inf"/>
		<feat xlink:href="#sSpan304" value="new"/>
		<feat xlink:href="#sSpan305" value="giv:act"/>
		<feat xlink:href="#sSpan306" value="new"/>
		<feat xlink:href="#sSpan307" value="new"/>
		<feat xlink:href="#sSpan308" value="giv:act"/>
		<feat xlink:href="#sSpan309" value="new"/>
		<feat xlink:href="#sSpan310" value="giv:inact"/>
		<feat xlink:href="#sSpan311" value="giv:inact"/>
		<feat xlink:href="#sSpan312" value="new"/>
		<feat xlink:href="#sSpan313" value="giv:inact"/>
		<feat xlink:href="#sSpan314" value="giv:inact"/>
		<feat xlink:href="#sSpan315" value="new"/>
		<feat xlink:href="#sSpan316" value="giv:inact"/>
		<feat xlink:href="#sSpan317" value="giv:inact"/>
		<feat xlink:href="#sSpan318" value="giv:inact"/>
		<feat xlink:href="#sSpan319" value="giv:inact"/>
		<feat xlink:href="#sSpan320" value="new"/>
		<feat xlink:href="#sSpan321" value="new"/>
		<feat xlink:href="#sSpan322" value="new"/>
		<feat xlink:href="#sSpan323" value="giv:inact"/>
		<feat xlink:href="#sSpan324" value="new"/>
		<feat xlink:href="#sSpan325" value="giv:inact"/>
		<feat xlink:href="#sSpan326" value="new"/>
		<feat xlink:href="#sSpan327" value="new"/>
		<feat xlink:href="#sSpan328" value="giv:inact"/>
		<feat xlink:href="#sSpan329" value="new"/>
		<feat xlink:href="#sSpan330" value="giv:act"/>
		<feat xlink:href="#sSpan331" value="new"/>
		<feat xlink:href="#sSpan332" value="giv:act"/>
		<feat xlink:href="#sSpan333" value="new"/>
		<feat xlink:href="#sSpan334" value="new"/>
		<feat xlink:href="#sSpan335" value="new"/>
		<feat xlink:href="#sSpan336" value="acc:inf"/>
		<feat xlink:href="#sSpan337" value="giv:act"/>
		<feat xlink:href="#sSpan338" value="new"/>
		<feat xlink:href="#sSpan339" value="new"/>
		<feat xlink:href="#sSpan340" value="giv:inact"/>
		<feat xlink:href="#sSpan341" value="new"/>
		<feat xlink:href="#sSpan342" value="new"/>
		<feat xlink:href="#sSpan343" value="giv:act"/>
		<feat xlink:href="#sSpan344" value="new"/>
		<feat xlink:href="#sSpan345" value="acc:com"/>
		<feat xlink:href="#sSpan346" value="new"/>
		<feat xlink:href="#sSpan347" value="new"/>
		<feat xlink:href="#sSpan348" value="giv:act"/>
		<feat xlink:href="#sSpan349" value="new"/>
		<feat xlink:href="#sSpan350" value="giv:act"/>
		<feat xlink:href="#sSpan351" value="new"/>
		<feat xlink:href="#sSpan352" value="new"/>
		<feat xlink:href="#sSpan353" value="new"/>
		<feat xlink:href="#sSpan354" value="new"/>
		<feat xlink:href="#sSpan355" value="new"/>
		<feat xlink:href="#sSpan356" value="new"/>
		<feat xlink:href="#sSpan357" value="giv:act"/>
		<feat xlink:href="#sSpan358" value="new"/>
		<feat xlink:href="#sSpan359" value="new"/>
		<feat xlink:href="#sSpan360" value="giv:inact"/>
		<feat xlink:href="#sSpan361" value="new"/>
		<feat xlink:href="#sSpan362" value="new"/>
		<feat xlink:href="#sSpan363" value="new"/>
		<feat xlink:href="#sSpan364" value="new"/>
		<feat xlink:href="#sSpan365" value="new"/>
		<feat xlink:href="#sSpan366" value="new"/>
		<feat xlink:href="#sSpan367" value="new"/>
		<feat xlink:href="#sSpan368" value="new"/>
		<feat xlink:href="#sSpan369" value="new"/>
		<feat xlink:href="#sSpan370" value="giv:inact"/>
		<feat xlink:href="#sSpan371" value="new"/>
		<feat xlink:href="#sSpan372" value="acc:inf"/>
		<feat xlink:href="#sSpan373" value="new"/>
		<feat xlink:href="#sSpan374" value="new"/>
		<feat xlink:href="#sSpan375" value="acc:inf"/>
		<feat xlink:href="#sSpan376" value="giv:act"/>
		<feat xlink:href="#sSpan377" value="new"/>
		<feat xlink:href="#sSpan378" value="new"/>
		<feat xlink:href="#sSpan379" value="new"/>
		<feat xlink:href="#sSpan380" value="new"/>
		<feat xlink:href="#sSpan381" value="new"/>
		<feat xlink:href="#sSpan382" value="new"/>
		<feat xlink:href="#sSpan383" value="new"/>
		<feat xlink:href="#sSpan384" value="giv:act"/>
		<feat xlink:href="#sSpan385" value="new"/>
		<feat xlink:href="#sSpan386" value="new"/>
		<feat xlink:href="#sSpan387" value="new"/>
		<feat xlink:href="#sSpan388" value="new"/>
		<feat xlink:href="#sSpan389" value="new"/>
		<feat xlink:href="#sSpan390" value="acc:com"/>
		<feat xlink:href="#sSpan391" value="new"/>
		<feat xlink:href="#sSpan392" value="new"/>
		<feat xlink:href="#sSpan393" value="new"/>
		<feat xlink:href="#sSpan394" value="new"/>
		<feat xlink:href="#sSpan395" value="new"/>
		<feat xlink:href="#sSpan396" value="new"/>
		<feat xlink:href="#sSpan397" value="new"/>
		<feat xlink:href="#sSpan398" value="new"/>
		<feat xlink:href="#sSpan399" value="new"/>
		<feat xlink:href="#sSpan400" value="giv:inact"/>
		<feat xlink:href="#sSpan401" value="new"/>
		<feat xlink:href="#sSpan402" value="acc:com"/>
		<feat xlink:href="#sSpan403" value="new"/>
		<feat xlink:href="#sSpan404" value="new"/>
		<feat xlink:href="#sSpan405" value="new"/>
		<feat xlink:href="#sSpan406" value="new"/>
		<feat xlink:href="#sSpan407" value="new"/>
		<feat xlink:href="#sSpan408" value="new"/>
		<feat xlink:href="#sSpan409" value="new"/>
		<feat xlink:href="#sSpan410" value="new"/>
		<feat xlink:href="#sSpan411" value="new"/>
		<feat xlink:href="#sSpan412" value="new"/>
		<feat xlink:href="#sSpan413" value="new"/>
		<feat xlink:href="#sSpan414" value="acc:com"/>
		<feat xlink:href="#sSpan415" value="giv:act"/>
		<feat xlink:href="#sSpan416" value="new"/>
		<feat xlink:href="#sSpan417" value="new"/>
		<feat xlink:href="#sSpan418" value="new"/>
		<feat xlink:href="#sSpan419" value="new"/>
		<feat xlink:href="#sSpan420" value="new"/>
		<feat xlink:href="#sSpan421" value="new"/>
		<feat xlink:href="#sSpan422" value="new"/>
		<feat xlink:href="#sSpan423" value="new"/>
		<feat xlink:href="#sSpan424" value="giv:inact"/>
		<feat xlink:href="#sSpan425" value="giv:inact"/>
		<feat xlink:href="#sSpan426" value="giv:inact"/>
		<feat xlink:href="#sSpan427" value="new"/>
		<feat xlink:href="#sSpan428" value="giv:inact"/>
		<feat xlink:href="#sSpan429" value="giv:inact"/>
		<feat xlink:href="#sSpan430" value="new"/>
		<feat xlink:href="#sSpan431" value="giv:act"/>
		<feat xlink:href="#sSpan432" value="giv:act"/>
		<feat xlink:href="#sSpan433" value="new"/>
		<feat xlink:href="#sSpan434" value="new"/>
		<feat xlink:href="#sSpan435" value="new"/>
		<feat xlink:href="#sSpan436" value="new"/>
		<feat xlink:href="#sSpan437" value="new"/>
		<feat xlink:href="#sSpan438" value="giv:inact"/>
		<feat xlink:href="#sSpan439" value="new"/>
		<feat xlink:href="#sSpan440" value="giv:inact"/>
		<feat xlink:href="#sSpan441" value="new"/>
		<feat xlink:href="#sSpan442" value="new"/>
		<feat xlink:href="#sSpan443" value="new"/>
		<feat xlink:href="#sSpan444" value="giv:inact"/>
		<feat xlink:href="#sSpan445" value="new"/>
		<feat xlink:href="#sSpan446" value="giv:inact"/>
		<feat xlink:href="#sSpan447" value="new"/>
		<feat xlink:href="#sSpan448" value="giv:act"/>
		<feat xlink:href="#sSpan449" value="new"/>
		<feat xlink:href="#sSpan450" value="giv:act"/>
		<feat xlink:href="#sSpan451" value="new"/>
		<feat xlink:href="#sSpan452" value="giv:act"/>
		<feat xlink:href="#sSpan453" value="new"/>
		<feat xlink:href="#sSpan454" value="giv:act"/>
		<feat xlink:href="#sSpan455" value="giv:inact"/>
		<feat xlink:href="#sSpan456" value="new"/>
		<feat xlink:href="#sSpan457" value="giv:inact"/>
		<feat xlink:href="#sSpan458" value="new"/>
		<feat xlink:href="#sSpan459" value="new"/>
		<feat xlink:href="#sSpan460" value="new"/>
		<feat xlink:href="#sSpan461" value="new"/>
		<feat xlink:href="#sSpan462" value="new"/>
		<feat xlink:href="#sSpan463" value="new"/>
		<feat xlink:href="#sSpan464" value="acc:com"/>
		<feat xlink:href="#sSpan465" value="new"/>
		<feat xlink:href="#sSpan466" value="giv:act"/></featList></paula>