<?xml version='1.0' encoding='UTF-8'?><!DOCTYPE paula SYSTEM "paula_feat.dtd">
<paula version="1.1">
	<header paula_id="rsd.GENTLE_dictionary_school.mark_len"/>
	<featList xmlns:xlink="http://www.w3.org/1999/xlink" type="len" xml:base="rsd.GENTLE_dictionary_school.mark.xml">
		<feat xlink:href="#sSpan1" value="1"/>
		<feat xlink:href="#sSpan2" value="1"/>
		<feat xlink:href="#sSpan3" value="1"/>
		<feat xlink:href="#sSpan4" value="2"/>
		<feat xlink:href="#sSpan5" value="2"/>
		<feat xlink:href="#sSpan6" value="1"/>
		<feat xlink:href="#sSpan7" value="4"/>
		<feat xlink:href="#sSpan8" value="3"/>
		<feat xlink:href="#sSpan9" value="1"/>
		<feat xlink:href="#sSpan10" value="4"/>
		<feat xlink:href="#sSpan11" value="2"/>
		<feat xlink:href="#sSpan12" value="1"/>
		<feat xlink:href="#sSpan13" value="2"/>
		<feat xlink:href="#sSpan14" value="6"/>
		<feat xlink:href="#sSpan15" value="16"/>
		<feat xlink:href="#sSpan16" value="4"/>
		<feat xlink:href="#sSpan17" value="14"/>
		<feat xlink:href="#sSpan18" value="6"/>
		<feat xlink:href="#sSpan19" value="8"/>
		<feat xlink:href="#sSpan20" value="3"/>
		<feat xlink:href="#sSpan21" value="6"/>
		<feat xlink:href="#sSpan22" value="3"/>
		<feat xlink:href="#sSpan23" value="8"/>
		<feat xlink:href="#sSpan24" value="6"/>
		<feat xlink:href="#sSpan25" value="8"/>
		<feat xlink:href="#sSpan26" value="3"/>
		<feat xlink:href="#sSpan27" value="18"/>
		<feat xlink:href="#sSpan28" value="4"/>
		<feat xlink:href="#sSpan29" value="2"/>
		<feat xlink:href="#sSpan30" value="1"/>
		<feat xlink:href="#sSpan31" value="3"/>
		<feat xlink:href="#sSpan32" value="1"/>
		<feat xlink:href="#sSpan33" value="1"/>
		<feat xlink:href="#sSpan34" value="3"/>
		<feat xlink:href="#sSpan35" value="3"/>
		<feat xlink:href="#sSpan36" value="1"/>
		<feat xlink:href="#sSpan37" value="4"/>
		<feat xlink:href="#sSpan38" value="3"/>
		<feat xlink:href="#sSpan39" value="19"/>
		<feat xlink:href="#sSpan40" value="9"/>
		<feat xlink:href="#sSpan41" value="3"/>
		<feat xlink:href="#sSpan42" value="1"/>
		<feat xlink:href="#sSpan43" value="4"/>
		<feat xlink:href="#sSpan44" value="1"/>
		<feat xlink:href="#sSpan45" value="1"/>
		<feat xlink:href="#sSpan46" value="1"/>
		<feat xlink:href="#sSpan47" value="9"/>
		<feat xlink:href="#sSpan48" value="4"/>
		<feat xlink:href="#sSpan49" value="7"/>
		<feat xlink:href="#sSpan50" value="3"/>
		<feat xlink:href="#sSpan51" value="4"/>
		<feat xlink:href="#sSpan52" value="10"/>
		<feat xlink:href="#sSpan53" value="2"/>
		<feat xlink:href="#sSpan54" value="2"/>
		<feat xlink:href="#sSpan55" value="9"/>
		<feat xlink:href="#sSpan56" value="8"/>
		<feat xlink:href="#sSpan57" value="3"/>
		<feat xlink:href="#sSpan58" value="6"/>
		<feat xlink:href="#sSpan59" value="6"/>
		<feat xlink:href="#sSpan60" value="13"/>
		<feat xlink:href="#sSpan61" value="4"/>
		<feat xlink:href="#sSpan62" value="4"/>
		<feat xlink:href="#sSpan63" value="2"/>
		<feat xlink:href="#sSpan64" value="13"/>
		<feat xlink:href="#sSpan65" value="7"/>
		<feat xlink:href="#sSpan66" value="2"/>
		<feat xlink:href="#sSpan67" value="8"/>
		<feat xlink:href="#sSpan68" value="3"/>
		<feat xlink:href="#sSpan69" value="11"/>
		<feat xlink:href="#sSpan70" value="6"/>
		<feat xlink:href="#sSpan71" value="6"/>
		<feat xlink:href="#sSpan72" value="5"/>
		<feat xlink:href="#sSpan73" value="10"/>
		<feat xlink:href="#sSpan74" value="2"/>
		<feat xlink:href="#sSpan75" value="6"/>
		<feat xlink:href="#sSpan76" value="4"/>
		<feat xlink:href="#sSpan77" value="6"/>
		<feat xlink:href="#sSpan78" value="4"/>
		<feat xlink:href="#sSpan79" value="6"/>
		<feat xlink:href="#sSpan80" value="3"/>
		<feat xlink:href="#sSpan81" value="6"/>
		<feat xlink:href="#sSpan82" value="8"/>
		<feat xlink:href="#sSpan83" value="12"/>
		<feat xlink:href="#sSpan84" value="4"/>
		<feat xlink:href="#sSpan85" value="10"/>
		<feat xlink:href="#sSpan86" value="4"/>
		<feat xlink:href="#sSpan87" value="7"/>
		<feat xlink:href="#sSpan88" value="9"/>
		<feat xlink:href="#sSpan89" value="5"/>
		<feat xlink:href="#sSpan90" value="6"/>
		<feat xlink:href="#sSpan91" value="2"/>
		<feat xlink:href="#sSpan92" value="1"/>
		<feat xlink:href="#sSpan93" value="3"/>
		<feat xlink:href="#sSpan94" value="1"/>
		<feat xlink:href="#sSpan95" value="1"/>
		<feat xlink:href="#sSpan96" value="8"/>
		<feat xlink:href="#sSpan97" value="5"/>
		<feat xlink:href="#sSpan98" value="2"/>
		<feat xlink:href="#sSpan99" value="6"/>
		<feat xlink:href="#sSpan100" value="4"/>
		<feat xlink:href="#sSpan101" value="10"/>
		<feat xlink:href="#sSpan102" value="9"/>
		<feat xlink:href="#sSpan103" value="3"/>
		<feat xlink:href="#sSpan104" value="3"/>
		<feat xlink:href="#sSpan105" value="6"/>
		<feat xlink:href="#sSpan106" value="4"/>
		<feat xlink:href="#sSpan107" value="6"/>
		<feat xlink:href="#sSpan108" value="3"/>
		<feat xlink:href="#sSpan109" value="11"/>
		<feat xlink:href="#sSpan110" value="13"/>
		<feat xlink:href="#sSpan111" value="17"/>
		<feat xlink:href="#sSpan112" value="9"/>
		<feat xlink:href="#sSpan113" value="8"/>
		<feat xlink:href="#sSpan114" value="7"/>
		<feat xlink:href="#sSpan115" value="10"/>
		<feat xlink:href="#sSpan116" value="9"/>
		<feat xlink:href="#sSpan117" value="16"/>
		<feat xlink:href="#sSpan118" value="14"/>
		<feat xlink:href="#sSpan119" value="4"/>
		<feat xlink:href="#sSpan120" value="10"/>
		<feat xlink:href="#sSpan121" value="2"/>
		<feat xlink:href="#sSpan122" value="9"/>
		<feat xlink:href="#sSpan123" value="8"/>
		<feat xlink:href="#sSpan124" value="2"/>
		<feat xlink:href="#sSpan125" value="13"/>
		<feat xlink:href="#sSpan126" value="7"/>
		<feat xlink:href="#sSpan127" value="7"/>
		<feat xlink:href="#sSpan128" value="10"/>
		<feat xlink:href="#sSpan129" value="12"/>
		<feat xlink:href="#sSpan130" value="11"/>
		<feat xlink:href="#sSpan131" value="9"/>
		<feat xlink:href="#sSpan132" value="2"/>
		<feat xlink:href="#sSpan133" value="15"/>
		<feat xlink:href="#sSpan134" value="1"/>
		<feat xlink:href="#sSpan135" value="2"/>
		<feat xlink:href="#sSpan136" value="7"/>
		<feat xlink:href="#sSpan137" value="5"/>
		<feat xlink:href="#sSpan138" value="9"/>
		<feat xlink:href="#sSpan139" value="7"/>
		<feat xlink:href="#sSpan140" value="1"/>
		<feat xlink:href="#sSpan141" value="5"/>
		<feat xlink:href="#sSpan142" value="2"/>
		<feat xlink:href="#sSpan143" value="2"/>
		<feat xlink:href="#sSpan144" value="7"/>
		<feat xlink:href="#sSpan145" value="10"/>
		<feat xlink:href="#sSpan146" value="1"/>
		<feat xlink:href="#sSpan147" value="1"/>
		<feat xlink:href="#sSpan148" value="9"/>
		<feat xlink:href="#sSpan149" value="4"/>
		<feat xlink:href="#sSpan150" value="7"/>
		<feat xlink:href="#sSpan151" value="3"/>
		<feat xlink:href="#sSpan152" value="7"/>
		<feat xlink:href="#sSpan153" value="12"/>
		<feat xlink:href="#sSpan154" value="9"/>
		<feat xlink:href="#sSpan155" value="3"/>
		<feat xlink:href="#sSpan156" value="4"/>
		<feat xlink:href="#sSpan157" value="8"/>
		<feat xlink:href="#sSpan158" value="3"/>
		<feat xlink:href="#sSpan159" value="10"/>
		<feat xlink:href="#sSpan160" value="8"/>
		<feat xlink:href="#sSpan161" value="8"/></featList></paula>