<?xml version='1.0' encoding='UTF-8'?><!DOCTYPE paula SYSTEM "paula_feat.dtd">
<paula version="1.1">
	<header paula_id="rsd.GENTLE_dictionary_school.mark_item"/>
	<featList xmlns:xlink="http://www.w3.org/1999/xlink" type="item" xml:base="rsd.GENTLE_dictionary_school.mark.xml">
		<feat xlink:href="#sSpan4" value="item"/>
		<feat xlink:href="#sSpan9" value="item"/>
		<feat xlink:href="#sSpan11" value="item"/>
		<feat xlink:href="#sSpan30" value="item"/>
		<feat xlink:href="#sSpan38" value="item"/>
		<feat xlink:href="#sSpan40" value="item"/>
		<feat xlink:href="#sSpan41" value="item"/>
		<feat xlink:href="#sSpan43" value="item"/>
		<feat xlink:href="#sSpan50" value="item"/>
		<feat xlink:href="#sSpan97" value="item"/>
		<feat xlink:href="#sSpan103" value="item"/>
		<feat xlink:href="#sSpan108" value="item"/>
		<feat xlink:href="#sSpan111" value="item"/>
		<feat xlink:href="#sSpan116" value="item"/>
		<feat xlink:href="#sSpan119" value="item"/>
		<feat xlink:href="#sSpan124" value="item"/>
		<feat xlink:href="#sSpan127" value="item"/>
		<feat xlink:href="#sSpan129" value="item"/>
		<feat xlink:href="#sSpan132" value="item"/>
		<feat xlink:href="#sSpan135" value="item"/>
		<feat xlink:href="#sSpan138" value="item"/>
		<feat xlink:href="#sSpan151" value="item"/>
		<feat xlink:href="#sSpan154" value="item"/>
		<feat xlink:href="#sSpan155" value="item"/>
		<feat xlink:href="#sSpan158" value="item"/>
		<feat xlink:href="#sSpan160" value="item"/></featList></paula>