<?xml version='1.0' encoding='UTF-8'?><!DOCTYPE paula SYSTEM "paula_feat.dtd">
<paula version="1.1">
	<header paula_id="rsd.GENTLE_dictionary_school.rsd_func"/>
	<featList xmlns:xlink="http://www.w3.org/1999/xlink" type="func" xml:base="rsd.GENTLE_dictionary_school.rsd.xml">
		<feat xlink:href="#sPointingRel1048" value="organization-heading_r"/>
		<feat xlink:href="#sPointingRel1049" value="organization-heading_r"/>
		<feat xlink:href="#sPointingRel1050" value="organization-heading_r"/>
		<feat xlink:href="#sPointingRel1051" value="organization-preparation_r"/>
		<feat xlink:href="#sPointingRel1052" value="organization-preparation_r"/>
		<feat xlink:href="#sPointingRel1053" value="elaboration-additional_r"/>
		<feat xlink:href="#sPointingRel1054" value="joint-list_m"/>
		<feat xlink:href="#sPointingRel1055" value="joint-list_m"/>
		<feat xlink:href="#sPointingRel1056" value="elaboration-additional_r"/>
		<feat xlink:href="#sPointingRel1057" value="organization-preparation_r"/>
		<feat xlink:href="#sPointingRel1058" value="joint-list_m"/>
		<feat xlink:href="#sPointingRel1059" value="organization-heading_r"/>
		<feat xlink:href="#sPointingRel1060" value="joint-other_m"/>
		<feat xlink:href="#sPointingRel1061" value="elaboration-additional_r"/>
		<feat xlink:href="#sPointingRel1062" value="same-unit_m"/>
		<feat xlink:href="#sPointingRel1063" value="elaboration-additional_r"/>
		<feat xlink:href="#sPointingRel1064" value="same-unit_m"/>
		<feat xlink:href="#sPointingRel1065" value="elaboration-additional_r"/>
		<feat xlink:href="#sPointingRel1066" value="same-unit_m"/>
		<feat xlink:href="#sPointingRel1067" value="elaboration-additional_r"/>
		<feat xlink:href="#sPointingRel1068" value="same-unit_m"/>
		<feat xlink:href="#sPointingRel1069" value="elaboration-additional_r"/>
		<feat xlink:href="#sPointingRel1070" value="joint-list_m"/>
		<feat xlink:href="#sPointingRel1071" value="elaboration-additional_r"/>
		<feat xlink:href="#sPointingRel1072" value="same-unit_m"/>
		<feat xlink:href="#sPointingRel1073" value="elaboration-additional_r"/>
		<feat xlink:href="#sPointingRel1074" value="joint-list_m"/>
		<feat xlink:href="#sPointingRel1075" value="organization-heading_r"/>
		<feat xlink:href="#sPointingRel1076" value="elaboration-additional_r"/>
		<feat xlink:href="#sPointingRel1077" value="elaboration-additional_r"/>
		<feat xlink:href="#sPointingRel1078" value="organization-heading_r"/>
		<feat xlink:href="#sPointingRel1079" value="explanation-evidence_r"/>
		<feat xlink:href="#sPointingRel1080" value="elaboration-additional_r"/>
		<feat xlink:href="#sPointingRel1081" value="same-unit_m"/>
		<feat xlink:href="#sPointingRel1082" value="organization-heading_r"/>
		<feat xlink:href="#sPointingRel1083" value="elaboration-additional_r"/>
		<feat xlink:href="#sPointingRel1084" value="context-background_r"/>
		<feat xlink:href="#sPointingRel1085" value="joint-other_m"/>
		<feat xlink:href="#sPointingRel1086" value="explanation-evidence_r"/>
		<feat xlink:href="#sPointingRel1087" value="joint-disjunction_m"/>
		<feat xlink:href="#sPointingRel1088" value="organization-heading_r"/>
		<feat xlink:href="#sPointingRel1089" value="context-circumstance_r"/>
		<feat xlink:href="#sPointingRel1090" value="elaboration-additional_r"/>
		<feat xlink:href="#sPointingRel1091" value="organization-heading_r"/>
		<feat xlink:href="#sPointingRel1092" value="organization-heading_r"/>
		<feat xlink:href="#sPointingRel1093" value="elaboration-additional_r"/>
		<feat xlink:href="#sPointingRel1094" value="joint-list_m"/>
		<feat xlink:href="#sPointingRel1095" value="joint-list_m"/>
		<feat xlink:href="#sPointingRel1096" value="context-background_r"/>
		<feat xlink:href="#sPointingRel1097" value="context-circumstance_r"/>
		<feat xlink:href="#sPointingRel1098" value="joint-other_m"/>
		<feat xlink:href="#sPointingRel1099" value="organization-heading_r"/>
		<feat xlink:href="#sPointingRel1100" value="context-background_r"/>
		<feat xlink:href="#sPointingRel1101" value="joint-other_m"/>
		<feat xlink:href="#sPointingRel1102" value="elaboration-additional_r"/>
		<feat xlink:href="#sPointingRel1103" value="same-unit_m"/>
		<feat xlink:href="#sPointingRel1104" value="elaboration-additional_r"/>
		<feat xlink:href="#sPointingRel1105" value="same-unit_m"/>
		<feat xlink:href="#sPointingRel1106" value="elaboration-additional_r"/>
		<feat xlink:href="#sPointingRel1107" value="same-unit_m"/>
		<feat xlink:href="#sPointingRel1108" value="elaboration-additional_r"/>
		<feat xlink:href="#sPointingRel1109" value="same-unit_m"/>
		<feat xlink:href="#sPointingRel1110" value="elaboration-attribute_r"/>
		<feat xlink:href="#sPointingRel1111" value="elaboration-attribute_r"/>
		<feat xlink:href="#sPointingRel1112" value="same-unit_m"/>
		<feat xlink:href="#sPointingRel1113" value="elaboration-attribute_r"/>
		<feat xlink:href="#sPointingRel1114" value="same-unit_m"/>
		<feat xlink:href="#sPointingRel1115" value="elaboration-attribute_r"/>
		<feat xlink:href="#sPointingRel1116" value="joint-other_m"/>
		<feat xlink:href="#sPointingRel1117" value="joint-other_m"/>
		<feat xlink:href="#sPointingRel1118" value="elaboration-additional_r"/>
		<feat xlink:href="#sPointingRel1119" value="elaboration-attribute_r"/>
		<feat xlink:href="#sPointingRel1120" value="same-unit_m"/>
		<feat xlink:href="#sPointingRel1121" value="elaboration-additional_r"/>
		<feat xlink:href="#sPointingRel1122" value="same-unit_m"/>
		<feat xlink:href="#sPointingRel1123" value="elaboration-additional_r"/>
		<feat xlink:href="#sPointingRel1124" value="same-unit_m"/>
		<feat xlink:href="#sPointingRel1125" value="elaboration-additional_r"/>
		<feat xlink:href="#sPointingRel1126" value="same-unit_m"/>
		<feat xlink:href="#sPointingRel1127" value="elaboration-additional_r"/>
		<feat xlink:href="#sPointingRel1128" value="joint-other_m"/>
		<feat xlink:href="#sPointingRel1129" value="elaboration-additional_r"/>
		<feat xlink:href="#sPointingRel1130" value="same-unit_m"/>
		<feat xlink:href="#sPointingRel1131" value="elaboration-additional_r"/>
		<feat xlink:href="#sPointingRel1132" value="explanation-evidence_r"/>
		<feat xlink:href="#sPointingRel1133" value="joint-other_m"/>
		<feat xlink:href="#sPointingRel1134" value="elaboration-additional_r"/>
		<feat xlink:href="#sPointingRel1135" value="same-unit_m"/>
		<feat xlink:href="#sPointingRel1136" value="elaboration-additional_r"/>
		<feat xlink:href="#sPointingRel1137" value="organization-heading_r"/>
		<feat xlink:href="#sPointingRel1138" value="elaboration-additional_r"/>
		<feat xlink:href="#sPointingRel1139" value="elaboration-additional_r"/>
		<feat xlink:href="#sPointingRel1140" value="organization-heading_r"/>
		<feat xlink:href="#sPointingRel1141" value="organization-heading_r"/>
		<feat xlink:href="#sPointingRel1142" value="elaboration-additional_r"/>
		<feat xlink:href="#sPointingRel1143" value="context-circumstance_r"/>
		<feat xlink:href="#sPointingRel1144" value="joint-other_m"/>
		<feat xlink:href="#sPointingRel1145" value="elaboration-attribute_r"/>
		<feat xlink:href="#sPointingRel1146" value="same-unit_m"/>
		<feat xlink:href="#sPointingRel1147" value="explanation-evidence_r"/>
		<feat xlink:href="#sPointingRel1148" value="joint-list_m"/>
		<feat xlink:href="#sPointingRel1149" value="context-circumstance_r"/>
		<feat xlink:href="#sPointingRel1150" value="joint-disjunction_m"/>
		<feat xlink:href="#sPointingRel1151" value="elaboration-attribute_r"/>
		<feat xlink:href="#sPointingRel1152" value="same-unit_m"/>
		<feat xlink:href="#sPointingRel1153" value="elaboration-additional_r"/>
		<feat xlink:href="#sPointingRel1154" value="context-circumstance_r"/>
		<feat xlink:href="#sPointingRel1155" value="joint-disjunction_m"/>
		<feat xlink:href="#sPointingRel1156" value="explanation-evidence_r"/>
		<feat xlink:href="#sPointingRel1157" value="joint-disjunction_m"/>
		<feat xlink:href="#sPointingRel1158" value="elaboration-attribute_r"/>
		<feat xlink:href="#sPointingRel1159" value="adversative-concession_r"/>
		<feat xlink:href="#sPointingRel1160" value="explanation-evidence_r"/>
		<feat xlink:href="#sPointingRel1161" value="adversative-contrast_m"/>
		<feat xlink:href="#sPointingRel1162" value="joint-disjunction_m"/>
		<feat xlink:href="#sPointingRel1163" value="explanation-evidence_r"/>
		<feat xlink:href="#sPointingRel1164" value="elaboration-attribute_r"/>
		<feat xlink:href="#sPointingRel1165" value="context-circumstance_r"/>
		<feat xlink:href="#sPointingRel1166" value="joint-disjunction_m"/>
		<feat xlink:href="#sPointingRel1167" value="elaboration-attribute_r"/>
		<feat xlink:href="#sPointingRel1168" value="same-unit_m"/>
		<feat xlink:href="#sPointingRel1169" value="explanation-evidence_r"/>
		<feat xlink:href="#sPointingRel1170" value="joint-disjunction_m"/>
		<feat xlink:href="#sPointingRel1171" value="elaboration-attribute_r"/>
		<feat xlink:href="#sPointingRel1172" value="explanation-evidence_r"/>
		<feat xlink:href="#sPointingRel1173" value="joint-disjunction_m"/>
		<feat xlink:href="#sPointingRel1174" value="elaboration-attribute_r"/>
		<feat xlink:href="#sPointingRel1175" value="joint-disjunction_m"/>
		<feat xlink:href="#sPointingRel1176" value="elaboration-attribute_r"/>
		<feat xlink:href="#sPointingRel1177" value="explanation-evidence_r"/>
		<feat xlink:href="#sPointingRel1178" value="joint-disjunction_m"/>
		<feat xlink:href="#sPointingRel1179" value="elaboration-attribute_r"/>
		<feat xlink:href="#sPointingRel1180" value="organization-heading_r"/>
		<feat xlink:href="#sPointingRel1181" value="context-circumstance_r"/>
		<feat xlink:href="#sPointingRel1182" value="elaboration-attribute_r"/>
		<feat xlink:href="#sPointingRel1183" value="elaboration-additional_r"/>
		<feat xlink:href="#sPointingRel1184" value="context-circumstance_r"/>
		<feat xlink:href="#sPointingRel1185" value="joint-list_m"/>
		<feat xlink:href="#sPointingRel1186" value="organization-heading_r"/>
		<feat xlink:href="#sPointingRel1187" value="joint-list_m"/>
		<feat xlink:href="#sPointingRel1188" value="organization-heading_r"/>
		<feat xlink:href="#sPointingRel1189" value="organization-heading_r"/>
		<feat xlink:href="#sPointingRel1190" value="elaboration-attribute_r"/>
		<feat xlink:href="#sPointingRel1191" value="joint-list_m"/>
		<feat xlink:href="#sPointingRel1192" value="organization-heading_r"/>
		<feat xlink:href="#sPointingRel1193" value="organization-heading_r"/>
		<feat xlink:href="#sPointingRel1194" value="elaboration-additional_r"/>
		<feat xlink:href="#sPointingRel1195" value="joint-list_m"/>
		<feat xlink:href="#sPointingRel1196" value="joint-list_m"/>
		<feat xlink:href="#sPointingRel1197" value="context-background_r"/>
		<feat xlink:href="#sPointingRel1198" value="joint-other_m"/>
		<feat xlink:href="#sPointingRel1199" value="context-circumstance_r"/>
		<feat xlink:href="#sPointingRel1200" value="explanation-evidence_r"/>
		<feat xlink:href="#sPointingRel1201" value="context-background_r"/>
		<feat xlink:href="#sPointingRel1202" value="joint-list_m"/>
		<feat xlink:href="#sPointingRel1203" value="restatement-repetition_m"/>
		<feat xlink:href="#sPointingRel1204" value="context-background_r"/>
		<feat xlink:href="#sPointingRel1205" value="joint-list_m"/>
		<feat xlink:href="#sPointingRel1206" value="explanation-evidence_r"/>
		<feat xlink:href="#sPointingRel1207" value="adversative-antithesis_r"/></featList></paula>