<?xml version='1.0' encoding='UTF-8'?><!DOCTYPE paula SYSTEM "paula_feat.dtd">
<paula version="1.1">
	<header paula_id="rsd.GENTLE_dictionary_school.mark_head_pos"/>
	<featList xmlns:xlink="http://www.w3.org/1999/xlink" type="head_pos" xml:base="rsd.GENTLE_dictionary_school.mark.xml">
		<feat xlink:href="#sSpan672" value="NN"/>
		<feat xlink:href="#sSpan673" value="NP"/>
		<feat xlink:href="#sSpan674" value="NN"/>
		<feat xlink:href="#sSpan675" value="NN"/>
		<feat xlink:href="#sSpan676" value="NN"/>
		<feat xlink:href="#sSpan677" value="NP"/>
		<feat xlink:href="#sSpan678" value="NN"/>
		<feat xlink:href="#sSpan679" value="NN"/>
		<feat xlink:href="#sSpan680" value="NN"/>
		<feat xlink:href="#sSpan681" value="NP"/>
		<feat xlink:href="#sSpan682" value="NNS"/>
		<feat xlink:href="#sSpan683" value="UH"/>
		<feat xlink:href="#sSpan684" value="NN"/>
		<feat xlink:href="#sSpan685" value="FW"/>
		<feat xlink:href="#sSpan686" value="NN"/>
		<feat xlink:href="#sSpan687" value="FW"/>
		<feat xlink:href="#sSpan688" value="NN"/>
		<feat xlink:href="#sSpan689" value="FW"/>
		<feat xlink:href="#sSpan690" value="NN"/>
		<feat xlink:href="#sSpan691" value="FW"/>
		<feat xlink:href="#sSpan692" value="NN"/>
		<feat xlink:href="#sSpan693" value="FW"/>
		<feat xlink:href="#sSpan694" value="NN"/>
		<feat xlink:href="#sSpan695" value="JJ"/>
		<feat xlink:href="#sSpan696" value="NN"/>
		<feat xlink:href="#sSpan697" value="NN"/>
		<feat xlink:href="#sSpan698" value="NN"/>
		<feat xlink:href="#sSpan699" value="NN"/>
		<feat xlink:href="#sSpan700" value="NNS"/>
		<feat xlink:href="#sSpan701" value="NN"/>
		<feat xlink:href="#sSpan702" value="JJ"/>
		<feat xlink:href="#sSpan703" value="NN"/>
		<feat xlink:href="#sSpan704" value="NN"/>
		<feat xlink:href="#sSpan705" value="CD"/>
		<feat xlink:href="#sSpan706" value="NN"/>
		<feat xlink:href="#sSpan707" value="NN"/>
		<feat xlink:href="#sSpan708" value="NNS"/>
		<feat xlink:href="#sSpan709" value="JJ"/>
		<feat xlink:href="#sSpan710" value="NN"/>
		<feat xlink:href="#sSpan711" value="VVD"/>
		<feat xlink:href="#sSpan712" value="NN"/>
		<feat xlink:href="#sSpan713" value="NNS"/>
		<feat xlink:href="#sSpan714" value="NNS"/>
		<feat xlink:href="#sSpan715" value="NN"/>
		<feat xlink:href="#sSpan716" value="NN"/>
		<feat xlink:href="#sSpan717" value="NN"/>
		<feat xlink:href="#sSpan718" value="NNS"/>
		<feat xlink:href="#sSpan719" value="VVG"/>
		<feat xlink:href="#sSpan720" value="VVD"/>
		<feat xlink:href="#sSpan721" value="JJ"/>
		<feat xlink:href="#sSpan722" value="NN"/>
		<feat xlink:href="#sSpan723" value="VV"/>
		<feat xlink:href="#sSpan724" value="NN"/>
		<feat xlink:href="#sSpan725" value="NN"/>
		<feat xlink:href="#sSpan726" value="FW"/>
		<feat xlink:href="#sSpan727" value="NN"/>
		<feat xlink:href="#sSpan728" value="FW"/>
		<feat xlink:href="#sSpan729" value="NN"/>
		<feat xlink:href="#sSpan730" value="NN"/>
		<feat xlink:href="#sSpan731" value="NN"/>
		<feat xlink:href="#sSpan732" value="FW"/>
		<feat xlink:href="#sSpan733" value="FW"/>
		<feat xlink:href="#sSpan734" value="FW"/>
		<feat xlink:href="#sSpan735" value="NN"/>
		<feat xlink:href="#sSpan736" value="VVN"/>
		<feat xlink:href="#sSpan737" value="NNS"/>
		<feat xlink:href="#sSpan738" value="VVD"/>
		<feat xlink:href="#sSpan739" value="FW"/>
		<feat xlink:href="#sSpan740" value="VV"/>
		<feat xlink:href="#sSpan741" value="NN"/>
		<feat xlink:href="#sSpan742" value="VV"/>
		<feat xlink:href="#sSpan743" value="NN"/>
		<feat xlink:href="#sSpan744" value="FW"/>
		<feat xlink:href="#sSpan745" value="FW"/>
		<feat xlink:href="#sSpan746" value="NN"/>
		<feat xlink:href="#sSpan747" value="FW"/>
		<feat xlink:href="#sSpan748" value="NN"/>
		<feat xlink:href="#sSpan749" value="FW"/>
		<feat xlink:href="#sSpan750" value="NN"/>
		<feat xlink:href="#sSpan751" value="FW"/>
		<feat xlink:href="#sSpan752" value="NN"/>
		<feat xlink:href="#sSpan753" value="VVN"/>
		<feat xlink:href="#sSpan754" value="NN"/>
		<feat xlink:href="#sSpan755" value="FW"/>
		<feat xlink:href="#sSpan756" value="NN"/>
		<feat xlink:href="#sSpan757" value="VV"/>
		<feat xlink:href="#sSpan758" value="VVN"/>
		<feat xlink:href="#sSpan759" value="FW"/>
		<feat xlink:href="#sSpan760" value="FW"/>
		<feat xlink:href="#sSpan761" value="NN"/>
		<feat xlink:href="#sSpan762" value="NNS"/>
		<feat xlink:href="#sSpan763" value="NN"/>
		<feat xlink:href="#sSpan764" value="JJ"/>
		<feat xlink:href="#sSpan765" value="NN"/>
		<feat xlink:href="#sSpan766" value="NN"/>
		<feat xlink:href="#sSpan767" value="JJ"/>
		<feat xlink:href="#sSpan768" value="NP"/>
		<feat xlink:href="#sSpan769" value="NN"/>
		<feat xlink:href="#sSpan770" value="VVN"/>
		<feat xlink:href="#sSpan771" value="NN"/>
		<feat xlink:href="#sSpan772" value="VVP"/>
		<feat xlink:href="#sSpan773" value="NN"/>
		<feat xlink:href="#sSpan774" value="NP"/>
		<feat xlink:href="#sSpan775" value="NN"/>
		<feat xlink:href="#sSpan776" value="VVG"/>
		<feat xlink:href="#sSpan777" value="NN"/>
		<feat xlink:href="#sSpan778" value="NN"/>
		<feat xlink:href="#sSpan779" value="NP"/>
		<feat xlink:href="#sSpan780" value="NN"/>
		<feat xlink:href="#sSpan781" value="VVN"/>
		<feat xlink:href="#sSpan782" value="NN"/>
		<feat xlink:href="#sSpan783" value="VVN"/>
		<feat xlink:href="#sSpan784" value="VVN"/>
		<feat xlink:href="#sSpan785" value="VVP"/>
		<feat xlink:href="#sSpan786" value="NP"/>
		<feat xlink:href="#sSpan787" value="NN"/>
		<feat xlink:href="#sSpan788" value="NN"/>
		<feat xlink:href="#sSpan789" value="VVD"/>
		<feat xlink:href="#sSpan790" value="VVN"/>
		<feat xlink:href="#sSpan791" value="NNS"/>
		<feat xlink:href="#sSpan792" value="VVG"/>
		<feat xlink:href="#sSpan793" value="NN"/>
		<feat xlink:href="#sSpan794" value="VVP"/>
		<feat xlink:href="#sSpan795" value="NN"/>
		<feat xlink:href="#sSpan796" value="VVN"/>
		<feat xlink:href="#sSpan797" value="VV"/>
		<feat xlink:href="#sSpan798" value="NN"/>
		<feat xlink:href="#sSpan799" value="VVN"/>
		<feat xlink:href="#sSpan800" value="NNS"/>
		<feat xlink:href="#sSpan801" value="VVN"/>
		<feat xlink:href="#sSpan802" value="NN"/>
		<feat xlink:href="#sSpan803" value="NN"/>
		<feat xlink:href="#sSpan804" value="VVG"/>
		<feat xlink:href="#sSpan805" value="NNS"/>
		<feat xlink:href="#sSpan806" value="NN"/>
		<feat xlink:href="#sSpan807" value="VVN"/>
		<feat xlink:href="#sSpan808" value="NN"/>
		<feat xlink:href="#sSpan809" value="NN"/>
		<feat xlink:href="#sSpan810" value="NN"/>
		<feat xlink:href="#sSpan811" value="NNS"/>
		<feat xlink:href="#sSpan812" value="VV"/>
		<feat xlink:href="#sSpan813" value="NNS"/>
		<feat xlink:href="#sSpan814" value="NN"/>
		<feat xlink:href="#sSpan815" value="VVG"/>
		<feat xlink:href="#sSpan816" value="NN"/>
		<feat xlink:href="#sSpan817" value="NN"/>
		<feat xlink:href="#sSpan818" value="NN"/>
		<feat xlink:href="#sSpan819" value="NNS"/>
		<feat xlink:href="#sSpan820" value="VVG"/>
		<feat xlink:href="#sSpan821" value="VVD"/>
		<feat xlink:href="#sSpan822" value="JJ"/>
		<feat xlink:href="#sSpan823" value="VV"/>
		<feat xlink:href="#sSpan824" value="NN"/>
		<feat xlink:href="#sSpan825" value="VVN"/>
		<feat xlink:href="#sSpan826" value="JJ"/>
		<feat xlink:href="#sSpan827" value="VV"/>
		<feat xlink:href="#sSpan828" value="VV"/>
		<feat xlink:href="#sSpan829" value="JJ"/>
		<feat xlink:href="#sSpan830" value="VV"/>
		<feat xlink:href="#sSpan831" value="VVD"/>
		<feat xlink:href="#sSpan832" value="VVG"/></featList></paula>