<?xml version='1.0' encoding='UTF-8'?><!DOCTYPE paula SYSTEM "paula_feat.dtd">
<paula version="1.1">
	<header paula_id="rsd.GENTLE_dictionary_school.mark_pos1"/>
	<featList xmlns:xlink="http://www.w3.org/1999/xlink" type="pos1" xml:base="rsd.GENTLE_dictionary_school.mark.xml">
		<feat xlink:href="#sSpan672" value="NN"/>
		<feat xlink:href="#sSpan673" value="NP"/>
		<feat xlink:href="#sSpan674" value="NN"/>
		<feat xlink:href="#sSpan675" value="NN"/>
		<feat xlink:href="#sSpan676" value="NN"/>
		<feat xlink:href="#sSpan677" value="NP"/>
		<feat xlink:href="#sSpan678" value="("/>
		<feat xlink:href="#sSpan679" value="SYM"/>
		<feat xlink:href="#sSpan680" value="NN"/>
		<feat xlink:href="#sSpan681" value="("/>
		<feat xlink:href="#sSpan682" value="NNS"/>
		<feat xlink:href="#sSpan683" value="UH"/>
		<feat xlink:href="#sSpan684" value="NN"/>
		<feat xlink:href="#sSpan685" value="IN"/>
		<feat xlink:href="#sSpan686" value="("/>
		<feat xlink:href="#sSpan687" value="IN"/>
		<feat xlink:href="#sSpan688" value="("/>
		<feat xlink:href="#sSpan689" value="IN"/>
		<feat xlink:href="#sSpan690" value="("/>
		<feat xlink:href="#sSpan691" value="IN"/>
		<feat xlink:href="#sSpan692" value="("/>
		<feat xlink:href="#sSpan693" value="IN"/>
		<feat xlink:href="#sSpan694" value="("/>
		<feat xlink:href="#sSpan695" value="JJ"/>
		<feat xlink:href="#sSpan696" value="("/>
		<feat xlink:href="#sSpan697" value="NP"/>
		<feat xlink:href="#sSpan698" value="("/>
		<feat xlink:href="#sSpan699" value="NN"/>
		<feat xlink:href="#sSpan700" value="JJ"/>
		<feat xlink:href="#sSpan701" value="NN"/>
		<feat xlink:href="#sSpan702" value="("/>
		<feat xlink:href="#sSpan703" value="NN"/>
		<feat xlink:href="#sSpan704" value="NN"/>
		<feat xlink:href="#sSpan705" value="("/>
		<feat xlink:href="#sSpan706" value="IN"/>
		<feat xlink:href="#sSpan707" value="NN"/>
		<feat xlink:href="#sSpan708" value="("/>
		<feat xlink:href="#sSpan709" value="("/>
		<feat xlink:href="#sSpan710" value="DT"/>
		<feat xlink:href="#sSpan711" value="DT"/>
		<feat xlink:href="#sSpan712" value="DT"/>
		<feat xlink:href="#sSpan713" value="NNS"/>
		<feat xlink:href="#sSpan714" value="("/>
		<feat xlink:href="#sSpan715" value="NN"/>
		<feat xlink:href="#sSpan716" value="NN"/>
		<feat xlink:href="#sSpan717" value="NN"/>
		<feat xlink:href="#sSpan718" value="("/>
		<feat xlink:href="#sSpan719" value="JJ"/>
		<feat xlink:href="#sSpan720" value="JJ"/>
		<feat xlink:href="#sSpan721" value="("/>
		<feat xlink:href="#sSpan722" value="("/>
		<feat xlink:href="#sSpan723" value="TO"/>
		<feat xlink:href="#sSpan724" value="NN"/>
		<feat xlink:href="#sSpan725" value="JJ"/>
		<feat xlink:href="#sSpan726" value="IN"/>
		<feat xlink:href="#sSpan727" value="("/>
		<feat xlink:href="#sSpan728" value="IN"/>
		<feat xlink:href="#sSpan729" value="("/>
		<feat xlink:href="#sSpan730" value="IN"/>
		<feat xlink:href="#sSpan731" value="("/>
		<feat xlink:href="#sSpan732" value="IN"/>
		<feat xlink:href="#sSpan733" value="("/>
		<feat xlink:href="#sSpan734" value="IN"/>
		<feat xlink:href="#sSpan735" value="("/>
		<feat xlink:href="#sSpan736" value="VVN"/>
		<feat xlink:href="#sSpan737" value="DT"/>
		<feat xlink:href="#sSpan738" value="WRB"/>
		<feat xlink:href="#sSpan739" value="IN"/>
		<feat xlink:href="#sSpan740" value="("/>
		<feat xlink:href="#sSpan741" value="NN"/>
		<feat xlink:href="#sSpan742" value="VV"/>
		<feat xlink:href="#sSpan743" value="("/>
		<feat xlink:href="#sSpan744" value="("/>
		<feat xlink:href="#sSpan745" value="NP"/>
		<feat xlink:href="#sSpan746" value="("/>
		<feat xlink:href="#sSpan747" value="NP"/>
		<feat xlink:href="#sSpan748" value="("/>
		<feat xlink:href="#sSpan749" value="NP"/>
		<feat xlink:href="#sSpan750" value="("/>
		<feat xlink:href="#sSpan751" value="NP"/>
		<feat xlink:href="#sSpan752" value="("/>
		<feat xlink:href="#sSpan753" value="VVN"/>
		<feat xlink:href="#sSpan754" value="("/>
		<feat xlink:href="#sSpan755" value="IN"/>
		<feat xlink:href="#sSpan756" value="("/>
		<feat xlink:href="#sSpan757" value="VV"/>
		<feat xlink:href="#sSpan758" value="VVN"/>
		<feat xlink:href="#sSpan759" value="("/>
		<feat xlink:href="#sSpan760" value="NP"/>
		<feat xlink:href="#sSpan761" value="("/>
		<feat xlink:href="#sSpan762" value="JJ"/>
		<feat xlink:href="#sSpan763" value="NN"/>
		<feat xlink:href="#sSpan764" value="("/>
		<feat xlink:href="#sSpan765" value="NN"/>
		<feat xlink:href="#sSpan766" value="NN"/>
		<feat xlink:href="#sSpan767" value="("/>
		<feat xlink:href="#sSpan768" value="("/>
		<feat xlink:href="#sSpan769" value="DT"/>
		<feat xlink:href="#sSpan770" value="VVN"/>
		<feat xlink:href="#sSpan771" value="DT"/>
		<feat xlink:href="#sSpan772" value="PP$"/>
		<feat xlink:href="#sSpan773" value="NP"/>
		<feat xlink:href="#sSpan774" value="("/>
		<feat xlink:href="#sSpan775" value="DT"/>
		<feat xlink:href="#sSpan776" value="VVG"/>
		<feat xlink:href="#sSpan777" value="RB"/>
		<feat xlink:href="#sSpan778" value="("/>
		<feat xlink:href="#sSpan779" value="("/>
		<feat xlink:href="#sSpan780" value="IN"/>
		<feat xlink:href="#sSpan781" value="NN"/>
		<feat xlink:href="#sSpan782" value="IN"/>
		<feat xlink:href="#sSpan783" value="WDT"/>
		<feat xlink:href="#sSpan784" value="PP"/>
		<feat xlink:href="#sSpan785" value="CC"/>
		<feat xlink:href="#sSpan786" value="CC"/>
		<feat xlink:href="#sSpan787" value="DT"/>
		<feat xlink:href="#sSpan788" value="DT"/>
		<feat xlink:href="#sSpan789" value="WDT"/>
		<feat xlink:href="#sSpan790" value="("/>
		<feat xlink:href="#sSpan791" value="DT"/>
		<feat xlink:href="#sSpan792" value="IN"/>
		<feat xlink:href="#sSpan793" value="CC"/>
		<feat xlink:href="#sSpan794" value="DT"/>
		<feat xlink:href="#sSpan795" value="DT"/>
		<feat xlink:href="#sSpan796" value="IN"/>
		<feat xlink:href="#sSpan797" value="PP"/>
		<feat xlink:href="#sSpan798" value="DT"/>
		<feat xlink:href="#sSpan799" value="WRB"/>
		<feat xlink:href="#sSpan800" value="DT"/>
		<feat xlink:href="#sSpan801" value="VVN"/>
		<feat xlink:href="#sSpan802" value="PP"/>
		<feat xlink:href="#sSpan803" value="DT"/>
		<feat xlink:href="#sSpan804" value="VVG"/>
		<feat xlink:href="#sSpan805" value="NNS"/>
		<feat xlink:href="#sSpan806" value="("/>
		<feat xlink:href="#sSpan807" value="VVN"/>
		<feat xlink:href="#sSpan808" value="NN"/>
		<feat xlink:href="#sSpan809" value="("/>
		<feat xlink:href="#sSpan810" value="NN"/>
		<feat xlink:href="#sSpan811" value="NNS"/>
		<feat xlink:href="#sSpan812" value="VV"/>
		<feat xlink:href="#sSpan813" value="JJ"/>
		<feat xlink:href="#sSpan814" value="("/>
		<feat xlink:href="#sSpan815" value="VVG"/>
		<feat xlink:href="#sSpan816" value="NN"/>
		<feat xlink:href="#sSpan817" value="NN"/>
		<feat xlink:href="#sSpan818" value="NN"/>
		<feat xlink:href="#sSpan819" value="("/>
		<feat xlink:href="#sSpan820" value="JJ"/>
		<feat xlink:href="#sSpan821" value="JJ"/>
		<feat xlink:href="#sSpan822" value="("/>
		<feat xlink:href="#sSpan823" value="TO"/>
		<feat xlink:href="#sSpan824" value="("/>
		<feat xlink:href="#sSpan825" value="JJ"/>
		<feat xlink:href="#sSpan826" value="("/>
		<feat xlink:href="#sSpan827" value="TO"/>
		<feat xlink:href="#sSpan828" value="TO"/>
		<feat xlink:href="#sSpan829" value="("/>
		<feat xlink:href="#sSpan830" value="TO"/>
		<feat xlink:href="#sSpan831" value="PP"/>
		<feat xlink:href="#sSpan832" value="RB"/></featList></paula>