<?xml version='1.0' encoding='UTF-8'?><!DOCTYPE paula SYSTEM "paula_feat.dtd">
<paula version="1.1">
	<header paula_id="rsd.GENTLE_dictionary_school.mark_head_func"/>
	<featList xmlns:xlink="http://www.w3.org/1999/xlink" type="head_func" xml:base="rsd.GENTLE_dictionary_school.mark.xml">
		<feat xlink:href="#sSpan1" value="root"/>
		<feat xlink:href="#sSpan2" value="root"/>
		<feat xlink:href="#sSpan3" value="root"/>
		<feat xlink:href="#sSpan4" value="dep"/>
		<feat xlink:href="#sSpan5" value="root"/>
		<feat xlink:href="#sSpan6" value="dep"/>
		<feat xlink:href="#sSpan7" value="parataxis"/>
		<feat xlink:href="#sSpan8" value="parataxis"/>
		<feat xlink:href="#sSpan9" value="root"/>
		<feat xlink:href="#sSpan10" value="parataxis"/>
		<feat xlink:href="#sSpan11" value="dep"/>
		<feat xlink:href="#sSpan12" value="root"/>
		<feat xlink:href="#sSpan13" value="root"/>
		<feat xlink:href="#sSpan14" value="root"/>
		<feat xlink:href="#sSpan15" value="appos"/>
		<feat xlink:href="#sSpan16" value="nmod"/>
		<feat xlink:href="#sSpan17" value="appos"/>
		<feat xlink:href="#sSpan18" value="nmod"/>
		<feat xlink:href="#sSpan19" value="appos"/>
		<feat xlink:href="#sSpan20" value="nmod"/>
		<feat xlink:href="#sSpan21" value="appos"/>
		<feat xlink:href="#sSpan22" value="nmod"/>
		<feat xlink:href="#sSpan23" value="appos"/>
		<feat xlink:href="#sSpan24" value="root"/>
		<feat xlink:href="#sSpan25" value="appos"/>
		<feat xlink:href="#sSpan26" value="conj"/>
		<feat xlink:href="#sSpan27" value="appos"/>
		<feat xlink:href="#sSpan28" value="parataxis"/>
		<feat xlink:href="#sSpan29" value="root"/>
		<feat xlink:href="#sSpan30" value="root"/>
		<feat xlink:href="#sSpan31" value="parataxis"/>
		<feat xlink:href="#sSpan32" value="root"/>
		<feat xlink:href="#sSpan33" value="root"/>
		<feat xlink:href="#sSpan34" value="dep"/>
		<feat xlink:href="#sSpan35" value="nmod"/>
		<feat xlink:href="#sSpan36" value="root"/>
		<feat xlink:href="#sSpan37" value="parataxis"/>
		<feat xlink:href="#sSpan38" value="parataxis"/>
		<feat xlink:href="#sSpan39" value="root"/>
		<feat xlink:href="#sSpan40" value="root"/>
		<feat xlink:href="#sSpan41" value="root"/>
		<feat xlink:href="#sSpan42" value="root"/>
		<feat xlink:href="#sSpan43" value="parataxis"/>
		<feat xlink:href="#sSpan44" value="root"/>
		<feat xlink:href="#sSpan45" value="root"/>
		<feat xlink:href="#sSpan46" value="root"/>
		<feat xlink:href="#sSpan47" value="parataxis"/>
		<feat xlink:href="#sSpan48" value="conj"/>
		<feat xlink:href="#sSpan49" value="conj"/>
		<feat xlink:href="#sSpan50" value="parataxis"/>
		<feat xlink:href="#sSpan51" value="obl"/>
		<feat xlink:href="#sSpan52" value="root"/>
		<feat xlink:href="#sSpan53" value="root"/>
		<feat xlink:href="#sSpan54" value="root"/>
		<feat xlink:href="#sSpan55" value="root"/>
		<feat xlink:href="#sSpan56" value="appos"/>
		<feat xlink:href="#sSpan57" value="nmod"/>
		<feat xlink:href="#sSpan58" value="appos"/>
		<feat xlink:href="#sSpan59" value="nmod"/>
		<feat xlink:href="#sSpan60" value="appos"/>
		<feat xlink:href="#sSpan61" value="nmod"/>
		<feat xlink:href="#sSpan62" value="appos"/>
		<feat xlink:href="#sSpan63" value="nmod"/>
		<feat xlink:href="#sSpan64" value="appos"/>
		<feat xlink:href="#sSpan65" value="acl"/>
		<feat xlink:href="#sSpan66" value="conj"/>
		<feat xlink:href="#sSpan67" value="acl:relcl"/>
		<feat xlink:href="#sSpan68" value="nmod"/>
		<feat xlink:href="#sSpan69" value="appos"/>
		<feat xlink:href="#sSpan70" value="root"/>
		<feat xlink:href="#sSpan71" value="root"/>
		<feat xlink:href="#sSpan72" value="appos"/>
		<feat xlink:href="#sSpan73" value="conj"/>
		<feat xlink:href="#sSpan74" value="conj"/>
		<feat xlink:href="#sSpan75" value="appos"/>
		<feat xlink:href="#sSpan76" value="conj"/>
		<feat xlink:href="#sSpan77" value="appos"/>
		<feat xlink:href="#sSpan78" value="conj"/>
		<feat xlink:href="#sSpan79" value="appos"/>
		<feat xlink:href="#sSpan80" value="conj"/>
		<feat xlink:href="#sSpan81" value="appos"/>
		<feat xlink:href="#sSpan82" value="root"/>
		<feat xlink:href="#sSpan83" value="appos"/>
		<feat xlink:href="#sSpan84" value="nmod"/>
		<feat xlink:href="#sSpan85" value="appos"/>
		<feat xlink:href="#sSpan86" value="root"/>
		<feat xlink:href="#sSpan87" value="root"/>
		<feat xlink:href="#sSpan88" value="conj"/>
		<feat xlink:href="#sSpan89" value="conj"/>
		<feat xlink:href="#sSpan90" value="appos"/>
		<feat xlink:href="#sSpan91" value="root"/>
		<feat xlink:href="#sSpan92" value="root"/>
		<feat xlink:href="#sSpan93" value="parataxis"/>
		<feat xlink:href="#sSpan94" value="root"/>
		<feat xlink:href="#sSpan95" value="root"/>
		<feat xlink:href="#sSpan96" value="parataxis"/>
		<feat xlink:href="#sSpan97" value="parataxis"/>
		<feat xlink:href="#sSpan98" value="root"/>
		<feat xlink:href="#sSpan99" value="acl"/>
		<feat xlink:href="#sSpan100" value="parataxis"/>
		<feat xlink:href="#sSpan101" value="root"/>
		<feat xlink:href="#sSpan102" value="root"/>
		<feat xlink:href="#sSpan103" value="parataxis"/>
		<feat xlink:href="#sSpan104" value="root"/>
		<feat xlink:href="#sSpan105" value="acl"/>
		<feat xlink:href="#sSpan106" value="obl"/>
		<feat xlink:href="#sSpan107" value="parataxis"/>
		<feat xlink:href="#sSpan108" value="parataxis"/>
		<feat xlink:href="#sSpan109" value="root"/>
		<feat xlink:href="#sSpan110" value="root"/>
		<feat xlink:href="#sSpan111" value="root"/>
		<feat xlink:href="#sSpan112" value="acl:relcl"/>
		<feat xlink:href="#sSpan113" value="root"/>
		<feat xlink:href="#sSpan114" value="conj"/>
		<feat xlink:href="#sSpan115" value="conj"/>
		<feat xlink:href="#sSpan116" value="root"/>
		<feat xlink:href="#sSpan117" value="root"/>
		<feat xlink:href="#sSpan118" value="acl:relcl"/>
		<feat xlink:href="#sSpan119" value="parataxis"/>
		<feat xlink:href="#sSpan120" value="root"/>
		<feat xlink:href="#sSpan121" value="advcl"/>
		<feat xlink:href="#sSpan122" value="parataxis"/>
		<feat xlink:href="#sSpan123" value="root"/>
		<feat xlink:href="#sSpan124" value="root"/>
		<feat xlink:href="#sSpan125" value="acl:relcl"/>
		<feat xlink:href="#sSpan126" value="root"/>
		<feat xlink:href="#sSpan127" value="root"/>
		<feat xlink:href="#sSpan128" value="acl:relcl"/>
		<feat xlink:href="#sSpan129" value="root"/>
		<feat xlink:href="#sSpan130" value="acl"/>
		<feat xlink:href="#sSpan131" value="root"/>
		<feat xlink:href="#sSpan132" value="root"/>
		<feat xlink:href="#sSpan133" value="acl"/>
		<feat xlink:href="#sSpan134" value="root"/>
		<feat xlink:href="#sSpan135" value="parataxis"/>
		<feat xlink:href="#sSpan136" value="acl"/>
		<feat xlink:href="#sSpan137" value="root"/>
		<feat xlink:href="#sSpan138" value="parataxis"/>
		<feat xlink:href="#sSpan139" value="root"/>
		<feat xlink:href="#sSpan140" value="root"/>
		<feat xlink:href="#sSpan141" value="root"/>
		<feat xlink:href="#sSpan142" value="root"/>
		<feat xlink:href="#sSpan143" value="parataxis"/>
		<feat xlink:href="#sSpan144" value="acl"/>
		<feat xlink:href="#sSpan145" value="root"/>
		<feat xlink:href="#sSpan146" value="root"/>
		<feat xlink:href="#sSpan147" value="root"/>
		<feat xlink:href="#sSpan148" value="parataxis"/>
		<feat xlink:href="#sSpan149" value="conj"/>
		<feat xlink:href="#sSpan150" value="conj"/>
		<feat xlink:href="#sSpan151" value="parataxis"/>
		<feat xlink:href="#sSpan152" value="root"/>
		<feat xlink:href="#sSpan153" value="obl"/>
		<feat xlink:href="#sSpan154" value="root"/>
		<feat xlink:href="#sSpan155" value="parataxis"/>
		<feat xlink:href="#sSpan156" value="root"/>
		<feat xlink:href="#sSpan157" value="conj"/>
		<feat xlink:href="#sSpan158" value="parataxis"/>
		<feat xlink:href="#sSpan159" value="root"/>
		<feat xlink:href="#sSpan160" value="root"/>
		<feat xlink:href="#sSpan161" value="advcl"/></featList></paula>