<?xml version='1.0' encoding='UTF-8'?><!DOCTYPE paula SYSTEM "paula_rel.dtd">
<paula version="1.1">
	<header paula_id="rsd.GENTLE_dictionary_school.rsd"/>
	<relList xmlns:xlink="http://www.w3.org/1999/xlink" type="rsd">
		<rel id="sPointingRel1137" xlink:href="rsd.GENTLE_dictionary_school.mark.xml#sSpan672" target="rsd.GENTLE_dictionary_school.mark.xml#sSpan676"/>
		<rel id="sPointingRel1138" xlink:href="rsd.GENTLE_dictionary_school.mark.xml#sSpan673" target="rsd.GENTLE_dictionary_school.mark.xml#sSpan676"/>
		<rel id="sPointingRel1139" xlink:href="rsd.GENTLE_dictionary_school.mark.xml#sSpan674" target="rsd.GENTLE_dictionary_school.mark.xml#sSpan676"/>
		<rel id="sPointingRel1140" xlink:href="rsd.GENTLE_dictionary_school.mark.xml#sSpan675" target="rsd.GENTLE_dictionary_school.mark.xml#sSpan676"/>
		<rel id="sPointingRel1141" xlink:href="rsd.GENTLE_dictionary_school.mark.xml#sSpan677" target="rsd.GENTLE_dictionary_school.mark.xml#sSpan679"/>
		<rel id="sPointingRel1142" xlink:href="rsd.GENTLE_dictionary_school.mark.xml#sSpan678" target="rsd.GENTLE_dictionary_school.mark.xml#sSpan677"/>
		<rel id="sPointingRel1143" xlink:href="rsd.GENTLE_dictionary_school.mark.xml#sSpan679" target="rsd.GENTLE_dictionary_school.mark.xml#sSpan676"/>
		<rel id="sPointingRel1144" xlink:href="rsd.GENTLE_dictionary_school.mark.xml#sSpan680" target="rsd.GENTLE_dictionary_school.mark.xml#sSpan676"/>
		<rel id="sPointingRel1145" xlink:href="rsd.GENTLE_dictionary_school.mark.xml#sSpan681" target="rsd.GENTLE_dictionary_school.mark.xml#sSpan680"/>
		<rel id="sPointingRel1146" xlink:href="rsd.GENTLE_dictionary_school.mark.xml#sSpan682" target="rsd.GENTLE_dictionary_school.mark.xml#sSpan683"/>
		<rel id="sPointingRel1147" xlink:href="rsd.GENTLE_dictionary_school.mark.xml#sSpan683" target="rsd.GENTLE_dictionary_school.mark.xml#sSpan676"/>
		<rel id="sPointingRel1148" xlink:href="rsd.GENTLE_dictionary_school.mark.xml#sSpan684" target="rsd.GENTLE_dictionary_school.mark.xml#sSpan685"/>
		<rel id="sPointingRel1149" xlink:href="rsd.GENTLE_dictionary_school.mark.xml#sSpan685" target="rsd.GENTLE_dictionary_school.mark.xml#sSpan676"/>
		<rel id="sPointingRel1150" xlink:href="rsd.GENTLE_dictionary_school.mark.xml#sSpan686" target="rsd.GENTLE_dictionary_school.mark.xml#sSpan685"/>
		<rel id="sPointingRel1151" xlink:href="rsd.GENTLE_dictionary_school.mark.xml#sSpan687" target="rsd.GENTLE_dictionary_school.mark.xml#sSpan685"/>
		<rel id="sPointingRel1152" xlink:href="rsd.GENTLE_dictionary_school.mark.xml#sSpan688" target="rsd.GENTLE_dictionary_school.mark.xml#sSpan687"/>
		<rel id="sPointingRel1153" xlink:href="rsd.GENTLE_dictionary_school.mark.xml#sSpan689" target="rsd.GENTLE_dictionary_school.mark.xml#sSpan685"/>
		<rel id="sPointingRel1154" xlink:href="rsd.GENTLE_dictionary_school.mark.xml#sSpan690" target="rsd.GENTLE_dictionary_school.mark.xml#sSpan689"/>
		<rel id="sPointingRel1155" xlink:href="rsd.GENTLE_dictionary_school.mark.xml#sSpan691" target="rsd.GENTLE_dictionary_school.mark.xml#sSpan685"/>
		<rel id="sPointingRel1156" xlink:href="rsd.GENTLE_dictionary_school.mark.xml#sSpan692" target="rsd.GENTLE_dictionary_school.mark.xml#sSpan691"/>
		<rel id="sPointingRel1157" xlink:href="rsd.GENTLE_dictionary_school.mark.xml#sSpan693" target="rsd.GENTLE_dictionary_school.mark.xml#sSpan685"/>
		<rel id="sPointingRel1158" xlink:href="rsd.GENTLE_dictionary_school.mark.xml#sSpan694" target="rsd.GENTLE_dictionary_school.mark.xml#sSpan693"/>
		<rel id="sPointingRel1159" xlink:href="rsd.GENTLE_dictionary_school.mark.xml#sSpan695" target="rsd.GENTLE_dictionary_school.mark.xml#sSpan685"/>
		<rel id="sPointingRel1160" xlink:href="rsd.GENTLE_dictionary_school.mark.xml#sSpan696" target="rsd.GENTLE_dictionary_school.mark.xml#sSpan695"/>
		<rel id="sPointingRel1161" xlink:href="rsd.GENTLE_dictionary_school.mark.xml#sSpan697" target="rsd.GENTLE_dictionary_school.mark.xml#sSpan695"/>
		<rel id="sPointingRel1162" xlink:href="rsd.GENTLE_dictionary_school.mark.xml#sSpan698" target="rsd.GENTLE_dictionary_school.mark.xml#sSpan697"/>
		<rel id="sPointingRel1163" xlink:href="rsd.GENTLE_dictionary_school.mark.xml#sSpan699" target="rsd.GENTLE_dictionary_school.mark.xml#sSpan685"/>
		<rel id="sPointingRel1164" xlink:href="rsd.GENTLE_dictionary_school.mark.xml#sSpan700" target="rsd.GENTLE_dictionary_school.mark.xml#sSpan701"/>
		<rel id="sPointingRel1165" xlink:href="rsd.GENTLE_dictionary_school.mark.xml#sSpan701" target="rsd.GENTLE_dictionary_school.mark.xml#sSpan685"/>
		<rel id="sPointingRel1166" xlink:href="rsd.GENTLE_dictionary_school.mark.xml#sSpan702" target="rsd.GENTLE_dictionary_school.mark.xml#sSpan701"/>
		<rel id="sPointingRel1167" xlink:href="rsd.GENTLE_dictionary_school.mark.xml#sSpan703" target="rsd.GENTLE_dictionary_school.mark.xml#sSpan710"/>
		<rel id="sPointingRel1168" xlink:href="rsd.GENTLE_dictionary_school.mark.xml#sSpan704" target="rsd.GENTLE_dictionary_school.mark.xml#sSpan710"/>
		<rel id="sPointingRel1169" xlink:href="rsd.GENTLE_dictionary_school.mark.xml#sSpan705" target="rsd.GENTLE_dictionary_school.mark.xml#sSpan704"/>
		<rel id="sPointingRel1170" xlink:href="rsd.GENTLE_dictionary_school.mark.xml#sSpan706" target="rsd.GENTLE_dictionary_school.mark.xml#sSpan704"/>
		<rel id="sPointingRel1171" xlink:href="rsd.GENTLE_dictionary_school.mark.xml#sSpan707" target="rsd.GENTLE_dictionary_school.mark.xml#sSpan710"/>
		<rel id="sPointingRel1172" xlink:href="rsd.GENTLE_dictionary_school.mark.xml#sSpan708" target="rsd.GENTLE_dictionary_school.mark.xml#sSpan707"/>
		<rel id="sPointingRel1173" xlink:href="rsd.GENTLE_dictionary_school.mark.xml#sSpan709" target="rsd.GENTLE_dictionary_school.mark.xml#sSpan710"/>
		<rel id="sPointingRel1174" xlink:href="rsd.GENTLE_dictionary_school.mark.xml#sSpan710" target="rsd.GENTLE_dictionary_school.mark.xml#sSpan685"/>
		<rel id="sPointingRel1175" xlink:href="rsd.GENTLE_dictionary_school.mark.xml#sSpan711" target="rsd.GENTLE_dictionary_school.mark.xml#sSpan710"/>
		<rel id="sPointingRel1176" xlink:href="rsd.GENTLE_dictionary_school.mark.xml#sSpan712" target="rsd.GENTLE_dictionary_school.mark.xml#sSpan710"/>
		<rel id="sPointingRel1177" xlink:href="rsd.GENTLE_dictionary_school.mark.xml#sSpan713" target="rsd.GENTLE_dictionary_school.mark.xml#sSpan715"/>
		<rel id="sPointingRel1178" xlink:href="rsd.GENTLE_dictionary_school.mark.xml#sSpan714" target="rsd.GENTLE_dictionary_school.mark.xml#sSpan715"/>
		<rel id="sPointingRel1179" xlink:href="rsd.GENTLE_dictionary_school.mark.xml#sSpan715" target="rsd.GENTLE_dictionary_school.mark.xml#sSpan710"/>
		<rel id="sPointingRel1180" xlink:href="rsd.GENTLE_dictionary_school.mark.xml#sSpan716" target="rsd.GENTLE_dictionary_school.mark.xml#sSpan723"/>
		<rel id="sPointingRel1181" xlink:href="rsd.GENTLE_dictionary_school.mark.xml#sSpan717" target="rsd.GENTLE_dictionary_school.mark.xml#sSpan723"/>
		<rel id="sPointingRel1182" xlink:href="rsd.GENTLE_dictionary_school.mark.xml#sSpan718" target="rsd.GENTLE_dictionary_school.mark.xml#sSpan717"/>
		<rel id="sPointingRel1183" xlink:href="rsd.GENTLE_dictionary_school.mark.xml#sSpan719" target="rsd.GENTLE_dictionary_school.mark.xml#sSpan718"/>
		<rel id="sPointingRel1184" xlink:href="rsd.GENTLE_dictionary_school.mark.xml#sSpan720" target="rsd.GENTLE_dictionary_school.mark.xml#sSpan718"/>
		<rel id="sPointingRel1185" xlink:href="rsd.GENTLE_dictionary_school.mark.xml#sSpan721" target="rsd.GENTLE_dictionary_school.mark.xml#sSpan723"/>
		<rel id="sPointingRel1186" xlink:href="rsd.GENTLE_dictionary_school.mark.xml#sSpan722" target="rsd.GENTLE_dictionary_school.mark.xml#sSpan723"/>
		<rel id="sPointingRel1187" xlink:href="rsd.GENTLE_dictionary_school.mark.xml#sSpan723" target="rsd.GENTLE_dictionary_school.mark.xml#sSpan685"/>
		<rel id="sPointingRel1188" xlink:href="rsd.GENTLE_dictionary_school.mark.xml#sSpan724" target="rsd.GENTLE_dictionary_school.mark.xml#sSpan726"/>
		<rel id="sPointingRel1189" xlink:href="rsd.GENTLE_dictionary_school.mark.xml#sSpan725" target="rsd.GENTLE_dictionary_school.mark.xml#sSpan726"/>
		<rel id="sPointingRel1190" xlink:href="rsd.GENTLE_dictionary_school.mark.xml#sSpan726" target="rsd.GENTLE_dictionary_school.mark.xml#sSpan676"/>
		<rel id="sPointingRel1191" xlink:href="rsd.GENTLE_dictionary_school.mark.xml#sSpan727" target="rsd.GENTLE_dictionary_school.mark.xml#sSpan726"/>
		<rel id="sPointingRel1192" xlink:href="rsd.GENTLE_dictionary_school.mark.xml#sSpan728" target="rsd.GENTLE_dictionary_school.mark.xml#sSpan726"/>
		<rel id="sPointingRel1193" xlink:href="rsd.GENTLE_dictionary_school.mark.xml#sSpan729" target="rsd.GENTLE_dictionary_school.mark.xml#sSpan728"/>
		<rel id="sPointingRel1194" xlink:href="rsd.GENTLE_dictionary_school.mark.xml#sSpan730" target="rsd.GENTLE_dictionary_school.mark.xml#sSpan726"/>
		<rel id="sPointingRel1195" xlink:href="rsd.GENTLE_dictionary_school.mark.xml#sSpan731" target="rsd.GENTLE_dictionary_school.mark.xml#sSpan730"/>
		<rel id="sPointingRel1196" xlink:href="rsd.GENTLE_dictionary_school.mark.xml#sSpan732" target="rsd.GENTLE_dictionary_school.mark.xml#sSpan726"/>
		<rel id="sPointingRel1197" xlink:href="rsd.GENTLE_dictionary_school.mark.xml#sSpan733" target="rsd.GENTLE_dictionary_school.mark.xml#sSpan732"/>
		<rel id="sPointingRel1198" xlink:href="rsd.GENTLE_dictionary_school.mark.xml#sSpan734" target="rsd.GENTLE_dictionary_school.mark.xml#sSpan726"/>
		<rel id="sPointingRel1199" xlink:href="rsd.GENTLE_dictionary_school.mark.xml#sSpan735" target="rsd.GENTLE_dictionary_school.mark.xml#sSpan734"/>
		<rel id="sPointingRel1200" xlink:href="rsd.GENTLE_dictionary_school.mark.xml#sSpan736" target="rsd.GENTLE_dictionary_school.mark.xml#sSpan735"/>
		<rel id="sPointingRel1201" xlink:href="rsd.GENTLE_dictionary_school.mark.xml#sSpan737" target="rsd.GENTLE_dictionary_school.mark.xml#sSpan735"/>
		<rel id="sPointingRel1202" xlink:href="rsd.GENTLE_dictionary_school.mark.xml#sSpan738" target="rsd.GENTLE_dictionary_school.mark.xml#sSpan737"/>
		<rel id="sPointingRel1203" xlink:href="rsd.GENTLE_dictionary_school.mark.xml#sSpan739" target="rsd.GENTLE_dictionary_school.mark.xml#sSpan726"/>
		<rel id="sPointingRel1204" xlink:href="rsd.GENTLE_dictionary_school.mark.xml#sSpan740" target="rsd.GENTLE_dictionary_school.mark.xml#sSpan739"/>
		<rel id="sPointingRel1205" xlink:href="rsd.GENTLE_dictionary_school.mark.xml#sSpan741" target="rsd.GENTLE_dictionary_school.mark.xml#sSpan726"/>
		<rel id="sPointingRel1206" xlink:href="rsd.GENTLE_dictionary_school.mark.xml#sSpan742" target="rsd.GENTLE_dictionary_school.mark.xml#sSpan726"/>
		<rel id="sPointingRel1207" xlink:href="rsd.GENTLE_dictionary_school.mark.xml#sSpan743" target="rsd.GENTLE_dictionary_school.mark.xml#sSpan742"/>
		<rel id="sPointingRel1208" xlink:href="rsd.GENTLE_dictionary_school.mark.xml#sSpan744" target="rsd.GENTLE_dictionary_school.mark.xml#sSpan742"/>
		<rel id="sPointingRel1209" xlink:href="rsd.GENTLE_dictionary_school.mark.xml#sSpan745" target="rsd.GENTLE_dictionary_school.mark.xml#sSpan742"/>
		<rel id="sPointingRel1210" xlink:href="rsd.GENTLE_dictionary_school.mark.xml#sSpan746" target="rsd.GENTLE_dictionary_school.mark.xml#sSpan745"/>
		<rel id="sPointingRel1211" xlink:href="rsd.GENTLE_dictionary_school.mark.xml#sSpan747" target="rsd.GENTLE_dictionary_school.mark.xml#sSpan742"/>
		<rel id="sPointingRel1212" xlink:href="rsd.GENTLE_dictionary_school.mark.xml#sSpan748" target="rsd.GENTLE_dictionary_school.mark.xml#sSpan747"/>
		<rel id="sPointingRel1213" xlink:href="rsd.GENTLE_dictionary_school.mark.xml#sSpan749" target="rsd.GENTLE_dictionary_school.mark.xml#sSpan742"/>
		<rel id="sPointingRel1214" xlink:href="rsd.GENTLE_dictionary_school.mark.xml#sSpan750" target="rsd.GENTLE_dictionary_school.mark.xml#sSpan749"/>
		<rel id="sPointingRel1215" xlink:href="rsd.GENTLE_dictionary_school.mark.xml#sSpan751" target="rsd.GENTLE_dictionary_school.mark.xml#sSpan742"/>
		<rel id="sPointingRel1216" xlink:href="rsd.GENTLE_dictionary_school.mark.xml#sSpan752" target="rsd.GENTLE_dictionary_school.mark.xml#sSpan751"/>
		<rel id="sPointingRel1217" xlink:href="rsd.GENTLE_dictionary_school.mark.xml#sSpan753" target="rsd.GENTLE_dictionary_school.mark.xml#sSpan726"/>
		<rel id="sPointingRel1218" xlink:href="rsd.GENTLE_dictionary_school.mark.xml#sSpan754" target="rsd.GENTLE_dictionary_school.mark.xml#sSpan753"/>
		<rel id="sPointingRel1219" xlink:href="rsd.GENTLE_dictionary_school.mark.xml#sSpan755" target="rsd.GENTLE_dictionary_school.mark.xml#sSpan753"/>
		<rel id="sPointingRel1220" xlink:href="rsd.GENTLE_dictionary_school.mark.xml#sSpan756" target="rsd.GENTLE_dictionary_school.mark.xml#sSpan755"/>
		<rel id="sPointingRel1221" xlink:href="rsd.GENTLE_dictionary_school.mark.xml#sSpan757" target="rsd.GENTLE_dictionary_school.mark.xml#sSpan753"/>
		<rel id="sPointingRel1222" xlink:href="rsd.GENTLE_dictionary_school.mark.xml#sSpan758" target="rsd.GENTLE_dictionary_school.mark.xml#sSpan726"/>
		<rel id="sPointingRel1223" xlink:href="rsd.GENTLE_dictionary_school.mark.xml#sSpan759" target="rsd.GENTLE_dictionary_school.mark.xml#sSpan758"/>
		<rel id="sPointingRel1224" xlink:href="rsd.GENTLE_dictionary_school.mark.xml#sSpan760" target="rsd.GENTLE_dictionary_school.mark.xml#sSpan758"/>
		<rel id="sPointingRel1225" xlink:href="rsd.GENTLE_dictionary_school.mark.xml#sSpan761" target="rsd.GENTLE_dictionary_school.mark.xml#sSpan760"/>
		<rel id="sPointingRel1226" xlink:href="rsd.GENTLE_dictionary_school.mark.xml#sSpan762" target="rsd.GENTLE_dictionary_school.mark.xml#sSpan763"/>
		<rel id="sPointingRel1227" xlink:href="rsd.GENTLE_dictionary_school.mark.xml#sSpan763" target="rsd.GENTLE_dictionary_school.mark.xml#sSpan726"/>
		<rel id="sPointingRel1228" xlink:href="rsd.GENTLE_dictionary_school.mark.xml#sSpan764" target="rsd.GENTLE_dictionary_school.mark.xml#sSpan763"/>
		<rel id="sPointingRel1229" xlink:href="rsd.GENTLE_dictionary_school.mark.xml#sSpan765" target="rsd.GENTLE_dictionary_school.mark.xml#sSpan769"/>
		<rel id="sPointingRel1230" xlink:href="rsd.GENTLE_dictionary_school.mark.xml#sSpan766" target="rsd.GENTLE_dictionary_school.mark.xml#sSpan769"/>
		<rel id="sPointingRel1231" xlink:href="rsd.GENTLE_dictionary_school.mark.xml#sSpan767" target="rsd.GENTLE_dictionary_school.mark.xml#sSpan766"/>
		<rel id="sPointingRel1232" xlink:href="rsd.GENTLE_dictionary_school.mark.xml#sSpan768" target="rsd.GENTLE_dictionary_school.mark.xml#sSpan769"/>
		<rel id="sPointingRel1233" xlink:href="rsd.GENTLE_dictionary_school.mark.xml#sSpan769" target="rsd.GENTLE_dictionary_school.mark.xml#sSpan726"/>
		<rel id="sPointingRel1234" xlink:href="rsd.GENTLE_dictionary_school.mark.xml#sSpan770" target="rsd.GENTLE_dictionary_school.mark.xml#sSpan769"/>
		<rel id="sPointingRel1235" xlink:href="rsd.GENTLE_dictionary_school.mark.xml#sSpan771" target="rsd.GENTLE_dictionary_school.mark.xml#sSpan769"/>
		<rel id="sPointingRel1236" xlink:href="rsd.GENTLE_dictionary_school.mark.xml#sSpan772" target="rsd.GENTLE_dictionary_school.mark.xml#sSpan769"/>
		<rel id="sPointingRel1237" xlink:href="rsd.GENTLE_dictionary_school.mark.xml#sSpan773" target="rsd.GENTLE_dictionary_school.mark.xml#sSpan772"/>
		<rel id="sPointingRel1238" xlink:href="rsd.GENTLE_dictionary_school.mark.xml#sSpan774" target="rsd.GENTLE_dictionary_school.mark.xml#sSpan775"/>
		<rel id="sPointingRel1239" xlink:href="rsd.GENTLE_dictionary_school.mark.xml#sSpan775" target="rsd.GENTLE_dictionary_school.mark.xml#sSpan769"/>
		<rel id="sPointingRel1240" xlink:href="rsd.GENTLE_dictionary_school.mark.xml#sSpan776" target="rsd.GENTLE_dictionary_school.mark.xml#sSpan775"/>
		<rel id="sPointingRel1241" xlink:href="rsd.GENTLE_dictionary_school.mark.xml#sSpan777" target="rsd.GENTLE_dictionary_school.mark.xml#sSpan775"/>
		<rel id="sPointingRel1242" xlink:href="rsd.GENTLE_dictionary_school.mark.xml#sSpan778" target="rsd.GENTLE_dictionary_school.mark.xml#sSpan777"/>
		<rel id="sPointingRel1243" xlink:href="rsd.GENTLE_dictionary_school.mark.xml#sSpan779" target="rsd.GENTLE_dictionary_school.mark.xml#sSpan780"/>
		<rel id="sPointingRel1244" xlink:href="rsd.GENTLE_dictionary_school.mark.xml#sSpan780" target="rsd.GENTLE_dictionary_school.mark.xml#sSpan769"/>
		<rel id="sPointingRel1245" xlink:href="rsd.GENTLE_dictionary_school.mark.xml#sSpan781" target="rsd.GENTLE_dictionary_school.mark.xml#sSpan780"/>
		<rel id="sPointingRel1246" xlink:href="rsd.GENTLE_dictionary_school.mark.xml#sSpan782" target="rsd.GENTLE_dictionary_school.mark.xml#sSpan769"/>
		<rel id="sPointingRel1247" xlink:href="rsd.GENTLE_dictionary_school.mark.xml#sSpan783" target="rsd.GENTLE_dictionary_school.mark.xml#sSpan782"/>
		<rel id="sPointingRel1248" xlink:href="rsd.GENTLE_dictionary_school.mark.xml#sSpan784" target="rsd.GENTLE_dictionary_school.mark.xml#sSpan785"/>
		<rel id="sPointingRel1249" xlink:href="rsd.GENTLE_dictionary_school.mark.xml#sSpan785" target="rsd.GENTLE_dictionary_school.mark.xml#sSpan782"/>
		<rel id="sPointingRel1250" xlink:href="rsd.GENTLE_dictionary_school.mark.xml#sSpan786" target="rsd.GENTLE_dictionary_school.mark.xml#sSpan785"/>
		<rel id="sPointingRel1251" xlink:href="rsd.GENTLE_dictionary_school.mark.xml#sSpan787" target="rsd.GENTLE_dictionary_school.mark.xml#sSpan769"/>
		<rel id="sPointingRel1252" xlink:href="rsd.GENTLE_dictionary_school.mark.xml#sSpan788" target="rsd.GENTLE_dictionary_school.mark.xml#sSpan787"/>
		<rel id="sPointingRel1253" xlink:href="rsd.GENTLE_dictionary_school.mark.xml#sSpan789" target="rsd.GENTLE_dictionary_school.mark.xml#sSpan788"/>
		<rel id="sPointingRel1254" xlink:href="rsd.GENTLE_dictionary_school.mark.xml#sSpan790" target="rsd.GENTLE_dictionary_school.mark.xml#sSpan791"/>
		<rel id="sPointingRel1255" xlink:href="rsd.GENTLE_dictionary_school.mark.xml#sSpan791" target="rsd.GENTLE_dictionary_school.mark.xml#sSpan769"/>
		<rel id="sPointingRel1256" xlink:href="rsd.GENTLE_dictionary_school.mark.xml#sSpan792" target="rsd.GENTLE_dictionary_school.mark.xml#sSpan791"/>
		<rel id="sPointingRel1257" xlink:href="rsd.GENTLE_dictionary_school.mark.xml#sSpan793" target="rsd.GENTLE_dictionary_school.mark.xml#sSpan791"/>
		<rel id="sPointingRel1258" xlink:href="rsd.GENTLE_dictionary_school.mark.xml#sSpan794" target="rsd.GENTLE_dictionary_school.mark.xml#sSpan791"/>
		<rel id="sPointingRel1259" xlink:href="rsd.GENTLE_dictionary_school.mark.xml#sSpan795" target="rsd.GENTLE_dictionary_school.mark.xml#sSpan769"/>
		<rel id="sPointingRel1260" xlink:href="rsd.GENTLE_dictionary_school.mark.xml#sSpan796" target="rsd.GENTLE_dictionary_school.mark.xml#sSpan795"/>
		<rel id="sPointingRel1261" xlink:href="rsd.GENTLE_dictionary_school.mark.xml#sSpan797" target="rsd.GENTLE_dictionary_school.mark.xml#sSpan795"/>
		<rel id="sPointingRel1262" xlink:href="rsd.GENTLE_dictionary_school.mark.xml#sSpan798" target="rsd.GENTLE_dictionary_school.mark.xml#sSpan769"/>
		<rel id="sPointingRel1263" xlink:href="rsd.GENTLE_dictionary_school.mark.xml#sSpan799" target="rsd.GENTLE_dictionary_school.mark.xml#sSpan798"/>
		<rel id="sPointingRel1264" xlink:href="rsd.GENTLE_dictionary_school.mark.xml#sSpan800" target="rsd.GENTLE_dictionary_school.mark.xml#sSpan769"/>
		<rel id="sPointingRel1265" xlink:href="rsd.GENTLE_dictionary_school.mark.xml#sSpan801" target="rsd.GENTLE_dictionary_school.mark.xml#sSpan800"/>
		<rel id="sPointingRel1266" xlink:href="rsd.GENTLE_dictionary_school.mark.xml#sSpan802" target="rsd.GENTLE_dictionary_school.mark.xml#sSpan800"/>
		<rel id="sPointingRel1267" xlink:href="rsd.GENTLE_dictionary_school.mark.xml#sSpan803" target="rsd.GENTLE_dictionary_school.mark.xml#sSpan769"/>
		<rel id="sPointingRel1268" xlink:href="rsd.GENTLE_dictionary_school.mark.xml#sSpan804" target="rsd.GENTLE_dictionary_school.mark.xml#sSpan803"/>
		<rel id="sPointingRel1269" xlink:href="rsd.GENTLE_dictionary_school.mark.xml#sSpan805" target="rsd.GENTLE_dictionary_school.mark.xml#sSpan808"/>
		<rel id="sPointingRel1270" xlink:href="rsd.GENTLE_dictionary_school.mark.xml#sSpan806" target="rsd.GENTLE_dictionary_school.mark.xml#sSpan808"/>
		<rel id="sPointingRel1271" xlink:href="rsd.GENTLE_dictionary_school.mark.xml#sSpan807" target="rsd.GENTLE_dictionary_school.mark.xml#sSpan806"/>
		<rel id="sPointingRel1272" xlink:href="rsd.GENTLE_dictionary_school.mark.xml#sSpan808" target="rsd.GENTLE_dictionary_school.mark.xml#sSpan769"/>
		<rel id="sPointingRel1273" xlink:href="rsd.GENTLE_dictionary_school.mark.xml#sSpan809" target="rsd.GENTLE_dictionary_school.mark.xml#sSpan810"/>
		<rel id="sPointingRel1274" xlink:href="rsd.GENTLE_dictionary_school.mark.xml#sSpan810" target="rsd.GENTLE_dictionary_school.mark.xml#sSpan808"/>
		<rel id="sPointingRel1275" xlink:href="rsd.GENTLE_dictionary_school.mark.xml#sSpan811" target="rsd.GENTLE_dictionary_school.mark.xml#sSpan812"/>
		<rel id="sPointingRel1276" xlink:href="rsd.GENTLE_dictionary_school.mark.xml#sSpan812" target="rsd.GENTLE_dictionary_school.mark.xml#sSpan808"/>
		<rel id="sPointingRel1277" xlink:href="rsd.GENTLE_dictionary_school.mark.xml#sSpan813" target="rsd.GENTLE_dictionary_school.mark.xml#sSpan816"/>
		<rel id="sPointingRel1278" xlink:href="rsd.GENTLE_dictionary_school.mark.xml#sSpan814" target="rsd.GENTLE_dictionary_school.mark.xml#sSpan816"/>
		<rel id="sPointingRel1279" xlink:href="rsd.GENTLE_dictionary_school.mark.xml#sSpan815" target="rsd.GENTLE_dictionary_school.mark.xml#sSpan814"/>
		<rel id="sPointingRel1280" xlink:href="rsd.GENTLE_dictionary_school.mark.xml#sSpan816" target="rsd.GENTLE_dictionary_school.mark.xml#sSpan808"/>
		<rel id="sPointingRel1281" xlink:href="rsd.GENTLE_dictionary_school.mark.xml#sSpan817" target="rsd.GENTLE_dictionary_school.mark.xml#sSpan823"/>
		<rel id="sPointingRel1282" xlink:href="rsd.GENTLE_dictionary_school.mark.xml#sSpan818" target="rsd.GENTLE_dictionary_school.mark.xml#sSpan823"/>
		<rel id="sPointingRel1283" xlink:href="rsd.GENTLE_dictionary_school.mark.xml#sSpan819" target="rsd.GENTLE_dictionary_school.mark.xml#sSpan818"/>
		<rel id="sPointingRel1284" xlink:href="rsd.GENTLE_dictionary_school.mark.xml#sSpan820" target="rsd.GENTLE_dictionary_school.mark.xml#sSpan819"/>
		<rel id="sPointingRel1285" xlink:href="rsd.GENTLE_dictionary_school.mark.xml#sSpan821" target="rsd.GENTLE_dictionary_school.mark.xml#sSpan819"/>
		<rel id="sPointingRel1286" xlink:href="rsd.GENTLE_dictionary_school.mark.xml#sSpan822" target="rsd.GENTLE_dictionary_school.mark.xml#sSpan823"/>
		<rel id="sPointingRel1287" xlink:href="rsd.GENTLE_dictionary_school.mark.xml#sSpan823" target="rsd.GENTLE_dictionary_school.mark.xml#sSpan726"/>
		<rel id="sPointingRel1288" xlink:href="rsd.GENTLE_dictionary_school.mark.xml#sSpan824" target="rsd.GENTLE_dictionary_school.mark.xml#sSpan823"/>
		<rel id="sPointingRel1289" xlink:href="rsd.GENTLE_dictionary_school.mark.xml#sSpan825" target="rsd.GENTLE_dictionary_school.mark.xml#sSpan823"/>
		<rel id="sPointingRel1290" xlink:href="rsd.GENTLE_dictionary_school.mark.xml#sSpan826" target="rsd.GENTLE_dictionary_school.mark.xml#sSpan827"/>
		<rel id="sPointingRel1291" xlink:href="rsd.GENTLE_dictionary_school.mark.xml#sSpan827" target="rsd.GENTLE_dictionary_school.mark.xml#sSpan823"/>
		<rel id="sPointingRel1292" xlink:href="rsd.GENTLE_dictionary_school.mark.xml#sSpan828" target="rsd.GENTLE_dictionary_school.mark.xml#sSpan827"/>
		<rel id="sPointingRel1293" xlink:href="rsd.GENTLE_dictionary_school.mark.xml#sSpan829" target="rsd.GENTLE_dictionary_school.mark.xml#sSpan830"/>
		<rel id="sPointingRel1294" xlink:href="rsd.GENTLE_dictionary_school.mark.xml#sSpan830" target="rsd.GENTLE_dictionary_school.mark.xml#sSpan823"/>
		<rel id="sPointingRel1295" xlink:href="rsd.GENTLE_dictionary_school.mark.xml#sSpan831" target="rsd.GENTLE_dictionary_school.mark.xml#sSpan830"/>
		<rel id="sPointingRel1296" xlink:href="rsd.GENTLE_dictionary_school.mark.xml#sSpan832" target="rsd.GENTLE_dictionary_school.mark.xml#sSpan831"/></relList></paula>