<?xml version='1.0' encoding='UTF-8'?><!DOCTYPE paula SYSTEM "paula_feat.dtd">
<paula version="1.1">
	<header paula_id="rsd.GENTLE_dictionary_school.mark_rsd_rel"/>
	<featList xmlns:xlink="http://www.w3.org/1999/xlink" type="rsd_rel" xml:base="rsd.GENTLE_dictionary_school.mark.xml">
		<feat xlink:href="#sSpan1" value="organization-heading_r"/>
		<feat xlink:href="#sSpan2" value="organization-heading_r"/>
		<feat xlink:href="#sSpan3" value="organization-heading_r"/>
		<feat xlink:href="#sSpan4" value="organization-preparation_r"/>
		<feat xlink:href="#sSpan5" value="ROOT"/>
		<feat xlink:href="#sSpan6" value="organization-preparation_r"/>
		<feat xlink:href="#sSpan7" value="elaboration-additional_r"/>
		<feat xlink:href="#sSpan8" value="joint-list_m"/>
		<feat xlink:href="#sSpan9" value="joint-list_m"/>
		<feat xlink:href="#sSpan10" value="elaboration-additional_r"/>
		<feat xlink:href="#sSpan11" value="organization-preparation_r"/>
		<feat xlink:href="#sSpan12" value="joint-list_m"/>
		<feat xlink:href="#sSpan13" value="organization-heading_r"/>
		<feat xlink:href="#sSpan14" value="joint-other_m"/>
		<feat xlink:href="#sSpan15" value="elaboration-additional_r"/>
		<feat xlink:href="#sSpan16" value="same-unit_m"/>
		<feat xlink:href="#sSpan17" value="elaboration-additional_r"/>
		<feat xlink:href="#sSpan18" value="same-unit_m"/>
		<feat xlink:href="#sSpan19" value="elaboration-additional_r"/>
		<feat xlink:href="#sSpan20" value="same-unit_m"/>
		<feat xlink:href="#sSpan21" value="elaboration-additional_r"/>
		<feat xlink:href="#sSpan22" value="same-unit_m"/>
		<feat xlink:href="#sSpan23" value="elaboration-additional_r"/>
		<feat xlink:href="#sSpan24" value="joint-list_m"/>
		<feat xlink:href="#sSpan25" value="elaboration-additional_r"/>
		<feat xlink:href="#sSpan26" value="same-unit_m"/>
		<feat xlink:href="#sSpan27" value="elaboration-additional_r"/>
		<feat xlink:href="#sSpan28" value="joint-list_m"/>
		<feat xlink:href="#sSpan29" value="organization-heading_r"/>
		<feat xlink:href="#sSpan30" value="elaboration-additional_r"/>
		<feat xlink:href="#sSpan31" value="elaboration-additional_r"/>
		<feat xlink:href="#sSpan32" value="organization-heading_r"/>
		<feat xlink:href="#sSpan33" value="explanation-evidence_r"/>
		<feat xlink:href="#sSpan34" value="elaboration-additional_r"/>
		<feat xlink:href="#sSpan35" value="same-unit_m"/>
		<feat xlink:href="#sSpan36" value="organization-heading_r"/>
		<feat xlink:href="#sSpan37" value="elaboration-additional_r"/>
		<feat xlink:href="#sSpan38" value="context-background_r"/>
		<feat xlink:href="#sSpan39" value="joint-other_m"/>
		<feat xlink:href="#sSpan40" value="explanation-evidence_r"/>
		<feat xlink:href="#sSpan41" value="joint-disjunction_m"/>
		<feat xlink:href="#sSpan42" value="organization-heading_r"/>
		<feat xlink:href="#sSpan43" value="context-circumstance_r"/>
		<feat xlink:href="#sSpan44" value="elaboration-additional_r"/>
		<feat xlink:href="#sSpan45" value="organization-heading_r"/>
		<feat xlink:href="#sSpan46" value="organization-heading_r"/>
		<feat xlink:href="#sSpan47" value="elaboration-additional_r"/>
		<feat xlink:href="#sSpan48" value="joint-list_m"/>
		<feat xlink:href="#sSpan49" value="joint-list_m"/>
		<feat xlink:href="#sSpan50" value="context-background_r"/>
		<feat xlink:href="#sSpan51" value="context-circumstance_r"/>
		<feat xlink:href="#sSpan52" value="joint-other_m"/>
		<feat xlink:href="#sSpan53" value="organization-heading_r"/>
		<feat xlink:href="#sSpan54" value="context-background_r"/>
		<feat xlink:href="#sSpan55" value="joint-other_m"/>
		<feat xlink:href="#sSpan56" value="elaboration-additional_r"/>
		<feat xlink:href="#sSpan57" value="same-unit_m"/>
		<feat xlink:href="#sSpan58" value="elaboration-additional_r"/>
		<feat xlink:href="#sSpan59" value="same-unit_m"/>
		<feat xlink:href="#sSpan60" value="elaboration-additional_r"/>
		<feat xlink:href="#sSpan61" value="same-unit_m"/>
		<feat xlink:href="#sSpan62" value="elaboration-additional_r"/>
		<feat xlink:href="#sSpan63" value="same-unit_m"/>
		<feat xlink:href="#sSpan64" value="elaboration-attribute_r"/>
		<feat xlink:href="#sSpan65" value="elaboration-attribute_r"/>
		<feat xlink:href="#sSpan66" value="same-unit_m"/>
		<feat xlink:href="#sSpan67" value="elaboration-attribute_r"/>
		<feat xlink:href="#sSpan68" value="same-unit_m"/>
		<feat xlink:href="#sSpan69" value="elaboration-attribute_r"/>
		<feat xlink:href="#sSpan70" value="joint-other_m"/>
		<feat xlink:href="#sSpan71" value="joint-other_m"/>
		<feat xlink:href="#sSpan72" value="elaboration-additional_r"/>
		<feat xlink:href="#sSpan73" value="elaboration-attribute_r"/>
		<feat xlink:href="#sSpan74" value="same-unit_m"/>
		<feat xlink:href="#sSpan75" value="elaboration-additional_r"/>
		<feat xlink:href="#sSpan76" value="same-unit_m"/>
		<feat xlink:href="#sSpan77" value="elaboration-additional_r"/>
		<feat xlink:href="#sSpan78" value="same-unit_m"/>
		<feat xlink:href="#sSpan79" value="elaboration-additional_r"/>
		<feat xlink:href="#sSpan80" value="same-unit_m"/>
		<feat xlink:href="#sSpan81" value="elaboration-additional_r"/>
		<feat xlink:href="#sSpan82" value="joint-other_m"/>
		<feat xlink:href="#sSpan83" value="elaboration-additional_r"/>
		<feat xlink:href="#sSpan84" value="same-unit_m"/>
		<feat xlink:href="#sSpan85" value="elaboration-additional_r"/>
		<feat xlink:href="#sSpan86" value="explanation-evidence_r"/>
		<feat xlink:href="#sSpan87" value="joint-other_m"/>
		<feat xlink:href="#sSpan88" value="elaboration-additional_r"/>
		<feat xlink:href="#sSpan89" value="same-unit_m"/>
		<feat xlink:href="#sSpan90" value="elaboration-additional_r"/>
		<feat xlink:href="#sSpan91" value="organization-heading_r"/>
		<feat xlink:href="#sSpan92" value="elaboration-additional_r"/>
		<feat xlink:href="#sSpan93" value="elaboration-additional_r"/>
		<feat xlink:href="#sSpan94" value="organization-heading_r"/>
		<feat xlink:href="#sSpan95" value="organization-heading_r"/>
		<feat xlink:href="#sSpan96" value="elaboration-additional_r"/>
		<feat xlink:href="#sSpan97" value="context-circumstance_r"/>
		<feat xlink:href="#sSpan98" value="joint-other_m"/>
		<feat xlink:href="#sSpan99" value="elaboration-attribute_r"/>
		<feat xlink:href="#sSpan100" value="same-unit_m"/>
		<feat xlink:href="#sSpan101" value="explanation-evidence_r"/>
		<feat xlink:href="#sSpan102" value="joint-list_m"/>
		<feat xlink:href="#sSpan103" value="context-circumstance_r"/>
		<feat xlink:href="#sSpan104" value="joint-disjunction_m"/>
		<feat xlink:href="#sSpan105" value="elaboration-attribute_r"/>
		<feat xlink:href="#sSpan106" value="same-unit_m"/>
		<feat xlink:href="#sSpan107" value="elaboration-additional_r"/>
		<feat xlink:href="#sSpan108" value="context-circumstance_r"/>
		<feat xlink:href="#sSpan109" value="joint-disjunction_m"/>
		<feat xlink:href="#sSpan110" value="explanation-evidence_r"/>
		<feat xlink:href="#sSpan111" value="joint-disjunction_m"/>
		<feat xlink:href="#sSpan112" value="elaboration-attribute_r"/>
		<feat xlink:href="#sSpan113" value="adversative-concession_r"/>
		<feat xlink:href="#sSpan114" value="explanation-evidence_r"/>
		<feat xlink:href="#sSpan115" value="adversative-contrast_m"/>
		<feat xlink:href="#sSpan116" value="joint-disjunction_m"/>
		<feat xlink:href="#sSpan117" value="explanation-evidence_r"/>
		<feat xlink:href="#sSpan118" value="elaboration-attribute_r"/>
		<feat xlink:href="#sSpan119" value="context-circumstance_r"/>
		<feat xlink:href="#sSpan120" value="joint-disjunction_m"/>
		<feat xlink:href="#sSpan121" value="elaboration-attribute_r"/>
		<feat xlink:href="#sSpan122" value="same-unit_m"/>
		<feat xlink:href="#sSpan123" value="explanation-evidence_r"/>
		<feat xlink:href="#sSpan124" value="joint-disjunction_m"/>
		<feat xlink:href="#sSpan125" value="elaboration-attribute_r"/>
		<feat xlink:href="#sSpan126" value="explanation-evidence_r"/>
		<feat xlink:href="#sSpan127" value="joint-disjunction_m"/>
		<feat xlink:href="#sSpan128" value="elaboration-attribute_r"/>
		<feat xlink:href="#sSpan129" value="joint-disjunction_m"/>
		<feat xlink:href="#sSpan130" value="elaboration-attribute_r"/>
		<feat xlink:href="#sSpan131" value="explanation-evidence_r"/>
		<feat xlink:href="#sSpan132" value="joint-disjunction_m"/>
		<feat xlink:href="#sSpan133" value="elaboration-attribute_r"/>
		<feat xlink:href="#sSpan134" value="organization-heading_r"/>
		<feat xlink:href="#sSpan135" value="context-circumstance_r"/>
		<feat xlink:href="#sSpan136" value="elaboration-attribute_r"/>
		<feat xlink:href="#sSpan137" value="elaboration-additional_r"/>
		<feat xlink:href="#sSpan138" value="context-circumstance_r"/>
		<feat xlink:href="#sSpan139" value="joint-list_m"/>
		<feat xlink:href="#sSpan140" value="organization-heading_r"/>
		<feat xlink:href="#sSpan141" value="joint-list_m"/>
		<feat xlink:href="#sSpan142" value="organization-heading_r"/>
		<feat xlink:href="#sSpan143" value="organization-heading_r"/>
		<feat xlink:href="#sSpan144" value="elaboration-attribute_r"/>
		<feat xlink:href="#sSpan145" value="joint-list_m"/>
		<feat xlink:href="#sSpan146" value="organization-heading_r"/>
		<feat xlink:href="#sSpan147" value="organization-heading_r"/>
		<feat xlink:href="#sSpan148" value="elaboration-additional_r"/>
		<feat xlink:href="#sSpan149" value="joint-list_m"/>
		<feat xlink:href="#sSpan150" value="joint-list_m"/>
		<feat xlink:href="#sSpan151" value="context-background_r"/>
		<feat xlink:href="#sSpan152" value="joint-other_m"/>
		<feat xlink:href="#sSpan153" value="context-circumstance_r"/>
		<feat xlink:href="#sSpan154" value="explanation-evidence_r"/>
		<feat xlink:href="#sSpan155" value="context-background_r"/>
		<feat xlink:href="#sSpan156" value="joint-list_m"/>
		<feat xlink:href="#sSpan157" value="restatement-repetition_m"/>
		<feat xlink:href="#sSpan158" value="context-background_r"/>
		<feat xlink:href="#sSpan159" value="joint-list_m"/>
		<feat xlink:href="#sSpan160" value="explanation-evidence_r"/>
		<feat xlink:href="#sSpan161" value="adversative-antithesis_r"/></featList></paula>