<?xml version='1.0' encoding='UTF-8'?><!DOCTYPE paula SYSTEM "paula_rel.dtd">
<paula version="1.1">
	<header paula_id="rsd.GENTLE_dictionary_school.rsd"/>
	<relList xmlns:xlink="http://www.w3.org/1999/xlink" type="rsd">
		<rel id="sPointingRel1048" xlink:href="rsd.GENTLE_dictionary_school.mark.xml#sSpan1" target="rsd.GENTLE_dictionary_school.mark.xml#sSpan5"/>
		<rel id="sPointingRel1049" xlink:href="rsd.GENTLE_dictionary_school.mark.xml#sSpan2" target="rsd.GENTLE_dictionary_school.mark.xml#sSpan5"/>
		<rel id="sPointingRel1050" xlink:href="rsd.GENTLE_dictionary_school.mark.xml#sSpan3" target="rsd.GENTLE_dictionary_school.mark.xml#sSpan5"/>
		<rel id="sPointingRel1051" xlink:href="rsd.GENTLE_dictionary_school.mark.xml#sSpan4" target="rsd.GENTLE_dictionary_school.mark.xml#sSpan5"/>
		<rel id="sPointingRel1052" xlink:href="rsd.GENTLE_dictionary_school.mark.xml#sSpan6" target="rsd.GENTLE_dictionary_school.mark.xml#sSpan8"/>
		<rel id="sPointingRel1053" xlink:href="rsd.GENTLE_dictionary_school.mark.xml#sSpan7" target="rsd.GENTLE_dictionary_school.mark.xml#sSpan6"/>
		<rel id="sPointingRel1054" xlink:href="rsd.GENTLE_dictionary_school.mark.xml#sSpan8" target="rsd.GENTLE_dictionary_school.mark.xml#sSpan5"/>
		<rel id="sPointingRel1055" xlink:href="rsd.GENTLE_dictionary_school.mark.xml#sSpan9" target="rsd.GENTLE_dictionary_school.mark.xml#sSpan5"/>
		<rel id="sPointingRel1056" xlink:href="rsd.GENTLE_dictionary_school.mark.xml#sSpan10" target="rsd.GENTLE_dictionary_school.mark.xml#sSpan9"/>
		<rel id="sPointingRel1057" xlink:href="rsd.GENTLE_dictionary_school.mark.xml#sSpan11" target="rsd.GENTLE_dictionary_school.mark.xml#sSpan12"/>
		<rel id="sPointingRel1058" xlink:href="rsd.GENTLE_dictionary_school.mark.xml#sSpan12" target="rsd.GENTLE_dictionary_school.mark.xml#sSpan5"/>
		<rel id="sPointingRel1059" xlink:href="rsd.GENTLE_dictionary_school.mark.xml#sSpan13" target="rsd.GENTLE_dictionary_school.mark.xml#sSpan14"/>
		<rel id="sPointingRel1060" xlink:href="rsd.GENTLE_dictionary_school.mark.xml#sSpan14" target="rsd.GENTLE_dictionary_school.mark.xml#sSpan5"/>
		<rel id="sPointingRel1061" xlink:href="rsd.GENTLE_dictionary_school.mark.xml#sSpan15" target="rsd.GENTLE_dictionary_school.mark.xml#sSpan14"/>
		<rel id="sPointingRel1062" xlink:href="rsd.GENTLE_dictionary_school.mark.xml#sSpan16" target="rsd.GENTLE_dictionary_school.mark.xml#sSpan14"/>
		<rel id="sPointingRel1063" xlink:href="rsd.GENTLE_dictionary_school.mark.xml#sSpan17" target="rsd.GENTLE_dictionary_school.mark.xml#sSpan16"/>
		<rel id="sPointingRel1064" xlink:href="rsd.GENTLE_dictionary_school.mark.xml#sSpan18" target="rsd.GENTLE_dictionary_school.mark.xml#sSpan14"/>
		<rel id="sPointingRel1065" xlink:href="rsd.GENTLE_dictionary_school.mark.xml#sSpan19" target="rsd.GENTLE_dictionary_school.mark.xml#sSpan18"/>
		<rel id="sPointingRel1066" xlink:href="rsd.GENTLE_dictionary_school.mark.xml#sSpan20" target="rsd.GENTLE_dictionary_school.mark.xml#sSpan14"/>
		<rel id="sPointingRel1067" xlink:href="rsd.GENTLE_dictionary_school.mark.xml#sSpan21" target="rsd.GENTLE_dictionary_school.mark.xml#sSpan20"/>
		<rel id="sPointingRel1068" xlink:href="rsd.GENTLE_dictionary_school.mark.xml#sSpan22" target="rsd.GENTLE_dictionary_school.mark.xml#sSpan14"/>
		<rel id="sPointingRel1069" xlink:href="rsd.GENTLE_dictionary_school.mark.xml#sSpan23" target="rsd.GENTLE_dictionary_school.mark.xml#sSpan22"/>
		<rel id="sPointingRel1070" xlink:href="rsd.GENTLE_dictionary_school.mark.xml#sSpan24" target="rsd.GENTLE_dictionary_school.mark.xml#sSpan14"/>
		<rel id="sPointingRel1071" xlink:href="rsd.GENTLE_dictionary_school.mark.xml#sSpan25" target="rsd.GENTLE_dictionary_school.mark.xml#sSpan24"/>
		<rel id="sPointingRel1072" xlink:href="rsd.GENTLE_dictionary_school.mark.xml#sSpan26" target="rsd.GENTLE_dictionary_school.mark.xml#sSpan24"/>
		<rel id="sPointingRel1073" xlink:href="rsd.GENTLE_dictionary_school.mark.xml#sSpan27" target="rsd.GENTLE_dictionary_school.mark.xml#sSpan26"/>
		<rel id="sPointingRel1074" xlink:href="rsd.GENTLE_dictionary_school.mark.xml#sSpan28" target="rsd.GENTLE_dictionary_school.mark.xml#sSpan14"/>
		<rel id="sPointingRel1075" xlink:href="rsd.GENTLE_dictionary_school.mark.xml#sSpan29" target="rsd.GENTLE_dictionary_school.mark.xml#sSpan30"/>
		<rel id="sPointingRel1076" xlink:href="rsd.GENTLE_dictionary_school.mark.xml#sSpan30" target="rsd.GENTLE_dictionary_school.mark.xml#sSpan14"/>
		<rel id="sPointingRel1077" xlink:href="rsd.GENTLE_dictionary_school.mark.xml#sSpan31" target="rsd.GENTLE_dictionary_school.mark.xml#sSpan30"/>
		<rel id="sPointingRel1078" xlink:href="rsd.GENTLE_dictionary_school.mark.xml#sSpan32" target="rsd.GENTLE_dictionary_school.mark.xml#sSpan39"/>
		<rel id="sPointingRel1079" xlink:href="rsd.GENTLE_dictionary_school.mark.xml#sSpan33" target="rsd.GENTLE_dictionary_school.mark.xml#sSpan39"/>
		<rel id="sPointingRel1080" xlink:href="rsd.GENTLE_dictionary_school.mark.xml#sSpan34" target="rsd.GENTLE_dictionary_school.mark.xml#sSpan33"/>
		<rel id="sPointingRel1081" xlink:href="rsd.GENTLE_dictionary_school.mark.xml#sSpan35" target="rsd.GENTLE_dictionary_school.mark.xml#sSpan33"/>
		<rel id="sPointingRel1082" xlink:href="rsd.GENTLE_dictionary_school.mark.xml#sSpan36" target="rsd.GENTLE_dictionary_school.mark.xml#sSpan39"/>
		<rel id="sPointingRel1083" xlink:href="rsd.GENTLE_dictionary_school.mark.xml#sSpan37" target="rsd.GENTLE_dictionary_school.mark.xml#sSpan36"/>
		<rel id="sPointingRel1084" xlink:href="rsd.GENTLE_dictionary_school.mark.xml#sSpan38" target="rsd.GENTLE_dictionary_school.mark.xml#sSpan39"/>
		<rel id="sPointingRel1085" xlink:href="rsd.GENTLE_dictionary_school.mark.xml#sSpan39" target="rsd.GENTLE_dictionary_school.mark.xml#sSpan14"/>
		<rel id="sPointingRel1086" xlink:href="rsd.GENTLE_dictionary_school.mark.xml#sSpan40" target="rsd.GENTLE_dictionary_school.mark.xml#sSpan39"/>
		<rel id="sPointingRel1087" xlink:href="rsd.GENTLE_dictionary_school.mark.xml#sSpan41" target="rsd.GENTLE_dictionary_school.mark.xml#sSpan39"/>
		<rel id="sPointingRel1088" xlink:href="rsd.GENTLE_dictionary_school.mark.xml#sSpan42" target="rsd.GENTLE_dictionary_school.mark.xml#sSpan44"/>
		<rel id="sPointingRel1089" xlink:href="rsd.GENTLE_dictionary_school.mark.xml#sSpan43" target="rsd.GENTLE_dictionary_school.mark.xml#sSpan44"/>
		<rel id="sPointingRel1090" xlink:href="rsd.GENTLE_dictionary_school.mark.xml#sSpan44" target="rsd.GENTLE_dictionary_school.mark.xml#sSpan39"/>
		<rel id="sPointingRel1091" xlink:href="rsd.GENTLE_dictionary_school.mark.xml#sSpan45" target="rsd.GENTLE_dictionary_school.mark.xml#sSpan52"/>
		<rel id="sPointingRel1092" xlink:href="rsd.GENTLE_dictionary_school.mark.xml#sSpan46" target="rsd.GENTLE_dictionary_school.mark.xml#sSpan52"/>
		<rel id="sPointingRel1093" xlink:href="rsd.GENTLE_dictionary_school.mark.xml#sSpan47" target="rsd.GENTLE_dictionary_school.mark.xml#sSpan46"/>
		<rel id="sPointingRel1094" xlink:href="rsd.GENTLE_dictionary_school.mark.xml#sSpan48" target="rsd.GENTLE_dictionary_school.mark.xml#sSpan47"/>
		<rel id="sPointingRel1095" xlink:href="rsd.GENTLE_dictionary_school.mark.xml#sSpan49" target="rsd.GENTLE_dictionary_school.mark.xml#sSpan47"/>
		<rel id="sPointingRel1096" xlink:href="rsd.GENTLE_dictionary_school.mark.xml#sSpan50" target="rsd.GENTLE_dictionary_school.mark.xml#sSpan52"/>
		<rel id="sPointingRel1097" xlink:href="rsd.GENTLE_dictionary_school.mark.xml#sSpan51" target="rsd.GENTLE_dictionary_school.mark.xml#sSpan52"/>
		<rel id="sPointingRel1098" xlink:href="rsd.GENTLE_dictionary_school.mark.xml#sSpan52" target="rsd.GENTLE_dictionary_school.mark.xml#sSpan39"/>
		<rel id="sPointingRel1099" xlink:href="rsd.GENTLE_dictionary_school.mark.xml#sSpan53" target="rsd.GENTLE_dictionary_school.mark.xml#sSpan55"/>
		<rel id="sPointingRel1100" xlink:href="rsd.GENTLE_dictionary_school.mark.xml#sSpan54" target="rsd.GENTLE_dictionary_school.mark.xml#sSpan55"/>
		<rel id="sPointingRel1101" xlink:href="rsd.GENTLE_dictionary_school.mark.xml#sSpan55" target="rsd.GENTLE_dictionary_school.mark.xml#sSpan14"/>
		<rel id="sPointingRel1102" xlink:href="rsd.GENTLE_dictionary_school.mark.xml#sSpan56" target="rsd.GENTLE_dictionary_school.mark.xml#sSpan55"/>
		<rel id="sPointingRel1103" xlink:href="rsd.GENTLE_dictionary_school.mark.xml#sSpan57" target="rsd.GENTLE_dictionary_school.mark.xml#sSpan55"/>
		<rel id="sPointingRel1104" xlink:href="rsd.GENTLE_dictionary_school.mark.xml#sSpan58" target="rsd.GENTLE_dictionary_school.mark.xml#sSpan57"/>
		<rel id="sPointingRel1105" xlink:href="rsd.GENTLE_dictionary_school.mark.xml#sSpan59" target="rsd.GENTLE_dictionary_school.mark.xml#sSpan55"/>
		<rel id="sPointingRel1106" xlink:href="rsd.GENTLE_dictionary_school.mark.xml#sSpan60" target="rsd.GENTLE_dictionary_school.mark.xml#sSpan59"/>
		<rel id="sPointingRel1107" xlink:href="rsd.GENTLE_dictionary_school.mark.xml#sSpan61" target="rsd.GENTLE_dictionary_school.mark.xml#sSpan55"/>
		<rel id="sPointingRel1108" xlink:href="rsd.GENTLE_dictionary_school.mark.xml#sSpan62" target="rsd.GENTLE_dictionary_school.mark.xml#sSpan61"/>
		<rel id="sPointingRel1109" xlink:href="rsd.GENTLE_dictionary_school.mark.xml#sSpan63" target="rsd.GENTLE_dictionary_school.mark.xml#sSpan55"/>
		<rel id="sPointingRel1110" xlink:href="rsd.GENTLE_dictionary_school.mark.xml#sSpan64" target="rsd.GENTLE_dictionary_school.mark.xml#sSpan63"/>
		<rel id="sPointingRel1111" xlink:href="rsd.GENTLE_dictionary_school.mark.xml#sSpan65" target="rsd.GENTLE_dictionary_school.mark.xml#sSpan64"/>
		<rel id="sPointingRel1112" xlink:href="rsd.GENTLE_dictionary_school.mark.xml#sSpan66" target="rsd.GENTLE_dictionary_school.mark.xml#sSpan64"/>
		<rel id="sPointingRel1113" xlink:href="rsd.GENTLE_dictionary_school.mark.xml#sSpan67" target="rsd.GENTLE_dictionary_school.mark.xml#sSpan66"/>
		<rel id="sPointingRel1114" xlink:href="rsd.GENTLE_dictionary_school.mark.xml#sSpan68" target="rsd.GENTLE_dictionary_school.mark.xml#sSpan55"/>
		<rel id="sPointingRel1115" xlink:href="rsd.GENTLE_dictionary_school.mark.xml#sSpan69" target="rsd.GENTLE_dictionary_school.mark.xml#sSpan68"/>
		<rel id="sPointingRel1116" xlink:href="rsd.GENTLE_dictionary_school.mark.xml#sSpan70" target="rsd.GENTLE_dictionary_school.mark.xml#sSpan55"/>
		<rel id="sPointingRel1117" xlink:href="rsd.GENTLE_dictionary_school.mark.xml#sSpan71" target="rsd.GENTLE_dictionary_school.mark.xml#sSpan55"/>
		<rel id="sPointingRel1118" xlink:href="rsd.GENTLE_dictionary_school.mark.xml#sSpan72" target="rsd.GENTLE_dictionary_school.mark.xml#sSpan71"/>
		<rel id="sPointingRel1119" xlink:href="rsd.GENTLE_dictionary_school.mark.xml#sSpan73" target="rsd.GENTLE_dictionary_school.mark.xml#sSpan71"/>
		<rel id="sPointingRel1120" xlink:href="rsd.GENTLE_dictionary_school.mark.xml#sSpan74" target="rsd.GENTLE_dictionary_school.mark.xml#sSpan71"/>
		<rel id="sPointingRel1121" xlink:href="rsd.GENTLE_dictionary_school.mark.xml#sSpan75" target="rsd.GENTLE_dictionary_school.mark.xml#sSpan74"/>
		<rel id="sPointingRel1122" xlink:href="rsd.GENTLE_dictionary_school.mark.xml#sSpan76" target="rsd.GENTLE_dictionary_school.mark.xml#sSpan71"/>
		<rel id="sPointingRel1123" xlink:href="rsd.GENTLE_dictionary_school.mark.xml#sSpan77" target="rsd.GENTLE_dictionary_school.mark.xml#sSpan76"/>
		<rel id="sPointingRel1124" xlink:href="rsd.GENTLE_dictionary_school.mark.xml#sSpan78" target="rsd.GENTLE_dictionary_school.mark.xml#sSpan71"/>
		<rel id="sPointingRel1125" xlink:href="rsd.GENTLE_dictionary_school.mark.xml#sSpan79" target="rsd.GENTLE_dictionary_school.mark.xml#sSpan78"/>
		<rel id="sPointingRel1126" xlink:href="rsd.GENTLE_dictionary_school.mark.xml#sSpan80" target="rsd.GENTLE_dictionary_school.mark.xml#sSpan71"/>
		<rel id="sPointingRel1127" xlink:href="rsd.GENTLE_dictionary_school.mark.xml#sSpan81" target="rsd.GENTLE_dictionary_school.mark.xml#sSpan80"/>
		<rel id="sPointingRel1128" xlink:href="rsd.GENTLE_dictionary_school.mark.xml#sSpan82" target="rsd.GENTLE_dictionary_school.mark.xml#sSpan55"/>
		<rel id="sPointingRel1129" xlink:href="rsd.GENTLE_dictionary_school.mark.xml#sSpan83" target="rsd.GENTLE_dictionary_school.mark.xml#sSpan82"/>
		<rel id="sPointingRel1130" xlink:href="rsd.GENTLE_dictionary_school.mark.xml#sSpan84" target="rsd.GENTLE_dictionary_school.mark.xml#sSpan82"/>
		<rel id="sPointingRel1131" xlink:href="rsd.GENTLE_dictionary_school.mark.xml#sSpan85" target="rsd.GENTLE_dictionary_school.mark.xml#sSpan84"/>
		<rel id="sPointingRel1132" xlink:href="rsd.GENTLE_dictionary_school.mark.xml#sSpan86" target="rsd.GENTLE_dictionary_school.mark.xml#sSpan82"/>
		<rel id="sPointingRel1133" xlink:href="rsd.GENTLE_dictionary_school.mark.xml#sSpan87" target="rsd.GENTLE_dictionary_school.mark.xml#sSpan55"/>
		<rel id="sPointingRel1134" xlink:href="rsd.GENTLE_dictionary_school.mark.xml#sSpan88" target="rsd.GENTLE_dictionary_school.mark.xml#sSpan87"/>
		<rel id="sPointingRel1135" xlink:href="rsd.GENTLE_dictionary_school.mark.xml#sSpan89" target="rsd.GENTLE_dictionary_school.mark.xml#sSpan87"/>
		<rel id="sPointingRel1136" xlink:href="rsd.GENTLE_dictionary_school.mark.xml#sSpan90" target="rsd.GENTLE_dictionary_school.mark.xml#sSpan89"/>
		<rel id="sPointingRel1137" xlink:href="rsd.GENTLE_dictionary_school.mark.xml#sSpan91" target="rsd.GENTLE_dictionary_school.mark.xml#sSpan92"/>
		<rel id="sPointingRel1138" xlink:href="rsd.GENTLE_dictionary_school.mark.xml#sSpan92" target="rsd.GENTLE_dictionary_school.mark.xml#sSpan55"/>
		<rel id="sPointingRel1139" xlink:href="rsd.GENTLE_dictionary_school.mark.xml#sSpan93" target="rsd.GENTLE_dictionary_school.mark.xml#sSpan92"/>
		<rel id="sPointingRel1140" xlink:href="rsd.GENTLE_dictionary_school.mark.xml#sSpan94" target="rsd.GENTLE_dictionary_school.mark.xml#sSpan98"/>
		<rel id="sPointingRel1141" xlink:href="rsd.GENTLE_dictionary_school.mark.xml#sSpan95" target="rsd.GENTLE_dictionary_school.mark.xml#sSpan98"/>
		<rel id="sPointingRel1142" xlink:href="rsd.GENTLE_dictionary_school.mark.xml#sSpan96" target="rsd.GENTLE_dictionary_school.mark.xml#sSpan95"/>
		<rel id="sPointingRel1143" xlink:href="rsd.GENTLE_dictionary_school.mark.xml#sSpan97" target="rsd.GENTLE_dictionary_school.mark.xml#sSpan98"/>
		<rel id="sPointingRel1144" xlink:href="rsd.GENTLE_dictionary_school.mark.xml#sSpan98" target="rsd.GENTLE_dictionary_school.mark.xml#sSpan55"/>
		<rel id="sPointingRel1145" xlink:href="rsd.GENTLE_dictionary_school.mark.xml#sSpan99" target="rsd.GENTLE_dictionary_school.mark.xml#sSpan98"/>
		<rel id="sPointingRel1146" xlink:href="rsd.GENTLE_dictionary_school.mark.xml#sSpan100" target="rsd.GENTLE_dictionary_school.mark.xml#sSpan98"/>
		<rel id="sPointingRel1147" xlink:href="rsd.GENTLE_dictionary_school.mark.xml#sSpan101" target="rsd.GENTLE_dictionary_school.mark.xml#sSpan98"/>
		<rel id="sPointingRel1148" xlink:href="rsd.GENTLE_dictionary_school.mark.xml#sSpan102" target="rsd.GENTLE_dictionary_school.mark.xml#sSpan101"/>
		<rel id="sPointingRel1149" xlink:href="rsd.GENTLE_dictionary_school.mark.xml#sSpan103" target="rsd.GENTLE_dictionary_school.mark.xml#sSpan104"/>
		<rel id="sPointingRel1150" xlink:href="rsd.GENTLE_dictionary_school.mark.xml#sSpan104" target="rsd.GENTLE_dictionary_school.mark.xml#sSpan98"/>
		<rel id="sPointingRel1151" xlink:href="rsd.GENTLE_dictionary_school.mark.xml#sSpan105" target="rsd.GENTLE_dictionary_school.mark.xml#sSpan104"/>
		<rel id="sPointingRel1152" xlink:href="rsd.GENTLE_dictionary_school.mark.xml#sSpan106" target="rsd.GENTLE_dictionary_school.mark.xml#sSpan104"/>
		<rel id="sPointingRel1153" xlink:href="rsd.GENTLE_dictionary_school.mark.xml#sSpan107" target="rsd.GENTLE_dictionary_school.mark.xml#sSpan106"/>
		<rel id="sPointingRel1154" xlink:href="rsd.GENTLE_dictionary_school.mark.xml#sSpan108" target="rsd.GENTLE_dictionary_school.mark.xml#sSpan109"/>
		<rel id="sPointingRel1155" xlink:href="rsd.GENTLE_dictionary_school.mark.xml#sSpan109" target="rsd.GENTLE_dictionary_school.mark.xml#sSpan98"/>
		<rel id="sPointingRel1156" xlink:href="rsd.GENTLE_dictionary_school.mark.xml#sSpan110" target="rsd.GENTLE_dictionary_school.mark.xml#sSpan109"/>
		<rel id="sPointingRel1157" xlink:href="rsd.GENTLE_dictionary_school.mark.xml#sSpan111" target="rsd.GENTLE_dictionary_school.mark.xml#sSpan98"/>
		<rel id="sPointingRel1158" xlink:href="rsd.GENTLE_dictionary_school.mark.xml#sSpan112" target="rsd.GENTLE_dictionary_school.mark.xml#sSpan111"/>
		<rel id="sPointingRel1159" xlink:href="rsd.GENTLE_dictionary_school.mark.xml#sSpan113" target="rsd.GENTLE_dictionary_school.mark.xml#sSpan114"/>
		<rel id="sPointingRel1160" xlink:href="rsd.GENTLE_dictionary_school.mark.xml#sSpan114" target="rsd.GENTLE_dictionary_school.mark.xml#sSpan111"/>
		<rel id="sPointingRel1161" xlink:href="rsd.GENTLE_dictionary_school.mark.xml#sSpan115" target="rsd.GENTLE_dictionary_school.mark.xml#sSpan114"/>
		<rel id="sPointingRel1162" xlink:href="rsd.GENTLE_dictionary_school.mark.xml#sSpan116" target="rsd.GENTLE_dictionary_school.mark.xml#sSpan98"/>
		<rel id="sPointingRel1163" xlink:href="rsd.GENTLE_dictionary_school.mark.xml#sSpan117" target="rsd.GENTLE_dictionary_school.mark.xml#sSpan116"/>
		<rel id="sPointingRel1164" xlink:href="rsd.GENTLE_dictionary_school.mark.xml#sSpan118" target="rsd.GENTLE_dictionary_school.mark.xml#sSpan117"/>
		<rel id="sPointingRel1165" xlink:href="rsd.GENTLE_dictionary_school.mark.xml#sSpan119" target="rsd.GENTLE_dictionary_school.mark.xml#sSpan120"/>
		<rel id="sPointingRel1166" xlink:href="rsd.GENTLE_dictionary_school.mark.xml#sSpan120" target="rsd.GENTLE_dictionary_school.mark.xml#sSpan98"/>
		<rel id="sPointingRel1167" xlink:href="rsd.GENTLE_dictionary_school.mark.xml#sSpan121" target="rsd.GENTLE_dictionary_school.mark.xml#sSpan120"/>
		<rel id="sPointingRel1168" xlink:href="rsd.GENTLE_dictionary_school.mark.xml#sSpan122" target="rsd.GENTLE_dictionary_school.mark.xml#sSpan120"/>
		<rel id="sPointingRel1169" xlink:href="rsd.GENTLE_dictionary_school.mark.xml#sSpan123" target="rsd.GENTLE_dictionary_school.mark.xml#sSpan120"/>
		<rel id="sPointingRel1170" xlink:href="rsd.GENTLE_dictionary_school.mark.xml#sSpan124" target="rsd.GENTLE_dictionary_school.mark.xml#sSpan98"/>
		<rel id="sPointingRel1171" xlink:href="rsd.GENTLE_dictionary_school.mark.xml#sSpan125" target="rsd.GENTLE_dictionary_school.mark.xml#sSpan124"/>
		<rel id="sPointingRel1172" xlink:href="rsd.GENTLE_dictionary_school.mark.xml#sSpan126" target="rsd.GENTLE_dictionary_school.mark.xml#sSpan124"/>
		<rel id="sPointingRel1173" xlink:href="rsd.GENTLE_dictionary_school.mark.xml#sSpan127" target="rsd.GENTLE_dictionary_school.mark.xml#sSpan98"/>
		<rel id="sPointingRel1174" xlink:href="rsd.GENTLE_dictionary_school.mark.xml#sSpan128" target="rsd.GENTLE_dictionary_school.mark.xml#sSpan127"/>
		<rel id="sPointingRel1175" xlink:href="rsd.GENTLE_dictionary_school.mark.xml#sSpan129" target="rsd.GENTLE_dictionary_school.mark.xml#sSpan98"/>
		<rel id="sPointingRel1176" xlink:href="rsd.GENTLE_dictionary_school.mark.xml#sSpan130" target="rsd.GENTLE_dictionary_school.mark.xml#sSpan129"/>
		<rel id="sPointingRel1177" xlink:href="rsd.GENTLE_dictionary_school.mark.xml#sSpan131" target="rsd.GENTLE_dictionary_school.mark.xml#sSpan129"/>
		<rel id="sPointingRel1178" xlink:href="rsd.GENTLE_dictionary_school.mark.xml#sSpan132" target="rsd.GENTLE_dictionary_school.mark.xml#sSpan98"/>
		<rel id="sPointingRel1179" xlink:href="rsd.GENTLE_dictionary_school.mark.xml#sSpan133" target="rsd.GENTLE_dictionary_school.mark.xml#sSpan132"/>
		<rel id="sPointingRel1180" xlink:href="rsd.GENTLE_dictionary_school.mark.xml#sSpan134" target="rsd.GENTLE_dictionary_school.mark.xml#sSpan137"/>
		<rel id="sPointingRel1181" xlink:href="rsd.GENTLE_dictionary_school.mark.xml#sSpan135" target="rsd.GENTLE_dictionary_school.mark.xml#sSpan137"/>
		<rel id="sPointingRel1182" xlink:href="rsd.GENTLE_dictionary_school.mark.xml#sSpan136" target="rsd.GENTLE_dictionary_school.mark.xml#sSpan135"/>
		<rel id="sPointingRel1183" xlink:href="rsd.GENTLE_dictionary_school.mark.xml#sSpan137" target="rsd.GENTLE_dictionary_school.mark.xml#sSpan98"/>
		<rel id="sPointingRel1184" xlink:href="rsd.GENTLE_dictionary_school.mark.xml#sSpan138" target="rsd.GENTLE_dictionary_school.mark.xml#sSpan139"/>
		<rel id="sPointingRel1185" xlink:href="rsd.GENTLE_dictionary_school.mark.xml#sSpan139" target="rsd.GENTLE_dictionary_school.mark.xml#sSpan137"/>
		<rel id="sPointingRel1186" xlink:href="rsd.GENTLE_dictionary_school.mark.xml#sSpan140" target="rsd.GENTLE_dictionary_school.mark.xml#sSpan141"/>
		<rel id="sPointingRel1187" xlink:href="rsd.GENTLE_dictionary_school.mark.xml#sSpan141" target="rsd.GENTLE_dictionary_school.mark.xml#sSpan137"/>
		<rel id="sPointingRel1188" xlink:href="rsd.GENTLE_dictionary_school.mark.xml#sSpan142" target="rsd.GENTLE_dictionary_school.mark.xml#sSpan145"/>
		<rel id="sPointingRel1189" xlink:href="rsd.GENTLE_dictionary_school.mark.xml#sSpan143" target="rsd.GENTLE_dictionary_school.mark.xml#sSpan145"/>
		<rel id="sPointingRel1190" xlink:href="rsd.GENTLE_dictionary_school.mark.xml#sSpan144" target="rsd.GENTLE_dictionary_school.mark.xml#sSpan143"/>
		<rel id="sPointingRel1191" xlink:href="rsd.GENTLE_dictionary_school.mark.xml#sSpan145" target="rsd.GENTLE_dictionary_school.mark.xml#sSpan137"/>
		<rel id="sPointingRel1192" xlink:href="rsd.GENTLE_dictionary_school.mark.xml#sSpan146" target="rsd.GENTLE_dictionary_school.mark.xml#sSpan152"/>
		<rel id="sPointingRel1193" xlink:href="rsd.GENTLE_dictionary_school.mark.xml#sSpan147" target="rsd.GENTLE_dictionary_school.mark.xml#sSpan152"/>
		<rel id="sPointingRel1194" xlink:href="rsd.GENTLE_dictionary_school.mark.xml#sSpan148" target="rsd.GENTLE_dictionary_school.mark.xml#sSpan147"/>
		<rel id="sPointingRel1195" xlink:href="rsd.GENTLE_dictionary_school.mark.xml#sSpan149" target="rsd.GENTLE_dictionary_school.mark.xml#sSpan148"/>
		<rel id="sPointingRel1196" xlink:href="rsd.GENTLE_dictionary_school.mark.xml#sSpan150" target="rsd.GENTLE_dictionary_school.mark.xml#sSpan148"/>
		<rel id="sPointingRel1197" xlink:href="rsd.GENTLE_dictionary_school.mark.xml#sSpan151" target="rsd.GENTLE_dictionary_school.mark.xml#sSpan152"/>
		<rel id="sPointingRel1198" xlink:href="rsd.GENTLE_dictionary_school.mark.xml#sSpan152" target="rsd.GENTLE_dictionary_school.mark.xml#sSpan98"/>
		<rel id="sPointingRel1199" xlink:href="rsd.GENTLE_dictionary_school.mark.xml#sSpan153" target="rsd.GENTLE_dictionary_school.mark.xml#sSpan152"/>
		<rel id="sPointingRel1200" xlink:href="rsd.GENTLE_dictionary_school.mark.xml#sSpan154" target="rsd.GENTLE_dictionary_school.mark.xml#sSpan152"/>
		<rel id="sPointingRel1201" xlink:href="rsd.GENTLE_dictionary_school.mark.xml#sSpan155" target="rsd.GENTLE_dictionary_school.mark.xml#sSpan156"/>
		<rel id="sPointingRel1202" xlink:href="rsd.GENTLE_dictionary_school.mark.xml#sSpan156" target="rsd.GENTLE_dictionary_school.mark.xml#sSpan152"/>
		<rel id="sPointingRel1203" xlink:href="rsd.GENTLE_dictionary_school.mark.xml#sSpan157" target="rsd.GENTLE_dictionary_school.mark.xml#sSpan156"/>
		<rel id="sPointingRel1204" xlink:href="rsd.GENTLE_dictionary_school.mark.xml#sSpan158" target="rsd.GENTLE_dictionary_school.mark.xml#sSpan159"/>
		<rel id="sPointingRel1205" xlink:href="rsd.GENTLE_dictionary_school.mark.xml#sSpan159" target="rsd.GENTLE_dictionary_school.mark.xml#sSpan152"/>
		<rel id="sPointingRel1206" xlink:href="rsd.GENTLE_dictionary_school.mark.xml#sSpan160" target="rsd.GENTLE_dictionary_school.mark.xml#sSpan159"/>
		<rel id="sPointingRel1207" xlink:href="rsd.GENTLE_dictionary_school.mark.xml#sSpan161" target="rsd.GENTLE_dictionary_school.mark.xml#sSpan160"/></relList></paula>