<?xml version='1.0' encoding='UTF-8'?><!DOCTYPE paula SYSTEM "paula_mark.dtd">
<paula version="1.1">
	<header paula_id="tei.GENTLE_dictionary_school.mark"/>
	<markList xmlns:xlink="http://www.w3.org/1999/xlink" type="tei" xml:base="GENTLE_dictionary_school.tok.xml">
		<!--school-->
		<mark id="sSpan833" xlink:href="#sTok1"/>
		<!--school-->
		<mark id="sSpan834" xlink:href="#sTok1"/>
		<!--English-->
		<mark id="sSpan835" xlink:href="#sTok2"/>
		<!--English-->
		<mark id="sSpan836" xlink:href="#sTok2"/>
		<!--Pronunciation-->
		<mark id="sSpan837" xlink:href="#sTok3"/>
		<!--Pronunciation-->
		<mark id="sSpan838" xlink:href="#sTok3"/>
		<!--enPR-->
		<mark id="sSpan839" xlink:href="#sTok4"/>
		<!--enPR : sko͞ol , IPA ( key ) : / skuːl /-->
		<mark id="sSpan840" xlink:href="#sTok4 #sTok5 #sTok6 #sTok7 #sTok8 #sTok9 #sTok10 #sTok11 #sTok12 #sTok13 #sTok14 #sTok15"/>
		<!--enPR : sko͞ol , IPA ( key ) : / skuːl /-->
		<mark id="sSpan841" xlink:href="#sTok4 #sTok5 #sTok6 #sTok7 #sTok8 #sTok9 #sTok10 #sTok11 #sTok12 #sTok13 #sTok14 #sTok15"/>
		<!--enPR : sko͞ol , IPA ( key ) : / skuːl / Audio ( Received Pronunciation ) Rhymes : -uːl-->
		<mark id="sSpan842" xlink:href="#sTok4 #sTok5 #sTok6 #sTok7 #sTok8 #sTok9 #sTok10 #sTok11 #sTok12 #sTok13 #sTok14 #sTok15 #sTok16 #sTok17 #sTok18 #sTok19 #sTok20 #sTok21 #sTok22 #sTok23"/>
		<!--IPA-->
		<mark id="sSpan843" xlink:href="#sTok8"/>
		<!--IPA ( key )-->
		<mark id="sSpan844" xlink:href="#sTok8 #sTok9 #sTok10 #sTok11"/>
		<!--Audio ( Received Pronunciation )-->
		<mark id="sSpan845" xlink:href="#sTok16 #sTok17 #sTok18 #sTok19 #sTok20"/>
		<!--Audio ( Received Pronunciation )-->
		<mark id="sSpan846" xlink:href="#sTok16 #sTok17 #sTok18 #sTok19 #sTok20"/>
		<!--Rhymes : -uːl-->
		<mark id="sSpan847" xlink:href="#sTok21 #sTok22 #sTok23"/>
		<!--Rhymes : -uːl-->
		<mark id="sSpan848" xlink:href="#sTok21 #sTok22 #sTok23"/>
		<!---uːl-->
		<mark id="sSpan849" xlink:href="#sTok23"/>
		<!--Etymology 1-->
		<mark id="sSpan850" xlink:href="#sTok24 #sTok25"/>
		<!--Etymology 1-->
		<mark id="sSpan851" xlink:href="#sTok24 #sTok25"/>
		<!--From Middle English scole , schole ( “ group of persons , multitude , host , school of fish ” ) , from Middle Dutch scole ( “ multitude , troop of people , swarm of animals ” ) , from Old Dutch *scola , *skola ( “ troop , multitude ” ) , from Proto-Germanic *skulō ( “ crowd ” ) , from Proto-Indo-European *(s)kʷel- ( “ crowd , people ” ) .-->
		<mark id="sSpan852" xlink:href="#sTok26 #sTok27 #sTok28 #sTok29 #sTok30 #sTok31 #sTok32 #sTok33 #sTok34 #sTok35 #sTok36 #sTok37 #sTok38 #sTok39 #sTok40 #sTok41 #sTok42 #sTok43 #sTok44 #sTok45 #sTok46 #sTok47 #sTok48 #sTok49 #sTok50 #sTok51 #sTok52 #sTok53 #sTok54 #sTok55 #sTok56 #sTok57 #sTok58 #sTok59 #sTok60 #sTok61 #sTok62 #sTok63 #sTok64 #sTok65 #sTok66 #sTok67 #sTok68 #sTok69 #sTok70 #sTok71 #sTok72 #sTok73 #sTok74 #sTok75 #sTok76 #sTok77 #sTok78 #sTok79 #sTok80 #sTok81 #sTok82 #sTok83 #sTok84 #sTok85 #sTok86 #sTok87 #sTok88 #sTok89 #sTok90 #sTok91 #sTok92 #sTok93 #sTok94 #sTok95 #sTok96 #sTok97 #sTok98 #sTok99"/>
		<!--From Middle English scole , schole ( “ group of persons , multitude , host , school of fish ” ) , from Middle Dutch scole ( “ multitude , troop of people , swarm of animals ” ) , from Old Dutch *scola , *skola ( “ troop , multitude ” ) , from Proto-Germanic *skulō ( “ crowd ” ) , from Proto-Indo-European *(s)kʷel- ( “ crowd , people ” ) . Cognate with Middle Low German schōle ( “ multitude , troop ” ) , Old English scolu ( “ troop or band of people , host , multitude , school of fish ” ) . Doublet of shoal .-->
		<mark id="sSpan853" xlink:href="#sTok26 #sTok27 #sTok28 #sTok29 #sTok30 #sTok31 #sTok32 #sTok33 #sTok34 #sTok35 #sTok36 #sTok37 #sTok38 #sTok39 #sTok40 #sTok41 #sTok42 #sTok43 #sTok44 #sTok45 #sTok46 #sTok47 #sTok48 #sTok49 #sTok50 #sTok51 #sTok52 #sTok53 #sTok54 #sTok55 #sTok56 #sTok57 #sTok58 #sTok59 #sTok60 #sTok61 #sTok62 #sTok63 #sTok64 #sTok65 #sTok66 #sTok67 #sTok68 #sTok69 #sTok70 #sTok71 #sTok72 #sTok73 #sTok74 #sTok75 #sTok76 #sTok77 #sTok78 #sTok79 #sTok80 #sTok81 #sTok82 #sTok83 #sTok84 #sTok85 #sTok86 #sTok87 #sTok88 #sTok89 #sTok90 #sTok91 #sTok92 #sTok93 #sTok94 #sTok95 #sTok96 #sTok97 #sTok98 #sTok99 #sTok100 #sTok101 #sTok102 #sTok103 #sTok104 #sTok105 #sTok106 #sTok107 #sTok108 #sTok109 #sTok110 #sTok111 #sTok112 #sTok113 #sTok114 #sTok115 #sTok116 #sTok117 #sTok118 #sTok119 #sTok120 #sTok121 #sTok122 #sTok123 #sTok124 #sTok125 #sTok126 #sTok127 #sTok128 #sTok129 #sTok130 #sTok131 #sTok132 #sTok133 #sTok134 #sTok135 #sTok136 #sTok137 #sTok138"/>
		<!--Middle English-->
		<mark id="sSpan854" xlink:href="#sTok27 #sTok28"/>
		<!--scole-->
		<mark id="sSpan855" xlink:href="#sTok29"/>
		<!--schole-->
		<mark id="sSpan856" xlink:href="#sTok31"/>
		<!--Middle Dutch-->
		<mark id="sSpan857" xlink:href="#sTok49 #sTok50"/>
		<!--scole-->
		<mark id="sSpan858" xlink:href="#sTok51"/>
		<!--Old Dutch-->
		<mark id="sSpan859" xlink:href="#sTok67 #sTok68"/>
		<!--*scola-->
		<mark id="sSpan860" xlink:href="#sTok69"/>
		<!--*skola-->
		<mark id="sSpan861" xlink:href="#sTok71"/>
		<!--Proto-Germanic-->
		<mark id="sSpan862" xlink:href="#sTok81"/>
		<!--*skulō-->
		<mark id="sSpan863" xlink:href="#sTok82"/>
		<!--Proto-Indo-European-->
		<mark id="sSpan864" xlink:href="#sTok90"/>
		<!--*(s)kʷel- -->
		<mark id="sSpan865" xlink:href="#sTok91"/>
		<!--Cognate with Middle Low German schōle ( “ multitude , troop ” ) , Old English scolu ( “ troop or band of people , host , multitude , school of fish ” ) . Doublet of shoal .-->
		<mark id="sSpan866" xlink:href="#sTok100 #sTok101 #sTok102 #sTok103 #sTok104 #sTok105 #sTok106 #sTok107 #sTok108 #sTok109 #sTok110 #sTok111 #sTok112 #sTok113 #sTok114 #sTok115 #sTok116 #sTok117 #sTok118 #sTok119 #sTok120 #sTok121 #sTok122 #sTok123 #sTok124 #sTok125 #sTok126 #sTok127 #sTok128 #sTok129 #sTok130 #sTok131 #sTok132 #sTok133 #sTok134 #sTok135 #sTok136 #sTok137 #sTok138"/>
		<!--Middle Low German-->
		<mark id="sSpan867" xlink:href="#sTok102 #sTok103 #sTok104"/>
		<!--schōle-->
		<mark id="sSpan868" xlink:href="#sTok105"/>
		<!--Old English-->
		<mark id="sSpan869" xlink:href="#sTok114 #sTok115"/>
		<!--scolu-->
		<mark id="sSpan870" xlink:href="#sTok116"/>
		<!--Doublet-->
		<mark id="sSpan871" xlink:href="#sTok135"/>
		<!--shoal-->
		<mark id="sSpan872" xlink:href="#sTok137"/>
		<!--Alternative forms-->
		<mark id="sSpan873" xlink:href="#sTok139 #sTok140"/>
		<!--Alternative forms-->
		<mark id="sSpan874" xlink:href="#sTok139 #sTok140"/>
		<!--skull-->
		<mark id="sSpan875" xlink:href="#sTok141"/>
		<!--skull ( obsolete )-->
		<mark id="sSpan876" xlink:href="#sTok141 #sTok142 #sTok143 #sTok144"/>
		<!--skull ( obsolete )-->
		<mark id="sSpan877" xlink:href="#sTok141 #sTok142 #sTok143 #sTok144"/>
		<!--skull ( obsolete )-->
		<mark id="sSpan878" xlink:href="#sTok141 #sTok142 #sTok143 #sTok144"/>
		<!--obsolete-->
		<mark id="sSpan879" xlink:href="#sTok143"/>
		<!--Noun-->
		<mark id="sSpan880" xlink:href="#sTok145"/>
		<!--Noun-->
		<mark id="sSpan881" xlink:href="#sTok145"/>
		<!--school ( 1 ) of fish .-->
		<mark id="sSpan882" xlink:href="#sTok146 #sTok147 #sTok148 #sTok149 #sTok150 #sTok151 #sTok152"/>
		<!--school ( 1 ) of fish .-->
		<mark id="sSpan883" xlink:href="#sTok146 #sTok147 #sTok148 #sTok149 #sTok150 #sTok151 #sTok152"/>
		<!--school ( 1 ) of fish .-->
		<mark id="sSpan884" xlink:href="#sTok146 #sTok147 #sTok148 #sTok149 #sTok150 #sTok151 #sTok152"/>
		<!--school-->
		<mark id="sSpan885" xlink:href="#sTok153"/>
		<!--school ( plural schools )-->
		<mark id="sSpan886" xlink:href="#sTok153 #sTok154 #sTok155 #sTok156 #sTok157"/>
		<!--plural-->
		<mark id="sSpan887" xlink:href="#sTok155"/>
		<!--schools-->
		<mark id="sSpan888" xlink:href="#sTok156"/>
		<!--( collective ) A group of fish or a group of marine mammals such as porpoises , dolphins , or whales .-->
		<mark id="sSpan889" xlink:href="#sTok158 #sTok159 #sTok160 #sTok161 #sTok162 #sTok163 #sTok164 #sTok165 #sTok166 #sTok167 #sTok168 #sTok169 #sTok170 #sTok171 #sTok172 #sTok173 #sTok174 #sTok175 #sTok176 #sTok177 #sTok178 #sTok179"/>
		<!--( collective ) A group of fish or a group of marine mammals such as porpoises , dolphins , or whales .-->
		<mark id="sSpan890" xlink:href="#sTok158 #sTok159 #sTok160 #sTok161 #sTok162 #sTok163 #sTok164 #sTok165 #sTok166 #sTok167 #sTok168 #sTok169 #sTok170 #sTok171 #sTok172 #sTok173 #sTok174 #sTok175 #sTok176 #sTok177 #sTok178 #sTok179"/>
		<!--( collective ) A group of fish or a group of marine mammals such as porpoises , dolphins , or whales . The divers encountered a huge school of mackerel . A multitude .-->
		<mark id="sSpan891" xlink:href="#sTok158 #sTok159 #sTok160 #sTok161 #sTok162 #sTok163 #sTok164 #sTok165 #sTok166 #sTok167 #sTok168 #sTok169 #sTok170 #sTok171 #sTok172 #sTok173 #sTok174 #sTok175 #sTok176 #sTok177 #sTok178 #sTok179 #sTok180 #sTok181 #sTok182 #sTok183 #sTok184 #sTok185 #sTok186 #sTok187 #sTok188 #sTok189 #sTok190 #sTok191"/>
		<!--collective-->
		<mark id="sSpan892" xlink:href="#sTok159"/>
		<!--fish-->
		<mark id="sSpan893" xlink:href="#sTok164"/>
		<!--marine-->
		<mark id="sSpan894" xlink:href="#sTok169"/>
		<!--mammals-->
		<mark id="sSpan895" xlink:href="#sTok170"/>
		<!--porpoises-->
		<mark id="sSpan896" xlink:href="#sTok173"/>
		<!--dolphins-->
		<mark id="sSpan897" xlink:href="#sTok175"/>
		<!--whales-->
		<mark id="sSpan898" xlink:href="#sTok178"/>
		<!--The divers encountered a huge school of mackerel .-->
		<mark id="sSpan899" xlink:href="#sTok180 #sTok181 #sTok182 #sTok183 #sTok184 #sTok185 #sTok186 #sTok187 #sTok188"/>
		<!--The divers encountered a huge school of mackerel .-->
		<mark id="sSpan900" xlink:href="#sTok180 #sTok181 #sTok182 #sTok183 #sTok184 #sTok185 #sTok186 #sTok187 #sTok188"/>
		<!--A multitude .-->
		<mark id="sSpan901" xlink:href="#sTok189 #sTok190 #sTok191"/>
		<!--A multitude .-->
		<mark id="sSpan902" xlink:href="#sTok189 #sTok190 #sTok191"/>
		<!--multitude-->
		<mark id="sSpan903" xlink:href="#sTok190"/>
		<!--Synonyms-->
		<mark id="sSpan904" xlink:href="#sTok192"/>
		<!--Synonyms-->
		<mark id="sSpan905" xlink:href="#sTok192"/>
		<!--( fish ) : shoal-->
		<mark id="sSpan906" xlink:href="#sTok193 #sTok194 #sTok195 #sTok196 #sTok197"/>
		<!--( fish ) : shoal-->
		<mark id="sSpan907" xlink:href="#sTok193 #sTok194 #sTok195 #sTok196 #sTok197"/>
		<!--( fish ) : shoal-->
		<mark id="sSpan908" xlink:href="#sTok193 #sTok194 #sTok195 #sTok196 #sTok197"/>
		<!--fish-->
		<mark id="sSpan909" xlink:href="#sTok194"/>
		<!--shoal-->
		<mark id="sSpan910" xlink:href="#sTok197"/>
		<!--Verb-->
		<mark id="sSpan911" xlink:href="#sTok198"/>
		<!--Verb-->
		<mark id="sSpan912" xlink:href="#sTok198"/>
		<!--school-->
		<mark id="sSpan913" xlink:href="#sTok199"/>
		<!--school ( third - person singular simple present schools , present participle schooling , simple past and past participle schooled )-->
		<mark id="sSpan914" xlink:href="#sTok199 #sTok200 #sTok201 #sTok202 #sTok203 #sTok204 #sTok205 #sTok206 #sTok207 #sTok208 #sTok209 #sTok210 #sTok211 #sTok212 #sTok213 #sTok214 #sTok215 #sTok216 #sTok217 #sTok218 #sTok219"/>
		<!--third - person-->
		<mark id="sSpan915" xlink:href="#sTok201 #sTok202 #sTok203"/>
		<!--third - person singular simple present-->
		<mark id="sSpan916" xlink:href="#sTok201 #sTok202 #sTok203 #sTok204 #sTok205 #sTok206"/>
		<!--schools-->
		<mark id="sSpan917" xlink:href="#sTok207"/>
		<!--present participle-->
		<mark id="sSpan918" xlink:href="#sTok209 #sTok210"/>
		<!--schooling-->
		<mark id="sSpan919" xlink:href="#sTok211"/>
		<!--simple past and past participle-->
		<mark id="sSpan920" xlink:href="#sTok213 #sTok214 #sTok215 #sTok216 #sTok217"/>
		<!--schooled-->
		<mark id="sSpan921" xlink:href="#sTok218"/>
		<!--( intransitive ) ( of fish ) To form into , or travel in a school .-->
		<mark id="sSpan922" xlink:href="#sTok220 #sTok221 #sTok222 #sTok223 #sTok224 #sTok225 #sTok226 #sTok227 #sTok228 #sTok229 #sTok230 #sTok231 #sTok232 #sTok233 #sTok234 #sTok235 #sTok236"/>
		<!--( intransitive ) ( of fish ) To form into , or travel in a school .-->
		<mark id="sSpan923" xlink:href="#sTok220 #sTok221 #sTok222 #sTok223 #sTok224 #sTok225 #sTok226 #sTok227 #sTok228 #sTok229 #sTok230 #sTok231 #sTok232 #sTok233 #sTok234 #sTok235 #sTok236"/>
		<!--( intransitive ) ( of fish ) To form into , or travel in a school .-->
		<mark id="sSpan924" xlink:href="#sTok220 #sTok221 #sTok222 #sTok223 #sTok224 #sTok225 #sTok226 #sTok227 #sTok228 #sTok229 #sTok230 #sTok231 #sTok232 #sTok233 #sTok234 #sTok235 #sTok236"/>
		<!--intransitive-->
		<mark id="sSpan925" xlink:href="#sTok221"/>
		<!--intransitive-->
		<mark id="sSpan926" xlink:href="#sTok221"/>
		<!--fish-->
		<mark id="sSpan927" xlink:href="#sTok225"/>
		<!--form-->
		<mark id="sSpan928" xlink:href="#sTok228"/>
		<!--travel-->
		<mark id="sSpan929" xlink:href="#sTok232"/>
		<!--Etymology 2-->
		<mark id="sSpan930" xlink:href="#sTok237 #sTok238"/>
		<!--Etymology 2-->
		<mark id="sSpan931" xlink:href="#sTok237 #sTok238"/>
		<!--Elementary school-->
		<mark id="sSpan932" xlink:href="#sTok239 #sTok240"/>
		<!--Elementary school-->
		<mark id="sSpan933" xlink:href="#sTok239 #sTok240"/>
		<!--Elementary school-->
		<mark id="sSpan934" xlink:href="#sTok239 #sTok240"/>
		<!--From Middle English scole , from Old English scōl ( “ place of education ” ) , from Proto-Germanic *skōla ( “ school ” ) , from Late Latin schola , scola ( “ learned discussion or dissertation , lecture , school ” ) , from Ancient Greek σχολεῖον ( skholeîon ) , from σχολή ( skholḗ , “ spare time , leisure ; conversations and the knowledge gained through them during free time ; the places where these conversations took place ” ) , from Proto-Indo-European *seǵʰ- ( “ to hold , have , possess ” ) .-->
		<mark id="sSpan935" xlink:href="#sTok241 #sTok242 #sTok243 #sTok244 #sTok245 #sTok246 #sTok247 #sTok248 #sTok249 #sTok250 #sTok251 #sTok252 #sTok253 #sTok254 #sTok255 #sTok256 #sTok257 #sTok258 #sTok259 #sTok260 #sTok261 #sTok262 #sTok263 #sTok264 #sTok265 #sTok266 #sTok267 #sTok268 #sTok269 #sTok270 #sTok271 #sTok272 #sTok273 #sTok274 #sTok275 #sTok276 #sTok277 #sTok278 #sTok279 #sTok280 #sTok281 #sTok282 #sTok283 #sTok284 #sTok285 #sTok286 #sTok287 #sTok288 #sTok289 #sTok290 #sTok291 #sTok292 #sTok293 #sTok294 #sTok295 #sTok296 #sTok297 #sTok298 #sTok299 #sTok300 #sTok301 #sTok302 #sTok303 #sTok304 #sTok305 #sTok306 #sTok307 #sTok308 #sTok309 #sTok310 #sTok311 #sTok312 #sTok313 #sTok314 #sTok315 #sTok316 #sTok317 #sTok318 #sTok319 #sTok320 #sTok321 #sTok322 #sTok323 #sTok324 #sTok325 #sTok326 #sTok327 #sTok328 #sTok329 #sTok330 #sTok331 #sTok332 #sTok333 #sTok334 #sTok335 #sTok336 #sTok337 #sTok338 #sTok339"/>
		<!--Middle English-->
		<mark id="sSpan936" xlink:href="#sTok242 #sTok243"/>
		<!--scole-->
		<mark id="sSpan937" xlink:href="#sTok244"/>
		<!--Old English-->
		<mark id="sSpan938" xlink:href="#sTok247 #sTok248"/>
		<!--scōl-->
		<mark id="sSpan939" xlink:href="#sTok249"/>
		<!--Proto-Germanic-->
		<mark id="sSpan940" xlink:href="#sTok259"/>
		<!--*skōla-->
		<mark id="sSpan941" xlink:href="#sTok260"/>
		<!--Late Latin-->
		<mark id="sSpan942" xlink:href="#sTok268 #sTok269"/>
		<!--schola-->
		<mark id="sSpan943" xlink:href="#sTok270"/>
		<!--scola-->
		<mark id="sSpan944" xlink:href="#sTok272"/>
		<!--Ancient Greek-->
		<mark id="sSpan945" xlink:href="#sTok287 #sTok288"/>
		<!--σχολεῖον-->
		<mark id="sSpan946" xlink:href="#sTok289"/>
		<!--σχολή-->
		<mark id="sSpan947" xlink:href="#sTok295"/>
		<!--Proto-Indo-European-->
		<mark id="sSpan948" xlink:href="#sTok327"/>
		<!--*seǵʰ- -->
		<mark id="sSpan949" xlink:href="#sTok328"/>
		<!--Doublet-->
		<mark id="sSpan950" xlink:href="#sTok340"/>
		<!--Doublet of schola and shul .-->
		<mark id="sSpan951" xlink:href="#sTok340 #sTok341 #sTok342 #sTok343 #sTok344 #sTok345"/>
		<!--schola-->
		<mark id="sSpan952" xlink:href="#sTok342"/>
		<!--shul-->
		<mark id="sSpan953" xlink:href="#sTok344"/>
		<!--Compare Old Frisian skūle , schūle ( “ school ” ) ( West Frisian skoalle , Saterland Frisian Skoule ) , Dutch school ( “ school ” ) , German Low German School ( “ school ” ) , Old High German scuola ( “ school ” ) , Old Norse skóli ( “ school ” ) .-->
		<mark id="sSpan954" xlink:href="#sTok346 #sTok347 #sTok348 #sTok349 #sTok350 #sTok351 #sTok352 #sTok353 #sTok354 #sTok355 #sTok356 #sTok357 #sTok358 #sTok359 #sTok360 #sTok361 #sTok362 #sTok363 #sTok364 #sTok365 #sTok366 #sTok367 #sTok368 #sTok369 #sTok370 #sTok371 #sTok372 #sTok373 #sTok374 #sTok375 #sTok376 #sTok377 #sTok378 #sTok379 #sTok380 #sTok381 #sTok382 #sTok383 #sTok384 #sTok385 #sTok386 #sTok387 #sTok388 #sTok389 #sTok390 #sTok391 #sTok392 #sTok393 #sTok394 #sTok395 #sTok396 #sTok397 #sTok398 #sTok399 #sTok400 #sTok401 #sTok402 #sTok403"/>
		<!--Old Frisian-->
		<mark id="sSpan955" xlink:href="#sTok347 #sTok348"/>
		<!--skūle-->
		<mark id="sSpan956" xlink:href="#sTok349"/>
		<!--schūle-->
		<mark id="sSpan957" xlink:href="#sTok351"/>
		<!--West Frisian-->
		<mark id="sSpan958" xlink:href="#sTok358 #sTok359"/>
		<!--skoalle-->
		<mark id="sSpan959" xlink:href="#sTok360"/>
		<!--Saterland Frisian-->
		<mark id="sSpan960" xlink:href="#sTok362 #sTok363"/>
		<!--Skoule-->
		<mark id="sSpan961" xlink:href="#sTok364"/>
		<!--Dutch-->
		<mark id="sSpan962" xlink:href="#sTok367"/>
		<!--school-->
		<mark id="sSpan963" xlink:href="#sTok368"/>
		<!--German Low German-->
		<mark id="sSpan964" xlink:href="#sTok375 #sTok376 #sTok377"/>
		<!--School-->
		<mark id="sSpan965" xlink:href="#sTok378"/>
		<!--Old High German-->
		<mark id="sSpan966" xlink:href="#sTok385 #sTok386 #sTok387"/>
		<!--scuola-->
		<mark id="sSpan967" xlink:href="#sTok388"/>
		<!--Old Norse-->
		<mark id="sSpan968" xlink:href="#sTok395 #sTok396"/>
		<!--skóli-->
		<mark id="sSpan969" xlink:href="#sTok397"/>
		<!--Influenced in some senses by Middle English schole ( “ group of persons , host , company ” ) , from Middle Dutch scole ( “ multitude , troop , band ” ) .-->
		<mark id="sSpan970" xlink:href="#sTok404 #sTok405 #sTok406 #sTok407 #sTok408 #sTok409 #sTok410 #sTok411 #sTok412 #sTok413 #sTok414 #sTok415 #sTok416 #sTok417 #sTok418 #sTok419 #sTok420 #sTok421 #sTok422 #sTok423 #sTok424 #sTok425 #sTok426 #sTok427 #sTok428 #sTok429 #sTok430 #sTok431 #sTok432 #sTok433 #sTok434 #sTok435 #sTok436 #sTok437"/>
		<!--schole-->
		<mark id="sSpan971" xlink:href="#sTok411"/>
		<!--Middle Dutch-->
		<mark id="sSpan972" xlink:href="#sTok425 #sTok426"/>
		<!--scole-->
		<mark id="sSpan973" xlink:href="#sTok427"/>
		<!--See school 1 .-->
		<mark id="sSpan974" xlink:href="#sTok438 #sTok439 #sTok440 #sTok441"/>
		<!--school 1-->
		<mark id="sSpan975" xlink:href="#sTok439 #sTok440"/>
		<!--school 1-->
		<mark id="sSpan976" xlink:href="#sTok439 #sTok440"/>
		<!--Related also to Old High German sigi ( German Sieg , “ victory ” ) , Old English siġe , sigor ( “ victory ” ) .-->
		<mark id="sSpan977" xlink:href="#sTok442 #sTok443 #sTok444 #sTok445 #sTok446 #sTok447 #sTok448 #sTok449 #sTok450 #sTok451 #sTok452 #sTok453 #sTok454 #sTok455 #sTok456 #sTok457 #sTok458 #sTok459 #sTok460 #sTok461 #sTok462 #sTok463 #sTok464 #sTok465 #sTok466 #sTok467 #sTok468"/>
		<!--Old High German-->
		<mark id="sSpan978" xlink:href="#sTok445 #sTok446 #sTok447"/>
		<!--sigi-->
		<mark id="sSpan979" xlink:href="#sTok448"/>
		<!--German-->
		<mark id="sSpan980" xlink:href="#sTok450"/>
		<!--Sieg-->
		<mark id="sSpan981" xlink:href="#sTok451"/>
		<!--Old English-->
		<mark id="sSpan982" xlink:href="#sTok458 #sTok459"/>
		<!--siġe-->
		<mark id="sSpan983" xlink:href="#sTok460"/>
		<!--sigor-->
		<mark id="sSpan984" xlink:href="#sTok462"/>
		<!--Alternative forms-->
		<mark id="sSpan985" xlink:href="#sTok469 #sTok470"/>
		<!--Alternative forms-->
		<mark id="sSpan986" xlink:href="#sTok469 #sTok470"/>
		<!--schole-->
		<mark id="sSpan987" xlink:href="#sTok471"/>
		<!--schole ( obsolete )-->
		<mark id="sSpan988" xlink:href="#sTok471 #sTok472 #sTok473 #sTok474"/>
		<!--obsolete-->
		<mark id="sSpan989" xlink:href="#sTok473"/>
		<!--Noun-->
		<mark id="sSpan990" xlink:href="#sTok475"/>
		<!--Noun-->
		<mark id="sSpan991" xlink:href="#sTok475"/>
		<!--school ( countable and uncountable , plural schools )-->
		<mark id="sSpan992" xlink:href="#sTok476 #sTok477 #sTok478 #sTok479 #sTok480 #sTok481 #sTok482 #sTok483 #sTok484"/>
		<!--countable-->
		<mark id="sSpan993" xlink:href="#sTok478"/>
		<!--uncountable-->
		<mark id="sSpan994" xlink:href="#sTok480"/>
		<!--schools-->
		<mark id="sSpan995" xlink:href="#sTok483"/>
		<!--( US , Canada ) An institution dedicated to teaching and learning ; an educational institution .-->
		<mark id="sSpan996" xlink:href="#sTok485 #sTok486 #sTok487 #sTok488 #sTok489 #sTok490 #sTok491 #sTok492 #sTok493 #sTok494 #sTok495 #sTok496 #sTok497 #sTok498 #sTok499 #sTok500 #sTok501"/>
		<!--( US , Canada ) An institution dedicated to teaching and learning ; an educational institution . Our children attend a public school in our neighborhood . Harvard University is a famous American postsecondary school .-->
		<mark id="sSpan997" xlink:href="#sTok485 #sTok486 #sTok487 #sTok488 #sTok489 #sTok490 #sTok491 #sTok492 #sTok493 #sTok494 #sTok495 #sTok496 #sTok497 #sTok498 #sTok499 #sTok500 #sTok501 #sTok502 #sTok503 #sTok504 #sTok505 #sTok506 #sTok507 #sTok508 #sTok509 #sTok510 #sTok511 #sTok512 #sTok513 #sTok514 #sTok515 #sTok516 #sTok517 #sTok518 #sTok519 #sTok520"/>
		<!--( US , Canada ) An institution dedicated to teaching and learning ; an educational institution . Our children attend a public school in our neighborhood . Harvard University is a famous American postsecondary school . ( Britain ) An educational institution providing primary and secondary education , prior to tertiary education ( college or university ) . ( UK ) At Eton College , a period or session of teaching . Divinity , history and geography are studied for two schools per week . Within a larger educational institution , an organizational unit , such as a department or institute , which is dedicated to a specific subject area . We are enrolled in the same university , but I attend the School of Economics and my brother is in the School of Music . An art movement , a community of artists . The Barbizon school of painters were part of an art movement towards Realism in art , which arose in the context of the dominant Romantic Movement of the time . ( considered collectively ) The followers of a particular doctrine ; a particular way of thinking or particular doctrine ; a school of thought . These economists belong to the monetarist school . The time during which classes are attended or in session in an educational institution . I 'll see you after school . The room or hall in English universities where the examinations for degrees and honours are held . The canons , precepts , or body of opinion or practice , sanctioned by the authority of a particular class or age . He was a gentleman of the old school . An establishment offering specialized instruction , as for driving , cooking , typing , coding , etc.-->
		<mark id="sSpan998" xlink:href="#sTok485 #sTok486 #sTok487 #sTok488 #sTok489 #sTok490 #sTok491 #sTok492 #sTok493 #sTok494 #sTok495 #sTok496 #sTok497 #sTok498 #sTok499 #sTok500 #sTok501 #sTok502 #sTok503 #sTok504 #sTok505 #sTok506 #sTok507 #sTok508 #sTok509 #sTok510 #sTok511 #sTok512 #sTok513 #sTok514 #sTok515 #sTok516 #sTok517 #sTok518 #sTok519 #sTok520 #sTok521 #sTok522 #sTok523 #sTok524 #sTok525 #sTok526 #sTok527 #sTok528 #sTok529 #sTok530 #sTok531 #sTok532 #sTok533 #sTok534 #sTok535 #sTok536 #sTok537 #sTok538 #sTok539 #sTok540 #sTok541 #sTok542 #sTok543 #sTok544 #sTok545 #sTok546 #sTok547 #sTok548 #sTok549 #sTok550 #sTok551 #sTok552 #sTok553 #sTok554 #sTok555 #sTok556 #sTok557 #sTok558 #sTok559 #sTok560 #sTok561 #sTok562 #sTok563 #sTok564 #sTok565 #sTok566 #sTok567 #sTok568 #sTok569 #sTok570 #sTok571 #sTok572 #sTok573 #sTok574 #sTok575 #sTok576 #sTok577 #sTok578 #sTok579 #sTok580 #sTok581 #sTok582 #sTok583 #sTok584 #sTok585 #sTok586 #sTok587 #sTok588 #sTok589 #sTok590 #sTok591 #sTok592 #sTok593 #sTok594 #sTok595 #sTok596 #sTok597 #sTok598 #sTok599 #sTok600 #sTok601 #sTok602 #sTok603 #sTok604 #sTok605 #sTok606 #sTok607 #sTok608 #sTok609 #sTok610 #sTok611 #sTok612 #sTok613 #sTok614 #sTok615 #sTok616 #sTok617 #sTok618 #sTok619 #sTok620 #sTok621 #sTok622 #sTok623 #sTok624 #sTok625 #sTok626 #sTok627 #sTok628 #sTok629 #sTok630 #sTok631 #sTok632 #sTok633 #sTok634 #sTok635 #sTok636 #sTok637 #sTok638 #sTok639 #sTok640 #sTok641 #sTok642 #sTok643 #sTok644 #sTok645 #sTok646 #sTok647 #sTok648 #sTok649 #sTok650 #sTok651 #sTok652 #sTok653 #sTok654 #sTok655 #sTok656 #sTok657 #sTok658 #sTok659 #sTok660 #sTok661 #sTok662 #sTok663 #sTok664 #sTok665 #sTok666 #sTok667 #sTok668 #sTok669 #sTok670 #sTok671 #sTok672 #sTok673 #sTok674 #sTok675 #sTok676 #sTok677 #sTok678 #sTok679 #sTok680 #sTok681 #sTok682 #sTok683 #sTok684 #sTok685 #sTok686 #sTok687 #sTok688 #sTok689 #sTok690 #sTok691 #sTok692 #sTok693 #sTok694 #sTok695 #sTok696 #sTok697 #sTok698 #sTok699 #sTok700 #sTok701 #sTok702 #sTok703 #sTok704 #sTok705 #sTok706 #sTok707 #sTok708 #sTok709 #sTok710 #sTok711 #sTok712 #sTok713 #sTok714 #sTok715 #sTok716 #sTok717 #sTok718 #sTok719 #sTok720 #sTok721 #sTok722 #sTok723 #sTok724 #sTok725 #sTok726 #sTok727 #sTok728 #sTok729 #sTok730 #sTok731 #sTok732 #sTok733 #sTok734 #sTok735 #sTok736 #sTok737 #sTok738 #sTok739 #sTok740 #sTok741 #sTok742 #sTok743 #sTok744 #sTok745 #sTok746 #sTok747 #sTok748 #sTok749 #sTok750 #sTok751 #sTok752 #sTok753 #sTok754 #sTok755 #sTok756 #sTok757 #sTok758 #sTok759 #sTok760 #sTok761 #sTok762 #sTok763 #sTok764 #sTok765 #sTok766 #sTok767 #sTok768 #sTok769 #sTok770 #sTok771 #sTok772 #sTok773 #sTok774 #sTok775 #sTok776 #sTok777 #sTok778 #sTok779 #sTok780"/>
		<!--US-->
		<mark id="sSpan999" xlink:href="#sTok486"/>
		<!--Canada-->
		<mark id="sSpan1000" xlink:href="#sTok488"/>
		<!--institution-->
		<mark id="sSpan1001" xlink:href="#sTok491"/>
		<!--teaching-->
		<mark id="sSpan1002" xlink:href="#sTok494"/>
		<!--learning-->
		<mark id="sSpan1003" xlink:href="#sTok496"/>
		<!--educational-->
		<mark id="sSpan1004" xlink:href="#sTok499"/>
		<!--Our children attend a public school in our neighborhood .-->
		<mark id="sSpan1005" xlink:href="#sTok502 #sTok503 #sTok504 #sTok505 #sTok506 #sTok507 #sTok508 #sTok509 #sTok510 #sTok511"/>
		<!--Harvard University is a famous American postsecondary school .-->
		<mark id="sSpan1006" xlink:href="#sTok512 #sTok513 #sTok514 #sTok515 #sTok516 #sTok517 #sTok518 #sTok519 #sTok520"/>
		<!--( Britain ) An educational institution providing primary and secondary education , prior to tertiary education ( college or university ) .-->
		<mark id="sSpan1007" xlink:href="#sTok521 #sTok522 #sTok523 #sTok524 #sTok525 #sTok526 #sTok527 #sTok528 #sTok529 #sTok530 #sTok531 #sTok532 #sTok533 #sTok534 #sTok535 #sTok536 #sTok537 #sTok538 #sTok539 #sTok540 #sTok541 #sTok542"/>
		<!--( Britain ) An educational institution providing primary and secondary education , prior to tertiary education ( college or university ) .-->
		<mark id="sSpan1008" xlink:href="#sTok521 #sTok522 #sTok523 #sTok524 #sTok525 #sTok526 #sTok527 #sTok528 #sTok529 #sTok530 #sTok531 #sTok532 #sTok533 #sTok534 #sTok535 #sTok536 #sTok537 #sTok538 #sTok539 #sTok540 #sTok541 #sTok542"/>
		<!--Britain-->
		<mark id="sSpan1009" xlink:href="#sTok522"/>
		<!--educational institution-->
		<mark id="sSpan1010" xlink:href="#sTok525 #sTok526"/>
		<!--primary-->
		<mark id="sSpan1011" xlink:href="#sTok528"/>
		<!--secondary education-->
		<mark id="sSpan1012" xlink:href="#sTok530 #sTok531"/>
		<!--tertiary education-->
		<mark id="sSpan1013" xlink:href="#sTok535 #sTok536"/>
		<!--college-->
		<mark id="sSpan1014" xlink:href="#sTok538"/>
		<!--university-->
		<mark id="sSpan1015" xlink:href="#sTok540"/>
		<!--( UK ) At Eton College , a period or session of teaching .-->
		<mark id="sSpan1016" xlink:href="#sTok543 #sTok544 #sTok545 #sTok546 #sTok547 #sTok548 #sTok549 #sTok550 #sTok551 #sTok552 #sTok553 #sTok554 #sTok555 #sTok556"/>
		<!--( UK ) At Eton College , a period or session of teaching . Divinity , history and geography are studied for two schools per week .-->
		<mark id="sSpan1017" xlink:href="#sTok543 #sTok544 #sTok545 #sTok546 #sTok547 #sTok548 #sTok549 #sTok550 #sTok551 #sTok552 #sTok553 #sTok554 #sTok555 #sTok556 #sTok557 #sTok558 #sTok559 #sTok560 #sTok561 #sTok562 #sTok563 #sTok564 #sTok565 #sTok566 #sTok567 #sTok568 #sTok569"/>
		<!--UK-->
		<mark id="sSpan1018" xlink:href="#sTok544"/>
		<!--Eton College-->
		<mark id="sSpan1019" xlink:href="#sTok547 #sTok548"/>
		<!--period-->
		<mark id="sSpan1020" xlink:href="#sTok551"/>
		<!--Divinity , history and geography are studied for two schools per week .-->
		<mark id="sSpan1021" xlink:href="#sTok557 #sTok558 #sTok559 #sTok560 #sTok561 #sTok562 #sTok563 #sTok564 #sTok565 #sTok566 #sTok567 #sTok568 #sTok569"/>
		<!--Within a larger educational institution , an organizational unit , such as a department or institute , which is dedicated to a specific subject area .-->
		<mark id="sSpan1022" xlink:href="#sTok570 #sTok571 #sTok572 #sTok573 #sTok574 #sTok575 #sTok576 #sTok577 #sTok578 #sTok579 #sTok580 #sTok581 #sTok582 #sTok583 #sTok584 #sTok585 #sTok586 #sTok587 #sTok588 #sTok589 #sTok590 #sTok591 #sTok592 #sTok593 #sTok594 #sTok595"/>
		<!--Within a larger educational institution , an organizational unit , such as a department or institute , which is dedicated to a specific subject area . We are enrolled in the same university , but I attend the School of Economics and my brother is in the School of Music .-->
		<mark id="sSpan1023" xlink:href="#sTok570 #sTok571 #sTok572 #sTok573 #sTok574 #sTok575 #sTok576 #sTok577 #sTok578 #sTok579 #sTok580 #sTok581 #sTok582 #sTok583 #sTok584 #sTok585 #sTok586 #sTok587 #sTok588 #sTok589 #sTok590 #sTok591 #sTok592 #sTok593 #sTok594 #sTok595 #sTok596 #sTok597 #sTok598 #sTok599 #sTok600 #sTok601 #sTok602 #sTok603 #sTok604 #sTok605 #sTok606 #sTok607 #sTok608 #sTok609 #sTok610 #sTok611 #sTok612 #sTok613 #sTok614 #sTok615 #sTok616 #sTok617 #sTok618 #sTok619 #sTok620"/>
		<!--department-->
		<mark id="sSpan1024" xlink:href="#sTok583"/>
		<!--institute-->
		<mark id="sSpan1025" xlink:href="#sTok585"/>
		<!--We are enrolled in the same university , but I attend the School of Economics and my brother is in the School of Music .-->
		<mark id="sSpan1026" xlink:href="#sTok596 #sTok597 #sTok598 #sTok599 #sTok600 #sTok601 #sTok602 #sTok603 #sTok604 #sTok605 #sTok606 #sTok607 #sTok608 #sTok609 #sTok610 #sTok611 #sTok612 #sTok613 #sTok614 #sTok615 #sTok616 #sTok617 #sTok618 #sTok619 #sTok620"/>
		<!--An art movement , a community of artists .-->
		<mark id="sSpan1027" xlink:href="#sTok621 #sTok622 #sTok623 #sTok624 #sTok625 #sTok626 #sTok627 #sTok628 #sTok629"/>
		<!--An art movement , a community of artists . The Barbizon school of painters were part of an art movement towards Realism in art , which arose in the context of the dominant Romantic Movement of the time .-->
		<mark id="sSpan1028" xlink:href="#sTok621 #sTok622 #sTok623 #sTok624 #sTok625 #sTok626 #sTok627 #sTok628 #sTok629 #sTok630 #sTok631 #sTok632 #sTok633 #sTok634 #sTok635 #sTok636 #sTok637 #sTok638 #sTok639 #sTok640 #sTok641 #sTok642 #sTok643 #sTok644 #sTok645 #sTok646 #sTok647 #sTok648 #sTok649 #sTok650 #sTok651 #sTok652 #sTok653 #sTok654 #sTok655 #sTok656 #sTok657 #sTok658 #sTok659"/>
		<!--art movement-->
		<mark id="sSpan1029" xlink:href="#sTok622 #sTok623"/>
		<!--The Barbizon school of painters were part of an art movement towards Realism in art , which arose in the context of the dominant Romantic Movement of the time .-->
		<mark id="sSpan1030" xlink:href="#sTok630 #sTok631 #sTok632 #sTok633 #sTok634 #sTok635 #sTok636 #sTok637 #sTok638 #sTok639 #sTok640 #sTok641 #sTok642 #sTok643 #sTok644 #sTok645 #sTok646 #sTok647 #sTok648 #sTok649 #sTok650 #sTok651 #sTok652 #sTok653 #sTok654 #sTok655 #sTok656 #sTok657 #sTok658 #sTok659"/>
		<!--( considered collectively ) The followers of a particular doctrine ; a particular way of thinking or particular doctrine ; a school of thought .-->
		<mark id="sSpan1031" xlink:href="#sTok660 #sTok661 #sTok662 #sTok663 #sTok664 #sTok665 #sTok666 #sTok667 #sTok668 #sTok669 #sTok670 #sTok671 #sTok672 #sTok673 #sTok674 #sTok675 #sTok676 #sTok677 #sTok678 #sTok679 #sTok680 #sTok681 #sTok682 #sTok683 #sTok684"/>
		<!--( considered collectively ) The followers of a particular doctrine ; a particular way of thinking or particular doctrine ; a school of thought . These economists belong to the monetarist school .-->
		<mark id="sSpan1032" xlink:href="#sTok660 #sTok661 #sTok662 #sTok663 #sTok664 #sTok665 #sTok666 #sTok667 #sTok668 #sTok669 #sTok670 #sTok671 #sTok672 #sTok673 #sTok674 #sTok675 #sTok676 #sTok677 #sTok678 #sTok679 #sTok680 #sTok681 #sTok682 #sTok683 #sTok684 #sTok685 #sTok686 #sTok687 #sTok688 #sTok689 #sTok690 #sTok691 #sTok692"/>
		<!--school of thought-->
		<mark id="sSpan1033" xlink:href="#sTok681 #sTok682 #sTok683"/>
		<!--These economists belong to the monetarist school .-->
		<mark id="sSpan1034" xlink:href="#sTok685 #sTok686 #sTok687 #sTok688 #sTok689 #sTok690 #sTok691 #sTok692"/>
		<!--The time during which classes are attended or in session in an educational institution .-->
		<mark id="sSpan1035" xlink:href="#sTok693 #sTok694 #sTok695 #sTok696 #sTok697 #sTok698 #sTok699 #sTok700 #sTok701 #sTok702 #sTok703 #sTok704 #sTok705 #sTok706 #sTok707"/>
		<!--The time during which classes are attended or in session in an educational institution . I 'll see you after school .-->
		<mark id="sSpan1036" xlink:href="#sTok693 #sTok694 #sTok695 #sTok696 #sTok697 #sTok698 #sTok699 #sTok700 #sTok701 #sTok702 #sTok703 #sTok704 #sTok705 #sTok706 #sTok707 #sTok708 #sTok709 #sTok710 #sTok711 #sTok712 #sTok713 #sTok714"/>
		<!--I 'll see you after school .-->
		<mark id="sSpan1037" xlink:href="#sTok708 #sTok709 #sTok710 #sTok711 #sTok712 #sTok713 #sTok714"/>
		<!--The room or hall in English universities where the examinations for degrees and honours are held .-->
		<mark id="sSpan1038" xlink:href="#sTok715 #sTok716 #sTok717 #sTok718 #sTok719 #sTok720 #sTok721 #sTok722 #sTok723 #sTok724 #sTok725 #sTok726 #sTok727 #sTok728 #sTok729 #sTok730 #sTok731"/>
		<!--The room or hall in English universities where the examinations for degrees and honours are held .-->
		<mark id="sSpan1039" xlink:href="#sTok715 #sTok716 #sTok717 #sTok718 #sTok719 #sTok720 #sTok721 #sTok722 #sTok723 #sTok724 #sTok725 #sTok726 #sTok727 #sTok728 #sTok729 #sTok730 #sTok731"/>
		<!--The canons , precepts , or body of opinion or practice , sanctioned by the authority of a particular class or age .-->
		<mark id="sSpan1040" xlink:href="#sTok732 #sTok733 #sTok734 #sTok735 #sTok736 #sTok737 #sTok738 #sTok739 #sTok740 #sTok741 #sTok742 #sTok743 #sTok744 #sTok745 #sTok746 #sTok747 #sTok748 #sTok749 #sTok750 #sTok751 #sTok752 #sTok753 #sTok754"/>
		<!--The canons , precepts , or body of opinion or practice , sanctioned by the authority of a particular class or age . He was a gentleman of the old school .-->
		<mark id="sSpan1041" xlink:href="#sTok732 #sTok733 #sTok734 #sTok735 #sTok736 #sTok737 #sTok738 #sTok739 #sTok740 #sTok741 #sTok742 #sTok743 #sTok744 #sTok745 #sTok746 #sTok747 #sTok748 #sTok749 #sTok750 #sTok751 #sTok752 #sTok753 #sTok754 #sTok755 #sTok756 #sTok757 #sTok758 #sTok759 #sTok760 #sTok761 #sTok762 #sTok763"/>
		<!--He was a gentleman of the old school .-->
		<mark id="sSpan1042" xlink:href="#sTok755 #sTok756 #sTok757 #sTok758 #sTok759 #sTok760 #sTok761 #sTok762 #sTok763"/>
		<!--An establishment offering specialized instruction , as for driving , cooking , typing , coding , etc.-->
		<mark id="sSpan1043" xlink:href="#sTok764 #sTok765 #sTok766 #sTok767 #sTok768 #sTok769 #sTok770 #sTok771 #sTok772 #sTok773 #sTok774 #sTok775 #sTok776 #sTok777 #sTok778 #sTok779 #sTok780"/>
		<!--An establishment offering specialized instruction , as for driving , cooking , typing , coding , etc.-->
		<mark id="sSpan1044" xlink:href="#sTok764 #sTok765 #sTok766 #sTok767 #sTok768 #sTok769 #sTok770 #sTok771 #sTok772 #sTok773 #sTok774 #sTok775 #sTok776 #sTok777 #sTok778 #sTok779 #sTok780"/>
		<!--Synonyms-->
		<mark id="sSpan1045" xlink:href="#sTok781"/>
		<!--Synonyms-->
		<mark id="sSpan1046" xlink:href="#sTok781"/>
		<!--( institution dedicated to teaching and learning ) : academy , college , university-->
		<mark id="sSpan1047" xlink:href="#sTok782 #sTok783 #sTok784 #sTok785 #sTok786 #sTok787 #sTok788 #sTok789 #sTok790 #sTok791 #sTok792 #sTok793 #sTok794 #sTok795"/>
		<!--( institution dedicated to teaching and learning ) : academy , college , university-->
		<mark id="sSpan1048" xlink:href="#sTok782 #sTok783 #sTok784 #sTok785 #sTok786 #sTok787 #sTok788 #sTok789 #sTok790 #sTok791 #sTok792 #sTok793 #sTok794 #sTok795"/>
		<!--( institution dedicated to teaching and learning ) : academy , college , university ( organizational unity within an educational institution ) : college , department , faculty , institute-->
		<mark id="sSpan1049" xlink:href="#sTok782 #sTok783 #sTok784 #sTok785 #sTok786 #sTok787 #sTok788 #sTok789 #sTok790 #sTok791 #sTok792 #sTok793 #sTok794 #sTok795 #sTok796 #sTok797 #sTok798 #sTok799 #sTok800 #sTok801 #sTok802 #sTok803 #sTok804 #sTok805 #sTok806 #sTok807 #sTok808 #sTok809 #sTok810 #sTok811"/>
		<!--academy-->
		<mark id="sSpan1050" xlink:href="#sTok791"/>
		<!--college-->
		<mark id="sSpan1051" xlink:href="#sTok793"/>
		<!--university-->
		<mark id="sSpan1052" xlink:href="#sTok795"/>
		<!--( organizational unity within an educational institution ) : college , department , faculty , institute-->
		<mark id="sSpan1053" xlink:href="#sTok796 #sTok797 #sTok798 #sTok799 #sTok800 #sTok801 #sTok802 #sTok803 #sTok804 #sTok805 #sTok806 #sTok807 #sTok808 #sTok809 #sTok810 #sTok811"/>
		<!--( organizational unity within an educational institution ) : college , department , faculty , institute-->
		<mark id="sSpan1054" xlink:href="#sTok796 #sTok797 #sTok798 #sTok799 #sTok800 #sTok801 #sTok802 #sTok803 #sTok804 #sTok805 #sTok806 #sTok807 #sTok808 #sTok809 #sTok810 #sTok811"/>
		<!--college-->
		<mark id="sSpan1055" xlink:href="#sTok805"/>
		<!--department-->
		<mark id="sSpan1056" xlink:href="#sTok807"/>
		<!--faculty-->
		<mark id="sSpan1057" xlink:href="#sTok809"/>
		<!--institute-->
		<mark id="sSpan1058" xlink:href="#sTok811"/>
		<!--Hyponyms-->
		<mark id="sSpan1059" xlink:href="#sTok812"/>
		<!--Hyponyms-->
		<mark id="sSpan1060" xlink:href="#sTok812"/>
		<!--See also Thesaurus : school-->
		<mark id="sSpan1061" xlink:href="#sTok813 #sTok814 #sTok815 #sTok816 #sTok817"/>
		<!--Thesaurus : school-->
		<mark id="sSpan1062" xlink:href="#sTok815 #sTok816 #sTok817"/>
		<!--Coordinate terms-->
		<mark id="sSpan1063" xlink:href="#sTok818 #sTok819"/>
		<!--Coordinate terms-->
		<mark id="sSpan1064" xlink:href="#sTok818 #sTok819"/>
		<!--( institution providing primary and secondary education ) : nursery school , kindergarten , college , polytechnic , university-->
		<mark id="sSpan1065" xlink:href="#sTok820 #sTok821 #sTok822 #sTok823 #sTok824 #sTok825 #sTok826 #sTok827 #sTok828 #sTok829 #sTok830 #sTok831 #sTok832 #sTok833 #sTok834 #sTok835 #sTok836 #sTok837 #sTok838"/>
		<!--nursery school-->
		<mark id="sSpan1066" xlink:href="#sTok829 #sTok830"/>
		<!--kindergarten-->
		<mark id="sSpan1067" xlink:href="#sTok832"/>
		<!--college-->
		<mark id="sSpan1068" xlink:href="#sTok834"/>
		<!--polytechnic-->
		<mark id="sSpan1069" xlink:href="#sTok836"/>
		<!--university-->
		<mark id="sSpan1070" xlink:href="#sTok838"/>
		<!--Verb-->
		<mark id="sSpan1071" xlink:href="#sTok839"/>
		<!--Verb-->
		<mark id="sSpan1072" xlink:href="#sTok839"/>
		<!--school ( third - person singular simple present schools , present participle schooling , simple past and past participle schooled )-->
		<mark id="sSpan1073" xlink:href="#sTok840 #sTok841 #sTok842 #sTok843 #sTok844 #sTok845 #sTok846 #sTok847 #sTok848 #sTok849 #sTok850 #sTok851 #sTok852 #sTok853 #sTok854 #sTok855 #sTok856 #sTok857 #sTok858 #sTok859 #sTok860"/>
		<!--schools-->
		<mark id="sSpan1074" xlink:href="#sTok848"/>
		<!--schooling-->
		<mark id="sSpan1075" xlink:href="#sTok852"/>
		<!--schooled-->
		<mark id="sSpan1076" xlink:href="#sTok859"/>
		<!--( transitive ) To educate , teach , or train ( often , but not necessarily , in a school ) .-->
		<mark id="sSpan1077" xlink:href="#sTok861 #sTok862 #sTok863 #sTok864 #sTok865 #sTok866 #sTok867 #sTok868 #sTok869 #sTok870 #sTok871 #sTok872 #sTok873 #sTok874 #sTok875 #sTok876 #sTok877 #sTok878 #sTok879 #sTok880 #sTok881 #sTok882"/>
		<!--( transitive ) To educate , teach , or train ( often , but not necessarily , in a school ) .-->
		<mark id="sSpan1078" xlink:href="#sTok861 #sTok862 #sTok863 #sTok864 #sTok865 #sTok866 #sTok867 #sTok868 #sTok869 #sTok870 #sTok871 #sTok872 #sTok873 #sTok874 #sTok875 #sTok876 #sTok877 #sTok878 #sTok879 #sTok880 #sTok881 #sTok882"/>
		<!--( transitive ) To educate , teach , or train ( often , but not necessarily , in a school ) . Many future prime ministers were schooled in Eton . ( transitive ) To defeat emphatically , to teach an opponent a harsh lesson . ( transitive ) To control , or compose , one 's expression . She took care to school her expression , not giving away any of her feelings .-->
		<mark id="sSpan1079" xlink:href="#sTok861 #sTok862 #sTok863 #sTok864 #sTok865 #sTok866 #sTok867 #sTok868 #sTok869 #sTok870 #sTok871 #sTok872 #sTok873 #sTok874 #sTok875 #sTok876 #sTok877 #sTok878 #sTok879 #sTok880 #sTok881 #sTok882 #sTok883 #sTok884 #sTok885 #sTok886 #sTok887 #sTok888 #sTok889 #sTok890 #sTok891 #sTok892 #sTok893 #sTok894 #sTok895 #sTok896 #sTok897 #sTok898 #sTok899 #sTok900 #sTok901 #sTok902 #sTok903 #sTok904 #sTok905 #sTok906 #sTok907 #sTok908 #sTok909 #sTok910 #sTok911 #sTok912 #sTok913 #sTok914 #sTok915 #sTok916 #sTok917 #sTok918 #sTok919 #sTok920 #sTok921 #sTok922 #sTok923 #sTok924 #sTok925 #sTok926 #sTok927 #sTok928 #sTok929 #sTok930 #sTok931 #sTok932 #sTok933 #sTok934 #sTok935"/>
		<!--transitive-->
		<mark id="sSpan1080" xlink:href="#sTok862"/>
		<!--educate-->
		<mark id="sSpan1081" xlink:href="#sTok865"/>
		<!--teach-->
		<mark id="sSpan1082" xlink:href="#sTok867"/>
		<!--train-->
		<mark id="sSpan1083" xlink:href="#sTok870"/>
		<!--Many future prime ministers were schooled in Eton .-->
		<mark id="sSpan1084" xlink:href="#sTok883 #sTok884 #sTok885 #sTok886 #sTok887 #sTok888 #sTok889 #sTok890 #sTok891"/>
		<!--Many future prime ministers were schooled in Eton .-->
		<mark id="sSpan1085" xlink:href="#sTok883 #sTok884 #sTok885 #sTok886 #sTok887 #sTok888 #sTok889 #sTok890 #sTok891"/>
		<!--( transitive ) To defeat emphatically , to teach an opponent a harsh lesson .-->
		<mark id="sSpan1086" xlink:href="#sTok892 #sTok893 #sTok894 #sTok895 #sTok896 #sTok897 #sTok898 #sTok899 #sTok900 #sTok901 #sTok902 #sTok903 #sTok904 #sTok905 #sTok906"/>
		<!--( transitive ) To defeat emphatically , to teach an opponent a harsh lesson .-->
		<mark id="sSpan1087" xlink:href="#sTok892 #sTok893 #sTok894 #sTok895 #sTok896 #sTok897 #sTok898 #sTok899 #sTok900 #sTok901 #sTok902 #sTok903 #sTok904 #sTok905 #sTok906"/>
		<!--transitive-->
		<mark id="sSpan1088" xlink:href="#sTok893"/>
		<!--defeat-->
		<mark id="sSpan1089" xlink:href="#sTok896"/>
		<!--emphatically-->
		<mark id="sSpan1090" xlink:href="#sTok897"/>
		<!--opponent-->
		<mark id="sSpan1091" xlink:href="#sTok902"/>
		<!--harsh-->
		<mark id="sSpan1092" xlink:href="#sTok904"/>
		<!--lesson-->
		<mark id="sSpan1093" xlink:href="#sTok905"/>
		<!--( transitive ) To control , or compose , one 's expression .-->
		<mark id="sSpan1094" xlink:href="#sTok907 #sTok908 #sTok909 #sTok910 #sTok911 #sTok912 #sTok913 #sTok914 #sTok915 #sTok916 #sTok917 #sTok918 #sTok919"/>
		<!--( transitive ) To control , or compose , one 's expression .-->
		<mark id="sSpan1095" xlink:href="#sTok907 #sTok908 #sTok909 #sTok910 #sTok911 #sTok912 #sTok913 #sTok914 #sTok915 #sTok916 #sTok917 #sTok918 #sTok919"/>
		<!--transitive-->
		<mark id="sSpan1096" xlink:href="#sTok908"/>
		<!--She took care to school her expression , not giving away any of her feelings .-->
		<mark id="sSpan1097" xlink:href="#sTok920 #sTok921 #sTok922 #sTok923 #sTok924 #sTok925 #sTok926 #sTok927 #sTok928 #sTok929 #sTok930 #sTok931 #sTok932 #sTok933 #sTok934 #sTok935"/>
		<!--She took care to school her expression , not giving away any of her feelings .-->
		<mark id="sSpan1098" xlink:href="#sTok920 #sTok921 #sTok922 #sTok923 #sTok924 #sTok925 #sTok926 #sTok927 #sTok928 #sTok929 #sTok930 #sTok931 #sTok932 #sTok933 #sTok934 #sTok935"/></markList></paula>