<?xml version='1.0' encoding='UTF-8'?><!DOCTYPE paula SYSTEM "paula_feat.dtd">
<paula version="1.1">
	<header paula_id="tei.GENTLE_dictionary_school.mark_list"/>
	<featList xmlns:xlink="http://www.w3.org/1999/xlink" type="list" xml:base="tei.GENTLE_dictionary_school.mark.xml">
		<feat xlink:href="#sSpan474" value="list"/>
		<feat xlink:href="#sSpan510" value="list"/>
		<feat xlink:href="#sSpan523" value="list"/>
		<feat xlink:href="#sSpan540" value="list"/>
		<feat xlink:href="#sSpan556" value="list"/>
		<feat xlink:href="#sSpan630" value="list"/>
		<feat xlink:href="#sSpan681" value="list"/>
		<feat xlink:href="#sSpan711" value="list"/></featList></paula>