<?xml version='1.0' encoding='UTF-8'?><!DOCTYPE paula SYSTEM "paula_feat.dtd">
<paula version="1.1">
	<header paula_id="tei.GENTLE_dictionary_school.mark_hi_rend"/>
	<featList xmlns:xlink="http://www.w3.org/1999/xlink" type="hi_rend" xml:base="tei.GENTLE_dictionary_school.mark.xml">
		<feat xlink:href="#sSpan471" value="bold"/>
		<feat xlink:href="#sSpan484" value="bold"/>
		<feat xlink:href="#sSpan507" value="bold"/>
		<feat xlink:href="#sSpan513" value="italic"/>
		<feat xlink:href="#sSpan514" value="bold"/>
		<feat xlink:href="#sSpan519" value="bold"/>
		<feat xlink:href="#sSpan521" value="italic"/>
		<feat xlink:href="#sSpan538" value="bold"/>
		<feat xlink:href="#sSpan543" value="italic"/>
		<feat xlink:href="#sSpan545" value="bold"/>
		<feat xlink:href="#sSpan547" value="bold"/>
		<feat xlink:href="#sSpan550" value="italic"/>
		<feat xlink:href="#sSpan552" value="bold"/>
		<feat xlink:href="#sSpan554" value="bold"/>
		<feat xlink:href="#sSpan560" value="italic"/>
		<feat xlink:href="#sSpan564" value="bold"/>
		<feat xlink:href="#sSpan619" value="bold"/>
		<feat xlink:href="#sSpan623" value="italic"/>
		<feat xlink:href="#sSpan624" value="bold"/>
		<feat xlink:href="#sSpan679" value="bold"/>
		<feat xlink:href="#sSpan693" value="bold"/>
		<feat xlink:href="#sSpan697" value="bold"/>
		<feat xlink:href="#sSpan705" value="bold"/></featList></paula>