<?xml version='1.0' encoding='UTF-8'?><!DOCTYPE paula SYSTEM "paula_feat.dtd">
<paula version="1.1">
	<header paula_id="tei.GENTLE_dictionary_school.mark_list_type"/>
	<featList xmlns:xlink="http://www.w3.org/1999/xlink" type="list_type" xml:base="tei.GENTLE_dictionary_school.mark.xml">
		<feat xlink:href="#sSpan474" value="unordered"/>
		<feat xlink:href="#sSpan510" value="unordered"/>
		<feat xlink:href="#sSpan523" value="ordered"/>
		<feat xlink:href="#sSpan540" value="unordered"/>
		<feat xlink:href="#sSpan556" value="unordered"/>
		<feat xlink:href="#sSpan630" value="ordered"/>
		<feat xlink:href="#sSpan681" value="unordered"/>
		<feat xlink:href="#sSpan711" value="ordered"/></featList></paula>