<?xml version='1.0' encoding='UTF-8'?><!DOCTYPE paula SYSTEM "paula_feat.dtd">
<paula version="1.1">
	<header paula_id="tei.GENTLE_dictionary_school.mark_list"/>
	<featList xmlns:xlink="http://www.w3.org/1999/xlink" type="list" xml:base="tei.GENTLE_dictionary_school.mark.xml">
		<feat xlink:href="#sSpan476" value="list"/>
		<feat xlink:href="#sSpan512" value="list"/>
		<feat xlink:href="#sSpan525" value="list"/>
		<feat xlink:href="#sSpan542" value="list"/>
		<feat xlink:href="#sSpan558" value="list"/>
		<feat xlink:href="#sSpan632" value="list"/>
		<feat xlink:href="#sSpan683" value="list"/>
		<feat xlink:href="#sSpan713" value="list"/></featList></paula>