<?xml version='1.0' encoding='UTF-8'?><!DOCTYPE paula SYSTEM "paula_feat.dtd">
<paula version="1.1">
	<header paula_id="tei.GENTLE_dictionary_school.mark_s_transition"/>
	<featList xmlns:xlink="http://www.w3.org/1999/xlink" type="s_transition" xml:base="tei.GENTLE_dictionary_school.mark.xml">
		<feat xlink:href="#sSpan465" value="establishment"/>
		<feat xlink:href="#sSpan467" value="null"/>
		<feat xlink:href="#sSpan470" value="null"/>
		<feat xlink:href="#sSpan472" value="null"/>
		<feat xlink:href="#sSpan477" value="null"/>
		<feat xlink:href="#sSpan479" value="null"/>
		<feat xlink:href="#sSpan483" value="null"/>
		<feat xlink:href="#sSpan484" value="null"/>
		<feat xlink:href="#sSpan498" value="establishment"/>
		<feat xlink:href="#sSpan506" value="zero"/>
		<feat xlink:href="#sSpan508" value="establishment"/>
		<feat xlink:href="#sSpan513" value="zero"/>
		<feat xlink:href="#sSpan514" value="null"/>
		<feat xlink:href="#sSpan518" value="null"/>
		<feat xlink:href="#sSpan521" value="establishment"/>
		<feat xlink:href="#sSpan531" value="zero"/>
		<feat xlink:href="#sSpan533" value="null"/>
		<feat xlink:href="#sSpan537" value="null"/>
		<feat xlink:href="#sSpan538" value="null"/>
		<feat xlink:href="#sSpan544" value="null"/>
		<feat xlink:href="#sSpan546" value="null"/>
		<feat xlink:href="#sSpan554" value="null"/>
		<feat xlink:href="#sSpan563" value="null"/>
		<feat xlink:href="#sSpan564" value="null"/>
		<feat xlink:href="#sSpan567" value="null"/>
		<feat xlink:href="#sSpan583" value="null"/>
		<feat xlink:href="#sSpan586" value="null"/>
		<feat xlink:href="#sSpan602" value="null"/>
		<feat xlink:href="#sSpan606" value="null"/>
		<feat xlink:href="#sSpan609" value="null"/>
		<feat xlink:href="#sSpan618" value="null"/>
		<feat xlink:href="#sSpan620" value="establishment"/>
		<feat xlink:href="#sSpan623" value="zero"/>
		<feat xlink:href="#sSpan624" value="null"/>
		<feat xlink:href="#sSpan628" value="null"/>
		<feat xlink:href="#sSpan637" value="null"/>
		<feat xlink:href="#sSpan638" value="null"/>
		<feat xlink:href="#sSpan639" value="null"/>
		<feat xlink:href="#sSpan648" value="establishment"/>
		<feat xlink:href="#sSpan653" value="zero"/>
		<feat xlink:href="#sSpan654" value="null"/>
		<feat xlink:href="#sSpan658" value="null"/>
		<feat xlink:href="#sSpan659" value="null"/>
		<feat xlink:href="#sSpan662" value="null"/>
		<feat xlink:href="#sSpan663" value="null"/>
		<feat xlink:href="#sSpan666" value="null"/>
		<feat xlink:href="#sSpan667" value="null"/>
		<feat xlink:href="#sSpan669" value="null"/>
		<feat xlink:href="#sSpan670" value="null"/>
		<feat xlink:href="#sSpan672" value="null"/>
		<feat xlink:href="#sSpan674" value="null"/>
		<feat xlink:href="#sSpan675" value="null"/>
		<feat xlink:href="#sSpan678" value="null"/>
		<feat xlink:href="#sSpan679" value="null"/>
		<feat xlink:href="#sSpan685" value="establishment"/>
		<feat xlink:href="#sSpan692" value="zero"/>
		<feat xlink:href="#sSpan693" value="null"/>
		<feat xlink:href="#sSpan696" value="null"/>
		<feat xlink:href="#sSpan697" value="null"/>
		<feat xlink:href="#sSpan704" value="null"/>
		<feat xlink:href="#sSpan705" value="establishment"/>
		<feat xlink:href="#sSpan709" value="zero"/>
		<feat xlink:href="#sSpan716" value="null"/>
		<feat xlink:href="#sSpan718" value="null"/>
		<feat xlink:href="#sSpan726" value="null"/>
		<feat xlink:href="#sSpan729" value="null"/></featList></paula>