<?xml version='1.0' encoding='UTF-8'?><!DOCTYPE paula SYSTEM "paula_feat.dtd">
<paula version="1.1">
	<header paula_id="tei.GENTLE_dictionary_school.mark_ref_target"/>
	<featList xmlns:xlink="http://www.w3.org/1999/xlink" type="ref_target" xml:base="tei.GENTLE_dictionary_school.mark.xml">
		<feat xlink:href="#sSpan839" value="https://en.wiktionary.org/wiki/Appendix:English_pronunciation"/>
		<feat xlink:href="#sSpan843" value="https://en.wiktionary.org/wiki/Wiktionary:International_Phonetic_Alphabet"/>
		<feat xlink:href="#sSpan849" value="https://en.wiktionary.org/wiki/Rhymes:English/u%CB%90l"/>
		<feat xlink:href="#sSpan854" value="https://en.wikipedia.org/wiki/Middle_English"/>
		<feat xlink:href="#sSpan855" value="https://en.wiktionary.org/wiki/scole#Middle_English"/>
		<feat xlink:href="#sSpan856" value="https://en.wiktionary.org/wiki/schole#Middle_English"/>
		<feat xlink:href="#sSpan857" value="https://en.wikipedia.org/wiki/Middle_Dutch"/>
		<feat xlink:href="#sSpan858" value="https://en.wiktionary.org/wiki/scole#Middle_Dutch"/>
		<feat xlink:href="#sSpan859" value="https://en.wikipedia.org/wiki/Old_Dutch"/>
		<feat xlink:href="#sSpan860" value="https://en.wiktionary.org/w/index.php?title=Reconstruction:Old_Dutch/scola&amp;action=edit&amp;redlink=1"/>
		<feat xlink:href="#sSpan861" value="https://en.wiktionary.org/w/index.php?title=Reconstruction:Old_Dutch/skola&amp;action=edit&amp;redlink=1"/>
		<feat xlink:href="#sSpan862" value="https://en.wikipedia.org/wiki/Proto-Germanic_language"/>
		<feat xlink:href="#sSpan863" value="https://en.wiktionary.org/wiki/Reconstruction:Proto-Germanic/skul%C5%8D"/>
		<feat xlink:href="#sSpan864" value="https://en.wikipedia.org/wiki/Proto-Indo-European_language"/>
		<feat xlink:href="#sSpan865" value="https://en.wiktionary.org/w/index.php?title=Reconstruction:Proto-Indo-European/(s)k%CA%B7el-&amp;action=edit&amp;redlink=1"/>
		<feat xlink:href="#sSpan867" value="https://en.wikipedia.org/wiki/Middle_Low_German"/>
		<feat xlink:href="#sSpan868" value="https://en.wiktionary.org/wiki/schole#Middle_Low_German"/>
		<feat xlink:href="#sSpan869" value="https://en.wikipedia.org/wiki/Old_English"/>
		<feat xlink:href="#sSpan870" value="https://en.wiktionary.org/wiki/scolu#Old_English"/>
		<feat xlink:href="#sSpan871" value="https://en.wiktionary.org/wiki/Appendix:Glossary#doublet"/>
		<feat xlink:href="#sSpan872" value="https://en.wiktionary.org/wiki/shoal#Etymology_2"/>
		<feat xlink:href="#sSpan875" value="https://en.wiktionary.org/wiki/skull"/>
		<feat xlink:href="#sSpan888" value="https://en.wiktionary.org/wiki/schools#English"/>
		<feat xlink:href="#sSpan892" value="https://en.wiktionary.org/wiki/Appendix:Glossary#collective"/>
		<feat xlink:href="#sSpan893" value="https://en.wiktionary.org/wiki/fish"/>
		<feat xlink:href="#sSpan894" value="https://en.wiktionary.org/wiki/marine"/>
		<feat xlink:href="#sSpan895" value="https://en.wiktionary.org/wiki/mammals"/>
		<feat xlink:href="#sSpan896" value="https://en.wiktionary.org/wiki/porpoise"/>
		<feat xlink:href="#sSpan897" value="https://en.wiktionary.org/wiki/dolphin"/>
		<feat xlink:href="#sSpan898" value="https://en.wiktionary.org/wiki/whale"/>
		<feat xlink:href="#sSpan903" value="https://en.wiktionary.org/wiki/multitude"/>
		<feat xlink:href="#sSpan910" value="https://en.wiktionary.org/wiki/shoal"/>
		<feat xlink:href="#sSpan917" value="https://en.wiktionary.org/wiki/schools#English"/>
		<feat xlink:href="#sSpan919" value="https://en.wiktionary.org/wiki/schooling#English"/>
		<feat xlink:href="#sSpan921" value="https://en.wiktionary.org/wiki/schooled#English"/>
		<feat xlink:href="#sSpan925" value="https://en.wiktionary.org/wiki/Appendix:Glossary#intransitive"/>
		<feat xlink:href="#sSpan927" value="https://en.wiktionary.org/wiki/fish"/>
		<feat xlink:href="#sSpan928" value="https://en.wiktionary.org/wiki/form"/>
		<feat xlink:href="#sSpan929" value="https://en.wiktionary.org/wiki/travel"/>
		<feat xlink:href="#sSpan936" value="https://en.wikipedia.org/wiki/Middle_English"/>
		<feat xlink:href="#sSpan937" value="https://en.wiktionary.org/wiki/scole#Middle_English"/>
		<feat xlink:href="#sSpan938" value="https://en.wikipedia.org/wiki/Old_English"/>
		<feat xlink:href="#sSpan939" value="https://en.wiktionary.org/wiki/scol#Old_English"/>
		<feat xlink:href="#sSpan940" value="https://en.wikipedia.org/wiki/Proto-Germanic_language"/>
		<feat xlink:href="#sSpan941" value="https://en.wiktionary.org/w/index.php?title=Reconstruction:Proto-Germanic/sk%C5%8Dla&amp;action=edit&amp;redlink=1"/>
		<feat xlink:href="#sSpan942" value="https://en.wikipedia.org/wiki/Late_Latin"/>
		<feat xlink:href="#sSpan943" value="https://en.wiktionary.org/wiki/schola#Latin"/>
		<feat xlink:href="#sSpan944" value="https://en.wiktionary.org/wiki/scola#Latin"/>
		<feat xlink:href="#sSpan945" value="https://en.wikipedia.org/wiki/Ancient_Greek"/>
		<feat xlink:href="#sSpan946" value="https://en.wiktionary.org/w/index.php?title=%CF%83%CF%87%CE%BF%CE%BB%CE%B5%E1%BF%96%CE%BF%CE%BD&amp;action=edit&amp;redlink=1"/>
		<feat xlink:href="#sSpan947" value="https://en.wiktionary.org/wiki/%CF%83%CF%87%CE%BF%CE%BB%CE%AE#Ancient_Greek"/>
		<feat xlink:href="#sSpan948" value="https://en.wikipedia.org/wiki/Proto-Indo-European_language"/>
		<feat xlink:href="#sSpan949" value="https://en.wiktionary.org/wiki/Reconstruction:Proto-Indo-European/se%C7%B5%CA%B0-"/>
		<feat xlink:href="#sSpan950" value="https://en.wiktionary.org/wiki/Appendix:Glossary#doublet"/>
		<feat xlink:href="#sSpan952" value="https://en.wiktionary.org/wiki/schola#English"/>
		<feat xlink:href="#sSpan953" value="https://en.wiktionary.org/wiki/shul#English"/>
		<feat xlink:href="#sSpan955" value="https://en.wikipedia.org/wiki/Old_Frisian"/>
		<feat xlink:href="#sSpan956" value="https://en.wiktionary.org/wiki/skule#Old_Frisian"/>
		<feat xlink:href="#sSpan957" value="https://en.wiktionary.org/wiki/schule#Old_Frisian"/>
		<feat xlink:href="#sSpan958" value="https://en.wikipedia.org/wiki/West_Frisian_language"/>
		<feat xlink:href="#sSpan959" value="https://en.wiktionary.org/wiki/skoalle#West_Frisian"/>
		<feat xlink:href="#sSpan960" value="https://en.wikipedia.org/wiki/Saterland_Frisian_language"/>
		<feat xlink:href="#sSpan961" value="https://en.wiktionary.org/wiki/Skoule#Saterland_Frisian"/>
		<feat xlink:href="#sSpan962" value="https://en.wikipedia.org/wiki/Dutch_language"/>
		<feat xlink:href="#sSpan963" value="https://en.wiktionary.org/wiki/school#Dutch"/>
		<feat xlink:href="#sSpan964" value="https://en.wikipedia.org/wiki/Low_German"/>
		<feat xlink:href="#sSpan965" value="https://en.wiktionary.org/wiki/School#German_Low_German"/>
		<feat xlink:href="#sSpan966" value="https://en.wikipedia.org/wiki/Old_High_German"/>
		<feat xlink:href="#sSpan967" value="https://en.wiktionary.org/wiki/scuola#Old_High_German"/>
		<feat xlink:href="#sSpan968" value="https://en.wikipedia.org/wiki/Old_Norse"/>
		<feat xlink:href="#sSpan969" value="https://en.wiktionary.org/wiki/sk%C3%B3li#Old_Norse"/>
		<feat xlink:href="#sSpan971" value="https://en.wiktionary.org/wiki/schole#Middle_English"/>
		<feat xlink:href="#sSpan972" value="https://en.wikipedia.org/wiki/Middle_Dutch"/>
		<feat xlink:href="#sSpan973" value="https://en.wiktionary.org/wiki/scole#Middle_Dutch"/>
		<feat xlink:href="#sSpan976" value="https://en.wiktionary.org/wiki/school#Etymology_1"/>
		<feat xlink:href="#sSpan978" value="https://en.wikipedia.org/wiki/Old_High_German"/>
		<feat xlink:href="#sSpan979" value="https://en.wiktionary.org/wiki/sigi#Old_High_German"/>
		<feat xlink:href="#sSpan980" value="https://en.wikipedia.org/wiki/German_language"/>
		<feat xlink:href="#sSpan981" value="https://en.wiktionary.org/wiki/Sieg#German"/>
		<feat xlink:href="#sSpan982" value="https://en.wikipedia.org/wiki/Old_English"/>
		<feat xlink:href="#sSpan983" value="https://en.wiktionary.org/wiki/sige#Old_English"/>
		<feat xlink:href="#sSpan984" value="https://en.wiktionary.org/wiki/sigor#Old_English"/>
		<feat xlink:href="#sSpan987" value="https://en.wiktionary.org/wiki/schole#English"/>
		<feat xlink:href="#sSpan993" value="https://en.wiktionary.org/wiki/Appendix:Glossary#countable"/>
		<feat xlink:href="#sSpan994" value="https://en.wiktionary.org/wiki/Appendix:Glossary#uncountable"/>
		<feat xlink:href="#sSpan995" value="https://en.wiktionary.org/wiki/schools#English"/>
		<feat xlink:href="#sSpan999" value="https://en.wikipedia.org/wiki/United_States"/>
		<feat xlink:href="#sSpan1000" value="https://en.wikipedia.org/wiki/Canada"/>
		<feat xlink:href="#sSpan1001" value="https://en.wiktionary.org/wiki/institution"/>
		<feat xlink:href="#sSpan1002" value="https://en.wiktionary.org/wiki/teaching"/>
		<feat xlink:href="#sSpan1003" value="https://en.wiktionary.org/wiki/learning"/>
		<feat xlink:href="#sSpan1004" value="https://en.wiktionary.org/wiki/educational"/>
		<feat xlink:href="#sSpan1009" value="https://en.wikipedia.org/wiki/Great_Britain"/>
		<feat xlink:href="#sSpan1010" value="https://en.wiktionary.org/wiki/educational_institution"/>
		<feat xlink:href="#sSpan1011" value="https://en.wiktionary.org/wiki/primary_education"/>
		<feat xlink:href="#sSpan1012" value="https://en.wiktionary.org/wiki/secondary_education"/>
		<feat xlink:href="#sSpan1013" value="https://en.wiktionary.org/wiki/tertiary_education"/>
		<feat xlink:href="#sSpan1014" value="https://en.wiktionary.org/wiki/college"/>
		<feat xlink:href="#sSpan1015" value="https://en.wiktionary.org/wiki/university"/>
		<feat xlink:href="#sSpan1018" value="https://en.wikipedia.org/wiki/United_Kingdom"/>
		<feat xlink:href="#sSpan1019" value="https://en.wikipedia.org/wiki/Eton_College"/>
		<feat xlink:href="#sSpan1020" value="https://en.wiktionary.org/wiki/period"/>
		<feat xlink:href="#sSpan1024" value="https://en.wiktionary.org/wiki/department"/>
		<feat xlink:href="#sSpan1025" value="https://en.wiktionary.org/wiki/institute"/>
		<feat xlink:href="#sSpan1029" value="https://en.wiktionary.org/wiki/art_movement"/>
		<feat xlink:href="#sSpan1033" value="https://en.wiktionary.org/wiki/school_of_thought"/>
		<feat xlink:href="#sSpan1050" value="https://en.wiktionary.org/wiki/academy"/>
		<feat xlink:href="#sSpan1051" value="https://en.wiktionary.org/wiki/college"/>
		<feat xlink:href="#sSpan1052" value="https://en.wiktionary.org/wiki/university"/>
		<feat xlink:href="#sSpan1055" value="https://en.wiktionary.org/wiki/college"/>
		<feat xlink:href="#sSpan1056" value="https://en.wiktionary.org/wiki/department"/>
		<feat xlink:href="#sSpan1057" value="https://en.wiktionary.org/wiki/faculty"/>
		<feat xlink:href="#sSpan1058" value="https://en.wiktionary.org/wiki/institute"/>
		<feat xlink:href="#sSpan1062" value="https://en.wiktionary.org/wiki/Thesaurus:school"/>
		<feat xlink:href="#sSpan1066" value="https://en.wiktionary.org/wiki/nursery_school"/>
		<feat xlink:href="#sSpan1067" value="https://en.wiktionary.org/wiki/kindergarten"/>
		<feat xlink:href="#sSpan1068" value="https://en.wiktionary.org/wiki/college"/>
		<feat xlink:href="#sSpan1069" value="https://en.wiktionary.org/wiki/polytechnic"/>
		<feat xlink:href="#sSpan1070" value="https://en.wiktionary.org/wiki/university"/>
		<feat xlink:href="#sSpan1074" value="https://en.wiktionary.org/wiki/schools#English"/>
		<feat xlink:href="#sSpan1075" value="https://en.wiktionary.org/wiki/schooling#English"/>
		<feat xlink:href="#sSpan1076" value="https://en.wiktionary.org/wiki/schooled#English"/>
		<feat xlink:href="#sSpan1080" value="https://en.wiktionary.org/wiki/Appendix:Glossary#transitive"/>
		<feat xlink:href="#sSpan1081" value="https://en.wiktionary.org/wiki/educate"/>
		<feat xlink:href="#sSpan1082" value="https://en.wiktionary.org/wiki/teach"/>
		<feat xlink:href="#sSpan1083" value="https://en.wiktionary.org/wiki/train"/>
		<feat xlink:href="#sSpan1088" value="https://en.wiktionary.org/wiki/Appendix:Glossary#transitive"/>
		<feat xlink:href="#sSpan1089" value="https://en.wiktionary.org/wiki/defeat"/>
		<feat xlink:href="#sSpan1090" value="https://en.wiktionary.org/wiki/emphatically"/>
		<feat xlink:href="#sSpan1091" value="https://en.wiktionary.org/wiki/opponent"/>
		<feat xlink:href="#sSpan1092" value="https://en.wiktionary.org/wiki/harsh"/>
		<feat xlink:href="#sSpan1093" value="https://en.wiktionary.org/wiki/lesson"/>
		<feat xlink:href="#sSpan1096" value="https://en.wiktionary.org/wiki/Appendix:Glossary#transitive"/></featList></paula>