<?xml version='1.0' encoding='UTF-8'?><!DOCTYPE paula SYSTEM "paula_feat.dtd">
<paula version="1.1">
	<header paula_id="tei.GENTLE_dictionary_school.mark_item"/>
	<featList xmlns:xlink="http://www.w3.org/1999/xlink" type="item" xml:base="tei.GENTLE_dictionary_school.mark.xml">
		<feat xlink:href="#sSpan475" value="item"/>
		<feat xlink:href="#sSpan480" value="item"/>
		<feat xlink:href="#sSpan482" value="item"/>
		<feat xlink:href="#sSpan511" value="item"/>
		<feat xlink:href="#sSpan524" value="item"/>
		<feat xlink:href="#sSpan534" value="item"/>
		<feat xlink:href="#sSpan536" value="item"/>
		<feat xlink:href="#sSpan541" value="item"/>
		<feat xlink:href="#sSpan557" value="item"/>
		<feat xlink:href="#sSpan631" value="item"/>
		<feat xlink:href="#sSpan642" value="item"/>
		<feat xlink:href="#sSpan651" value="item"/>
		<feat xlink:href="#sSpan657" value="item"/>
		<feat xlink:href="#sSpan662" value="item"/>
		<feat xlink:href="#sSpan666" value="item"/>
		<feat xlink:href="#sSpan670" value="item"/>
		<feat xlink:href="#sSpan673" value="item"/>
		<feat xlink:href="#sSpan675" value="item"/>
		<feat xlink:href="#sSpan678" value="item"/>
		<feat xlink:href="#sSpan682" value="item"/>
		<feat xlink:href="#sSpan688" value="item"/>
		<feat xlink:href="#sSpan712" value="item"/>
		<feat xlink:href="#sSpan719" value="item"/>
		<feat xlink:href="#sSpan721" value="item"/>
		<feat xlink:href="#sSpan729" value="item"/>
		<feat xlink:href="#sSpan732" value="item"/></featList></paula>