<?xml version='1.0' encoding='UTF-8'?><!DOCTYPE paula SYSTEM "paula_feat.dtd">
<paula version="1.1">
	<header paula_id="bridge.GENTLE_legal_abortion.bridge_type"/>
	<featList xmlns:xlink="http://www.w3.org/1999/xlink" type="type" xml:base="bridge.GENTLE_legal_abortion.bridge.xml">
		<feat xlink:href="#sPointingRel1359_10599" value="bridge:def"/>
		<feat xlink:href="#sPointingRel1361_10600" value="bridge:aggr"/>
		<feat xlink:href="#sPointingRel1363_10601" value="bridge:aggr"/>
		<feat xlink:href="#sPointingRel1365" value="bridge:def"/>
		<feat xlink:href="#sPointingRel1367" value="bridge:def"/></featList></paula>