<?xml version='1.0' encoding='UTF-8'?><!DOCTYPE paula SYSTEM "paula_rel.dtd">
<paula version="1.1">
	<header paula_id="bridge.GENTLE_legal_abortion.bridge"/>
	<relList xmlns:xlink="http://www.w3.org/1999/xlink" type="bridge">
		<rel id="sPointingRel1357_10832" xlink:href="ref.GENTLE_legal_abortion.mark.xml#sSpan172" target="ref.GENTLE_legal_abortion.mark.xml#sSpan171"/>
		<rel id="sPointingRel1359_10833" xlink:href="ref.GENTLE_legal_abortion.mark.xml#sSpan268" target="ref.GENTLE_legal_abortion.mark.xml#sSpan263"/>
		<rel id="sPointingRel1361_10834" xlink:href="ref.GENTLE_legal_abortion.mark.xml#sSpan187" target="ref.GENTLE_legal_abortion.mark.xml#sSpan147"/>
		<rel id="sPointingRel1363" xlink:href="ref.GENTLE_legal_abortion.mark.xml#sSpan187" target="ref.GENTLE_legal_abortion.mark.xml#sSpan169"/>
		<rel id="sPointingRel1365" xlink:href="ref.GENTLE_legal_abortion.mark.xml#sSpan155" target="ref.GENTLE_legal_abortion.mark.xml#sSpan151"/></relList></paula>