<?xml version='1.0' encoding='UTF-8'?><!DOCTYPE paula SYSTEM "paula_feat.dtd">
<paula version="1.1">
	<header paula_id="dep.GENTLE_legal_abortion.dep_func"/>
	<featList xmlns:xlink="http://www.w3.org/1999/xlink" type="func" xml:base="dep.GENTLE_legal_abortion.dep.xml">
		<feat xlink:href="#sPointingRel1" value="case"/>
		<feat xlink:href="#sPointingRel2" value="nmod"/>
		<feat xlink:href="#sPointingRel4" value="amod"/>
		<feat xlink:href="#sPointingRel5" value="case"/>
		<feat xlink:href="#sPointingRel6" value="det"/>
		<feat xlink:href="#sPointingRel7" value="amod"/>
		<feat xlink:href="#sPointingRel8" value="nmod"/>
		<feat xlink:href="#sPointingRel10" value="compound"/>
		<feat xlink:href="#sPointingRel11" value="compound"/>
		<feat xlink:href="#sPointingRel12" value="case"/>
		<feat xlink:href="#sPointingRel13" value="nmod"/>
		<feat xlink:href="#sPointingRel15" value="case"/>
		<feat xlink:href="#sPointingRel16" value="det"/>
		<feat xlink:href="#sPointingRel17" value="amod"/>
		<feat xlink:href="#sPointingRel18" value="compound"/>
		<feat xlink:href="#sPointingRel19" value="compound"/>
		<feat xlink:href="#sPointingRel20" value="nmod"/>
		<feat xlink:href="#sPointingRel22" value="case"/>
		<feat xlink:href="#sPointingRel23" value="det"/>
		<feat xlink:href="#sPointingRel24" value="amod"/>
		<feat xlink:href="#sPointingRel25" value="nmod"/>
		<feat xlink:href="#sPointingRel27" value="case"/>
		<feat xlink:href="#sPointingRel28" value="nmod"/>
		<feat xlink:href="#sPointingRel30" value="dep"/>
		<feat xlink:href="#sPointingRel31" value="punct"/>
		<feat xlink:href="#sPointingRel32" value="flat"/>
		<feat xlink:href="#sPointingRel33" value="punct"/>
		<feat xlink:href="#sPointingRel34" value="compound"/>
		<feat xlink:href="#sPointingRel35" value="dep"/>
		<feat xlink:href="#sPointingRel36" value="punct"/>
		<feat xlink:href="#sPointingRel37" value="nmod:tmod"/>
		<feat xlink:href="#sPointingRel38" value="punct"/>
		<feat xlink:href="#sPointingRel39" value="punct"/>
		<feat xlink:href="#sPointingRel40" value="compound"/>
		<feat xlink:href="#sPointingRel41" value="dep"/>
		<feat xlink:href="#sPointingRel42" value="punct"/>
		<feat xlink:href="#sPointingRel43" value="nmod:tmod"/>
		<feat xlink:href="#sPointingRel44" value="det"/>
		<feat xlink:href="#sPointingRel45" value="amod"/>
		<feat xlink:href="#sPointingRel46" value="amod"/>
		<feat xlink:href="#sPointingRel47" value="nsubj"/>
		<feat xlink:href="#sPointingRel48" value="punct"/>
		<feat xlink:href="#sPointingRel49" value="appos"/>
		<feat xlink:href="#sPointingRel50" value="punct"/>
		<feat xlink:href="#sPointingRel51" value="det"/>
		<feat xlink:href="#sPointingRel52" value="compound"/>
		<feat xlink:href="#sPointingRel53" value="obj"/>
		<feat xlink:href="#sPointingRel54" value="acl"/>
		<feat xlink:href="#sPointingRel55" value="det"/>
		<feat xlink:href="#sPointingRel56" value="obj"/>
		<feat xlink:href="#sPointingRel57" value="case"/>
		<feat xlink:href="#sPointingRel58" value="det"/>
		<feat xlink:href="#sPointingRel59" value="compound"/>
		<feat xlink:href="#sPointingRel60" value="amod"/>
		<feat xlink:href="#sPointingRel61" value="compound"/>
		<feat xlink:href="#sPointingRel62" value="nmod"/>
		<feat xlink:href="#sPointingRel65" value="punct"/>
		<feat xlink:href="#sPointingRel66" value="nsubj"/>
		<feat xlink:href="#sPointingRel68" value="acl:relcl"/>
		<feat xlink:href="#sPointingRel69" value="ccomp"/>
		<feat xlink:href="#sPointingRel70" value="cc"/>
		<feat xlink:href="#sPointingRel71" value="conj"/>
		<feat xlink:href="#sPointingRel74" value="det"/>
		<feat xlink:href="#sPointingRel75" value="obj"/>
		<feat xlink:href="#sPointingRel77" value="case"/>
		<feat xlink:href="#sPointingRel78" value="case"/>
		<feat xlink:href="#sPointingRel79" value="amod"/>
		<feat xlink:href="#sPointingRel80" value="obl"/>
		<feat xlink:href="#sPointingRel82" value="case"/>
		<feat xlink:href="#sPointingRel83" value="det"/>
		<feat xlink:href="#sPointingRel84" value="nmod"/>
		<feat xlink:href="#sPointingRel86" value="mark"/>
		<feat xlink:href="#sPointingRel87" value="acl"/>
		<feat xlink:href="#sPointingRel89" value="det"/>
		<feat xlink:href="#sPointingRel90" value="nmod:poss"/>
		<feat xlink:href="#sPointingRel91" value="case"/>
		<feat xlink:href="#sPointingRel92" value="obj"/>
		<feat xlink:href="#sPointingRel93" value="punct"/>
		<feat xlink:href="#sPointingRel94" value="det"/>
		<feat xlink:href="#sPointingRel95" value="amod"/>
		<feat xlink:href="#sPointingRel96" value="nsubj:pass"/>
		<feat xlink:href="#sPointingRel99" value="punct"/>
		<feat xlink:href="#sPointingRel100" value="appos"/>
		<feat xlink:href="#sPointingRel101" value="punct"/>
		<feat xlink:href="#sPointingRel102" value="punct"/>
		<feat xlink:href="#sPointingRel103" value="nsubj"/>
		<feat xlink:href="#sPointingRel105" value="acl:relcl"/>
		<feat xlink:href="#sPointingRel106" value="nummod"/>
		<feat xlink:href="#sPointingRel107" value="compound"/>
		<feat xlink:href="#sPointingRel108" value="compound"/>
		<feat xlink:href="#sPointingRel109" value="obj"/>
		<feat xlink:href="#sPointingRel110" value="acl"/>
		<feat xlink:href="#sPointingRel111" value="case"/>
		<feat xlink:href="#sPointingRel112" value="obl"/>
		<feat xlink:href="#sPointingRel114" value="punct"/>
		<feat xlink:href="#sPointingRel115" value="aux:pass"/>
		<feat xlink:href="#sPointingRel116" value="mark"/>
		<feat xlink:href="#sPointingRel117" value="xcomp"/>
		<feat xlink:href="#sPointingRel118" value="punct"/>
		<feat xlink:href="#sPointingRel119" value="det"/>
		<feat xlink:href="#sPointingRel120" value="amod"/>
		<feat xlink:href="#sPointingRel121" value="amod"/>
		<feat xlink:href="#sPointingRel122" value="nsubj"/>
		<feat xlink:href="#sPointingRel123" value="punct"/>
		<feat xlink:href="#sPointingRel124" value="det"/>
		<feat xlink:href="#sPointingRel125" value="appos"/>
		<feat xlink:href="#sPointingRel126" value="punct"/>
		<feat xlink:href="#sPointingRel127" value="punct"/>
		<feat xlink:href="#sPointingRel128" value="det"/>
		<feat xlink:href="#sPointingRel129" value="nsubj"/>
		<feat xlink:href="#sPointingRel130" value="advmod"/>
		<feat xlink:href="#sPointingRel131" value="cop"/>
		<feat xlink:href="#sPointingRel132" value="advcl"/>
		<feat xlink:href="#sPointingRel133" value="punct"/>
		<feat xlink:href="#sPointingRel134" value="advmod"/>
		<feat xlink:href="#sPointingRel135" value="det"/>
		<feat xlink:href="#sPointingRel136" value="obj"/>
		<feat xlink:href="#sPointingRel137" value="punct"/>
		<feat xlink:href="#sPointingRel138" value="advcl"/>
		<feat xlink:href="#sPointingRel139" value="amod"/>
		<feat xlink:href="#sPointingRel140" value="obj"/>
		<feat xlink:href="#sPointingRel141" value="case"/>
		<feat xlink:href="#sPointingRel142" value="det"/>
		<feat xlink:href="#sPointingRel143" value="amod"/>
		<feat xlink:href="#sPointingRel144" value="obl"/>
		<feat xlink:href="#sPointingRel146" value="case"/>
		<feat xlink:href="#sPointingRel147" value="amod"/>
		<feat xlink:href="#sPointingRel148" value="nmod"/>
		<feat xlink:href="#sPointingRel150" value="punct"/>
		<feat xlink:href="#sPointingRel151" value="conj"/>
		<feat xlink:href="#sPointingRel154" value="punct"/>
		<feat xlink:href="#sPointingRel155" value="conj"/>
		<feat xlink:href="#sPointingRel158" value="case"/>
		<feat xlink:href="#sPointingRel159" value="nmod"/>
		<feat xlink:href="#sPointingRel161" value="punct"/>
		<feat xlink:href="#sPointingRel162" value="cc"/>
		<feat xlink:href="#sPointingRel163" value="conj"/>
		<feat xlink:href="#sPointingRel166" value="case"/>
		<feat xlink:href="#sPointingRel167" value="det"/>
		<feat xlink:href="#sPointingRel168" value="nmod:poss"/>
		<feat xlink:href="#sPointingRel169" value="case"/>
		<feat xlink:href="#sPointingRel170" value="nmod"/>
		<feat xlink:href="#sPointingRel172" value="punct"/>
		<feat xlink:href="#sPointingRel173" value="det"/>
		<feat xlink:href="#sPointingRel174" value="nummod"/>
		<feat xlink:href="#sPointingRel175" value="punct"/>
		<feat xlink:href="#sPointingRel176" value="compound"/>
		<feat xlink:href="#sPointingRel177" value="compound"/>
		<feat xlink:href="#sPointingRel178" value="nsubj"/>
		<feat xlink:href="#sPointingRel180" value="punct"/>
		<feat xlink:href="#sPointingRel181" value="nsubj"/>
		<feat xlink:href="#sPointingRel183" value="acl:relcl"/>
		<feat xlink:href="#sPointingRel184" value="det"/>
		<feat xlink:href="#sPointingRel185" value="obj"/>
		<feat xlink:href="#sPointingRel186" value="punct"/>
		<feat xlink:href="#sPointingRel187" value="mark"/>
		<feat xlink:href="#sPointingRel188" value="nsubj"/>
		<feat xlink:href="#sPointingRel190" value="cc"/>
		<feat xlink:href="#sPointingRel191" value="conj"/>
		<feat xlink:href="#sPointingRel194" value="punct"/>
		<feat xlink:href="#sPointingRel195" value="cc"/>
		<feat xlink:href="#sPointingRel196" value="conj"/>
		<feat xlink:href="#sPointingRel199" value="case"/>
		<feat xlink:href="#sPointingRel200" value="nmod:poss"/>
		<feat xlink:href="#sPointingRel201" value="nmod"/>
		<feat xlink:href="#sPointingRel203" value="punct"/>
		<feat xlink:href="#sPointingRel204" value="ccomp"/>
		<feat xlink:href="#sPointingRel205" value="obj"/>
		<feat xlink:href="#sPointingRel206" value="mark"/>
		<feat xlink:href="#sPointingRel207" value="acl"/>
		<feat xlink:href="#sPointingRel209" value="cc"/>
		<feat xlink:href="#sPointingRel210" value="conj"/>
		<feat xlink:href="#sPointingRel213" value="amod"/>
		<feat xlink:href="#sPointingRel214" value="obj"/>
		<feat xlink:href="#sPointingRel215" value="punct"/>
		<feat xlink:href="#sPointingRel216" value="advcl"/>
		<feat xlink:href="#sPointingRel217" value="mark"/>
		<feat xlink:href="#sPointingRel218" value="amod"/>
		<feat xlink:href="#sPointingRel219" value="punct"/>
		<feat xlink:href="#sPointingRel220" value="cc"/>
		<feat xlink:href="#sPointingRel221" value="advmod"/>
		<feat xlink:href="#sPointingRel222" value="conj"/>
		<feat xlink:href="#sPointingRel225" value="punct"/>
		<feat xlink:href="#sPointingRel226" value="nsubj:pass"/>
		<feat xlink:href="#sPointingRel227" value="aux:pass"/>
		<feat xlink:href="#sPointingRel228" value="ccomp"/>
		<feat xlink:href="#sPointingRel229" value="punct"/>
		<feat xlink:href="#sPointingRel230" value="det"/>
		<feat xlink:href="#sPointingRel231" value="nsubj"/>
		<feat xlink:href="#sPointingRel232" value="det"/>
		<feat xlink:href="#sPointingRel233" value="compound"/>
		<feat xlink:href="#sPointingRel234" value="obj"/>
		<feat xlink:href="#sPointingRel236" value="xcomp"/>
		<feat xlink:href="#sPointingRel237" value="mark"/>
		<feat xlink:href="#sPointingRel238" value="advcl"/>
		<feat xlink:href="#sPointingRel240" value="cc"/>
		<feat xlink:href="#sPointingRel241" value="advmod"/>
		<feat xlink:href="#sPointingRel242" value="conj"/>
		<feat xlink:href="#sPointingRel245" value="det"/>
		<feat xlink:href="#sPointingRel246" value="nmod:poss"/>
		<feat xlink:href="#sPointingRel247" value="case"/>
		<feat xlink:href="#sPointingRel248" value="amod"/>
		<feat xlink:href="#sPointingRel249" value="cc"/>
		<feat xlink:href="#sPointingRel250" value="conj"/>
		<feat xlink:href="#sPointingRel253" value="compound"/>
		<feat xlink:href="#sPointingRel254" value="obj"/>
		<feat xlink:href="#sPointingRel255" value="punct"/>
		<feat xlink:href="#sPointingRel256" value="det"/>
		<feat xlink:href="#sPointingRel257" value="nsubj"/>
		<feat xlink:href="#sPointingRel258" value="det"/>
		<feat xlink:href="#sPointingRel259" value="nmod:poss"/>
		<feat xlink:href="#sPointingRel260" value="case"/>
		<feat xlink:href="#sPointingRel261" value="obj"/>
		<feat xlink:href="#sPointingRel263" value="advmod"/>
		<feat xlink:href="#sPointingRel264" value="xcomp"/>
		<feat xlink:href="#sPointingRel265" value="punct"/>
		<feat xlink:href="#sPointingRel266" value="nsubj"/>
		<feat xlink:href="#sPointingRel267" value="advmod"/>
		<feat xlink:href="#sPointingRel268" value="case"/>
		<feat xlink:href="#sPointingRel269" value="det"/>
		<feat xlink:href="#sPointingRel270" value="obl"/>
		<feat xlink:href="#sPointingRel272" value="case"/>
		<feat xlink:href="#sPointingRel273" value="det"/>
		<feat xlink:href="#sPointingRel274" value="amod"/>
		<feat xlink:href="#sPointingRel275" value="obl"/>
		<feat xlink:href="#sPointingRel277" value="punct"/>
		<feat xlink:href="#sPointingRel278" value="cc"/>
		<feat xlink:href="#sPointingRel279" value="nsubj"/>
		<feat xlink:href="#sPointingRel280" value="compound"/>
		<feat xlink:href="#sPointingRel281" value="punct"/>
		<feat xlink:href="#sPointingRel282" value="conj"/>
		<feat xlink:href="#sPointingRel284" value="case"/>
		<feat xlink:href="#sPointingRel285" value="det"/>
		<feat xlink:href="#sPointingRel286" value="compound"/>
		<feat xlink:href="#sPointingRel287" value="nmod:poss"/>
		<feat xlink:href="#sPointingRel288" value="case"/>
		<feat xlink:href="#sPointingRel289" value="obl"/>
		<feat xlink:href="#sPointingRel291" value="case"/>
		<feat xlink:href="#sPointingRel292" value="amod"/>
		<feat xlink:href="#sPointingRel293" value="nmod"/>
		<feat xlink:href="#sPointingRel295" value="case"/>
		<feat xlink:href="#sPointingRel296" value="nmod"/>
		<feat xlink:href="#sPointingRel298" value="cc"/>
		<feat xlink:href="#sPointingRel299" value="conj"/>
		<feat xlink:href="#sPointingRel302" value="punct"/>
		<feat xlink:href="#sPointingRel303" value="punct"/>
		<feat xlink:href="#sPointingRel304" value="dep"/>
		<feat xlink:href="#sPointingRel305" value="mark"/>
		<feat xlink:href="#sPointingRel306" value="nummod"/>
		<feat xlink:href="#sPointingRel307" value="compound"/>
		<feat xlink:href="#sPointingRel308" value="nsubj"/>
		<feat xlink:href="#sPointingRel309" value="advcl"/>
		<feat xlink:href="#sPointingRel311" value="det"/>
		<feat xlink:href="#sPointingRel312" value="amod"/>
		<feat xlink:href="#sPointingRel313" value="obj"/>
		<feat xlink:href="#sPointingRel314" value="case"/>
		<feat xlink:href="#sPointingRel315" value="det"/>
		<feat xlink:href="#sPointingRel316" value="nmod"/>
		<feat xlink:href="#sPointingRel318" value="case"/>
		<feat xlink:href="#sPointingRel319" value="det"/>
		<feat xlink:href="#sPointingRel320" value="obl"/>
		<feat xlink:href="#sPointingRel322" value="cc"/>
		<feat xlink:href="#sPointingRel323" value="conj"/>
		<feat xlink:href="#sPointingRel326" value="case"/>
		<feat xlink:href="#sPointingRel327" value="amod"/>
		<feat xlink:href="#sPointingRel328" value="nmod"/>
		<feat xlink:href="#sPointingRel330" value="advmod"/>
		<feat xlink:href="#sPointingRel331" value="punct"/>
		<feat xlink:href="#sPointingRel332" value="nsubj:pass"/>
		<feat xlink:href="#sPointingRel333" value="aux:pass"/>
		<feat xlink:href="#sPointingRel334" value="advmod"/>
		<feat xlink:href="#sPointingRel335" value="advmod"/>
		<feat xlink:href="#sPointingRel336" value="det"/>
		<feat xlink:href="#sPointingRel337" value="nsubj"/>
		<feat xlink:href="#sPointingRel338" value="cop"/>
		<feat xlink:href="#sPointingRel339" value="advmod"/>
		<feat xlink:href="#sPointingRel340" value="case"/>
		<feat xlink:href="#sPointingRel341" value="det"/>
		<feat xlink:href="#sPointingRel342" value="advcl"/>
		<feat xlink:href="#sPointingRel344" value="case"/>
		<feat xlink:href="#sPointingRel345" value="nmod"/>
		<feat xlink:href="#sPointingRel347" value="case"/>
		<feat xlink:href="#sPointingRel348" value="amod"/>
		<feat xlink:href="#sPointingRel349" value="nmod"/>
		<feat xlink:href="#sPointingRel351" value="case"/>
		<feat xlink:href="#sPointingRel352" value="amod"/>
		<feat xlink:href="#sPointingRel353" value="nmod"/>
		<feat xlink:href="#sPointingRel355" value="cc"/>
		<feat xlink:href="#sPointingRel356" value="det"/>
		<feat xlink:href="#sPointingRel357" value="nsubj"/>
		<feat xlink:href="#sPointingRel358" value="case"/>
		<feat xlink:href="#sPointingRel359" value="fixed"/>
		<feat xlink:href="#sPointingRel360" value="cc:preconj"/>
		<feat xlink:href="#sPointingRel361" value="compound"/>
		<feat xlink:href="#sPointingRel362" value="cc"/>
		<feat xlink:href="#sPointingRel363" value="conj"/>
		<feat xlink:href="#sPointingRel366" value="nmod"/>
		<feat xlink:href="#sPointingRel368" value="cop"/>
		<feat xlink:href="#sPointingRel369" value="advmod"/>
		<feat xlink:href="#sPointingRel370" value="conj"/>
		<feat xlink:href="#sPointingRel372" value="punct"/>
		<feat xlink:href="#sPointingRel373" value="nmod"/>
		<feat xlink:href="#sPointingRel374" value="punct"/>
		<feat xlink:href="#sPointingRel375" value="dep"/>
		<feat xlink:href="#sPointingRel376" value="nsubj"/>
		<feat xlink:href="#sPointingRel377" value="obj"/>
		<feat xlink:href="#sPointingRel378" value="mark"/>
		<feat xlink:href="#sPointingRel379" value="acl"/>
		<feat xlink:href="#sPointingRel381" value="punct"/>
		<feat xlink:href="#sPointingRel382" value="det"/>
		<feat xlink:href="#sPointingRel383" value="nsubj"/>
		<feat xlink:href="#sPointingRel384" value="cc"/>
		<feat xlink:href="#sPointingRel385" value="conj"/>
		<feat xlink:href="#sPointingRel388" value="parataxis"/>
		<feat xlink:href="#sPointingRel389" value="advmod"/>
		<feat xlink:href="#sPointingRel390" value="punct"/>
		<feat xlink:href="#sPointingRel391" value="nmod"/>
		<feat xlink:href="#sPointingRel392" value="case"/>
		<feat xlink:href="#sPointingRel393" value="nmod"/>
		<feat xlink:href="#sPointingRel395" value="punct"/>
		<feat xlink:href="#sPointingRel396" value="dep"/>
		<feat xlink:href="#sPointingRel397" value="advcl"/>
		<feat xlink:href="#sPointingRel398" value="case"/>
		<feat xlink:href="#sPointingRel399" value="nmod:poss"/>
		<feat xlink:href="#sPointingRel400" value="case"/>
		<feat xlink:href="#sPointingRel401" value="obl"/>
		<feat xlink:href="#sPointingRel403" value="punct"/>
		<feat xlink:href="#sPointingRel404" value="det"/>
		<feat xlink:href="#sPointingRel405" value="amod"/>
		<feat xlink:href="#sPointingRel406" value="nsubj"/>
		<feat xlink:href="#sPointingRel407" value="case"/>
		<feat xlink:href="#sPointingRel408" value="nmod:poss"/>
		<feat xlink:href="#sPointingRel409" value="case"/>
		<feat xlink:href="#sPointingRel410" value="nmod"/>
		<feat xlink:href="#sPointingRel412" value="aux"/>
		<feat xlink:href="#sPointingRel413" value="advmod"/>
		<feat xlink:href="#sPointingRel414" value="nmod:poss"/>
		<feat xlink:href="#sPointingRel415" value="obj"/>
		<feat xlink:href="#sPointingRel416" value="punct"/>
		<feat xlink:href="#sPointingRel417" value="nsubj"/>
		<feat xlink:href="#sPointingRel419" value="acl"/>
		<feat xlink:href="#sPointingRel420" value="obj"/>
		<feat xlink:href="#sPointingRel421" value="punct"/>
		<feat xlink:href="#sPointingRel422" value="nsubj"/>
		<feat xlink:href="#sPointingRel424" value="cop"/>
		<feat xlink:href="#sPointingRel425" value="punct"/>
		<feat xlink:href="#sPointingRel426" value="acl:relcl"/>
		<feat xlink:href="#sPointingRel427" value="case"/>
		<feat xlink:href="#sPointingRel428" value="obl"/>
		<feat xlink:href="#sPointingRel430" value="punct"/>
		<feat xlink:href="#sPointingRel431" value="cc"/>
		<feat xlink:href="#sPointingRel432" value="conj"/>
		<feat xlink:href="#sPointingRel435" value="obj"/>
		<feat xlink:href="#sPointingRel436" value="punct"/>
		<feat xlink:href="#sPointingRel437" value="punct"/>
		<feat xlink:href="#sPointingRel438" value="cop"/>
		<feat xlink:href="#sPointingRel439" value="det"/>
		<feat xlink:href="#sPointingRel440" value="case"/>
		<feat xlink:href="#sPointingRel441" value="det"/>
		<feat xlink:href="#sPointingRel442" value="amod"/>
		<feat xlink:href="#sPointingRel443" value="amod"/>
		<feat xlink:href="#sPointingRel444" value="nmod"/>
		<feat xlink:href="#sPointingRel446" value="mark"/>
		<feat xlink:href="#sPointingRel447" value="det"/>
		<feat xlink:href="#sPointingRel448" value="amod"/>
		<feat xlink:href="#sPointingRel449" value="nsubj"/>
		<feat xlink:href="#sPointingRel450" value="punct"/>
		<feat xlink:href="#sPointingRel451" value="parataxis"/>
		<feat xlink:href="#sPointingRel452" value="nmod"/>
		<feat xlink:href="#sPointingRel453" value="punct"/>
		<feat xlink:href="#sPointingRel454" value="aux"/>
		<feat xlink:href="#sPointingRel455" value="acl"/>
		<feat xlink:href="#sPointingRel457" value="case"/>
		<feat xlink:href="#sPointingRel458" value="compound"/>
		<feat xlink:href="#sPointingRel459" value="obl"/>
		<feat xlink:href="#sPointingRel461" value="punct"/>
		<feat xlink:href="#sPointingRel462" value="cc"/>
		<feat xlink:href="#sPointingRel463" value="advmod"/>
		<feat xlink:href="#sPointingRel464" value="advmod"/>
		<feat xlink:href="#sPointingRel465" value="advmod"/>
		<feat xlink:href="#sPointingRel466" value="det"/>
		<feat xlink:href="#sPointingRel467" value="nsubj:pass"/>
		<feat xlink:href="#sPointingRel468" value="aux:pass"/>
		<feat xlink:href="#sPointingRel469" value="advcl:relcl"/>
		<feat xlink:href="#sPointingRel470" value="punct"/>
		<feat xlink:href="#sPointingRel471" value="nmod"/>
		<feat xlink:href="#sPointingRel472" value="case"/>
		<feat xlink:href="#sPointingRel473" value="nmod"/>
		<feat xlink:href="#sPointingRel475" value="punct"/>
		<feat xlink:href="#sPointingRel476" value="dep"/>
		<feat xlink:href="#sPointingRel477" value="det"/>
		<feat xlink:href="#sPointingRel478" value="compound"/>
		<feat xlink:href="#sPointingRel479" value="nsubj"/>
		<feat xlink:href="#sPointingRel481" value="advmod"/>
		<feat xlink:href="#sPointingRel482" value="amod"/>
		<feat xlink:href="#sPointingRel483" value="punct"/>
		<feat xlink:href="#sPointingRel484" value="cc"/>
		<feat xlink:href="#sPointingRel485" value="conj"/>
		<feat xlink:href="#sPointingRel487" value="mark"/>
		<feat xlink:href="#sPointingRel488" value="advcl"/>
		<feat xlink:href="#sPointingRel490" value="obj"/>
		<feat xlink:href="#sPointingRel491" value="punct"/>
		<feat xlink:href="#sPointingRel492" value="obj"/>
		<feat xlink:href="#sPointingRel494" value="case"/>
		<feat xlink:href="#sPointingRel495" value="obl"/>
		<feat xlink:href="#sPointingRel498" value="punct"/>
		<feat xlink:href="#sPointingRel499" value="nsubj"/>
		<feat xlink:href="#sPointingRel501" value="acl:relcl"/>
		<feat xlink:href="#sPointingRel502" value="det"/>
		<feat xlink:href="#sPointingRel503" value="advmod"/>
		<feat xlink:href="#sPointingRel504" value="amod"/>
		<feat xlink:href="#sPointingRel505" value="obj"/>
		<feat xlink:href="#sPointingRel506" value="advmod"/>
		<feat xlink:href="#sPointingRel507" value="acl"/>
		<feat xlink:href="#sPointingRel508" value="case"/>
		<feat xlink:href="#sPointingRel509" value="det"/>
		<feat xlink:href="#sPointingRel510" value="obl"/>
		<feat xlink:href="#sPointingRel512" value="case"/>
		<feat xlink:href="#sPointingRel513" value="det"/>
		<feat xlink:href="#sPointingRel514" value="amod"/>
		<feat xlink:href="#sPointingRel515" value="compound"/>
		<feat xlink:href="#sPointingRel516" value="compound"/>
		<feat xlink:href="#sPointingRel517" value="nmod"/>
		<feat xlink:href="#sPointingRel519" value="acl"/>
		<feat xlink:href="#sPointingRel520" value="case"/>
		<feat xlink:href="#sPointingRel521" value="obl"/>
		<feat xlink:href="#sPointingRel523" value="punct"/>
		<feat xlink:href="#sPointingRel524" value="case"/>
		<feat xlink:href="#sPointingRel525" value="nmod"/>
		<feat xlink:href="#sPointingRel527" value="punct"/>
		<feat xlink:href="#sPointingRel528" value="nummod"/>
		<feat xlink:href="#sPointingRel529" value="compound"/>
		<feat xlink:href="#sPointingRel530" value="appos"/>
		<feat xlink:href="#sPointingRel531" value="punct"/>
		<feat xlink:href="#sPointingRel532" value="nmod"/>
		<feat xlink:href="#sPointingRel533" value="case"/>
		<feat xlink:href="#sPointingRel534" value="nmod"/>
		<feat xlink:href="#sPointingRel536" value="punct"/>
		<feat xlink:href="#sPointingRel537" value="dep"/>
		<feat xlink:href="#sPointingRel538" value="det"/>
		<feat xlink:href="#sPointingRel539" value="nmod:poss"/>
		<feat xlink:href="#sPointingRel540" value="case"/>
		<feat xlink:href="#sPointingRel541" value="nsubj"/>
		<feat xlink:href="#sPointingRel542" value="punct"/>
		<feat xlink:href="#sPointingRel543" value="acl"/>
		<feat xlink:href="#sPointingRel544" value="mark"/>
		<feat xlink:href="#sPointingRel545" value="nsubj"/>
		<feat xlink:href="#sPointingRel546" value="advcl"/>
		<feat xlink:href="#sPointingRel548" value="case"/>
		<feat xlink:href="#sPointingRel549" value="obl"/>
		<feat xlink:href="#sPointingRel552" value="punct"/>
		<feat xlink:href="#sPointingRel553" value="det"/>
		<feat xlink:href="#sPointingRel554" value="nsubj"/>
		<feat xlink:href="#sPointingRel555" value="cc"/>
		<feat xlink:href="#sPointingRel556" value="conj"/>
		<feat xlink:href="#sPointingRel559" value="case"/>
		<feat xlink:href="#sPointingRel560" value="nmod"/>
		<feat xlink:href="#sPointingRel562" value="aux"/>
		<feat xlink:href="#sPointingRel563" value="advmod"/>
		<feat xlink:href="#sPointingRel564" value="acl:relcl"/>
		<feat xlink:href="#sPointingRel565" value="punct"/>
		<feat xlink:href="#sPointingRel566" value="cop"/>
		<feat xlink:href="#sPointingRel567" value="advmod"/>
		<feat xlink:href="#sPointingRel568" value="mark"/>
		<feat xlink:href="#sPointingRel569" value="advcl"/>
		<feat xlink:href="#sPointingRel571" value="det"/>
		<feat xlink:href="#sPointingRel572" value="amod"/>
		<feat xlink:href="#sPointingRel573" value="obj"/>
		<feat xlink:href="#sPointingRel574" value="cc"/>
		<feat xlink:href="#sPointingRel575" value="conj"/>
		<feat xlink:href="#sPointingRel578" value="punct"/>
		<feat xlink:href="#sPointingRel579" value="nmod"/>
		<feat xlink:href="#sPointingRel580" value="case"/>
		<feat xlink:href="#sPointingRel581" value="nmod"/>
		<feat xlink:href="#sPointingRel583" value="punct"/>
		<feat xlink:href="#sPointingRel584" value="dep"/>
		<feat xlink:href="#sPointingRel585" value="compound"/>
		<feat xlink:href="#sPointingRel586" value="amod"/>
		<feat xlink:href="#sPointingRel587" value="compound"/>
		<feat xlink:href="#sPointingRel588" value="nsubj"/>
		<feat xlink:href="#sPointingRel589" value="punct"/>
		<feat xlink:href="#sPointingRel590" value="case"/>
		<feat xlink:href="#sPointingRel591" value="nmod"/>
		<feat xlink:href="#sPointingRel593" value="acl"/>
		<feat xlink:href="#sPointingRel594" value="advmod"/>
		<feat xlink:href="#sPointingRel595" value="punct"/>
		<feat xlink:href="#sPointingRel596" value="nsubj"/>
		<feat xlink:href="#sPointingRel597" value="acl:relcl"/>
		<feat xlink:href="#sPointingRel598" value="case"/>
		<feat xlink:href="#sPointingRel599" value="obl"/>
		<feat xlink:href="#sPointingRel601" value="advmod"/>
		<feat xlink:href="#sPointingRel602" value="det"/>
		<feat xlink:href="#sPointingRel603" value="compound"/>
		<feat xlink:href="#sPointingRel604" value="punct"/>
		<feat xlink:href="#sPointingRel605" value="amod"/>
		<feat xlink:href="#sPointingRel606" value="obj"/>
		<feat xlink:href="#sPointingRel607" value="case"/>
		<feat xlink:href="#sPointingRel608" value="det"/>
		<feat xlink:href="#sPointingRel609" value="nmod:poss"/>
		<feat xlink:href="#sPointingRel610" value="case"/>
		<feat xlink:href="#sPointingRel611" value="nmod"/>
		<feat xlink:href="#sPointingRel613" value="case"/>
		<feat xlink:href="#sPointingRel614" value="obl"/>
		<feat xlink:href="#sPointingRel616" value="case"/>
		<feat xlink:href="#sPointingRel617" value="det"/>
		<feat xlink:href="#sPointingRel618" value="nmod"/>
		<feat xlink:href="#sPointingRel620" value="case"/>
		<feat xlink:href="#sPointingRel621" value="nmod:poss"/>
		<feat xlink:href="#sPointingRel622" value="nmod"/>
		<feat xlink:href="#sPointingRel624" value="cc"/>
		<feat xlink:href="#sPointingRel625" value="amod"/>
		<feat xlink:href="#sPointingRel626" value="conj"/>
		<feat xlink:href="#sPointingRel629" value="acl"/>
		<feat xlink:href="#sPointingRel630" value="det"/>
		<feat xlink:href="#sPointingRel631" value="amod"/>
		<feat xlink:href="#sPointingRel632" value="compound"/>
		<feat xlink:href="#sPointingRel633" value="obj"/>
		<feat xlink:href="#sPointingRel635" value="case"/>
		<feat xlink:href="#sPointingRel636" value="det"/>
		<feat xlink:href="#sPointingRel637" value="amod"/>
		<feat xlink:href="#sPointingRel638" value="nmod"/>
		<feat xlink:href="#sPointingRel640" value="punct"/>
		<feat xlink:href="#sPointingRel641" value="nsubj"/>
		<feat xlink:href="#sPointingRel643" value="acl:relcl"/>
		<feat xlink:href="#sPointingRel644" value="case"/>
		<feat xlink:href="#sPointingRel645" value="compound"/>
		<feat xlink:href="#sPointingRel646" value="obl"/>
		<feat xlink:href="#sPointingRel648" value="det"/>
		<feat xlink:href="#sPointingRel649" value="obj"/>
		<feat xlink:href="#sPointingRel650" value="case"/>
		<feat xlink:href="#sPointingRel651" value="nmod"/>
		<feat xlink:href="#sPointingRel653" value="punct"/>
		<feat xlink:href="#sPointingRel654" value="case"/>
		<feat xlink:href="#sPointingRel655" value="det"/>
		<feat xlink:href="#sPointingRel656" value="nmod:poss"/>
		<feat xlink:href="#sPointingRel657" value="case"/>
		<feat xlink:href="#sPointingRel658" value="amod"/>
		<feat xlink:href="#sPointingRel659" value="nmod"/>
		<feat xlink:href="#sPointingRel661" value="mark"/>
		<feat xlink:href="#sPointingRel662" value="acl"/>
		<feat xlink:href="#sPointingRel664" value="nmod:poss"/>
		<feat xlink:href="#sPointingRel665" value="obj"/>
		<feat xlink:href="#sPointingRel666" value="punct"/>
		<feat xlink:href="#sPointingRel667" value="mark"/>
		<feat xlink:href="#sPointingRel668" value="det"/>
		<feat xlink:href="#sPointingRel669" value="nsubj"/>
		<feat xlink:href="#sPointingRel670" value="aux"/>
		<feat xlink:href="#sPointingRel671" value="advmod"/>
		<feat xlink:href="#sPointingRel672" value="advcl"/>
		<feat xlink:href="#sPointingRel674" value="det"/>
		<feat xlink:href="#sPointingRel675" value="obj"/>
		<feat xlink:href="#sPointingRel676" value="punct"/>
		<feat xlink:href="#sPointingRel677" value="nsubj"/>
		<feat xlink:href="#sPointingRel678" value="amod"/>
		<feat xlink:href="#sPointingRel679" value="obj"/>
		<feat xlink:href="#sPointingRel680" value="mark"/>
		<feat xlink:href="#sPointingRel681" value="acl"/>
		<feat xlink:href="#sPointingRel683" value="cc:preconj"/>
		<feat xlink:href="#sPointingRel684" value="det"/>
		<feat xlink:href="#sPointingRel685" value="amod"/>
		<feat xlink:href="#sPointingRel686" value="nmod:poss"/>
		<feat xlink:href="#sPointingRel687" value="case"/>
		<feat xlink:href="#sPointingRel688" value="obj"/>
		<feat xlink:href="#sPointingRel689" value="cc"/>
		<feat xlink:href="#sPointingRel690" value="det"/>
		<feat xlink:href="#sPointingRel691" value="conj"/>
		<feat xlink:href="#sPointingRel694" value="case"/>
		<feat xlink:href="#sPointingRel695" value="amod"/>
		<feat xlink:href="#sPointingRel696" value="nmod"/>
		<feat xlink:href="#sPointingRel698" value="punct"/>
		<feat xlink:href="#sPointingRel699" value="nsubj"/>
		<feat xlink:href="#sPointingRel700" value="case"/>
		<feat xlink:href="#sPointingRel701" value="nmod"/>
		<feat xlink:href="#sPointingRel703" value="advcl:relcl"/>
		<feat xlink:href="#sPointingRel704" value="conj"/>
		<feat xlink:href="#sPointingRel707" value="cc"/>
		<feat xlink:href="#sPointingRel708" value="conj"/>
		<feat xlink:href="#sPointingRel711" value="det"/>
		<feat xlink:href="#sPointingRel712" value="punct"/>
		<feat xlink:href="#sPointingRel713" value="amod"/>
		<feat xlink:href="#sPointingRel714" value="punct"/>
		<feat xlink:href="#sPointingRel715" value="obj"/>
		<feat xlink:href="#sPointingRel716" value="case"/>
		<feat xlink:href="#sPointingRel717" value="amod"/>
		<feat xlink:href="#sPointingRel718" value="obl"/>
		<feat xlink:href="#sPointingRel720" value="case"/>
		<feat xlink:href="#sPointingRel721" value="det"/>
		<feat xlink:href="#sPointingRel722" value="nmod:poss"/>
		<feat xlink:href="#sPointingRel723" value="case"/>
		<feat xlink:href="#sPointingRel724" value="nmod"/>
		<feat xlink:href="#sPointingRel726" value="case"/>
		<feat xlink:href="#sPointingRel727" value="nmod"/>
		<feat xlink:href="#sPointingRel729" value="punct"/>
		<feat xlink:href="#sPointingRel730" value="nmod"/>
		<feat xlink:href="#sPointingRel731" value="case"/>
		<feat xlink:href="#sPointingRel732" value="nmod"/>
		<feat xlink:href="#sPointingRel734" value="punct"/>
		<feat xlink:href="#sPointingRel735" value="dep"/>
		<feat xlink:href="#sPointingRel736" value="case"/>
		<feat xlink:href="#sPointingRel737" value="det"/>
		<feat xlink:href="#sPointingRel738" value="obl"/>
		<feat xlink:href="#sPointingRel740" value="case"/>
		<feat xlink:href="#sPointingRel741" value="fixed"/>
		<feat xlink:href="#sPointingRel742" value="advmod"/>
		<feat xlink:href="#sPointingRel743" value="det"/>
		<feat xlink:href="#sPointingRel744" value="nmod"/>
		<feat xlink:href="#sPointingRel746" value="case"/>
		<feat xlink:href="#sPointingRel747" value="det"/>
		<feat xlink:href="#sPointingRel748" value="amod"/>
		<feat xlink:href="#sPointingRel749" value="nmod"/>
		<feat xlink:href="#sPointingRel751" value="punct"/>
		<feat xlink:href="#sPointingRel752" value="det"/>
		<feat xlink:href="#sPointingRel753" value="compound"/>
		<feat xlink:href="#sPointingRel754" value="nsubj:pass"/>
		<feat xlink:href="#sPointingRel755" value="cc"/>
		<feat xlink:href="#sPointingRel756" value="nmod:poss"/>
		<feat xlink:href="#sPointingRel757" value="conj"/>
		<feat xlink:href="#sPointingRel760" value="aux"/>
		<feat xlink:href="#sPointingRel761" value="aux:pass"/>
		<feat xlink:href="#sPointingRel762" value="case"/>
		<feat xlink:href="#sPointingRel763" value="det"/>
		<feat xlink:href="#sPointingRel764" value="amod"/>
		<feat xlink:href="#sPointingRel765" value="obl"/>
		<feat xlink:href="#sPointingRel767" value="case"/>
		<feat xlink:href="#sPointingRel768" value="det"/>
		<feat xlink:href="#sPointingRel769" value="amod"/>
		<feat xlink:href="#sPointingRel770" value="nmod:poss"/>
		<feat xlink:href="#sPointingRel771" value="case"/>
		<feat xlink:href="#sPointingRel772" value="amod"/>
		<feat xlink:href="#sPointingRel773" value="nmod"/>
		<feat xlink:href="#sPointingRel775" value="punct"/>
		<feat xlink:href="#sPointingRel776" value="nmod"/>
		<feat xlink:href="#sPointingRel777" value="punct"/>
		<feat xlink:href="#sPointingRel778" value="conj"/>
		<feat xlink:href="#sPointingRel780" value="punct"/>
		<feat xlink:href="#sPointingRel781" value="dep"/>
		<feat xlink:href="#sPointingRel782" value="case"/>
		<feat xlink:href="#sPointingRel783" value="det"/>
		<feat xlink:href="#sPointingRel784" value="obl"/>
		<feat xlink:href="#sPointingRel786" value="amod"/>
		<feat xlink:href="#sPointingRel787" value="case"/>
		<feat xlink:href="#sPointingRel788" value="advmod"/>
		<feat xlink:href="#sPointingRel789" value="det"/>
		<feat xlink:href="#sPointingRel790" value="obl"/>
		<feat xlink:href="#sPointingRel792" value="case"/>
		<feat xlink:href="#sPointingRel793" value="det"/>
		<feat xlink:href="#sPointingRel794" value="amod"/>
		<feat xlink:href="#sPointingRel795" value="nmod"/>
		<feat xlink:href="#sPointingRel797" value="punct"/>
		<feat xlink:href="#sPointingRel798" value="det"/>
		<feat xlink:href="#sPointingRel799" value="nsubj"/>
		<feat xlink:href="#sPointingRel800" value="punct"/>
		<feat xlink:href="#sPointingRel801" value="mark"/>
		<feat xlink:href="#sPointingRel802" value="advcl"/>
		<feat xlink:href="#sPointingRel804" value="nmod:poss"/>
		<feat xlink:href="#sPointingRel805" value="obj"/>
		<feat xlink:href="#sPointingRel806" value="case"/>
		<feat xlink:href="#sPointingRel807" value="det"/>
		<feat xlink:href="#sPointingRel808" value="nmod"/>
		<feat xlink:href="#sPointingRel810" value="case"/>
		<feat xlink:href="#sPointingRel811" value="det"/>
		<feat xlink:href="#sPointingRel812" value="nmod"/>
		<feat xlink:href="#sPointingRel814" value="punct"/>
		<feat xlink:href="#sPointingRel815" value="aux"/>
		<feat xlink:href="#sPointingRel816" value="punct"/>
		<feat xlink:href="#sPointingRel817" value="mark"/>
		<feat xlink:href="#sPointingRel818" value="nsubj"/>
		<feat xlink:href="#sPointingRel819" value="advcl"/>
		<feat xlink:href="#sPointingRel821" value="punct"/>
		<feat xlink:href="#sPointingRel822" value="det"/>
		<feat xlink:href="#sPointingRel823" value="compound"/>
		<feat xlink:href="#sPointingRel824" value="obj"/>
		<feat xlink:href="#sPointingRel825" value="case"/>
		<feat xlink:href="#sPointingRel826" value="obl"/>
		<feat xlink:href="#sPointingRel829" value="nsubj:outer"/>
		<feat xlink:href="#sPointingRel831" value="cop"/>
		<feat xlink:href="#sPointingRel832" value="advmod"/>
		<feat xlink:href="#sPointingRel833" value="acl:relcl"/>
		<feat xlink:href="#sPointingRel834" value="case"/>
		<feat xlink:href="#sPointingRel835" value="amod"/>
		<feat xlink:href="#sPointingRel836" value="obl"/>
		<feat xlink:href="#sPointingRel838" value="punct"/>
		<feat xlink:href="#sPointingRel839" value="nmod"/>
		<feat xlink:href="#sPointingRel840" value="punct"/>
		<feat xlink:href="#sPointingRel841" value="conj"/>
		<feat xlink:href="#sPointingRel843" value="punct"/>
		<feat xlink:href="#sPointingRel844" value="dep"/>
		<feat xlink:href="#sPointingRel845" value="case"/>
		<feat xlink:href="#sPointingRel846" value="det"/>
		<feat xlink:href="#sPointingRel847" value="obl"/>
		<feat xlink:href="#sPointingRel849" value="acl"/>
		<feat xlink:href="#sPointingRel850" value="case"/>
		<feat xlink:href="#sPointingRel851" value="obl"/>
		<feat xlink:href="#sPointingRel853" value="det"/>
		<feat xlink:href="#sPointingRel854" value="nsubj"/>
		<feat xlink:href="#sPointingRel856" value="punct"/>
		<feat xlink:href="#sPointingRel857" value="mark"/>
		<feat xlink:href="#sPointingRel858" value="advcl"/>
		<feat xlink:href="#sPointingRel860" value="nmod:poss"/>
		<feat xlink:href="#sPointingRel861" value="obj"/>
		<feat xlink:href="#sPointingRel862" value="case"/>
		<feat xlink:href="#sPointingRel863" value="det"/>
		<feat xlink:href="#sPointingRel864" value="nmod"/>
		<feat xlink:href="#sPointingRel866" value="case"/>
		<feat xlink:href="#sPointingRel867" value="amod"/>
		<feat xlink:href="#sPointingRel868" value="nmod"/>
		<feat xlink:href="#sPointingRel870" value="punct"/>
		<feat xlink:href="#sPointingRel871" value="aux"/>
		<feat xlink:href="#sPointingRel873" value="punct"/>
		<feat xlink:href="#sPointingRel874" value="mark"/>
		<feat xlink:href="#sPointingRel875" value="nsubj"/>
		<feat xlink:href="#sPointingRel876" value="advcl"/>
		<feat xlink:href="#sPointingRel878" value="punct"/>
		<feat xlink:href="#sPointingRel879" value="punct"/>
		<feat xlink:href="#sPointingRel880" value="cc"/>
		<feat xlink:href="#sPointingRel881" value="advmod"/>
		<feat xlink:href="#sPointingRel882" value="conj"/>
		<feat xlink:href="#sPointingRel884" value="punct"/>
		<feat xlink:href="#sPointingRel885" value="obj"/>
		<feat xlink:href="#sPointingRel887" value="mark"/>
		<feat xlink:href="#sPointingRel888" value="advmod"/>
		<feat xlink:href="#sPointingRel889" value="advcl"/>
		<feat xlink:href="#sPointingRel891" value="punct"/>
		<feat xlink:href="#sPointingRel892" value="case"/>
		<feat xlink:href="#sPointingRel893" value="amod"/>
		<feat xlink:href="#sPointingRel894" value="amod"/>
		<feat xlink:href="#sPointingRel895" value="obl"/>
		<feat xlink:href="#sPointingRel897" value="punct"/>
		<feat xlink:href="#sPointingRel898" value="case"/>
		<feat xlink:href="#sPointingRel899" value="det"/>
		<feat xlink:href="#sPointingRel900" value="obl"/>
		<feat xlink:href="#sPointingRel902" value="case"/>
		<feat xlink:href="#sPointingRel903" value="det"/>
		<feat xlink:href="#sPointingRel904" value="nmod"/>
		<feat xlink:href="#sPointingRel906" value="cc"/>
		<feat xlink:href="#sPointingRel907" value="conj"/>
		<feat xlink:href="#sPointingRel910" value="case"/>
		<feat xlink:href="#sPointingRel911" value="det"/>
		<feat xlink:href="#sPointingRel912" value="nmod"/>
		<feat xlink:href="#sPointingRel914" value="punct"/>
		<feat xlink:href="#sPointingRel915" value="nmod"/>
		<feat xlink:href="#sPointingRel916" value="case"/>
		<feat xlink:href="#sPointingRel917" value="nmod"/>
		<feat xlink:href="#sPointingRel919" value="punct"/>
		<feat xlink:href="#sPointingRel920" value="conj"/>
		<feat xlink:href="#sPointingRel922" value="case"/>
		<feat xlink:href="#sPointingRel923" value="nmod"/>
		<feat xlink:href="#sPointingRel925" value="punct"/>
		<feat xlink:href="#sPointingRel926" value="dep"/>
		<feat xlink:href="#sPointingRel927" value="det"/>
		<feat xlink:href="#sPointingRel928" value="nsubj"/>
		<feat xlink:href="#sPointingRel930" value="aux"/>
		<feat xlink:href="#sPointingRel931" value="det"/>
		<feat xlink:href="#sPointingRel932" value="obj"/>
		<feat xlink:href="#sPointingRel933" value="punct"/>
		<feat xlink:href="#sPointingRel934" value="appos"/>
		<feat xlink:href="#sPointingRel935" value="punct"/>
		<feat xlink:href="#sPointingRel936" value="mark"/>
		<feat xlink:href="#sPointingRel937" value="advcl"/>
		<feat xlink:href="#sPointingRel939" value="advmod"/>
		<feat xlink:href="#sPointingRel940" value="det"/>
		<feat xlink:href="#sPointingRel941" value="obj"/>
		<feat xlink:href="#sPointingRel942" value="advmod"/>
		<feat xlink:href="#sPointingRel943" value="acl"/>
		<feat xlink:href="#sPointingRel944" value="case"/>
		<feat xlink:href="#sPointingRel945" value="det"/>
		<feat xlink:href="#sPointingRel946" value="obl:agent"/>
		<feat xlink:href="#sPointingRel947" value="punct"/>
		<feat xlink:href="#sPointingRel948" value="cc"/>
		<feat xlink:href="#sPointingRel949" value="aux"/>
		<feat xlink:href="#sPointingRel950" value="conj"/>
		<feat xlink:href="#sPointingRel952" value="det"/>
		<feat xlink:href="#sPointingRel953" value="obj"/>
		<feat xlink:href="#sPointingRel954" value="case"/>
		<feat xlink:href="#sPointingRel955" value="det"/>
		<feat xlink:href="#sPointingRel956" value="obl"/>
		<feat xlink:href="#sPointingRel959" value="nsubj"/>
		<feat xlink:href="#sPointingRel961" value="cop"/>
		<feat xlink:href="#sPointingRel962" value="advmod"/>
		<feat xlink:href="#sPointingRel963" value="det"/>
		<feat xlink:href="#sPointingRel964" value="acl:relcl"/>
		<feat xlink:href="#sPointingRel965" value="mark"/>
		<feat xlink:href="#sPointingRel966" value="advmod"/>
		<feat xlink:href="#sPointingRel967" value="advcl"/>
		<feat xlink:href="#sPointingRel969" value="punct"/>
		<feat xlink:href="#sPointingRel970" value="nmod"/>
		<feat xlink:href="#sPointingRel971" value="punct"/>
		<feat xlink:href="#sPointingRel972" value="dep"/>
		<feat xlink:href="#sPointingRel973" value="expl"/>
		<feat xlink:href="#sPointingRel974" value="cop"/>
		<feat xlink:href="#sPointingRel975" value="mark"/>
		<feat xlink:href="#sPointingRel976" value="csubj"/>
		<feat xlink:href="#sPointingRel977" value="det"/>
		<feat xlink:href="#sPointingRel978" value="amod"/>
		<feat xlink:href="#sPointingRel979" value="compound"/>
		<feat xlink:href="#sPointingRel980" value="obj"/>
		<feat xlink:href="#sPointingRel981" value="punct"/>
		<feat xlink:href="#sPointingRel982" value="mark"/>
		<feat xlink:href="#sPointingRel983" value="det"/>
		<feat xlink:href="#sPointingRel984" value="compound"/>
		<feat xlink:href="#sPointingRel985" value="nsubj"/>
		<feat xlink:href="#sPointingRel986" value="aux"/>
		<feat xlink:href="#sPointingRel987" value="advmod"/>
		<feat xlink:href="#sPointingRel988" value="advmod"/>
		<feat xlink:href="#sPointingRel989" value="advcl"/>
		<feat xlink:href="#sPointingRel991" value="det"/>
		<feat xlink:href="#sPointingRel992" value="nmod:poss"/>
		<feat xlink:href="#sPointingRel993" value="case"/>
		<feat xlink:href="#sPointingRel994" value="obj"/>
		<feat xlink:href="#sPointingRel995" value="punct"/>
		<feat xlink:href="#sPointingRel996" value="parataxis"/>
		<feat xlink:href="#sPointingRel997" value="punct"/>
		<feat xlink:href="#sPointingRel998" value="mark"/>
		<feat xlink:href="#sPointingRel999" value="det"/>
		<feat xlink:href="#sPointingRel1000" value="compound"/>
		<feat xlink:href="#sPointingRel1001" value="amod"/>
		<feat xlink:href="#sPointingRel1002" value="compound"/>
		<feat xlink:href="#sPointingRel1003" value="nsubj"/>
		<feat xlink:href="#sPointingRel1004" value="cop"/>
		<feat xlink:href="#sPointingRel1005" value="acl"/>
		<feat xlink:href="#sPointingRel1007" value="punct"/>
		<feat xlink:href="#sPointingRel1008" value="nmod"/>
		<feat xlink:href="#sPointingRel1009" value="punct"/>
		<feat xlink:href="#sPointingRel1010" value="nsubj"/>
		<feat xlink:href="#sPointingRel1011" value="punct"/>
		<feat xlink:href="#sPointingRel1012" value="flat"/>
		<feat xlink:href="#sPointingRel1013" value="punct"/>
		<feat xlink:href="#sPointingRel1015" value="det"/>
		<feat xlink:href="#sPointingRel1016" value="obj"/>
		<feat xlink:href="#sPointingRel1017" value="case"/>
		<feat xlink:href="#sPointingRel1018" value="det"/>
		<feat xlink:href="#sPointingRel1019" value="nmod"/>
		<feat xlink:href="#sPointingRel1021" value="punct"/>
		<feat xlink:href="#sPointingRel1022" value="case"/>
		<feat xlink:href="#sPointingRel1023" value="obl"/>
		<feat xlink:href="#sPointingRel1025" value="nsubj"/>
		<feat xlink:href="#sPointingRel1026" value="punct"/>
		<feat xlink:href="#sPointingRel1027" value="flat"/>
		<feat xlink:href="#sPointingRel1028" value="punct"/>
		<feat xlink:href="#sPointingRel1029" value="cc"/>
		<feat xlink:href="#sPointingRel1030" value="conj"/>
		<feat xlink:href="#sPointingRel1033" value="punct"/>
		<feat xlink:href="#sPointingRel1034" value="conj"/>
		<feat xlink:href="#sPointingRel1037" value="punct"/>
		<feat xlink:href="#sPointingRel1038" value="conj"/>
		<feat xlink:href="#sPointingRel1041" value="punct"/>
		<feat xlink:href="#sPointingRel1042" value="conj"/>
		<feat xlink:href="#sPointingRel1045" value="punct"/>
		<feat xlink:href="#sPointingRel1046" value="cc"/>
		<feat xlink:href="#sPointingRel1047" value="conj"/>
		<feat xlink:href="#sPointingRel1050" value="punct"/>
		<feat xlink:href="#sPointingRel1051" value="appos"/>
		<feat xlink:href="#sPointingRel1052" value="punct"/>
		<feat xlink:href="#sPointingRel1053" value="acl:relcl"/>
		<feat xlink:href="#sPointingRel1054" value="punct"/>
		<feat xlink:href="#sPointingRel1055" value="nsubj"/>
		<feat xlink:href="#sPointingRel1056" value="punct"/>
		<feat xlink:href="#sPointingRel1057" value="flat"/>
		<feat xlink:href="#sPointingRel1058" value="punct"/>
		<feat xlink:href="#sPointingRel1059" value="dep"/>
		<feat xlink:href="#sPointingRel1060" value="punct"/>
		<feat xlink:href="#sPointingRel1061" value="dep"/>
		<feat xlink:href="#sPointingRel1062" value="nmod"/>
		<feat xlink:href="#sPointingRel1063" value="punct"/>
		<feat xlink:href="#sPointingRel1064" value="conj"/>
		<feat xlink:href="#sPointingRel1067" value="punct"/>
		<feat xlink:href="#sPointingRel1068" value="flat"/>
		<feat xlink:href="#sPointingRel1069" value="punct"/>
		<feat xlink:href="#sPointingRel1070" value="dep"/>
		<feat xlink:href="#sPointingRel1071" value="punct"/>
		<feat xlink:href="#sPointingRel1072" value="dep"/>
		<feat xlink:href="#sPointingRel1073" value="nmod"/>
		<feat xlink:href="#sPointingRel1074" value="punct"/>
		<feat xlink:href="#sPointingRel1075" value="cc"/>
		<feat xlink:href="#sPointingRel1076" value="conj"/>
		<feat xlink:href="#sPointingRel1079" value="punct"/>
		<feat xlink:href="#sPointingRel1080" value="flat"/>
		<feat xlink:href="#sPointingRel1081" value="punct"/>
		<feat xlink:href="#sPointingRel1082" value="dep"/>
		<feat xlink:href="#sPointingRel1083" value="punct"/>
		<feat xlink:href="#sPointingRel1084" value="dep"/>
		<feat xlink:href="#sPointingRel1085" value="nmod"/>
		<feat xlink:href="#sPointingRel1086" value="punct"/>
		<feat xlink:href="#sPointingRel1087" value="amod"/>
		<feat xlink:href="#sPointingRel1088" value="obj"/>
		<feat xlink:href="#sPointingRel1089" value="punct"/>
		<feat xlink:href="#sPointingRel1090" value="nsubj"/>
		<feat xlink:href="#sPointingRel1091" value="punct"/>
		<feat xlink:href="#sPointingRel1092" value="flat"/>
		<feat xlink:href="#sPointingRel1093" value="punct"/>
		<feat xlink:href="#sPointingRel1094" value="det"/>
		<feat xlink:href="#sPointingRel1095" value="amod"/>
		<feat xlink:href="#sPointingRel1096" value="obj"/>
		<feat xlink:href="#sPointingRel1098" value="punct"/>
		<feat xlink:href="#sPointingRel1099" value="case"/>
		<feat xlink:href="#sPointingRel1100" value="obl"/>
		<feat xlink:href="#sPointingRel1102" value="nsubj"/>
		<feat xlink:href="#sPointingRel1103" value="punct"/>
		<feat xlink:href="#sPointingRel1104" value="flat"/>
		<feat xlink:href="#sPointingRel1105" value="punct"/>
		<feat xlink:href="#sPointingRel1106" value="acl:relcl"/>
		<feat xlink:href="#sPointingRel1107" value="punct"/>
		<feat xlink:href="#sPointingRel1108" value="dep"/>
		<feat xlink:href="#sPointingRel1109" value="punct"/>
		<feat xlink:href="#sPointingRel1110" value="dep"/>
		<feat xlink:href="#sPointingRel1111" value="nmod"/>
		<feat xlink:href="#sPointingRel1112" value="punct"/>
		<feat xlink:href="#sPointingRel1113" value="nsubj"/>
		<feat xlink:href="#sPointingRel1114" value="punct"/>
		<feat xlink:href="#sPointingRel1115" value="flat"/>
		<feat xlink:href="#sPointingRel1116" value="punct"/>
		<feat xlink:href="#sPointingRel1117" value="det"/>
		<feat xlink:href="#sPointingRel1118" value="amod"/>
		<feat xlink:href="#sPointingRel1119" value="obj"/>
		<feat xlink:href="#sPointingRel1120" value="punct"/>
		<feat xlink:href="#sPointingRel1121" value="dep"/>
		<feat xlink:href="#sPointingRel1122" value="punct"/>
		<feat xlink:href="#sPointingRel1123" value="dep"/>
		<feat xlink:href="#sPointingRel1124" value="nmod"/>
		<feat xlink:href="#sPointingRel1125" value="punct"/>
		<feat xlink:href="#sPointingRel1126" value="punct"/>
		<feat xlink:href="#sPointingRel1127" value="parataxis"/>
		<feat xlink:href="#sPointingRel1128" value="nmod"/>
		<feat xlink:href="#sPointingRel1129" value="punct"/></featList></paula>