<?xml version='1.0' encoding='UTF-8'?><!DOCTYPE paula SYSTEM "paula_feat.dtd">
<paula version="1.1">
	<header paula_id="GENTLE_legal_abortion.tok_tok_func"/>
	<featList xmlns:xlink="http://www.w3.org/1999/xlink" type="tok_func" xml:base="GENTLE_legal_abortion.tok.xml">
		<feat xlink:href="#sTok1" value="root"/>
		<feat xlink:href="#sTok2" value="case"/>
		<feat xlink:href="#sTok3" value="nmod"/>
		<feat xlink:href="#sTok4" value="amod"/>
		<feat xlink:href="#sTok5" value="root"/>
		<feat xlink:href="#sTok6" value="case"/>
		<feat xlink:href="#sTok7" value="det"/>
		<feat xlink:href="#sTok8" value="amod"/>
		<feat xlink:href="#sTok9" value="nmod"/>
		<feat xlink:href="#sTok10" value="compound"/>
		<feat xlink:href="#sTok11" value="compound"/>
		<feat xlink:href="#sTok12" value="root"/>
		<feat xlink:href="#sTok13" value="root"/>
		<feat xlink:href="#sTok14" value="case"/>
		<feat xlink:href="#sTok15" value="nmod"/>
		<feat xlink:href="#sTok16" value="root"/>
		<feat xlink:href="#sTok17" value="case"/>
		<feat xlink:href="#sTok18" value="det"/>
		<feat xlink:href="#sTok19" value="amod"/>
		<feat xlink:href="#sTok20" value="compound"/>
		<feat xlink:href="#sTok21" value="compound"/>
		<feat xlink:href="#sTok22" value="nmod"/>
		<feat xlink:href="#sTok23" value="case"/>
		<feat xlink:href="#sTok24" value="det"/>
		<feat xlink:href="#sTok25" value="amod"/>
		<feat xlink:href="#sTok26" value="nmod"/>
		<feat xlink:href="#sTok27" value="case"/>
		<feat xlink:href="#sTok28" value="nmod"/>
		<feat xlink:href="#sTok29" value="root"/>
		<feat xlink:href="#sTok30" value="dep"/>
		<feat xlink:href="#sTok31" value="punct"/>
		<feat xlink:href="#sTok32" value="flat"/>
		<feat xlink:href="#sTok33" value="root"/>
		<feat xlink:href="#sTok34" value="punct"/>
		<feat xlink:href="#sTok35" value="compound"/>
		<feat xlink:href="#sTok36" value="dep"/>
		<feat xlink:href="#sTok37" value="punct"/>
		<feat xlink:href="#sTok38" value="nmod:tmod"/>
		<feat xlink:href="#sTok39" value="punct"/>
		<feat xlink:href="#sTok40" value="root"/>
		<feat xlink:href="#sTok41" value="punct"/>
		<feat xlink:href="#sTok42" value="compound"/>
		<feat xlink:href="#sTok43" value="dep"/>
		<feat xlink:href="#sTok44" value="punct"/>
		<feat xlink:href="#sTok45" value="nmod:tmod"/>
		<feat xlink:href="#sTok46" value="det"/>
		<feat xlink:href="#sTok47" value="amod"/>
		<feat xlink:href="#sTok48" value="amod"/>
		<feat xlink:href="#sTok49" value="nsubj"/>
		<feat xlink:href="#sTok50" value="punct"/>
		<feat xlink:href="#sTok51" value="appos"/>
		<feat xlink:href="#sTok52" value="punct"/>
		<feat xlink:href="#sTok53" value="root"/>
		<feat xlink:href="#sTok54" value="det"/>
		<feat xlink:href="#sTok55" value="compound"/>
		<feat xlink:href="#sTok56" value="obj"/>
		<feat xlink:href="#sTok57" value="acl"/>
		<feat xlink:href="#sTok58" value="det"/>
		<feat xlink:href="#sTok59" value="obj"/>
		<feat xlink:href="#sTok60" value="case"/>
		<feat xlink:href="#sTok61" value="det"/>
		<feat xlink:href="#sTok62" value="compound"/>
		<feat xlink:href="#sTok63" value="amod"/>
		<feat xlink:href="#sTok64" value="compound"/>
		<feat xlink:href="#sTok65" value="nmod"/>
		<feat xlink:href="#sTok66" value="punct"/>
		<feat xlink:href="#sTok67" value="nsubj"/>
		<feat xlink:href="#sTok68" value="acl:relcl"/>
		<feat xlink:href="#sTok69" value="ccomp"/>
		<feat xlink:href="#sTok70" value="cc"/>
		<feat xlink:href="#sTok71" value="conj"/>
		<feat xlink:href="#sTok72" value="det"/>
		<feat xlink:href="#sTok73" value="obj"/>
		<feat xlink:href="#sTok74" value="case"/>
		<feat xlink:href="#sTok75" value="case"/>
		<feat xlink:href="#sTok76" value="amod"/>
		<feat xlink:href="#sTok77" value="obl"/>
		<feat xlink:href="#sTok78" value="case"/>
		<feat xlink:href="#sTok79" value="det"/>
		<feat xlink:href="#sTok80" value="nmod"/>
		<feat xlink:href="#sTok81" value="mark"/>
		<feat xlink:href="#sTok82" value="acl"/>
		<feat xlink:href="#sTok83" value="det"/>
		<feat xlink:href="#sTok84" value="nmod:poss"/>
		<feat xlink:href="#sTok85" value="case"/>
		<feat xlink:href="#sTok86" value="obj"/>
		<feat xlink:href="#sTok87" value="punct"/>
		<feat xlink:href="#sTok88" value="det"/>
		<feat xlink:href="#sTok89" value="amod"/>
		<feat xlink:href="#sTok90" value="nsubj:pass"/>
		<feat xlink:href="#sTok91" value="punct"/>
		<feat xlink:href="#sTok92" value="appos"/>
		<feat xlink:href="#sTok93" value="punct"/>
		<feat xlink:href="#sTok94" value="punct"/>
		<feat xlink:href="#sTok95" value="nsubj"/>
		<feat xlink:href="#sTok96" value="acl:relcl"/>
		<feat xlink:href="#sTok97" value="nummod"/>
		<feat xlink:href="#sTok98" value="compound"/>
		<feat xlink:href="#sTok99" value="compound"/>
		<feat xlink:href="#sTok100" value="obj"/>
		<feat xlink:href="#sTok101" value="acl"/>
		<feat xlink:href="#sTok102" value="case"/>
		<feat xlink:href="#sTok103" value="obl"/>
		<feat xlink:href="#sTok104" value="punct"/>
		<feat xlink:href="#sTok105" value="aux:pass"/>
		<feat xlink:href="#sTok106" value="root"/>
		<feat xlink:href="#sTok107" value="mark"/>
		<feat xlink:href="#sTok108" value="xcomp"/>
		<feat xlink:href="#sTok109" value="punct"/>
		<feat xlink:href="#sTok110" value="det"/>
		<feat xlink:href="#sTok111" value="amod"/>
		<feat xlink:href="#sTok112" value="amod"/>
		<feat xlink:href="#sTok113" value="nsubj"/>
		<feat xlink:href="#sTok114" value="punct"/>
		<feat xlink:href="#sTok115" value="det"/>
		<feat xlink:href="#sTok116" value="appos"/>
		<feat xlink:href="#sTok117" value="punct"/>
		<feat xlink:href="#sTok118" value="punct"/>
		<feat xlink:href="#sTok119" value="det"/>
		<feat xlink:href="#sTok120" value="nsubj"/>
		<feat xlink:href="#sTok121" value="advmod"/>
		<feat xlink:href="#sTok122" value="cop"/>
		<feat xlink:href="#sTok123" value="advcl"/>
		<feat xlink:href="#sTok124" value="punct"/>
		<feat xlink:href="#sTok125" value="advmod"/>
		<feat xlink:href="#sTok126" value="root"/>
		<feat xlink:href="#sTok127" value="det"/>
		<feat xlink:href="#sTok128" value="obj"/>
		<feat xlink:href="#sTok129" value="punct"/>
		<feat xlink:href="#sTok130" value="advcl"/>
		<feat xlink:href="#sTok131" value="amod"/>
		<feat xlink:href="#sTok132" value="obj"/>
		<feat xlink:href="#sTok133" value="case"/>
		<feat xlink:href="#sTok134" value="det"/>
		<feat xlink:href="#sTok135" value="amod"/>
		<feat xlink:href="#sTok136" value="obl"/>
		<feat xlink:href="#sTok137" value="case"/>
		<feat xlink:href="#sTok138" value="amod"/>
		<feat xlink:href="#sTok139" value="nmod"/>
		<feat xlink:href="#sTok140" value="punct"/>
		<feat xlink:href="#sTok141" value="conj"/>
		<feat xlink:href="#sTok142" value="punct"/>
		<feat xlink:href="#sTok143" value="conj"/>
		<feat xlink:href="#sTok144" value="case"/>
		<feat xlink:href="#sTok145" value="nmod"/>
		<feat xlink:href="#sTok146" value="punct"/>
		<feat xlink:href="#sTok147" value="cc"/>
		<feat xlink:href="#sTok148" value="conj"/>
		<feat xlink:href="#sTok149" value="case"/>
		<feat xlink:href="#sTok150" value="det"/>
		<feat xlink:href="#sTok151" value="nmod:poss"/>
		<feat xlink:href="#sTok152" value="case"/>
		<feat xlink:href="#sTok153" value="nmod"/>
		<feat xlink:href="#sTok154" value="punct"/>
		<feat xlink:href="#sTok155" value="det"/>
		<feat xlink:href="#sTok156" value="nummod"/>
		<feat xlink:href="#sTok157" value="punct"/>
		<feat xlink:href="#sTok158" value="compound"/>
		<feat xlink:href="#sTok159" value="compound"/>
		<feat xlink:href="#sTok160" value="nsubj"/>
		<feat xlink:href="#sTok161" value="punct"/>
		<feat xlink:href="#sTok162" value="nsubj"/>
		<feat xlink:href="#sTok163" value="acl:relcl"/>
		<feat xlink:href="#sTok164" value="det"/>
		<feat xlink:href="#sTok165" value="obj"/>
		<feat xlink:href="#sTok166" value="punct"/>
		<feat xlink:href="#sTok167" value="root"/>
		<feat xlink:href="#sTok168" value="mark"/>
		<feat xlink:href="#sTok169" value="nsubj"/>
		<feat xlink:href="#sTok170" value="cc"/>
		<feat xlink:href="#sTok171" value="conj"/>
		<feat xlink:href="#sTok172" value="punct"/>
		<feat xlink:href="#sTok173" value="cc"/>
		<feat xlink:href="#sTok174" value="conj"/>
		<feat xlink:href="#sTok175" value="case"/>
		<feat xlink:href="#sTok176" value="nmod:poss"/>
		<feat xlink:href="#sTok177" value="nmod"/>
		<feat xlink:href="#sTok178" value="punct"/>
		<feat xlink:href="#sTok179" value="ccomp"/>
		<feat xlink:href="#sTok180" value="obj"/>
		<feat xlink:href="#sTok181" value="mark"/>
		<feat xlink:href="#sTok182" value="acl"/>
		<feat xlink:href="#sTok183" value="cc"/>
		<feat xlink:href="#sTok184" value="conj"/>
		<feat xlink:href="#sTok185" value="amod"/>
		<feat xlink:href="#sTok186" value="obj"/>
		<feat xlink:href="#sTok187" value="punct"/>
		<feat xlink:href="#sTok188" value="advcl"/>
		<feat xlink:href="#sTok189" value="mark"/>
		<feat xlink:href="#sTok190" value="amod"/>
		<feat xlink:href="#sTok191" value="punct"/>
		<feat xlink:href="#sTok192" value="cc"/>
		<feat xlink:href="#sTok193" value="advmod"/>
		<feat xlink:href="#sTok194" value="conj"/>
		<feat xlink:href="#sTok195" value="punct"/>
		<feat xlink:href="#sTok196" value="nsubj:pass"/>
		<feat xlink:href="#sTok197" value="aux:pass"/>
		<feat xlink:href="#sTok198" value="ccomp"/>
		<feat xlink:href="#sTok199" value="punct"/>
		<feat xlink:href="#sTok200" value="det"/>
		<feat xlink:href="#sTok201" value="nsubj"/>
		<feat xlink:href="#sTok202" value="root"/>
		<feat xlink:href="#sTok203" value="det"/>
		<feat xlink:href="#sTok204" value="compound"/>
		<feat xlink:href="#sTok205" value="obj"/>
		<feat xlink:href="#sTok206" value="xcomp"/>
		<feat xlink:href="#sTok207" value="mark"/>
		<feat xlink:href="#sTok208" value="advcl"/>
		<feat xlink:href="#sTok209" value="cc"/>
		<feat xlink:href="#sTok210" value="advmod"/>
		<feat xlink:href="#sTok211" value="conj"/>
		<feat xlink:href="#sTok212" value="det"/>
		<feat xlink:href="#sTok213" value="nmod:poss"/>
		<feat xlink:href="#sTok214" value="case"/>
		<feat xlink:href="#sTok215" value="amod"/>
		<feat xlink:href="#sTok216" value="cc"/>
		<feat xlink:href="#sTok217" value="conj"/>
		<feat xlink:href="#sTok218" value="compound"/>
		<feat xlink:href="#sTok219" value="obj"/>
		<feat xlink:href="#sTok220" value="punct"/>
		<feat xlink:href="#sTok221" value="det"/>
		<feat xlink:href="#sTok222" value="nsubj"/>
		<feat xlink:href="#sTok223" value="root"/>
		<feat xlink:href="#sTok224" value="det"/>
		<feat xlink:href="#sTok225" value="nmod:poss"/>
		<feat xlink:href="#sTok226" value="case"/>
		<feat xlink:href="#sTok227" value="obj"/>
		<feat xlink:href="#sTok228" value="advmod"/>
		<feat xlink:href="#sTok229" value="xcomp"/>
		<feat xlink:href="#sTok230" value="punct"/>
		<feat xlink:href="#sTok231" value="nsubj"/>
		<feat xlink:href="#sTok232" value="advmod"/>
		<feat xlink:href="#sTok233" value="root"/>
		<feat xlink:href="#sTok234" value="case"/>
		<feat xlink:href="#sTok235" value="det"/>
		<feat xlink:href="#sTok236" value="obl"/>
		<feat xlink:href="#sTok237" value="case"/>
		<feat xlink:href="#sTok238" value="det"/>
		<feat xlink:href="#sTok239" value="amod"/>
		<feat xlink:href="#sTok240" value="obl"/>
		<feat xlink:href="#sTok241" value="punct"/>
		<feat xlink:href="#sTok242" value="cc"/>
		<feat xlink:href="#sTok243" value="nsubj"/>
		<feat xlink:href="#sTok244" value="compound"/>
		<feat xlink:href="#sTok245" value="punct"/>
		<feat xlink:href="#sTok246" value="conj"/>
		<feat xlink:href="#sTok247" value="case"/>
		<feat xlink:href="#sTok248" value="det"/>
		<feat xlink:href="#sTok249" value="compound"/>
		<feat xlink:href="#sTok250" value="nmod:poss"/>
		<feat xlink:href="#sTok251" value="case"/>
		<feat xlink:href="#sTok252" value="obl"/>
		<feat xlink:href="#sTok253" value="case"/>
		<feat xlink:href="#sTok254" value="amod"/>
		<feat xlink:href="#sTok255" value="nmod"/>
		<feat xlink:href="#sTok256" value="case"/>
		<feat xlink:href="#sTok257" value="nmod"/>
		<feat xlink:href="#sTok258" value="cc"/>
		<feat xlink:href="#sTok259" value="conj"/>
		<feat xlink:href="#sTok260" value="punct"/>
		<feat xlink:href="#sTok261" value="root"/>
		<feat xlink:href="#sTok262" value="punct"/>
		<feat xlink:href="#sTok263" value="dep"/>
		<feat xlink:href="#sTok264" value="mark"/>
		<feat xlink:href="#sTok265" value="nummod"/>
		<feat xlink:href="#sTok266" value="compound"/>
		<feat xlink:href="#sTok267" value="nsubj"/>
		<feat xlink:href="#sTok268" value="advcl"/>
		<feat xlink:href="#sTok269" value="det"/>
		<feat xlink:href="#sTok270" value="amod"/>
		<feat xlink:href="#sTok271" value="obj"/>
		<feat xlink:href="#sTok272" value="case"/>
		<feat xlink:href="#sTok273" value="det"/>
		<feat xlink:href="#sTok274" value="nmod"/>
		<feat xlink:href="#sTok275" value="case"/>
		<feat xlink:href="#sTok276" value="det"/>
		<feat xlink:href="#sTok277" value="obl"/>
		<feat xlink:href="#sTok278" value="cc"/>
		<feat xlink:href="#sTok279" value="conj"/>
		<feat xlink:href="#sTok280" value="case"/>
		<feat xlink:href="#sTok281" value="amod"/>
		<feat xlink:href="#sTok282" value="nmod"/>
		<feat xlink:href="#sTok283" value="advmod"/>
		<feat xlink:href="#sTok284" value="punct"/>
		<feat xlink:href="#sTok285" value="nsubj:pass"/>
		<feat xlink:href="#sTok286" value="aux:pass"/>
		<feat xlink:href="#sTok287" value="advmod"/>
		<feat xlink:href="#sTok288" value="root"/>
		<feat xlink:href="#sTok289" value="mark"/>
		<feat xlink:href="#sTok290" value="det"/>
		<feat xlink:href="#sTok291" value="nsubj"/>
		<feat xlink:href="#sTok292" value="cop"/>
		<feat xlink:href="#sTok293" value="advmod"/>
		<feat xlink:href="#sTok294" value="case"/>
		<feat xlink:href="#sTok295" value="det"/>
		<feat xlink:href="#sTok296" value="advcl"/>
		<feat xlink:href="#sTok297" value="case"/>
		<feat xlink:href="#sTok298" value="nmod"/>
		<feat xlink:href="#sTok299" value="case"/>
		<feat xlink:href="#sTok300" value="amod"/>
		<feat xlink:href="#sTok301" value="nmod"/>
		<feat xlink:href="#sTok302" value="case"/>
		<feat xlink:href="#sTok303" value="amod"/>
		<feat xlink:href="#sTok304" value="nmod"/>
		<feat xlink:href="#sTok305" value="cc"/>
		<feat xlink:href="#sTok306" value="det"/>
		<feat xlink:href="#sTok307" value="nsubj"/>
		<feat xlink:href="#sTok308" value="case"/>
		<feat xlink:href="#sTok309" value="fixed"/>
		<feat xlink:href="#sTok310" value="cc:preconj"/>
		<feat xlink:href="#sTok311" value="compound"/>
		<feat xlink:href="#sTok312" value="cc"/>
		<feat xlink:href="#sTok313" value="conj"/>
		<feat xlink:href="#sTok314" value="nmod"/>
		<feat xlink:href="#sTok315" value="cop"/>
		<feat xlink:href="#sTok316" value="advmod"/>
		<feat xlink:href="#sTok317" value="conj"/>
		<feat xlink:href="#sTok318" value="punct"/>
		<feat xlink:href="#sTok319" value="root"/>
		<feat xlink:href="#sTok320" value="nmod"/>
		<feat xlink:href="#sTok321" value="punct"/>
		<feat xlink:href="#sTok322" value="dep"/>
		<feat xlink:href="#sTok323" value="nsubj"/>
		<feat xlink:href="#sTok324" value="root"/>
		<feat xlink:href="#sTok325" value="obj"/>
		<feat xlink:href="#sTok326" value="mark"/>
		<feat xlink:href="#sTok327" value="acl"/>
		<feat xlink:href="#sTok328" value="punct"/>
		<feat xlink:href="#sTok329" value="det"/>
		<feat xlink:href="#sTok330" value="nsubj"/>
		<feat xlink:href="#sTok331" value="cc"/>
		<feat xlink:href="#sTok332" value="conj"/>
		<feat xlink:href="#sTok333" value="parataxis"/>
		<feat xlink:href="#sTok334" value="advmod"/>
		<feat xlink:href="#sTok335" value="punct"/>
		<feat xlink:href="#sTok336" value="root"/>
		<feat xlink:href="#sTok337" value="nmod"/>
		<feat xlink:href="#sTok338" value="case"/>
		<feat xlink:href="#sTok339" value="nmod"/>
		<feat xlink:href="#sTok340" value="punct"/>
		<feat xlink:href="#sTok341" value="dep"/>
		<feat xlink:href="#sTok342" value="advcl"/>
		<feat xlink:href="#sTok343" value="case"/>
		<feat xlink:href="#sTok344" value="nmod:poss"/>
		<feat xlink:href="#sTok345" value="case"/>
		<feat xlink:href="#sTok346" value="obl"/>
		<feat xlink:href="#sTok347" value="punct"/>
		<feat xlink:href="#sTok348" value="det"/>
		<feat xlink:href="#sTok349" value="amod"/>
		<feat xlink:href="#sTok350" value="nsubj"/>
		<feat xlink:href="#sTok351" value="case"/>
		<feat xlink:href="#sTok352" value="nmod:poss"/>
		<feat xlink:href="#sTok353" value="case"/>
		<feat xlink:href="#sTok354" value="nmod"/>
		<feat xlink:href="#sTok355" value="aux"/>
		<feat xlink:href="#sTok356" value="advmod"/>
		<feat xlink:href="#sTok357" value="root"/>
		<feat xlink:href="#sTok358" value="nmod:poss"/>
		<feat xlink:href="#sTok359" value="obj"/>
		<feat xlink:href="#sTok360" value="punct"/>
		<feat xlink:href="#sTok361" value="nsubj"/>
		<feat xlink:href="#sTok362" value="acl"/>
		<feat xlink:href="#sTok363" value="obj"/>
		<feat xlink:href="#sTok364" value="punct"/>
		<feat xlink:href="#sTok365" value="nsubj"/>
		<feat xlink:href="#sTok366" value="cop"/>
		<feat xlink:href="#sTok367" value="punct"/>
		<feat xlink:href="#sTok368" value="acl:relcl"/>
		<feat xlink:href="#sTok369" value="case"/>
		<feat xlink:href="#sTok370" value="obl"/>
		<feat xlink:href="#sTok371" value="punct"/>
		<feat xlink:href="#sTok372" value="cc"/>
		<feat xlink:href="#sTok373" value="conj"/>
		<feat xlink:href="#sTok374" value="obj"/>
		<feat xlink:href="#sTok375" value="punct"/>
		<feat xlink:href="#sTok376" value="punct"/>
		<feat xlink:href="#sTok377" value="cop"/>
		<feat xlink:href="#sTok378" value="det"/>
		<feat xlink:href="#sTok379" value="root"/>
		<feat xlink:href="#sTok380" value="case"/>
		<feat xlink:href="#sTok381" value="det"/>
		<feat xlink:href="#sTok382" value="amod"/>
		<feat xlink:href="#sTok383" value="amod"/>
		<feat xlink:href="#sTok384" value="nmod"/>
		<feat xlink:href="#sTok385" value="mark"/>
		<feat xlink:href="#sTok386" value="det"/>
		<feat xlink:href="#sTok387" value="amod"/>
		<feat xlink:href="#sTok388" value="nsubj"/>
		<feat xlink:href="#sTok389" value="punct"/>
		<feat xlink:href="#sTok390" value="parataxis"/>
		<feat xlink:href="#sTok391" value="nmod"/>
		<feat xlink:href="#sTok392" value="punct"/>
		<feat xlink:href="#sTok393" value="aux"/>
		<feat xlink:href="#sTok394" value="acl"/>
		<feat xlink:href="#sTok395" value="case"/>
		<feat xlink:href="#sTok396" value="compound"/>
		<feat xlink:href="#sTok397" value="obl"/>
		<feat xlink:href="#sTok398" value="punct"/>
		<feat xlink:href="#sTok399" value="cc"/>
		<feat xlink:href="#sTok400" value="advmod"/>
		<feat xlink:href="#sTok401" value="advmod"/>
		<feat xlink:href="#sTok402" value="advmod"/>
		<feat xlink:href="#sTok403" value="det"/>
		<feat xlink:href="#sTok404" value="nsubj:pass"/>
		<feat xlink:href="#sTok405" value="aux:pass"/>
		<feat xlink:href="#sTok406" value="advcl:relcl"/>
		<feat xlink:href="#sTok407" value="punct"/>
		<feat xlink:href="#sTok408" value="root"/>
		<feat xlink:href="#sTok409" value="nmod"/>
		<feat xlink:href="#sTok410" value="case"/>
		<feat xlink:href="#sTok411" value="nmod"/>
		<feat xlink:href="#sTok412" value="punct"/>
		<feat xlink:href="#sTok413" value="dep"/>
		<feat xlink:href="#sTok414" value="det"/>
		<feat xlink:href="#sTok415" value="compound"/>
		<feat xlink:href="#sTok416" value="nsubj"/>
		<feat xlink:href="#sTok417" value="advmod"/>
		<feat xlink:href="#sTok418" value="root"/>
		<feat xlink:href="#sTok419" value="amod"/>
		<feat xlink:href="#sTok420" value="punct"/>
		<feat xlink:href="#sTok421" value="cc"/>
		<feat xlink:href="#sTok422" value="conj"/>
		<feat xlink:href="#sTok423" value="mark"/>
		<feat xlink:href="#sTok424" value="advcl"/>
		<feat xlink:href="#sTok425" value="obj"/>
		<feat xlink:href="#sTok426" value="punct"/>
		<feat xlink:href="#sTok427" value="obj"/>
		<feat xlink:href="#sTok428" value="case"/>
		<feat xlink:href="#sTok429" value="obl"/>
		<feat xlink:href="#sTok430" value="punct"/>
		<feat xlink:href="#sTok431" value="nsubj"/>
		<feat xlink:href="#sTok432" value="acl:relcl"/>
		<feat xlink:href="#sTok433" value="det"/>
		<feat xlink:href="#sTok434" value="advmod"/>
		<feat xlink:href="#sTok435" value="amod"/>
		<feat xlink:href="#sTok436" value="obj"/>
		<feat xlink:href="#sTok437" value="advmod"/>
		<feat xlink:href="#sTok438" value="acl"/>
		<feat xlink:href="#sTok439" value="case"/>
		<feat xlink:href="#sTok440" value="det"/>
		<feat xlink:href="#sTok441" value="obl"/>
		<feat xlink:href="#sTok442" value="case"/>
		<feat xlink:href="#sTok443" value="det"/>
		<feat xlink:href="#sTok444" value="amod"/>
		<feat xlink:href="#sTok445" value="compound"/>
		<feat xlink:href="#sTok446" value="compound"/>
		<feat xlink:href="#sTok447" value="nmod"/>
		<feat xlink:href="#sTok448" value="acl"/>
		<feat xlink:href="#sTok449" value="case"/>
		<feat xlink:href="#sTok450" value="obl"/>
		<feat xlink:href="#sTok451" value="punct"/>
		<feat xlink:href="#sTok452" value="root"/>
		<feat xlink:href="#sTok453" value="case"/>
		<feat xlink:href="#sTok454" value="nmod"/>
		<feat xlink:href="#sTok455" value="punct"/>
		<feat xlink:href="#sTok456" value="nummod"/>
		<feat xlink:href="#sTok457" value="compound"/>
		<feat xlink:href="#sTok458" value="appos"/>
		<feat xlink:href="#sTok459" value="punct"/>
		<feat xlink:href="#sTok460" value="root"/>
		<feat xlink:href="#sTok461" value="nmod"/>
		<feat xlink:href="#sTok462" value="case"/>
		<feat xlink:href="#sTok463" value="nmod"/>
		<feat xlink:href="#sTok464" value="punct"/>
		<feat xlink:href="#sTok465" value="dep"/>
		<feat xlink:href="#sTok466" value="det"/>
		<feat xlink:href="#sTok467" value="nmod:poss"/>
		<feat xlink:href="#sTok468" value="case"/>
		<feat xlink:href="#sTok469" value="nsubj"/>
		<feat xlink:href="#sTok470" value="punct"/>
		<feat xlink:href="#sTok471" value="acl"/>
		<feat xlink:href="#sTok472" value="mark"/>
		<feat xlink:href="#sTok473" value="nsubj"/>
		<feat xlink:href="#sTok474" value="advcl"/>
		<feat xlink:href="#sTok475" value="case"/>
		<feat xlink:href="#sTok476" value="obl"/>
		<feat xlink:href="#sTok477" value="punct"/>
		<feat xlink:href="#sTok478" value="det"/>
		<feat xlink:href="#sTok479" value="nsubj"/>
		<feat xlink:href="#sTok480" value="cc"/>
		<feat xlink:href="#sTok481" value="conj"/>
		<feat xlink:href="#sTok482" value="case"/>
		<feat xlink:href="#sTok483" value="nmod"/>
		<feat xlink:href="#sTok484" value="aux"/>
		<feat xlink:href="#sTok485" value="advmod"/>
		<feat xlink:href="#sTok486" value="acl:relcl"/>
		<feat xlink:href="#sTok487" value="punct"/>
		<feat xlink:href="#sTok488" value="cop"/>
		<feat xlink:href="#sTok489" value="advmod"/>
		<feat xlink:href="#sTok490" value="root"/>
		<feat xlink:href="#sTok491" value="mark"/>
		<feat xlink:href="#sTok492" value="advcl"/>
		<feat xlink:href="#sTok493" value="det"/>
		<feat xlink:href="#sTok494" value="amod"/>
		<feat xlink:href="#sTok495" value="obj"/>
		<feat xlink:href="#sTok496" value="cc"/>
		<feat xlink:href="#sTok497" value="conj"/>
		<feat xlink:href="#sTok498" value="punct"/>
		<feat xlink:href="#sTok499" value="root"/>
		<feat xlink:href="#sTok500" value="nmod"/>
		<feat xlink:href="#sTok501" value="case"/>
		<feat xlink:href="#sTok502" value="nmod"/>
		<feat xlink:href="#sTok503" value="punct"/>
		<feat xlink:href="#sTok504" value="dep"/>
		<feat xlink:href="#sTok505" value="compound"/>
		<feat xlink:href="#sTok506" value="amod"/>
		<feat xlink:href="#sTok507" value="compound"/>
		<feat xlink:href="#sTok508" value="nsubj"/>
		<feat xlink:href="#sTok509" value="punct"/>
		<feat xlink:href="#sTok510" value="case"/>
		<feat xlink:href="#sTok511" value="nmod"/>
		<feat xlink:href="#sTok512" value="acl"/>
		<feat xlink:href="#sTok513" value="advmod"/>
		<feat xlink:href="#sTok514" value="punct"/>
		<feat xlink:href="#sTok515" value="nsubj"/>
		<feat xlink:href="#sTok516" value="acl:relcl"/>
		<feat xlink:href="#sTok517" value="case"/>
		<feat xlink:href="#sTok518" value="obl"/>
		<feat xlink:href="#sTok519" value="advmod"/>
		<feat xlink:href="#sTok520" value="det"/>
		<feat xlink:href="#sTok521" value="compound"/>
		<feat xlink:href="#sTok522" value="punct"/>
		<feat xlink:href="#sTok523" value="amod"/>
		<feat xlink:href="#sTok524" value="obj"/>
		<feat xlink:href="#sTok525" value="case"/>
		<feat xlink:href="#sTok526" value="det"/>
		<feat xlink:href="#sTok527" value="nmod:poss"/>
		<feat xlink:href="#sTok528" value="case"/>
		<feat xlink:href="#sTok529" value="nmod"/>
		<feat xlink:href="#sTok530" value="case"/>
		<feat xlink:href="#sTok531" value="obl"/>
		<feat xlink:href="#sTok532" value="case"/>
		<feat xlink:href="#sTok533" value="det"/>
		<feat xlink:href="#sTok534" value="nmod"/>
		<feat xlink:href="#sTok535" value="case"/>
		<feat xlink:href="#sTok536" value="nmod:poss"/>
		<feat xlink:href="#sTok537" value="nmod"/>
		<feat xlink:href="#sTok538" value="cc"/>
		<feat xlink:href="#sTok539" value="amod"/>
		<feat xlink:href="#sTok540" value="conj"/>
		<feat xlink:href="#sTok541" value="acl"/>
		<feat xlink:href="#sTok542" value="root"/>
		<feat xlink:href="#sTok543" value="det"/>
		<feat xlink:href="#sTok544" value="amod"/>
		<feat xlink:href="#sTok545" value="compound"/>
		<feat xlink:href="#sTok546" value="obj"/>
		<feat xlink:href="#sTok547" value="case"/>
		<feat xlink:href="#sTok548" value="det"/>
		<feat xlink:href="#sTok549" value="amod"/>
		<feat xlink:href="#sTok550" value="nmod"/>
		<feat xlink:href="#sTok551" value="punct"/>
		<feat xlink:href="#sTok552" value="nsubj"/>
		<feat xlink:href="#sTok553" value="acl:relcl"/>
		<feat xlink:href="#sTok554" value="case"/>
		<feat xlink:href="#sTok555" value="compound"/>
		<feat xlink:href="#sTok556" value="obl"/>
		<feat xlink:href="#sTok557" value="det"/>
		<feat xlink:href="#sTok558" value="obj"/>
		<feat xlink:href="#sTok559" value="case"/>
		<feat xlink:href="#sTok560" value="nmod"/>
		<feat xlink:href="#sTok561" value="punct"/>
		<feat xlink:href="#sTok562" value="case"/>
		<feat xlink:href="#sTok563" value="det"/>
		<feat xlink:href="#sTok564" value="nmod:poss"/>
		<feat xlink:href="#sTok565" value="case"/>
		<feat xlink:href="#sTok566" value="amod"/>
		<feat xlink:href="#sTok567" value="nmod"/>
		<feat xlink:href="#sTok568" value="mark"/>
		<feat xlink:href="#sTok569" value="acl"/>
		<feat xlink:href="#sTok570" value="nmod:poss"/>
		<feat xlink:href="#sTok571" value="obj"/>
		<feat xlink:href="#sTok572" value="punct"/>
		<feat xlink:href="#sTok573" value="mark"/>
		<feat xlink:href="#sTok574" value="det"/>
		<feat xlink:href="#sTok575" value="nsubj"/>
		<feat xlink:href="#sTok576" value="aux"/>
		<feat xlink:href="#sTok577" value="advmod"/>
		<feat xlink:href="#sTok578" value="advcl"/>
		<feat xlink:href="#sTok579" value="det"/>
		<feat xlink:href="#sTok580" value="obj"/>
		<feat xlink:href="#sTok581" value="punct"/>
		<feat xlink:href="#sTok582" value="nsubj"/>
		<feat xlink:href="#sTok583" value="root"/>
		<feat xlink:href="#sTok584" value="amod"/>
		<feat xlink:href="#sTok585" value="obj"/>
		<feat xlink:href="#sTok586" value="mark"/>
		<feat xlink:href="#sTok587" value="acl"/>
		<feat xlink:href="#sTok588" value="cc:preconj"/>
		<feat xlink:href="#sTok589" value="det"/>
		<feat xlink:href="#sTok590" value="amod"/>
		<feat xlink:href="#sTok591" value="nmod:poss"/>
		<feat xlink:href="#sTok592" value="case"/>
		<feat xlink:href="#sTok593" value="obj"/>
		<feat xlink:href="#sTok594" value="cc"/>
		<feat xlink:href="#sTok595" value="det"/>
		<feat xlink:href="#sTok596" value="conj"/>
		<feat xlink:href="#sTok597" value="case"/>
		<feat xlink:href="#sTok598" value="amod"/>
		<feat xlink:href="#sTok599" value="nmod"/>
		<feat xlink:href="#sTok600" value="punct"/>
		<feat xlink:href="#sTok601" value="nsubj"/>
		<feat xlink:href="#sTok602" value="case"/>
		<feat xlink:href="#sTok603" value="nmod"/>
		<feat xlink:href="#sTok604" value="advcl:relcl"/>
		<feat xlink:href="#sTok605" value="conj"/>
		<feat xlink:href="#sTok606" value="cc"/>
		<feat xlink:href="#sTok607" value="conj"/>
		<feat xlink:href="#sTok608" value="det"/>
		<feat xlink:href="#sTok609" value="punct"/>
		<feat xlink:href="#sTok610" value="amod"/>
		<feat xlink:href="#sTok611" value="punct"/>
		<feat xlink:href="#sTok612" value="obj"/>
		<feat xlink:href="#sTok613" value="case"/>
		<feat xlink:href="#sTok614" value="amod"/>
		<feat xlink:href="#sTok615" value="obl"/>
		<feat xlink:href="#sTok616" value="case"/>
		<feat xlink:href="#sTok617" value="det"/>
		<feat xlink:href="#sTok618" value="nmod:poss"/>
		<feat xlink:href="#sTok619" value="case"/>
		<feat xlink:href="#sTok620" value="nmod"/>
		<feat xlink:href="#sTok621" value="case"/>
		<feat xlink:href="#sTok622" value="nmod"/>
		<feat xlink:href="#sTok623" value="punct"/>
		<feat xlink:href="#sTok624" value="root"/>
		<feat xlink:href="#sTok625" value="nmod"/>
		<feat xlink:href="#sTok626" value="case"/>
		<feat xlink:href="#sTok627" value="nmod"/>
		<feat xlink:href="#sTok628" value="punct"/>
		<feat xlink:href="#sTok629" value="dep"/>
		<feat xlink:href="#sTok630" value="case"/>
		<feat xlink:href="#sTok631" value="det"/>
		<feat xlink:href="#sTok632" value="obl"/>
		<feat xlink:href="#sTok633" value="case"/>
		<feat xlink:href="#sTok634" value="fixed"/>
		<feat xlink:href="#sTok635" value="advmod"/>
		<feat xlink:href="#sTok636" value="det"/>
		<feat xlink:href="#sTok637" value="nmod"/>
		<feat xlink:href="#sTok638" value="case"/>
		<feat xlink:href="#sTok639" value="det"/>
		<feat xlink:href="#sTok640" value="amod"/>
		<feat xlink:href="#sTok641" value="nmod"/>
		<feat xlink:href="#sTok642" value="punct"/>
		<feat xlink:href="#sTok643" value="det"/>
		<feat xlink:href="#sTok644" value="compound"/>
		<feat xlink:href="#sTok645" value="nsubj:pass"/>
		<feat xlink:href="#sTok646" value="cc"/>
		<feat xlink:href="#sTok647" value="nmod:poss"/>
		<feat xlink:href="#sTok648" value="conj"/>
		<feat xlink:href="#sTok649" value="aux"/>
		<feat xlink:href="#sTok650" value="aux:pass"/>
		<feat xlink:href="#sTok651" value="root"/>
		<feat xlink:href="#sTok652" value="case"/>
		<feat xlink:href="#sTok653" value="det"/>
		<feat xlink:href="#sTok654" value="amod"/>
		<feat xlink:href="#sTok655" value="obl"/>
		<feat xlink:href="#sTok656" value="case"/>
		<feat xlink:href="#sTok657" value="det"/>
		<feat xlink:href="#sTok658" value="amod"/>
		<feat xlink:href="#sTok659" value="nmod:poss"/>
		<feat xlink:href="#sTok660" value="case"/>
		<feat xlink:href="#sTok661" value="amod"/>
		<feat xlink:href="#sTok662" value="nmod"/>
		<feat xlink:href="#sTok663" value="punct"/>
		<feat xlink:href="#sTok664" value="root"/>
		<feat xlink:href="#sTok665" value="nmod"/>
		<feat xlink:href="#sTok666" value="punct"/>
		<feat xlink:href="#sTok667" value="conj"/>
		<feat xlink:href="#sTok668" value="punct"/>
		<feat xlink:href="#sTok669" value="dep"/>
		<feat xlink:href="#sTok670" value="case"/>
		<feat xlink:href="#sTok671" value="det"/>
		<feat xlink:href="#sTok672" value="obl"/>
		<feat xlink:href="#sTok673" value="amod"/>
		<feat xlink:href="#sTok674" value="case"/>
		<feat xlink:href="#sTok675" value="advmod"/>
		<feat xlink:href="#sTok676" value="det"/>
		<feat xlink:href="#sTok677" value="obl"/>
		<feat xlink:href="#sTok678" value="case"/>
		<feat xlink:href="#sTok679" value="det"/>
		<feat xlink:href="#sTok680" value="amod"/>
		<feat xlink:href="#sTok681" value="nmod"/>
		<feat xlink:href="#sTok682" value="punct"/>
		<feat xlink:href="#sTok683" value="det"/>
		<feat xlink:href="#sTok684" value="nsubj"/>
		<feat xlink:href="#sTok685" value="punct"/>
		<feat xlink:href="#sTok686" value="mark"/>
		<feat xlink:href="#sTok687" value="advcl"/>
		<feat xlink:href="#sTok688" value="nmod:poss"/>
		<feat xlink:href="#sTok689" value="obj"/>
		<feat xlink:href="#sTok690" value="case"/>
		<feat xlink:href="#sTok691" value="det"/>
		<feat xlink:href="#sTok692" value="nmod"/>
		<feat xlink:href="#sTok693" value="case"/>
		<feat xlink:href="#sTok694" value="det"/>
		<feat xlink:href="#sTok695" value="nmod"/>
		<feat xlink:href="#sTok696" value="punct"/>
		<feat xlink:href="#sTok697" value="aux"/>
		<feat xlink:href="#sTok698" value="punct"/>
		<feat xlink:href="#sTok699" value="mark"/>
		<feat xlink:href="#sTok700" value="nsubj"/>
		<feat xlink:href="#sTok701" value="advcl"/>
		<feat xlink:href="#sTok702" value="punct"/>
		<feat xlink:href="#sTok703" value="root"/>
		<feat xlink:href="#sTok704" value="det"/>
		<feat xlink:href="#sTok705" value="compound"/>
		<feat xlink:href="#sTok706" value="obj"/>
		<feat xlink:href="#sTok707" value="case"/>
		<feat xlink:href="#sTok708" value="obl"/>
		<feat xlink:href="#sTok709" value="nsubj:outer"/>
		<feat xlink:href="#sTok710" value="cop"/>
		<feat xlink:href="#sTok711" value="advmod"/>
		<feat xlink:href="#sTok712" value="acl:relcl"/>
		<feat xlink:href="#sTok713" value="case"/>
		<feat xlink:href="#sTok714" value="amod"/>
		<feat xlink:href="#sTok715" value="obl"/>
		<feat xlink:href="#sTok716" value="punct"/>
		<feat xlink:href="#sTok717" value="root"/>
		<feat xlink:href="#sTok718" value="nmod"/>
		<feat xlink:href="#sTok719" value="punct"/>
		<feat xlink:href="#sTok720" value="conj"/>
		<feat xlink:href="#sTok721" value="punct"/>
		<feat xlink:href="#sTok722" value="dep"/>
		<feat xlink:href="#sTok723" value="case"/>
		<feat xlink:href="#sTok724" value="det"/>
		<feat xlink:href="#sTok725" value="obl"/>
		<feat xlink:href="#sTok726" value="acl"/>
		<feat xlink:href="#sTok727" value="case"/>
		<feat xlink:href="#sTok728" value="obl"/>
		<feat xlink:href="#sTok729" value="det"/>
		<feat xlink:href="#sTok730" value="nsubj"/>
		<feat xlink:href="#sTok731" value="punct"/>
		<feat xlink:href="#sTok732" value="mark"/>
		<feat xlink:href="#sTok733" value="advcl"/>
		<feat xlink:href="#sTok734" value="nmod:poss"/>
		<feat xlink:href="#sTok735" value="obj"/>
		<feat xlink:href="#sTok736" value="case"/>
		<feat xlink:href="#sTok737" value="det"/>
		<feat xlink:href="#sTok738" value="nmod"/>
		<feat xlink:href="#sTok739" value="case"/>
		<feat xlink:href="#sTok740" value="amod"/>
		<feat xlink:href="#sTok741" value="nmod"/>
		<feat xlink:href="#sTok742" value="punct"/>
		<feat xlink:href="#sTok743" value="aux"/>
		<feat xlink:href="#sTok744" value="punct"/>
		<feat xlink:href="#sTok745" value="mark"/>
		<feat xlink:href="#sTok746" value="nsubj"/>
		<feat xlink:href="#sTok747" value="advcl"/>
		<feat xlink:href="#sTok748" value="punct"/>
		<feat xlink:href="#sTok749" value="root"/>
		<feat xlink:href="#sTok750" value="punct"/>
		<feat xlink:href="#sTok751" value="cc"/>
		<feat xlink:href="#sTok752" value="advmod"/>
		<feat xlink:href="#sTok753" value="conj"/>
		<feat xlink:href="#sTok754" value="punct"/>
		<feat xlink:href="#sTok755" value="obj"/>
		<feat xlink:href="#sTok756" value="mark"/>
		<feat xlink:href="#sTok757" value="mark"/>
		<feat xlink:href="#sTok758" value="advcl"/>
		<feat xlink:href="#sTok759" value="punct"/>
		<feat xlink:href="#sTok760" value="case"/>
		<feat xlink:href="#sTok761" value="amod"/>
		<feat xlink:href="#sTok762" value="amod"/>
		<feat xlink:href="#sTok763" value="obl"/>
		<feat xlink:href="#sTok764" value="punct"/>
		<feat xlink:href="#sTok765" value="case"/>
		<feat xlink:href="#sTok766" value="det"/>
		<feat xlink:href="#sTok767" value="obl"/>
		<feat xlink:href="#sTok768" value="case"/>
		<feat xlink:href="#sTok769" value="det"/>
		<feat xlink:href="#sTok770" value="nmod"/>
		<feat xlink:href="#sTok771" value="cc"/>
		<feat xlink:href="#sTok772" value="conj"/>
		<feat xlink:href="#sTok773" value="case"/>
		<feat xlink:href="#sTok774" value="det"/>
		<feat xlink:href="#sTok775" value="nmod"/>
		<feat xlink:href="#sTok776" value="punct"/>
		<feat xlink:href="#sTok777" value="root"/>
		<feat xlink:href="#sTok778" value="nmod"/>
		<feat xlink:href="#sTok779" value="case"/>
		<feat xlink:href="#sTok780" value="nmod"/>
		<feat xlink:href="#sTok781" value="punct"/>
		<feat xlink:href="#sTok782" value="conj"/>
		<feat xlink:href="#sTok783" value="case"/>
		<feat xlink:href="#sTok784" value="nmod"/>
		<feat xlink:href="#sTok785" value="punct"/>
		<feat xlink:href="#sTok786" value="dep"/>
		<feat xlink:href="#sTok787" value="det"/>
		<feat xlink:href="#sTok788" value="nsubj"/>
		<feat xlink:href="#sTok789" value="aux"/>
		<feat xlink:href="#sTok790" value="root"/>
		<feat xlink:href="#sTok791" value="det"/>
		<feat xlink:href="#sTok792" value="obj"/>
		<feat xlink:href="#sTok793" value="punct"/>
		<feat xlink:href="#sTok794" value="appos"/>
		<feat xlink:href="#sTok795" value="punct"/>
		<feat xlink:href="#sTok796" value="mark"/>
		<feat xlink:href="#sTok797" value="advcl"/>
		<feat xlink:href="#sTok798" value="advmod"/>
		<feat xlink:href="#sTok799" value="det"/>
		<feat xlink:href="#sTok800" value="obj"/>
		<feat xlink:href="#sTok801" value="advmod"/>
		<feat xlink:href="#sTok802" value="acl"/>
		<feat xlink:href="#sTok803" value="case"/>
		<feat xlink:href="#sTok804" value="det"/>
		<feat xlink:href="#sTok805" value="obl:agent"/>
		<feat xlink:href="#sTok806" value="punct"/>
		<feat xlink:href="#sTok807" value="cc"/>
		<feat xlink:href="#sTok808" value="aux"/>
		<feat xlink:href="#sTok809" value="conj"/>
		<feat xlink:href="#sTok810" value="det"/>
		<feat xlink:href="#sTok811" value="obj"/>
		<feat xlink:href="#sTok812" value="case"/>
		<feat xlink:href="#sTok813" value="det"/>
		<feat xlink:href="#sTok814" value="obl"/>
		<feat xlink:href="#sTok815" value="nsubj"/>
		<feat xlink:href="#sTok816" value="cop"/>
		<feat xlink:href="#sTok817" value="advmod"/>
		<feat xlink:href="#sTok818" value="det"/>
		<feat xlink:href="#sTok819" value="acl:relcl"/>
		<feat xlink:href="#sTok820" value="mark"/>
		<feat xlink:href="#sTok821" value="advmod"/>
		<feat xlink:href="#sTok822" value="advcl"/>
		<feat xlink:href="#sTok823" value="punct"/>
		<feat xlink:href="#sTok824" value="root"/>
		<feat xlink:href="#sTok825" value="nmod"/>
		<feat xlink:href="#sTok826" value="punct"/>
		<feat xlink:href="#sTok827" value="dep"/>
		<feat xlink:href="#sTok828" value="expl"/>
		<feat xlink:href="#sTok829" value="cop"/>
		<feat xlink:href="#sTok830" value="root"/>
		<feat xlink:href="#sTok831" value="mark"/>
		<feat xlink:href="#sTok832" value="csubj"/>
		<feat xlink:href="#sTok833" value="det"/>
		<feat xlink:href="#sTok834" value="amod"/>
		<feat xlink:href="#sTok835" value="compound"/>
		<feat xlink:href="#sTok836" value="obj"/>
		<feat xlink:href="#sTok837" value="punct"/>
		<feat xlink:href="#sTok838" value="mark"/>
		<feat xlink:href="#sTok839" value="det"/>
		<feat xlink:href="#sTok840" value="compound"/>
		<feat xlink:href="#sTok841" value="nsubj"/>
		<feat xlink:href="#sTok842" value="aux"/>
		<feat xlink:href="#sTok843" value="advmod"/>
		<feat xlink:href="#sTok844" value="advmod"/>
		<feat xlink:href="#sTok845" value="advcl"/>
		<feat xlink:href="#sTok846" value="det"/>
		<feat xlink:href="#sTok847" value="nmod:poss"/>
		<feat xlink:href="#sTok848" value="case"/>
		<feat xlink:href="#sTok849" value="obj"/>
		<feat xlink:href="#sTok850" value="punct"/>
		<feat xlink:href="#sTok851" value="parataxis"/>
		<feat xlink:href="#sTok852" value="punct"/>
		<feat xlink:href="#sTok853" value="mark"/>
		<feat xlink:href="#sTok854" value="det"/>
		<feat xlink:href="#sTok855" value="compound"/>
		<feat xlink:href="#sTok856" value="amod"/>
		<feat xlink:href="#sTok857" value="compound"/>
		<feat xlink:href="#sTok858" value="nsubj"/>
		<feat xlink:href="#sTok859" value="cop"/>
		<feat xlink:href="#sTok860" value="acl"/>
		<feat xlink:href="#sTok861" value="punct"/>
		<feat xlink:href="#sTok862" value="root"/>
		<feat xlink:href="#sTok863" value="nmod"/>
		<feat xlink:href="#sTok864" value="punct"/>
		<feat xlink:href="#sTok865" value="nsubj"/>
		<feat xlink:href="#sTok866" value="punct"/>
		<feat xlink:href="#sTok867" value="flat"/>
		<feat xlink:href="#sTok868" value="punct"/>
		<feat xlink:href="#sTok869" value="root"/>
		<feat xlink:href="#sTok870" value="det"/>
		<feat xlink:href="#sTok871" value="obj"/>
		<feat xlink:href="#sTok872" value="case"/>
		<feat xlink:href="#sTok873" value="det"/>
		<feat xlink:href="#sTok874" value="nmod"/>
		<feat xlink:href="#sTok875" value="punct"/>
		<feat xlink:href="#sTok876" value="case"/>
		<feat xlink:href="#sTok877" value="obl"/>
		<feat xlink:href="#sTok878" value="nsubj"/>
		<feat xlink:href="#sTok879" value="punct"/>
		<feat xlink:href="#sTok880" value="flat"/>
		<feat xlink:href="#sTok881" value="punct"/>
		<feat xlink:href="#sTok882" value="cc"/>
		<feat xlink:href="#sTok883" value="conj"/>
		<feat xlink:href="#sTok884" value="punct"/>
		<feat xlink:href="#sTok885" value="conj"/>
		<feat xlink:href="#sTok886" value="punct"/>
		<feat xlink:href="#sTok887" value="conj"/>
		<feat xlink:href="#sTok888" value="punct"/>
		<feat xlink:href="#sTok889" value="conj"/>
		<feat xlink:href="#sTok890" value="punct"/>
		<feat xlink:href="#sTok891" value="cc"/>
		<feat xlink:href="#sTok892" value="conj"/>
		<feat xlink:href="#sTok893" value="punct"/>
		<feat xlink:href="#sTok894" value="appos"/>
		<feat xlink:href="#sTok895" value="punct"/>
		<feat xlink:href="#sTok896" value="acl:relcl"/>
		<feat xlink:href="#sTok897" value="punct"/>
		<feat xlink:href="#sTok898" value="nsubj"/>
		<feat xlink:href="#sTok899" value="punct"/>
		<feat xlink:href="#sTok900" value="flat"/>
		<feat xlink:href="#sTok901" value="punct"/>
		<feat xlink:href="#sTok902" value="dep"/>
		<feat xlink:href="#sTok903" value="punct"/>
		<feat xlink:href="#sTok904" value="dep"/>
		<feat xlink:href="#sTok905" value="nmod"/>
		<feat xlink:href="#sTok906" value="punct"/>
		<feat xlink:href="#sTok907" value="conj"/>
		<feat xlink:href="#sTok908" value="punct"/>
		<feat xlink:href="#sTok909" value="flat"/>
		<feat xlink:href="#sTok910" value="punct"/>
		<feat xlink:href="#sTok911" value="dep"/>
		<feat xlink:href="#sTok912" value="punct"/>
		<feat xlink:href="#sTok913" value="dep"/>
		<feat xlink:href="#sTok914" value="nmod"/>
		<feat xlink:href="#sTok915" value="punct"/>
		<feat xlink:href="#sTok916" value="cc"/>
		<feat xlink:href="#sTok917" value="conj"/>
		<feat xlink:href="#sTok918" value="punct"/>
		<feat xlink:href="#sTok919" value="flat"/>
		<feat xlink:href="#sTok920" value="punct"/>
		<feat xlink:href="#sTok921" value="dep"/>
		<feat xlink:href="#sTok922" value="punct"/>
		<feat xlink:href="#sTok923" value="dep"/>
		<feat xlink:href="#sTok924" value="nmod"/>
		<feat xlink:href="#sTok925" value="punct"/>
		<feat xlink:href="#sTok926" value="root"/>
		<feat xlink:href="#sTok927" value="amod"/>
		<feat xlink:href="#sTok928" value="obj"/>
		<feat xlink:href="#sTok929" value="punct"/>
		<feat xlink:href="#sTok930" value="nsubj"/>
		<feat xlink:href="#sTok931" value="punct"/>
		<feat xlink:href="#sTok932" value="flat"/>
		<feat xlink:href="#sTok933" value="punct"/>
		<feat xlink:href="#sTok934" value="root"/>
		<feat xlink:href="#sTok935" value="det"/>
		<feat xlink:href="#sTok936" value="amod"/>
		<feat xlink:href="#sTok937" value="obj"/>
		<feat xlink:href="#sTok938" value="punct"/>
		<feat xlink:href="#sTok939" value="case"/>
		<feat xlink:href="#sTok940" value="obl"/>
		<feat xlink:href="#sTok941" value="nsubj"/>
		<feat xlink:href="#sTok942" value="punct"/>
		<feat xlink:href="#sTok943" value="flat"/>
		<feat xlink:href="#sTok944" value="punct"/>
		<feat xlink:href="#sTok945" value="acl:relcl"/>
		<feat xlink:href="#sTok946" value="punct"/>
		<feat xlink:href="#sTok947" value="dep"/>
		<feat xlink:href="#sTok948" value="punct"/>
		<feat xlink:href="#sTok949" value="dep"/>
		<feat xlink:href="#sTok950" value="nmod"/>
		<feat xlink:href="#sTok951" value="punct"/>
		<feat xlink:href="#sTok952" value="nsubj"/>
		<feat xlink:href="#sTok953" value="punct"/>
		<feat xlink:href="#sTok954" value="flat"/>
		<feat xlink:href="#sTok955" value="punct"/>
		<feat xlink:href="#sTok956" value="root"/>
		<feat xlink:href="#sTok957" value="det"/>
		<feat xlink:href="#sTok958" value="amod"/>
		<feat xlink:href="#sTok959" value="obj"/>
		<feat xlink:href="#sTok960" value="punct"/>
		<feat xlink:href="#sTok961" value="dep"/>
		<feat xlink:href="#sTok962" value="punct"/>
		<feat xlink:href="#sTok963" value="dep"/>
		<feat xlink:href="#sTok964" value="nmod"/>
		<feat xlink:href="#sTok965" value="punct"/>
		<feat xlink:href="#sTok966" value="punct"/>
		<feat xlink:href="#sTok967" value="parataxis"/>
		<feat xlink:href="#sTok968" value="nmod"/>
		<feat xlink:href="#sTok969" value="punct"/></featList></paula>