<?xml version='1.0' encoding='UTF-8'?><!DOCTYPE paula SYSTEM "paula_feat.dtd">
<paula version="1.1">
	<header paula_id="morph.GENTLE_legal_abortion.mark_Abbr"/>
	<featList xmlns:xlink="http://www.w3.org/1999/xlink" type="Abbr" xml:base="morph.GENTLE_legal_abortion.mark.xml">
		<feat xlink:href="#sSpan735" value="Yes"/>
		<feat xlink:href="#sSpan754" value="Yes"/>
		<feat xlink:href="#sSpan1255" value="Yes"/>
		<feat xlink:href="#sSpan1744" value="Yes"/>
		<feat xlink:href="#sSpan1751" value="Yes"/>
		<feat xlink:href="#sSpan1758" value="Yes"/>
		<feat xlink:href="#sSpan1790" value="Yes"/>
		<feat xlink:href="#sSpan1805" value="Yes"/></featList></paula>