<?xml version='1.0' encoding='UTF-8'?><!DOCTYPE paula SYSTEM "paula_feat.dtd">
<paula version="1.1">
	<header paula_id="morph.GENTLE_legal_abortion.mark_Person"/>
	<featList xmlns:xlink="http://www.w3.org/1999/xlink" type="Person" xml:base="morph.GENTLE_legal_abortion.mark.xml">
		<feat xlink:href="#sSpan781" value="3"/>
		<feat xlink:href="#sSpan803" value="3"/>
		<feat xlink:href="#sSpan830" value="3"/>
		<feat xlink:href="#sSpan839" value="3"/>
		<feat xlink:href="#sSpan844" value="3"/>
		<feat xlink:href="#sSpan869" value="3"/>
		<feat xlink:href="#sSpan902" value="3"/>
		<feat xlink:href="#sSpan911" value="3"/>
		<feat xlink:href="#sSpan921" value="3"/>
		<feat xlink:href="#sSpan923" value="3"/>
		<feat xlink:href="#sSpan933" value="3"/>
		<feat xlink:href="#sSpan944" value="3"/>
		<feat xlink:href="#sSpan953" value="3"/>
		<feat xlink:href="#sSpan979" value="3"/>
		<feat xlink:href="#sSpan991" value="3"/>
		<feat xlink:href="#sSpan1008" value="3"/>
		<feat xlink:href="#sSpan1028" value="3"/>
		<feat xlink:href="#sSpan1050" value="3"/>
		<feat xlink:href="#sSpan1059" value="3"/>
		<feat xlink:href="#sSpan1083" value="3"/>
		<feat xlink:href="#sSpan1091" value="3"/>
		<feat xlink:href="#sSpan1105" value="3"/>
		<feat xlink:href="#sSpan1121" value="3"/>
		<feat xlink:href="#sSpan1132" value="3"/>
		<feat xlink:href="#sSpan1139" value="3"/>
		<feat xlink:href="#sSpan1148" value="3"/>
		<feat xlink:href="#sSpan1171" value="3"/>
		<feat xlink:href="#sSpan1184" value="3"/>
		<feat xlink:href="#sSpan1201" value="3"/>
		<feat xlink:href="#sSpan1205" value="3"/>
		<feat xlink:href="#sSpan1217" value="3"/>
		<feat xlink:href="#sSpan1238" value="3"/>
		<feat xlink:href="#sSpan1262" value="3"/>
		<feat xlink:href="#sSpan1269" value="3"/>
		<feat xlink:href="#sSpan1277" value="3"/>
		<feat xlink:href="#sSpan1285" value="3"/>
		<feat xlink:href="#sSpan1324" value="3"/>
		<feat xlink:href="#sSpan1336" value="3"/>
		<feat xlink:href="#sSpan1351" value="3"/>
		<feat xlink:href="#sSpan1369" value="3"/>
		<feat xlink:href="#sSpan1379" value="3"/>
		<feat xlink:href="#sSpan1390" value="3"/>
		<feat xlink:href="#sSpan1396" value="3"/>
		<feat xlink:href="#sSpan1416" value="3"/>
		<feat xlink:href="#sSpan1420" value="3"/>
		<feat xlink:href="#sSpan1456" value="3"/>
		<feat xlink:href="#sSpan1500" value="3"/>
		<feat xlink:href="#sSpan1513" value="3"/>
		<feat xlink:href="#sSpan1517" value="3"/>
		<feat xlink:href="#sSpan1525" value="3"/>
		<feat xlink:href="#sSpan1535" value="3"/>
		<feat xlink:href="#sSpan1559" value="3"/>
		<feat xlink:href="#sSpan1570" value="3"/>
		<feat xlink:href="#sSpan1574" value="3"/>
		<feat xlink:href="#sSpan1579" value="3"/>
		<feat xlink:href="#sSpan1612" value="3"/>
		<feat xlink:href="#sSpan1641" value="3"/>
		<feat xlink:href="#sSpan1651" value="3"/>
		<feat xlink:href="#sSpan1656" value="3"/>
		<feat xlink:href="#sSpan1675" value="3"/>
		<feat xlink:href="#sSpan1694" value="3"/>
		<feat xlink:href="#sSpan1706" value="3"/>
		<feat xlink:href="#sSpan1724" value="3"/>
		<feat xlink:href="#sSpan1752" value="3"/>
		<feat xlink:href="#sSpan1759" value="3"/>
		<feat xlink:href="#sSpan1770" value="3"/>
		<feat xlink:href="#sSpan1781" value="3"/></featList></paula>