<?xml version='1.0' encoding='UTF-8'?><!DOCTYPE paula SYSTEM "paula_mark.dtd">
<paula version="1.1">
	<header paula_id="morph.GENTLE_legal_abortion.mark"/>
	<markList xmlns:xlink="http://www.w3.org/1999/xlink" type="morph" xml:base="GENTLE_legal_abortion.tok.xml">
		<!--Roe-->
		<mark id="sSpan722" xlink:href="#sTok1"/>
		<!--Wade-->
		<mark id="sSpan723" xlink:href="#sTok3"/>
		<!--Supreme-->
		<mark id="sSpan724" xlink:href="#sTok4"/>
		<!--Supreme-->
		<mark id="sSpan725" xlink:href="#sTok4"/>
		<!--Court-->
		<mark id="sSpan726" xlink:href="#sTok5"/>
		<!--the-->
		<mark id="sSpan727" xlink:href="#sTok7"/>
		<!--the-->
		<mark id="sSpan728" xlink:href="#sTok7"/>
		<!--United-->
		<mark id="sSpan729" xlink:href="#sTok8"/>
		<!--United-->
		<mark id="sSpan730" xlink:href="#sTok8"/>
		<!--States-->
		<mark id="sSpan731" xlink:href="#sTok9"/>
		<!--410-->
		<mark id="sSpan732" xlink:href="#sTok10"/>
		<!--410-->
		<mark id="sSpan733" xlink:href="#sTok10"/>
		<!--U.S.-->
		<mark id="sSpan734" xlink:href="#sTok11"/>
		<!--U.S.-->
		<mark id="sSpan735" xlink:href="#sTok11"/>
		<!--113-->
		<mark id="sSpan736" xlink:href="#sTok12"/>
		<!--113-->
		<mark id="sSpan737" xlink:href="#sTok12"/>
		<!--Roe-->
		<mark id="sSpan738" xlink:href="#sTok13"/>
		<!--Wade-->
		<mark id="sSpan739" xlink:href="#sTok15"/>
		<!--Appeal-->
		<mark id="sSpan740" xlink:href="#sTok16"/>
		<!--the-->
		<mark id="sSpan741" xlink:href="#sTok18"/>
		<!--the-->
		<mark id="sSpan742" xlink:href="#sTok18"/>
		<!--United-->
		<mark id="sSpan743" xlink:href="#sTok19"/>
		<!--United-->
		<mark id="sSpan744" xlink:href="#sTok19"/>
		<!--States-->
		<mark id="sSpan745" xlink:href="#sTok20"/>
		<!--District-->
		<mark id="sSpan746" xlink:href="#sTok21"/>
		<!--Court-->
		<mark id="sSpan747" xlink:href="#sTok22"/>
		<!--the-->
		<mark id="sSpan748" xlink:href="#sTok24"/>
		<!--the-->
		<mark id="sSpan749" xlink:href="#sTok24"/>
		<!--Northern-->
		<mark id="sSpan750" xlink:href="#sTok25"/>
		<!--Northern-->
		<mark id="sSpan751" xlink:href="#sTok25"/>
		<!--District-->
		<mark id="sSpan752" xlink:href="#sTok26"/>
		<!--Texas-->
		<mark id="sSpan753" xlink:href="#sTok28"/>
		<!--No.-->
		<mark id="sSpan754" xlink:href="#sTok29"/>
		<!--No.-->
		<mark id="sSpan755" xlink:href="#sTok29"/>
		<!--70-->
		<mark id="sSpan756" xlink:href="#sTok30"/>
		<!--70-->
		<mark id="sSpan757" xlink:href="#sTok30"/>
		<!--18-->
		<mark id="sSpan758" xlink:href="#sTok32"/>
		<!--18-->
		<mark id="sSpan759" xlink:href="#sTok32"/>
		<!--Argued-->
		<mark id="sSpan760" xlink:href="#sTok33"/>
		<!--Argued-->
		<mark id="sSpan761" xlink:href="#sTok33"/>
		<!--Argued-->
		<mark id="sSpan762" xlink:href="#sTok33"/>
		<!--December-->
		<mark id="sSpan763" xlink:href="#sTok35"/>
		<!--13-->
		<mark id="sSpan764" xlink:href="#sTok36"/>
		<!--13-->
		<mark id="sSpan765" xlink:href="#sTok36"/>
		<!--1971-->
		<mark id="sSpan766" xlink:href="#sTok38"/>
		<!--1971-->
		<mark id="sSpan767" xlink:href="#sTok38"/>
		<!--Decided-->
		<mark id="sSpan768" xlink:href="#sTok40"/>
		<!--Decided-->
		<mark id="sSpan769" xlink:href="#sTok40"/>
		<!--Decided-->
		<mark id="sSpan770" xlink:href="#sTok40"/>
		<!--January-->
		<mark id="sSpan771" xlink:href="#sTok42"/>
		<!--22-->
		<mark id="sSpan772" xlink:href="#sTok43"/>
		<!--22-->
		<mark id="sSpan773" xlink:href="#sTok43"/>
		<!--1973-->
		<mark id="sSpan774" xlink:href="#sTok45"/>
		<!--1973-->
		<mark id="sSpan775" xlink:href="#sTok45"/>
		<!--A-->
		<mark id="sSpan776" xlink:href="#sTok46"/>
		<!--A-->
		<mark id="sSpan777" xlink:href="#sTok46"/>
		<!--pregnant-->
		<mark id="sSpan778" xlink:href="#sTok47"/>
		<!--single-->
		<mark id="sSpan779" xlink:href="#sTok48"/>
		<!--woman-->
		<mark id="sSpan780" xlink:href="#sTok49"/>
		<!--Roe-->
		<mark id="sSpan781" xlink:href="#sTok51"/>
		<!--brought-->
		<mark id="sSpan782" xlink:href="#sTok53"/>
		<!--brought-->
		<mark id="sSpan783" xlink:href="#sTok53"/>
		<!--brought-->
		<mark id="sSpan784" xlink:href="#sTok53"/>
		<!--brought-->
		<mark id="sSpan785" xlink:href="#sTok53"/>
		<!--brought-->
		<mark id="sSpan786" xlink:href="#sTok53"/>
		<!--a-->
		<mark id="sSpan787" xlink:href="#sTok54"/>
		<!--a-->
		<mark id="sSpan788" xlink:href="#sTok54"/>
		<!--class-->
		<mark id="sSpan789" xlink:href="#sTok55"/>
		<!--action-->
		<mark id="sSpan790" xlink:href="#sTok56"/>
		<!--challenging-->
		<mark id="sSpan791" xlink:href="#sTok57"/>
		<!--the-->
		<mark id="sSpan792" xlink:href="#sTok58"/>
		<!--the-->
		<mark id="sSpan793" xlink:href="#sTok58"/>
		<!--constitutionality-->
		<mark id="sSpan794" xlink:href="#sTok59"/>
		<!--the-->
		<mark id="sSpan795" xlink:href="#sTok61"/>
		<!--the-->
		<mark id="sSpan796" xlink:href="#sTok61"/>
		<!--Texas-->
		<mark id="sSpan797" xlink:href="#sTok62"/>
		<!--criminal-->
		<mark id="sSpan798" xlink:href="#sTok63"/>
		<!--abortion-->
		<mark id="sSpan799" xlink:href="#sTok64"/>
		<!--laws-->
		<mark id="sSpan800" xlink:href="#sTok65"/>
		<!--which-->
		<mark id="sSpan801" xlink:href="#sTok67"/>
		<!--proscribe-->
		<mark id="sSpan802" xlink:href="#sTok68"/>
		<!--proscribe-->
		<mark id="sSpan803" xlink:href="#sTok68"/>
		<!--proscribe-->
		<mark id="sSpan804" xlink:href="#sTok68"/>
		<!--proscribe-->
		<mark id="sSpan805" xlink:href="#sTok68"/>
		<!--proscribe-->
		<mark id="sSpan806" xlink:href="#sTok68"/>
		<!--procuring-->
		<mark id="sSpan807" xlink:href="#sTok69"/>
		<!--attempting-->
		<mark id="sSpan808" xlink:href="#sTok71"/>
		<!--an-->
		<mark id="sSpan809" xlink:href="#sTok72"/>
		<!--an-->
		<mark id="sSpan810" xlink:href="#sTok72"/>
		<!--abortion-->
		<mark id="sSpan811" xlink:href="#sTok73"/>
		<!--medical-->
		<mark id="sSpan812" xlink:href="#sTok76"/>
		<!--advice-->
		<mark id="sSpan813" xlink:href="#sTok77"/>
		<!--the-->
		<mark id="sSpan814" xlink:href="#sTok79"/>
		<!--the-->
		<mark id="sSpan815" xlink:href="#sTok79"/>
		<!--purpose-->
		<mark id="sSpan816" xlink:href="#sTok80"/>
		<!--saving-->
		<mark id="sSpan817" xlink:href="#sTok82"/>
		<!--the-->
		<mark id="sSpan818" xlink:href="#sTok83"/>
		<!--the-->
		<mark id="sSpan819" xlink:href="#sTok83"/>
		<!--mother-->
		<mark id="sSpan820" xlink:href="#sTok84"/>
		<!--life-->
		<mark id="sSpan821" xlink:href="#sTok86"/>
		<!--A-->
		<mark id="sSpan822" xlink:href="#sTok88"/>
		<!--A-->
		<mark id="sSpan823" xlink:href="#sTok88"/>
		<!--licensed-->
		<mark id="sSpan824" xlink:href="#sTok89"/>
		<!--licensed-->
		<mark id="sSpan825" xlink:href="#sTok89"/>
		<!--licensed-->
		<mark id="sSpan826" xlink:href="#sTok89"/>
		<!--physician-->
		<mark id="sSpan827" xlink:href="#sTok90"/>
		<!--Hallford-->
		<mark id="sSpan828" xlink:href="#sTok92"/>
		<!--who-->
		<mark id="sSpan829" xlink:href="#sTok95"/>
		<!--had-->
		<mark id="sSpan830" xlink:href="#sTok96"/>
		<!--had-->
		<mark id="sSpan831" xlink:href="#sTok96"/>
		<!--had-->
		<mark id="sSpan832" xlink:href="#sTok96"/>
		<!--had-->
		<mark id="sSpan833" xlink:href="#sTok96"/>
		<!--had-->
		<mark id="sSpan834" xlink:href="#sTok96"/>
		<!--two-->
		<mark id="sSpan835" xlink:href="#sTok97"/>
		<!--two-->
		<mark id="sSpan836" xlink:href="#sTok97"/>
		<!--state-->
		<mark id="sSpan837" xlink:href="#sTok98"/>
		<!--abortion-->
		<mark id="sSpan838" xlink:href="#sTok99"/>
		<!--prosecutions-->
		<mark id="sSpan839" xlink:href="#sTok100"/>
		<!--pending-->
		<mark id="sSpan840" xlink:href="#sTok101"/>
		<!--him-->
		<mark id="sSpan841" xlink:href="#sTok103"/>
		<!--him-->
		<mark id="sSpan842" xlink:href="#sTok103"/>
		<!--him-->
		<mark id="sSpan843" xlink:href="#sTok103"/>
		<!--him-->
		<mark id="sSpan844" xlink:href="#sTok103"/>
		<!--him-->
		<mark id="sSpan845" xlink:href="#sTok103"/>
		<!--was-->
		<mark id="sSpan846" xlink:href="#sTok105"/>
		<!--was-->
		<mark id="sSpan847" xlink:href="#sTok105"/>
		<!--was-->
		<mark id="sSpan848" xlink:href="#sTok105"/>
		<!--was-->
		<mark id="sSpan849" xlink:href="#sTok105"/>
		<!--was-->
		<mark id="sSpan850" xlink:href="#sTok105"/>
		<!--permitted-->
		<mark id="sSpan851" xlink:href="#sTok106"/>
		<!--permitted-->
		<mark id="sSpan852" xlink:href="#sTok106"/>
		<!--permitted-->
		<mark id="sSpan853" xlink:href="#sTok106"/>
		<!--intervene-->
		<mark id="sSpan854" xlink:href="#sTok108"/>
		<!--A-->
		<mark id="sSpan855" xlink:href="#sTok110"/>
		<!--A-->
		<mark id="sSpan856" xlink:href="#sTok110"/>
		<!--childless-->
		<mark id="sSpan857" xlink:href="#sTok111"/>
		<!--married-->
		<mark id="sSpan858" xlink:href="#sTok112"/>
		<!--couple-->
		<mark id="sSpan859" xlink:href="#sTok113"/>
		<!--the-->
		<mark id="sSpan860" xlink:href="#sTok115"/>
		<!--the-->
		<mark id="sSpan861" xlink:href="#sTok115"/>
		<!--Does-->
		<mark id="sSpan862" xlink:href="#sTok116"/>
		<!--the-->
		<mark id="sSpan863" xlink:href="#sTok119"/>
		<!--the-->
		<mark id="sSpan864" xlink:href="#sTok119"/>
		<!--wife-->
		<mark id="sSpan865" xlink:href="#sTok120"/>
		<!--not-->
		<mark id="sSpan866" xlink:href="#sTok121"/>
		<!--being-->
		<mark id="sSpan867" xlink:href="#sTok122"/>
		<!--pregnant-->
		<mark id="sSpan868" xlink:href="#sTok123"/>
		<!--separately-->
		<mark id="sSpan869" xlink:href="#sTok125"/>
		<!--attacked-->
		<mark id="sSpan870" xlink:href="#sTok126"/>
		<!--attacked-->
		<mark id="sSpan871" xlink:href="#sTok126"/>
		<!--attacked-->
		<mark id="sSpan872" xlink:href="#sTok126"/>
		<!--attacked-->
		<mark id="sSpan873" xlink:href="#sTok126"/>
		<!--attacked-->
		<mark id="sSpan874" xlink:href="#sTok126"/>
		<!--the-->
		<mark id="sSpan875" xlink:href="#sTok127"/>
		<!--the-->
		<mark id="sSpan876" xlink:href="#sTok127"/>
		<!--laws-->
		<mark id="sSpan877" xlink:href="#sTok128"/>
		<!--basing-->
		<mark id="sSpan878" xlink:href="#sTok130"/>
		<!--alleged-->
		<mark id="sSpan879" xlink:href="#sTok131"/>
		<!--alleged-->
		<mark id="sSpan880" xlink:href="#sTok131"/>
		<!--alleged-->
		<mark id="sSpan881" xlink:href="#sTok131"/>
		<!--injury-->
		<mark id="sSpan882" xlink:href="#sTok132"/>
		<!--the-->
		<mark id="sSpan883" xlink:href="#sTok134"/>
		<!--the-->
		<mark id="sSpan884" xlink:href="#sTok134"/>
		<!--future-->
		<mark id="sSpan885" xlink:href="#sTok135"/>
		<!--possibilities-->
		<mark id="sSpan886" xlink:href="#sTok136"/>
		<!--contraceptive-->
		<mark id="sSpan887" xlink:href="#sTok138"/>
		<!--failure-->
		<mark id="sSpan888" xlink:href="#sTok139"/>
		<!--pregnancy-->
		<mark id="sSpan889" xlink:href="#sTok141"/>
		<!--unpreparedness-->
		<mark id="sSpan890" xlink:href="#sTok143"/>
		<!--parenthood-->
		<mark id="sSpan891" xlink:href="#sTok145"/>
		<!--impairment-->
		<mark id="sSpan892" xlink:href="#sTok148"/>
		<!--the-->
		<mark id="sSpan893" xlink:href="#sTok150"/>
		<!--the-->
		<mark id="sSpan894" xlink:href="#sTok150"/>
		<!--wife-->
		<mark id="sSpan895" xlink:href="#sTok151"/>
		<!--health-->
		<mark id="sSpan896" xlink:href="#sTok153"/>
		<!--A-->
		<mark id="sSpan897" xlink:href="#sTok155"/>
		<!--A-->
		<mark id="sSpan898" xlink:href="#sTok155"/>
		<!--three-->
		<mark id="sSpan899" xlink:href="#sTok156"/>
		<!--three-->
		<mark id="sSpan900" xlink:href="#sTok156"/>
		<!--judge-->
		<mark id="sSpan901" xlink:href="#sTok158"/>
		<!--District-->
		<mark id="sSpan902" xlink:href="#sTok159"/>
		<!--Court-->
		<mark id="sSpan903" xlink:href="#sTok160"/>
		<!--which-->
		<mark id="sSpan904" xlink:href="#sTok162"/>
		<!--consolidated-->
		<mark id="sSpan905" xlink:href="#sTok163"/>
		<!--consolidated-->
		<mark id="sSpan906" xlink:href="#sTok163"/>
		<!--consolidated-->
		<mark id="sSpan907" xlink:href="#sTok163"/>
		<!--consolidated-->
		<mark id="sSpan908" xlink:href="#sTok163"/>
		<!--consolidated-->
		<mark id="sSpan909" xlink:href="#sTok163"/>
		<!--the-->
		<mark id="sSpan910" xlink:href="#sTok164"/>
		<!--the-->
		<mark id="sSpan911" xlink:href="#sTok164"/>
		<!--actions-->
		<mark id="sSpan912" xlink:href="#sTok165"/>
		<!--held-->
		<mark id="sSpan913" xlink:href="#sTok167"/>
		<!--held-->
		<mark id="sSpan914" xlink:href="#sTok167"/>
		<!--held-->
		<mark id="sSpan915" xlink:href="#sTok167"/>
		<!--held-->
		<mark id="sSpan916" xlink:href="#sTok167"/>
		<!--held-->
		<mark id="sSpan917" xlink:href="#sTok167"/>
		<!--Roe-->
		<mark id="sSpan918" xlink:href="#sTok169"/>
		<!--Hallford-->
		<mark id="sSpan919" xlink:href="#sTok171"/>
		<!--members-->
		<mark id="sSpan920" xlink:href="#sTok174"/>
		<!--their-->
		<mark id="sSpan921" xlink:href="#sTok176"/>
		<!--their-->
		<mark id="sSpan922" xlink:href="#sTok176"/>
		<!--their-->
		<mark id="sSpan923" xlink:href="#sTok176"/>
		<!--their-->
		<mark id="sSpan924" xlink:href="#sTok176"/>
		<!--their-->
		<mark id="sSpan925" xlink:href="#sTok176"/>
		<!--classes-->
		<mark id="sSpan926" xlink:href="#sTok177"/>
		<!--had-->
		<mark id="sSpan927" xlink:href="#sTok179"/>
		<!--had-->
		<mark id="sSpan928" xlink:href="#sTok179"/>
		<!--had-->
		<mark id="sSpan929" xlink:href="#sTok179"/>
		<!--had-->
		<mark id="sSpan930" xlink:href="#sTok179"/>
		<!--had-->
		<mark id="sSpan931" xlink:href="#sTok179"/>
		<!--standing-->
		<mark id="sSpan932" xlink:href="#sTok180"/>
		<!--sue-->
		<mark id="sSpan933" xlink:href="#sTok182"/>
		<!--presented-->
		<mark id="sSpan934" xlink:href="#sTok184"/>
		<!--presented-->
		<mark id="sSpan935" xlink:href="#sTok184"/>
		<!--presented-->
		<mark id="sSpan936" xlink:href="#sTok184"/>
		<!--presented-->
		<mark id="sSpan937" xlink:href="#sTok184"/>
		<!--presented-->
		<mark id="sSpan938" xlink:href="#sTok184"/>
		<!--justiciable-->
		<mark id="sSpan939" xlink:href="#sTok185"/>
		<!--controversies-->
		<mark id="sSpan940" xlink:href="#sTok186"/>
		<!--Ruling-->
		<mark id="sSpan941" xlink:href="#sTok188"/>
		<!--declaratory-->
		<mark id="sSpan942" xlink:href="#sTok190"/>
		<!--not-->
		<mark id="sSpan943" xlink:href="#sTok193"/>
		<!--injunctive-->
		<mark id="sSpan944" xlink:href="#sTok194"/>
		<!--relief-->
		<mark id="sSpan945" xlink:href="#sTok196"/>
		<!--was-->
		<mark id="sSpan946" xlink:href="#sTok197"/>
		<!--was-->
		<mark id="sSpan947" xlink:href="#sTok197"/>
		<!--was-->
		<mark id="sSpan948" xlink:href="#sTok197"/>
		<!--was-->
		<mark id="sSpan949" xlink:href="#sTok197"/>
		<!--was-->
		<mark id="sSpan950" xlink:href="#sTok197"/>
		<!--warranted-->
		<mark id="sSpan951" xlink:href="#sTok198"/>
		<!--warranted-->
		<mark id="sSpan952" xlink:href="#sTok198"/>
		<!--warranted-->
		<mark id="sSpan953" xlink:href="#sTok198"/>
		<!--the-->
		<mark id="sSpan954" xlink:href="#sTok200"/>
		<!--the-->
		<mark id="sSpan955" xlink:href="#sTok200"/>
		<!--court-->
		<mark id="sSpan956" xlink:href="#sTok201"/>
		<!--declared-->
		<mark id="sSpan957" xlink:href="#sTok202"/>
		<!--declared-->
		<mark id="sSpan958" xlink:href="#sTok202"/>
		<!--declared-->
		<mark id="sSpan959" xlink:href="#sTok202"/>
		<!--declared-->
		<mark id="sSpan960" xlink:href="#sTok202"/>
		<!--declared-->
		<mark id="sSpan961" xlink:href="#sTok202"/>
		<!--the-->
		<mark id="sSpan962" xlink:href="#sTok203"/>
		<!--the-->
		<mark id="sSpan963" xlink:href="#sTok203"/>
		<!--abortion-->
		<mark id="sSpan964" xlink:href="#sTok204"/>
		<!--statutes-->
		<mark id="sSpan965" xlink:href="#sTok205"/>
		<!--void-->
		<mark id="sSpan966" xlink:href="#sTok206"/>
		<!--vague-->
		<mark id="sSpan967" xlink:href="#sTok208"/>
		<!--overbroadly-->
		<mark id="sSpan968" xlink:href="#sTok210"/>
		<!--infringing-->
		<mark id="sSpan969" xlink:href="#sTok211"/>
		<!--those-->
		<mark id="sSpan970" xlink:href="#sTok212"/>
		<!--those-->
		<mark id="sSpan971" xlink:href="#sTok212"/>
		<!--plaintiffs-->
		<mark id="sSpan972" xlink:href="#sTok213"/>
		<!--Ninth-->
		<mark id="sSpan973" xlink:href="#sTok215"/>
		<!--Ninth-->
		<mark id="sSpan974" xlink:href="#sTok215"/>
		<!--Ninth-->
		<mark id="sSpan975" xlink:href="#sTok215"/>
		<!--Ninth-->
		<mark id="sSpan976" xlink:href="#sTok215"/>
		<!--Fourteenth-->
		<mark id="sSpan977" xlink:href="#sTok217"/>
		<!--Amendment-->
		<mark id="sSpan978" xlink:href="#sTok218"/>
		<!--rights-->
		<mark id="sSpan979" xlink:href="#sTok219"/>
		<!--The-->
		<mark id="sSpan980" xlink:href="#sTok221"/>
		<!--The-->
		<mark id="sSpan981" xlink:href="#sTok221"/>
		<!--court-->
		<mark id="sSpan982" xlink:href="#sTok222"/>
		<!--ruled-->
		<mark id="sSpan983" xlink:href="#sTok223"/>
		<!--ruled-->
		<mark id="sSpan984" xlink:href="#sTok223"/>
		<!--ruled-->
		<mark id="sSpan985" xlink:href="#sTok223"/>
		<!--ruled-->
		<mark id="sSpan986" xlink:href="#sTok223"/>
		<!--ruled-->
		<mark id="sSpan987" xlink:href="#sTok223"/>
		<!--the-->
		<mark id="sSpan988" xlink:href="#sTok224"/>
		<!--the-->
		<mark id="sSpan989" xlink:href="#sTok224"/>
		<!--Does-->
		<mark id="sSpan990" xlink:href="#sTok225"/>
		<!--complaint-->
		<mark id="sSpan991" xlink:href="#sTok227"/>
		<!--not-->
		<mark id="sSpan992" xlink:href="#sTok228"/>
		<!--justiciable-->
		<mark id="sSpan993" xlink:href="#sTok229"/>
		<!--Appellants-->
		<mark id="sSpan994" xlink:href="#sTok231"/>
		<!--directly-->
		<mark id="sSpan995" xlink:href="#sTok232"/>
		<!--appealed-->
		<mark id="sSpan996" xlink:href="#sTok233"/>
		<!--appealed-->
		<mark id="sSpan997" xlink:href="#sTok233"/>
		<!--appealed-->
		<mark id="sSpan998" xlink:href="#sTok233"/>
		<!--appealed-->
		<mark id="sSpan999" xlink:href="#sTok233"/>
		<!--appealed-->
		<mark id="sSpan1000" xlink:href="#sTok233"/>
		<!--this-->
		<mark id="sSpan1001" xlink:href="#sTok235"/>
		<!--this-->
		<mark id="sSpan1002" xlink:href="#sTok235"/>
		<!--Court-->
		<mark id="sSpan1003" xlink:href="#sTok236"/>
		<!--the-->
		<mark id="sSpan1004" xlink:href="#sTok238"/>
		<!--the-->
		<mark id="sSpan1005" xlink:href="#sTok238"/>
		<!--injunctive-->
		<mark id="sSpan1006" xlink:href="#sTok239"/>
		<!--rulings-->
		<mark id="sSpan1007" xlink:href="#sTok240"/>
		<!--appellee-->
		<mark id="sSpan1008" xlink:href="#sTok243"/>
		<!--cross-->
		<mark id="sSpan1009" xlink:href="#sTok244"/>
		<!--appealed-->
		<mark id="sSpan1010" xlink:href="#sTok246"/>
		<!--appealed-->
		<mark id="sSpan1011" xlink:href="#sTok246"/>
		<!--appealed-->
		<mark id="sSpan1012" xlink:href="#sTok246"/>
		<!--appealed-->
		<mark id="sSpan1013" xlink:href="#sTok246"/>
		<!--appealed-->
		<mark id="sSpan1014" xlink:href="#sTok246"/>
		<!--the-->
		<mark id="sSpan1015" xlink:href="#sTok248"/>
		<!--the-->
		<mark id="sSpan1016" xlink:href="#sTok248"/>
		<!--District-->
		<mark id="sSpan1017" xlink:href="#sTok249"/>
		<!--Court-->
		<mark id="sSpan1018" xlink:href="#sTok250"/>
		<!--grant-->
		<mark id="sSpan1019" xlink:href="#sTok252"/>
		<!--declaratory-->
		<mark id="sSpan1020" xlink:href="#sTok254"/>
		<!--relief-->
		<mark id="sSpan1021" xlink:href="#sTok255"/>
		<!--Roe-->
		<mark id="sSpan1022" xlink:href="#sTok257"/>
		<!--Hallford-->
		<mark id="sSpan1023" xlink:href="#sTok259"/>
		<!--Held-->
		<mark id="sSpan1024" xlink:href="#sTok261"/>
		<!--Held-->
		<mark id="sSpan1025" xlink:href="#sTok261"/>
		<!--Held-->
		<mark id="sSpan1026" xlink:href="#sTok261"/>
		<!--28-->
		<mark id="sSpan1027" xlink:href="#sTok265"/>
		<!--28-->
		<mark id="sSpan1028" xlink:href="#sTok265"/>
		<!--U.S.C.-->
		<mark id="sSpan1029" xlink:href="#sTok266"/>
		<!--1253-->
		<mark id="sSpan1030" xlink:href="#sTok267"/>
		<!--1253-->
		<mark id="sSpan1031" xlink:href="#sTok267"/>
		<!--authorizes-->
		<mark id="sSpan1032" xlink:href="#sTok268"/>
		<!--authorizes-->
		<mark id="sSpan1033" xlink:href="#sTok268"/>
		<!--authorizes-->
		<mark id="sSpan1034" xlink:href="#sTok268"/>
		<!--authorizes-->
		<mark id="sSpan1035" xlink:href="#sTok268"/>
		<!--authorizes-->
		<mark id="sSpan1036" xlink:href="#sTok268"/>
		<!--no-->
		<mark id="sSpan1037" xlink:href="#sTok269"/>
		<!--no-->
		<mark id="sSpan1038" xlink:href="#sTok269"/>
		<!--direct-->
		<mark id="sSpan1039" xlink:href="#sTok270"/>
		<!--appeal-->
		<mark id="sSpan1040" xlink:href="#sTok271"/>
		<!--this-->
		<mark id="sSpan1041" xlink:href="#sTok273"/>
		<!--this-->
		<mark id="sSpan1042" xlink:href="#sTok273"/>
		<!--Court-->
		<mark id="sSpan1043" xlink:href="#sTok274"/>
		<!--the-->
		<mark id="sSpan1044" xlink:href="#sTok276"/>
		<!--the-->
		<mark id="sSpan1045" xlink:href="#sTok276"/>
		<!--grant-->
		<mark id="sSpan1046" xlink:href="#sTok277"/>
		<!--denial-->
		<mark id="sSpan1047" xlink:href="#sTok279"/>
		<!--declaratory-->
		<mark id="sSpan1048" xlink:href="#sTok281"/>
		<!--relief-->
		<mark id="sSpan1049" xlink:href="#sTok282"/>
		<!--alone-->
		<mark id="sSpan1050" xlink:href="#sTok283"/>
		<!--review-->
		<mark id="sSpan1051" xlink:href="#sTok285"/>
		<!--is-->
		<mark id="sSpan1052" xlink:href="#sTok286"/>
		<!--is-->
		<mark id="sSpan1053" xlink:href="#sTok286"/>
		<!--is-->
		<mark id="sSpan1054" xlink:href="#sTok286"/>
		<!--is-->
		<mark id="sSpan1055" xlink:href="#sTok286"/>
		<!--is-->
		<mark id="sSpan1056" xlink:href="#sTok286"/>
		<!--not-->
		<mark id="sSpan1057" xlink:href="#sTok287"/>
		<!--foreclosed-->
		<mark id="sSpan1058" xlink:href="#sTok288"/>
		<!--foreclosed-->
		<mark id="sSpan1059" xlink:href="#sTok288"/>
		<!--foreclosed-->
		<mark id="sSpan1060" xlink:href="#sTok288"/>
		<!--when-->
		<mark id="sSpan1061" xlink:href="#sTok289"/>
		<!--the-->
		<mark id="sSpan1062" xlink:href="#sTok290"/>
		<!--the-->
		<mark id="sSpan1063" xlink:href="#sTok290"/>
		<!--case-->
		<mark id="sSpan1064" xlink:href="#sTok291"/>
		<!--is-->
		<mark id="sSpan1065" xlink:href="#sTok292"/>
		<!--is-->
		<mark id="sSpan1066" xlink:href="#sTok292"/>
		<!--is-->
		<mark id="sSpan1067" xlink:href="#sTok292"/>
		<!--is-->
		<mark id="sSpan1068" xlink:href="#sTok292"/>
		<!--is-->
		<mark id="sSpan1069" xlink:href="#sTok292"/>
		<!--properly-->
		<mark id="sSpan1070" xlink:href="#sTok293"/>
		<!--the-->
		<mark id="sSpan1071" xlink:href="#sTok295"/>
		<!--the-->
		<mark id="sSpan1072" xlink:href="#sTok295"/>
		<!--Court-->
		<mark id="sSpan1073" xlink:href="#sTok296"/>
		<!--appeal-->
		<mark id="sSpan1074" xlink:href="#sTok298"/>
		<!--specific-->
		<mark id="sSpan1075" xlink:href="#sTok300"/>
		<!--denial-->
		<mark id="sSpan1076" xlink:href="#sTok301"/>
		<!--injunctive-->
		<mark id="sSpan1077" xlink:href="#sTok303"/>
		<!--relief-->
		<mark id="sSpan1078" xlink:href="#sTok304"/>
		<!--the-->
		<mark id="sSpan1079" xlink:href="#sTok306"/>
		<!--the-->
		<mark id="sSpan1080" xlink:href="#sTok306"/>
		<!--arguments-->
		<mark id="sSpan1081" xlink:href="#sTok307"/>
		<!--injunctive-->
		<mark id="sSpan1082" xlink:href="#sTok311"/>
		<!--declaratory-->
		<mark id="sSpan1083" xlink:href="#sTok313"/>
		<!--relief-->
		<mark id="sSpan1084" xlink:href="#sTok314"/>
		<!--are-->
		<mark id="sSpan1085" xlink:href="#sTok315"/>
		<!--are-->
		<mark id="sSpan1086" xlink:href="#sTok315"/>
		<!--are-->
		<mark id="sSpan1087" xlink:href="#sTok315"/>
		<!--are-->
		<mark id="sSpan1088" xlink:href="#sTok315"/>
		<!--are-->
		<mark id="sSpan1089" xlink:href="#sTok315"/>
		<!--necessarily-->
		<mark id="sSpan1090" xlink:href="#sTok316"/>
		<!--identical-->
		<mark id="sSpan1091" xlink:href="#sTok317"/>
		<!--P.-->
		<mark id="sSpan1092" xlink:href="#sTok319"/>
		<!--123-->
		<mark id="sSpan1093" xlink:href="#sTok320"/>
		<!--123-->
		<mark id="sSpan1094" xlink:href="#sTok320"/>
		<!--Roe-->
		<mark id="sSpan1095" xlink:href="#sTok323"/>
		<!--has-->
		<mark id="sSpan1096" xlink:href="#sTok324"/>
		<!--has-->
		<mark id="sSpan1097" xlink:href="#sTok324"/>
		<!--has-->
		<mark id="sSpan1098" xlink:href="#sTok324"/>
		<!--has-->
		<mark id="sSpan1099" xlink:href="#sTok324"/>
		<!--has-->
		<mark id="sSpan1100" xlink:href="#sTok324"/>
		<!--standing-->
		<mark id="sSpan1101" xlink:href="#sTok325"/>
		<!--sue-->
		<mark id="sSpan1102" xlink:href="#sTok327"/>
		<!--the-->
		<mark id="sSpan1103" xlink:href="#sTok329"/>
		<!--the-->
		<mark id="sSpan1104" xlink:href="#sTok329"/>
		<!--Does-->
		<mark id="sSpan1105" xlink:href="#sTok330"/>
		<!--Hallford-->
		<mark id="sSpan1106" xlink:href="#sTok332"/>
		<!--do-->
		<mark id="sSpan1107" xlink:href="#sTok333"/>
		<!--do-->
		<mark id="sSpan1108" xlink:href="#sTok333"/>
		<!--do-->
		<mark id="sSpan1109" xlink:href="#sTok333"/>
		<!--do-->
		<mark id="sSpan1110" xlink:href="#sTok333"/>
		<!--do-->
		<mark id="sSpan1111" xlink:href="#sTok333"/>
		<!--not-->
		<mark id="sSpan1112" xlink:href="#sTok334"/>
		<!--Pp.-->
		<mark id="sSpan1113" xlink:href="#sTok336"/>
		<!--123-->
		<mark id="sSpan1114" xlink:href="#sTok337"/>
		<!--123-->
		<mark id="sSpan1115" xlink:href="#sTok337"/>
		<!--129-->
		<mark id="sSpan1116" xlink:href="#sTok339"/>
		<!--129-->
		<mark id="sSpan1117" xlink:href="#sTok339"/>
		<!--Contrary-->
		<mark id="sSpan1118" xlink:href="#sTok342"/>
		<!--appellee-->
		<mark id="sSpan1119" xlink:href="#sTok344"/>
		<!--contention-->
		<mark id="sSpan1120" xlink:href="#sTok346"/>
		<!--the-->
		<mark id="sSpan1121" xlink:href="#sTok348"/>
		<!--the-->
		<mark id="sSpan1122" xlink:href="#sTok348"/>
		<!--natural-->
		<mark id="sSpan1123" xlink:href="#sTok349"/>
		<!--termination-->
		<mark id="sSpan1124" xlink:href="#sTok350"/>
		<!--Roe-->
		<mark id="sSpan1125" xlink:href="#sTok352"/>
		<!--pregnancy-->
		<mark id="sSpan1126" xlink:href="#sTok354"/>
		<!--did-->
		<mark id="sSpan1127" xlink:href="#sTok355"/>
		<!--did-->
		<mark id="sSpan1128" xlink:href="#sTok355"/>
		<!--did-->
		<mark id="sSpan1129" xlink:href="#sTok355"/>
		<!--did-->
		<mark id="sSpan1130" xlink:href="#sTok355"/>
		<!--did-->
		<mark id="sSpan1131" xlink:href="#sTok355"/>
		<!--not-->
		<mark id="sSpan1132" xlink:href="#sTok356"/>
		<!--moot-->
		<mark id="sSpan1133" xlink:href="#sTok357"/>
		<!--her-->
		<mark id="sSpan1134" xlink:href="#sTok358"/>
		<!--her-->
		<mark id="sSpan1135" xlink:href="#sTok358"/>
		<!--her-->
		<mark id="sSpan1136" xlink:href="#sTok358"/>
		<!--her-->
		<mark id="sSpan1137" xlink:href="#sTok358"/>
		<!--her-->
		<mark id="sSpan1138" xlink:href="#sTok358"/>
		<!--her-->
		<mark id="sSpan1139" xlink:href="#sTok358"/>
		<!--suit-->
		<mark id="sSpan1140" xlink:href="#sTok359"/>
		<!--Litigation-->
		<mark id="sSpan1141" xlink:href="#sTok361"/>
		<!--involving-->
		<mark id="sSpan1142" xlink:href="#sTok362"/>
		<!--pregnancy-->
		<mark id="sSpan1143" xlink:href="#sTok363"/>
		<!--which-->
		<mark id="sSpan1144" xlink:href="#sTok365"/>
		<!--is-->
		<mark id="sSpan1145" xlink:href="#sTok366"/>
		<!--is-->
		<mark id="sSpan1146" xlink:href="#sTok366"/>
		<!--is-->
		<mark id="sSpan1147" xlink:href="#sTok366"/>
		<!--is-->
		<mark id="sSpan1148" xlink:href="#sTok366"/>
		<!--is-->
		<mark id="sSpan1149" xlink:href="#sTok366"/>
		<!--capable-->
		<mark id="sSpan1150" xlink:href="#sTok368"/>
		<!--repetition-->
		<mark id="sSpan1151" xlink:href="#sTok370"/>
		<!--evading-->
		<mark id="sSpan1152" xlink:href="#sTok373"/>
		<!--review-->
		<mark id="sSpan1153" xlink:href="#sTok374"/>
		<!--is-->
		<mark id="sSpan1154" xlink:href="#sTok377"/>
		<!--is-->
		<mark id="sSpan1155" xlink:href="#sTok377"/>
		<!--is-->
		<mark id="sSpan1156" xlink:href="#sTok377"/>
		<!--is-->
		<mark id="sSpan1157" xlink:href="#sTok377"/>
		<!--is-->
		<mark id="sSpan1158" xlink:href="#sTok377"/>
		<!--an-->
		<mark id="sSpan1159" xlink:href="#sTok378"/>
		<!--an-->
		<mark id="sSpan1160" xlink:href="#sTok378"/>
		<!--exception-->
		<mark id="sSpan1161" xlink:href="#sTok379"/>
		<!--the-->
		<mark id="sSpan1162" xlink:href="#sTok381"/>
		<!--the-->
		<mark id="sSpan1163" xlink:href="#sTok381"/>
		<!--usual-->
		<mark id="sSpan1164" xlink:href="#sTok382"/>
		<!--federal-->
		<mark id="sSpan1165" xlink:href="#sTok383"/>
		<!--rule-->
		<mark id="sSpan1166" xlink:href="#sTok384"/>
		<!--an-->
		<mark id="sSpan1167" xlink:href="#sTok386"/>
		<!--an-->
		<mark id="sSpan1168" xlink:href="#sTok386"/>
		<!--actual-->
		<mark id="sSpan1169" xlink:href="#sTok387"/>
		<!--controversy-->
		<mark id="sSpan1170" xlink:href="#sTok388"/>
		<!--p-->
		<mark id="sSpan1171" xlink:href="#sTok390"/>
		<!--p-->
		<mark id="sSpan1172" xlink:href="#sTok390"/>
		<!--114-->
		<mark id="sSpan1173" xlink:href="#sTok391"/>
		<!--114-->
		<mark id="sSpan1174" xlink:href="#sTok391"/>
		<!--must-->
		<mark id="sSpan1175" xlink:href="#sTok393"/>
		<!--must-->
		<mark id="sSpan1176" xlink:href="#sTok393"/>
		<!--must-->
		<mark id="sSpan1177" xlink:href="#sTok393"/>
		<!--exist-->
		<mark id="sSpan1178" xlink:href="#sTok394"/>
		<!--review-->
		<mark id="sSpan1179" xlink:href="#sTok396"/>
		<!--stages-->
		<mark id="sSpan1180" xlink:href="#sTok397"/>
		<!--not-->
		<mark id="sSpan1181" xlink:href="#sTok400"/>
		<!--simply-->
		<mark id="sSpan1182" xlink:href="#sTok401"/>
		<!--when-->
		<mark id="sSpan1183" xlink:href="#sTok402"/>
		<!--the-->
		<mark id="sSpan1184" xlink:href="#sTok403"/>
		<!--the-->
		<mark id="sSpan1185" xlink:href="#sTok403"/>
		<!--action-->
		<mark id="sSpan1186" xlink:href="#sTok404"/>
		<!--is-->
		<mark id="sSpan1187" xlink:href="#sTok405"/>
		<!--is-->
		<mark id="sSpan1188" xlink:href="#sTok405"/>
		<!--is-->
		<mark id="sSpan1189" xlink:href="#sTok405"/>
		<!--is-->
		<mark id="sSpan1190" xlink:href="#sTok405"/>
		<!--is-->
		<mark id="sSpan1191" xlink:href="#sTok405"/>
		<!--initiated-->
		<mark id="sSpan1192" xlink:href="#sTok406"/>
		<!--initiated-->
		<mark id="sSpan1193" xlink:href="#sTok406"/>
		<!--initiated-->
		<mark id="sSpan1194" xlink:href="#sTok406"/>
		<!--Pp.-->
		<mark id="sSpan1195" xlink:href="#sTok408"/>
		<!--124-->
		<mark id="sSpan1196" xlink:href="#sTok409"/>
		<!--124-->
		<mark id="sSpan1197" xlink:href="#sTok409"/>
		<!--125-->
		<mark id="sSpan1198" xlink:href="#sTok411"/>
		<!--125-->
		<mark id="sSpan1199" xlink:href="#sTok411"/>
		<!--The-->
		<mark id="sSpan1200" xlink:href="#sTok414"/>
		<!--The-->
		<mark id="sSpan1201" xlink:href="#sTok414"/>
		<!--District-->
		<mark id="sSpan1202" xlink:href="#sTok415"/>
		<!--Court-->
		<mark id="sSpan1203" xlink:href="#sTok416"/>
		<!--correctly-->
		<mark id="sSpan1204" xlink:href="#sTok417"/>
		<!--refused-->
		<mark id="sSpan1205" xlink:href="#sTok418"/>
		<!--refused-->
		<mark id="sSpan1206" xlink:href="#sTok418"/>
		<!--refused-->
		<mark id="sSpan1207" xlink:href="#sTok418"/>
		<!--refused-->
		<mark id="sSpan1208" xlink:href="#sTok418"/>
		<!--refused-->
		<mark id="sSpan1209" xlink:href="#sTok418"/>
		<!--injunctive-->
		<mark id="sSpan1210" xlink:href="#sTok419"/>
		<!--erred-->
		<mark id="sSpan1211" xlink:href="#sTok422"/>
		<!--erred-->
		<mark id="sSpan1212" xlink:href="#sTok422"/>
		<!--erred-->
		<mark id="sSpan1213" xlink:href="#sTok422"/>
		<!--erred-->
		<mark id="sSpan1214" xlink:href="#sTok422"/>
		<!--erred-->
		<mark id="sSpan1215" xlink:href="#sTok422"/>
		<!--granting-->
		<mark id="sSpan1216" xlink:href="#sTok424"/>
		<!--declaratory-->
		<mark id="sSpan1217" xlink:href="#sTok425"/>
		<!--relief-->
		<mark id="sSpan1218" xlink:href="#sTok427"/>
		<!--Hallford-->
		<mark id="sSpan1219" xlink:href="#sTok429"/>
		<!--who-->
		<mark id="sSpan1220" xlink:href="#sTok431"/>
		<!--alleged-->
		<mark id="sSpan1221" xlink:href="#sTok432"/>
		<!--alleged-->
		<mark id="sSpan1222" xlink:href="#sTok432"/>
		<!--alleged-->
		<mark id="sSpan1223" xlink:href="#sTok432"/>
		<!--alleged-->
		<mark id="sSpan1224" xlink:href="#sTok432"/>
		<!--alleged-->
		<mark id="sSpan1225" xlink:href="#sTok432"/>
		<!--no-->
		<mark id="sSpan1226" xlink:href="#sTok433"/>
		<!--no-->
		<mark id="sSpan1227" xlink:href="#sTok433"/>
		<!--federally-->
		<mark id="sSpan1228" xlink:href="#sTok434"/>
		<!--protected-->
		<mark id="sSpan1229" xlink:href="#sTok435"/>
		<!--protected-->
		<mark id="sSpan1230" xlink:href="#sTok435"/>
		<!--protected-->
		<mark id="sSpan1231" xlink:href="#sTok435"/>
		<!--right-->
		<mark id="sSpan1232" xlink:href="#sTok436"/>
		<!--not-->
		<mark id="sSpan1233" xlink:href="#sTok437"/>
		<!--assertable-->
		<mark id="sSpan1234" xlink:href="#sTok438"/>
		<!--a-->
		<mark id="sSpan1235" xlink:href="#sTok440"/>
		<!--a-->
		<mark id="sSpan1236" xlink:href="#sTok440"/>
		<!--defense-->
		<mark id="sSpan1237" xlink:href="#sTok441"/>
		<!--the-->
		<mark id="sSpan1238" xlink:href="#sTok443"/>
		<!--the-->
		<mark id="sSpan1239" xlink:href="#sTok443"/>
		<!--good-->
		<mark id="sSpan1240" xlink:href="#sTok444"/>
		<!--faith-->
		<mark id="sSpan1241" xlink:href="#sTok445"/>
		<!--state-->
		<mark id="sSpan1242" xlink:href="#sTok446"/>
		<!--prosecutions-->
		<mark id="sSpan1243" xlink:href="#sTok447"/>
		<!--pending-->
		<mark id="sSpan1244" xlink:href="#sTok448"/>
		<!--him-->
		<mark id="sSpan1245" xlink:href="#sTok450"/>
		<!--him-->
		<mark id="sSpan1246" xlink:href="#sTok450"/>
		<!--him-->
		<mark id="sSpan1247" xlink:href="#sTok450"/>
		<!--him-->
		<mark id="sSpan1248" xlink:href="#sTok450"/>
		<!--him-->
		<mark id="sSpan1249" xlink:href="#sTok450"/>
		<!--Samuels-->
		<mark id="sSpan1250" xlink:href="#sTok452"/>
		<!--Mackell-->
		<mark id="sSpan1251" xlink:href="#sTok454"/>
		<!--401-->
		<mark id="sSpan1252" xlink:href="#sTok456"/>
		<!--401-->
		<mark id="sSpan1253" xlink:href="#sTok456"/>
		<!--U.S.-->
		<mark id="sSpan1254" xlink:href="#sTok457"/>
		<!--U.S.-->
		<mark id="sSpan1255" xlink:href="#sTok457"/>
		<!--66-->
		<mark id="sSpan1256" xlink:href="#sTok458"/>
		<!--66-->
		<mark id="sSpan1257" xlink:href="#sTok458"/>
		<!--Pp.-->
		<mark id="sSpan1258" xlink:href="#sTok460"/>
		<!--125-->
		<mark id="sSpan1259" xlink:href="#sTok461"/>
		<!--125-->
		<mark id="sSpan1260" xlink:href="#sTok461"/>
		<!--127-->
		<mark id="sSpan1261" xlink:href="#sTok463"/>
		<!--127-->
		<mark id="sSpan1262" xlink:href="#sTok463"/>
		<!--The-->
		<mark id="sSpan1263" xlink:href="#sTok466"/>
		<!--The-->
		<mark id="sSpan1264" xlink:href="#sTok466"/>
		<!--Does-->
		<mark id="sSpan1265" xlink:href="#sTok467"/>
		<!--complaint-->
		<mark id="sSpan1266" xlink:href="#sTok469"/>
		<!--based-->
		<mark id="sSpan1267" xlink:href="#sTok471"/>
		<!--based-->
		<mark id="sSpan1268" xlink:href="#sTok471"/>
		<!--based-->
		<mark id="sSpan1269" xlink:href="#sTok471"/>
		<!--it-->
		<mark id="sSpan1270" xlink:href="#sTok473"/>
		<!--it-->
		<mark id="sSpan1271" xlink:href="#sTok473"/>
		<!--it-->
		<mark id="sSpan1272" xlink:href="#sTok473"/>
		<!--it-->
		<mark id="sSpan1273" xlink:href="#sTok473"/>
		<!--it-->
		<mark id="sSpan1274" xlink:href="#sTok473"/>
		<!--is-->
		<mark id="sSpan1275" xlink:href="#sTok474"/>
		<!--is-->
		<mark id="sSpan1276" xlink:href="#sTok474"/>
		<!--is-->
		<mark id="sSpan1277" xlink:href="#sTok474"/>
		<!--is-->
		<mark id="sSpan1278" xlink:href="#sTok474"/>
		<!--is-->
		<mark id="sSpan1279" xlink:href="#sTok474"/>
		<!--contingencies-->
		<mark id="sSpan1280" xlink:href="#sTok476"/>
		<!--any-->
		<mark id="sSpan1281" xlink:href="#sTok478"/>
		<!--one-->
		<mark id="sSpan1282" xlink:href="#sTok479"/>
		<!--more-->
		<mark id="sSpan1283" xlink:href="#sTok481"/>
		<!--which-->
		<mark id="sSpan1284" xlink:href="#sTok483"/>
		<!--may-->
		<mark id="sSpan1285" xlink:href="#sTok484"/>
		<!--may-->
		<mark id="sSpan1286" xlink:href="#sTok484"/>
		<!--may-->
		<mark id="sSpan1287" xlink:href="#sTok484"/>
		<!--not-->
		<mark id="sSpan1288" xlink:href="#sTok485"/>
		<!--occur-->
		<mark id="sSpan1289" xlink:href="#sTok486"/>
		<!--is-->
		<mark id="sSpan1290" xlink:href="#sTok488"/>
		<!--is-->
		<mark id="sSpan1291" xlink:href="#sTok488"/>
		<!--is-->
		<mark id="sSpan1292" xlink:href="#sTok488"/>
		<!--is-->
		<mark id="sSpan1293" xlink:href="#sTok488"/>
		<!--is-->
		<mark id="sSpan1294" xlink:href="#sTok488"/>
		<!--too-->
		<mark id="sSpan1295" xlink:href="#sTok489"/>
		<!--speculative-->
		<mark id="sSpan1296" xlink:href="#sTok490"/>
		<!--present-->
		<mark id="sSpan1297" xlink:href="#sTok492"/>
		<!--an-->
		<mark id="sSpan1298" xlink:href="#sTok493"/>
		<!--an-->
		<mark id="sSpan1299" xlink:href="#sTok493"/>
		<!--actual-->
		<mark id="sSpan1300" xlink:href="#sTok494"/>
		<!--case-->
		<mark id="sSpan1301" xlink:href="#sTok495"/>
		<!--controversy-->
		<mark id="sSpan1302" xlink:href="#sTok497"/>
		<!--Pp.-->
		<mark id="sSpan1303" xlink:href="#sTok499"/>
		<!--127-->
		<mark id="sSpan1304" xlink:href="#sTok500"/>
		<!--127-->
		<mark id="sSpan1305" xlink:href="#sTok500"/>
		<!--129-->
		<mark id="sSpan1306" xlink:href="#sTok502"/>
		<!--129-->
		<mark id="sSpan1307" xlink:href="#sTok502"/>
		<!--State-->
		<mark id="sSpan1308" xlink:href="#sTok505"/>
		<!--criminal-->
		<mark id="sSpan1309" xlink:href="#sTok506"/>
		<!--abortion-->
		<mark id="sSpan1310" xlink:href="#sTok507"/>
		<!--laws-->
		<mark id="sSpan1311" xlink:href="#sTok508"/>
		<!--those-->
		<mark id="sSpan1312" xlink:href="#sTok511"/>
		<!--those-->
		<mark id="sSpan1313" xlink:href="#sTok511"/>
		<!--involved-->
		<mark id="sSpan1314" xlink:href="#sTok512"/>
		<!--involved-->
		<mark id="sSpan1315" xlink:href="#sTok512"/>
		<!--involved-->
		<mark id="sSpan1316" xlink:href="#sTok512"/>
		<!--here-->
		<mark id="sSpan1317" xlink:href="#sTok513"/>
		<!--criminality-->
		<mark id="sSpan1318" xlink:href="#sTok518"/>
		<!--a-->
		<mark id="sSpan1319" xlink:href="#sTok520"/>
		<!--a-->
		<mark id="sSpan1320" xlink:href="#sTok520"/>
		<!--life-->
		<mark id="sSpan1321" xlink:href="#sTok521"/>
		<!--saving-->
		<mark id="sSpan1322" xlink:href="#sTok523"/>
		<!--procedure-->
		<mark id="sSpan1323" xlink:href="#sTok524"/>
		<!--the-->
		<mark id="sSpan1324" xlink:href="#sTok526"/>
		<!--the-->
		<mark id="sSpan1325" xlink:href="#sTok526"/>
		<!--mother-->
		<mark id="sSpan1326" xlink:href="#sTok527"/>
		<!--behalf-->
		<mark id="sSpan1327" xlink:href="#sTok529"/>
		<!--regard-->
		<mark id="sSpan1328" xlink:href="#sTok531"/>
		<!--the-->
		<mark id="sSpan1329" xlink:href="#sTok533"/>
		<!--the-->
		<mark id="sSpan1330" xlink:href="#sTok533"/>
		<!--stage-->
		<mark id="sSpan1331" xlink:href="#sTok534"/>
		<!--her-->
		<mark id="sSpan1332" xlink:href="#sTok536"/>
		<!--her-->
		<mark id="sSpan1333" xlink:href="#sTok536"/>
		<!--her-->
		<mark id="sSpan1334" xlink:href="#sTok536"/>
		<!--her-->
		<mark id="sSpan1335" xlink:href="#sTok536"/>
		<!--her-->
		<mark id="sSpan1336" xlink:href="#sTok536"/>
		<!--her-->
		<mark id="sSpan1337" xlink:href="#sTok536"/>
		<!--pregnancy-->
		<mark id="sSpan1338" xlink:href="#sTok537"/>
		<!--other-->
		<mark id="sSpan1339" xlink:href="#sTok539"/>
		<!--interests-->
		<mark id="sSpan1340" xlink:href="#sTok540"/>
		<!--involved-->
		<mark id="sSpan1341" xlink:href="#sTok541"/>
		<!--involved-->
		<mark id="sSpan1342" xlink:href="#sTok541"/>
		<!--involved-->
		<mark id="sSpan1343" xlink:href="#sTok541"/>
		<!--violate-->
		<mark id="sSpan1344" xlink:href="#sTok542"/>
		<!--violate-->
		<mark id="sSpan1345" xlink:href="#sTok542"/>
		<!--violate-->
		<mark id="sSpan1346" xlink:href="#sTok542"/>
		<!--violate-->
		<mark id="sSpan1347" xlink:href="#sTok542"/>
		<!--violate-->
		<mark id="sSpan1348" xlink:href="#sTok542"/>
		<!--the-->
		<mark id="sSpan1349" xlink:href="#sTok543"/>
		<!--the-->
		<mark id="sSpan1350" xlink:href="#sTok543"/>
		<!--Due-->
		<mark id="sSpan1351" xlink:href="#sTok544"/>
		<!--Due-->
		<mark id="sSpan1352" xlink:href="#sTok544"/>
		<!--Process-->
		<mark id="sSpan1353" xlink:href="#sTok545"/>
		<!--Clause-->
		<mark id="sSpan1354" xlink:href="#sTok546"/>
		<!--the-->
		<mark id="sSpan1355" xlink:href="#sTok548"/>
		<!--the-->
		<mark id="sSpan1356" xlink:href="#sTok548"/>
		<!--Fourteenth-->
		<mark id="sSpan1357" xlink:href="#sTok549"/>
		<!--Fourteenth-->
		<mark id="sSpan1358" xlink:href="#sTok549"/>
		<!--Amendment-->
		<mark id="sSpan1359" xlink:href="#sTok550"/>
		<!--which-->
		<mark id="sSpan1360" xlink:href="#sTok552"/>
		<!--protects-->
		<mark id="sSpan1361" xlink:href="#sTok553"/>
		<!--protects-->
		<mark id="sSpan1362" xlink:href="#sTok553"/>
		<!--protects-->
		<mark id="sSpan1363" xlink:href="#sTok553"/>
		<!--protects-->
		<mark id="sSpan1364" xlink:href="#sTok553"/>
		<!--protects-->
		<mark id="sSpan1365" xlink:href="#sTok553"/>
		<!--state-->
		<mark id="sSpan1366" xlink:href="#sTok555"/>
		<!--action-->
		<mark id="sSpan1367" xlink:href="#sTok556"/>
		<!--the-->
		<mark id="sSpan1368" xlink:href="#sTok557"/>
		<!--the-->
		<mark id="sSpan1369" xlink:href="#sTok557"/>
		<!--right-->
		<mark id="sSpan1370" xlink:href="#sTok558"/>
		<!--privacy-->
		<mark id="sSpan1371" xlink:href="#sTok560"/>
		<!--including-->
		<mark id="sSpan1372" xlink:href="#sTok562"/>
		<!--a-->
		<mark id="sSpan1373" xlink:href="#sTok563"/>
		<!--a-->
		<mark id="sSpan1374" xlink:href="#sTok563"/>
		<!--woman-->
		<mark id="sSpan1375" xlink:href="#sTok564"/>
		<!--qualified-->
		<mark id="sSpan1376" xlink:href="#sTok566"/>
		<!--right-->
		<mark id="sSpan1377" xlink:href="#sTok567"/>
		<!--terminate-->
		<mark id="sSpan1378" xlink:href="#sTok569"/>
		<!--her-->
		<mark id="sSpan1379" xlink:href="#sTok570"/>
		<!--her-->
		<mark id="sSpan1380" xlink:href="#sTok570"/>
		<!--her-->
		<mark id="sSpan1381" xlink:href="#sTok570"/>
		<!--her-->
		<mark id="sSpan1382" xlink:href="#sTok570"/>
		<!--her-->
		<mark id="sSpan1383" xlink:href="#sTok570"/>
		<!--her-->
		<mark id="sSpan1384" xlink:href="#sTok570"/>
		<!--pregnancy-->
		<mark id="sSpan1385" xlink:href="#sTok571"/>
		<!--the-->
		<mark id="sSpan1386" xlink:href="#sTok574"/>
		<!--the-->
		<mark id="sSpan1387" xlink:href="#sTok574"/>
		<!--State-->
		<mark id="sSpan1388" xlink:href="#sTok575"/>
		<!--can-->
		<mark id="sSpan1389" xlink:href="#sTok576"/>
		<!--can-->
		<mark id="sSpan1390" xlink:href="#sTok576"/>
		<!--can-->
		<mark id="sSpan1391" xlink:href="#sTok576"/>
		<!--not-->
		<mark id="sSpan1392" xlink:href="#sTok577"/>
		<!--override-->
		<mark id="sSpan1393" xlink:href="#sTok578"/>
		<!--that-->
		<mark id="sSpan1394" xlink:href="#sTok579"/>
		<!--that-->
		<mark id="sSpan1395" xlink:href="#sTok579"/>
		<!--right-->
		<mark id="sSpan1396" xlink:href="#sTok580"/>
		<!--it-->
		<mark id="sSpan1397" xlink:href="#sTok582"/>
		<!--it-->
		<mark id="sSpan1398" xlink:href="#sTok582"/>
		<!--it-->
		<mark id="sSpan1399" xlink:href="#sTok582"/>
		<!--it-->
		<mark id="sSpan1400" xlink:href="#sTok582"/>
		<!--it-->
		<mark id="sSpan1401" xlink:href="#sTok582"/>
		<!--has-->
		<mark id="sSpan1402" xlink:href="#sTok583"/>
		<!--has-->
		<mark id="sSpan1403" xlink:href="#sTok583"/>
		<!--has-->
		<mark id="sSpan1404" xlink:href="#sTok583"/>
		<!--has-->
		<mark id="sSpan1405" xlink:href="#sTok583"/>
		<!--has-->
		<mark id="sSpan1406" xlink:href="#sTok583"/>
		<!--legitimate-->
		<mark id="sSpan1407" xlink:href="#sTok584"/>
		<!--interests-->
		<mark id="sSpan1408" xlink:href="#sTok585"/>
		<!--protecting-->
		<mark id="sSpan1409" xlink:href="#sTok587"/>
		<!--the-->
		<mark id="sSpan1410" xlink:href="#sTok589"/>
		<!--the-->
		<mark id="sSpan1411" xlink:href="#sTok589"/>
		<!--pregnant-->
		<mark id="sSpan1412" xlink:href="#sTok590"/>
		<!--woman-->
		<mark id="sSpan1413" xlink:href="#sTok591"/>
		<!--health-->
		<mark id="sSpan1414" xlink:href="#sTok593"/>
		<!--the-->
		<mark id="sSpan1415" xlink:href="#sTok595"/>
		<!--the-->
		<mark id="sSpan1416" xlink:href="#sTok595"/>
		<!--potentiality-->
		<mark id="sSpan1417" xlink:href="#sTok596"/>
		<!--human-->
		<mark id="sSpan1418" xlink:href="#sTok598"/>
		<!--life-->
		<mark id="sSpan1419" xlink:href="#sTok599"/>
		<!--each-->
		<mark id="sSpan1420" xlink:href="#sTok601"/>
		<!--which-->
		<mark id="sSpan1421" xlink:href="#sTok603"/>
		<!--interests-->
		<mark id="sSpan1422" xlink:href="#sTok604"/>
		<!--grows-->
		<mark id="sSpan1423" xlink:href="#sTok605"/>
		<!--grows-->
		<mark id="sSpan1424" xlink:href="#sTok605"/>
		<!--grows-->
		<mark id="sSpan1425" xlink:href="#sTok605"/>
		<!--grows-->
		<mark id="sSpan1426" xlink:href="#sTok605"/>
		<!--grows-->
		<mark id="sSpan1427" xlink:href="#sTok605"/>
		<!--reaches-->
		<mark id="sSpan1428" xlink:href="#sTok607"/>
		<!--reaches-->
		<mark id="sSpan1429" xlink:href="#sTok607"/>
		<!--reaches-->
		<mark id="sSpan1430" xlink:href="#sTok607"/>
		<!--reaches-->
		<mark id="sSpan1431" xlink:href="#sTok607"/>
		<!--reaches-->
		<mark id="sSpan1432" xlink:href="#sTok607"/>
		<!--a-->
		<mark id="sSpan1433" xlink:href="#sTok608"/>
		<!--a-->
		<mark id="sSpan1434" xlink:href="#sTok608"/>
		<!--compelling-->
		<mark id="sSpan1435" xlink:href="#sTok610"/>
		<!--point-->
		<mark id="sSpan1436" xlink:href="#sTok612"/>
		<!--various-->
		<mark id="sSpan1437" xlink:href="#sTok614"/>
		<!--stages-->
		<mark id="sSpan1438" xlink:href="#sTok615"/>
		<!--the-->
		<mark id="sSpan1439" xlink:href="#sTok617"/>
		<!--the-->
		<mark id="sSpan1440" xlink:href="#sTok617"/>
		<!--woman-->
		<mark id="sSpan1441" xlink:href="#sTok618"/>
		<!--approach-->
		<mark id="sSpan1442" xlink:href="#sTok620"/>
		<!--term-->
		<mark id="sSpan1443" xlink:href="#sTok622"/>
		<!--Pp.-->
		<mark id="sSpan1444" xlink:href="#sTok624"/>
		<!--147-->
		<mark id="sSpan1445" xlink:href="#sTok625"/>
		<!--147-->
		<mark id="sSpan1446" xlink:href="#sTok625"/>
		<!--164-->
		<mark id="sSpan1447" xlink:href="#sTok627"/>
		<!--164-->
		<mark id="sSpan1448" xlink:href="#sTok627"/>
		<!--the-->
		<mark id="sSpan1449" xlink:href="#sTok631"/>
		<!--the-->
		<mark id="sSpan1450" xlink:href="#sTok631"/>
		<!--stage-->
		<mark id="sSpan1451" xlink:href="#sTok632"/>
		<!--prior-->
		<mark id="sSpan1452" xlink:href="#sTok633"/>
		<!--approximately-->
		<mark id="sSpan1453" xlink:href="#sTok635"/>
		<!--the-->
		<mark id="sSpan1454" xlink:href="#sTok636"/>
		<!--the-->
		<mark id="sSpan1455" xlink:href="#sTok636"/>
		<!--end-->
		<mark id="sSpan1456" xlink:href="#sTok637"/>
		<!--the-->
		<mark id="sSpan1457" xlink:href="#sTok639"/>
		<!--the-->
		<mark id="sSpan1458" xlink:href="#sTok639"/>
		<!--first-->
		<mark id="sSpan1459" xlink:href="#sTok640"/>
		<!--first-->
		<mark id="sSpan1460" xlink:href="#sTok640"/>
		<!--first-->
		<mark id="sSpan1461" xlink:href="#sTok640"/>
		<!--trimester-->
		<mark id="sSpan1462" xlink:href="#sTok641"/>
		<!--the-->
		<mark id="sSpan1463" xlink:href="#sTok643"/>
		<!--the-->
		<mark id="sSpan1464" xlink:href="#sTok643"/>
		<!--abortion-->
		<mark id="sSpan1465" xlink:href="#sTok644"/>
		<!--decision-->
		<mark id="sSpan1466" xlink:href="#sTok645"/>
		<!--its-->
		<mark id="sSpan1467" xlink:href="#sTok647"/>
		<!--its-->
		<mark id="sSpan1468" xlink:href="#sTok647"/>
		<!--its-->
		<mark id="sSpan1469" xlink:href="#sTok647"/>
		<!--its-->
		<mark id="sSpan1470" xlink:href="#sTok647"/>
		<!--its-->
		<mark id="sSpan1471" xlink:href="#sTok647"/>
		<!--its-->
		<mark id="sSpan1472" xlink:href="#sTok647"/>
		<!--effectuation-->
		<mark id="sSpan1473" xlink:href="#sTok648"/>
		<!--must-->
		<mark id="sSpan1474" xlink:href="#sTok649"/>
		<!--be-->
		<mark id="sSpan1475" xlink:href="#sTok650"/>
		<!--left-->
		<mark id="sSpan1476" xlink:href="#sTok651"/>
		<!--left-->
		<mark id="sSpan1477" xlink:href="#sTok651"/>
		<!--left-->
		<mark id="sSpan1478" xlink:href="#sTok651"/>
		<!--the-->
		<mark id="sSpan1479" xlink:href="#sTok653"/>
		<!--the-->
		<mark id="sSpan1480" xlink:href="#sTok653"/>
		<!--medical-->
		<mark id="sSpan1481" xlink:href="#sTok654"/>
		<!--judgment-->
		<mark id="sSpan1482" xlink:href="#sTok655"/>
		<!--the-->
		<mark id="sSpan1483" xlink:href="#sTok657"/>
		<!--the-->
		<mark id="sSpan1484" xlink:href="#sTok657"/>
		<!--pregnant-->
		<mark id="sSpan1485" xlink:href="#sTok658"/>
		<!--woman-->
		<mark id="sSpan1486" xlink:href="#sTok659"/>
		<!--attending-->
		<mark id="sSpan1487" xlink:href="#sTok661"/>
		<!--physician-->
		<mark id="sSpan1488" xlink:href="#sTok662"/>
		<!--Pp.-->
		<mark id="sSpan1489" xlink:href="#sTok664"/>
		<!--163-->
		<mark id="sSpan1490" xlink:href="#sTok665"/>
		<!--163-->
		<mark id="sSpan1491" xlink:href="#sTok665"/>
		<!--164-->
		<mark id="sSpan1492" xlink:href="#sTok667"/>
		<!--164-->
		<mark id="sSpan1493" xlink:href="#sTok667"/>
		<!--the-->
		<mark id="sSpan1494" xlink:href="#sTok671"/>
		<!--the-->
		<mark id="sSpan1495" xlink:href="#sTok671"/>
		<!--stage-->
		<mark id="sSpan1496" xlink:href="#sTok672"/>
		<!--subsequent-->
		<mark id="sSpan1497" xlink:href="#sTok673"/>
		<!--approximately-->
		<mark id="sSpan1498" xlink:href="#sTok675"/>
		<!--the-->
		<mark id="sSpan1499" xlink:href="#sTok676"/>
		<!--the-->
		<mark id="sSpan1500" xlink:href="#sTok676"/>
		<!--end-->
		<mark id="sSpan1501" xlink:href="#sTok677"/>
		<!--the-->
		<mark id="sSpan1502" xlink:href="#sTok679"/>
		<!--the-->
		<mark id="sSpan1503" xlink:href="#sTok679"/>
		<!--first-->
		<mark id="sSpan1504" xlink:href="#sTok680"/>
		<!--first-->
		<mark id="sSpan1505" xlink:href="#sTok680"/>
		<!--first-->
		<mark id="sSpan1506" xlink:href="#sTok680"/>
		<!--trimester-->
		<mark id="sSpan1507" xlink:href="#sTok681"/>
		<!--the-->
		<mark id="sSpan1508" xlink:href="#sTok683"/>
		<!--the-->
		<mark id="sSpan1509" xlink:href="#sTok683"/>
		<!--State-->
		<mark id="sSpan1510" xlink:href="#sTok684"/>
		<!--promoting-->
		<mark id="sSpan1511" xlink:href="#sTok687"/>
		<!--its-->
		<mark id="sSpan1512" xlink:href="#sTok688"/>
		<!--its-->
		<mark id="sSpan1513" xlink:href="#sTok688"/>
		<!--its-->
		<mark id="sSpan1514" xlink:href="#sTok688"/>
		<!--its-->
		<mark id="sSpan1515" xlink:href="#sTok688"/>
		<!--its-->
		<mark id="sSpan1516" xlink:href="#sTok688"/>
		<!--its-->
		<mark id="sSpan1517" xlink:href="#sTok688"/>
		<!--interest-->
		<mark id="sSpan1518" xlink:href="#sTok689"/>
		<!--the-->
		<mark id="sSpan1519" xlink:href="#sTok691"/>
		<!--the-->
		<mark id="sSpan1520" xlink:href="#sTok691"/>
		<!--health-->
		<mark id="sSpan1521" xlink:href="#sTok692"/>
		<!--the-->
		<mark id="sSpan1522" xlink:href="#sTok694"/>
		<!--the-->
		<mark id="sSpan1523" xlink:href="#sTok694"/>
		<!--mother-->
		<mark id="sSpan1524" xlink:href="#sTok695"/>
		<!--may-->
		<mark id="sSpan1525" xlink:href="#sTok697"/>
		<!--may-->
		<mark id="sSpan1526" xlink:href="#sTok697"/>
		<!--may-->
		<mark id="sSpan1527" xlink:href="#sTok697"/>
		<!--it-->
		<mark id="sSpan1528" xlink:href="#sTok700"/>
		<!--it-->
		<mark id="sSpan1529" xlink:href="#sTok700"/>
		<!--it-->
		<mark id="sSpan1530" xlink:href="#sTok700"/>
		<!--it-->
		<mark id="sSpan1531" xlink:href="#sTok700"/>
		<!--it-->
		<mark id="sSpan1532" xlink:href="#sTok700"/>
		<!--chooses-->
		<mark id="sSpan1533" xlink:href="#sTok701"/>
		<!--chooses-->
		<mark id="sSpan1534" xlink:href="#sTok701"/>
		<!--chooses-->
		<mark id="sSpan1535" xlink:href="#sTok701"/>
		<!--chooses-->
		<mark id="sSpan1536" xlink:href="#sTok701"/>
		<!--chooses-->
		<mark id="sSpan1537" xlink:href="#sTok701"/>
		<!--regulate-->
		<mark id="sSpan1538" xlink:href="#sTok703"/>
		<!--the-->
		<mark id="sSpan1539" xlink:href="#sTok704"/>
		<!--the-->
		<mark id="sSpan1540" xlink:href="#sTok704"/>
		<!--abortion-->
		<mark id="sSpan1541" xlink:href="#sTok705"/>
		<!--procedure-->
		<mark id="sSpan1542" xlink:href="#sTok706"/>
		<!--ways-->
		<mark id="sSpan1543" xlink:href="#sTok708"/>
		<!--that-->
		<mark id="sSpan1544" xlink:href="#sTok709"/>
		<!--are-->
		<mark id="sSpan1545" xlink:href="#sTok710"/>
		<!--are-->
		<mark id="sSpan1546" xlink:href="#sTok710"/>
		<!--are-->
		<mark id="sSpan1547" xlink:href="#sTok710"/>
		<!--are-->
		<mark id="sSpan1548" xlink:href="#sTok710"/>
		<!--are-->
		<mark id="sSpan1549" xlink:href="#sTok710"/>
		<!--reasonably-->
		<mark id="sSpan1550" xlink:href="#sTok711"/>
		<!--related-->
		<mark id="sSpan1551" xlink:href="#sTok712"/>
		<!--related-->
		<mark id="sSpan1552" xlink:href="#sTok712"/>
		<!--related-->
		<mark id="sSpan1553" xlink:href="#sTok712"/>
		<!--maternal-->
		<mark id="sSpan1554" xlink:href="#sTok714"/>
		<!--health-->
		<mark id="sSpan1555" xlink:href="#sTok715"/>
		<!--Pp.-->
		<mark id="sSpan1556" xlink:href="#sTok717"/>
		<!--163-->
		<mark id="sSpan1557" xlink:href="#sTok718"/>
		<!--163-->
		<mark id="sSpan1558" xlink:href="#sTok718"/>
		<!--164-->
		<mark id="sSpan1559" xlink:href="#sTok720"/>
		<!--164-->
		<mark id="sSpan1560" xlink:href="#sTok720"/>
		<!--the-->
		<mark id="sSpan1561" xlink:href="#sTok724"/>
		<!--the-->
		<mark id="sSpan1562" xlink:href="#sTok724"/>
		<!--stage-->
		<mark id="sSpan1563" xlink:href="#sTok725"/>
		<!--subsequent-->
		<mark id="sSpan1564" xlink:href="#sTok726"/>
		<!--viability-->
		<mark id="sSpan1565" xlink:href="#sTok728"/>
		<!--the-->
		<mark id="sSpan1566" xlink:href="#sTok729"/>
		<!--the-->
		<mark id="sSpan1567" xlink:href="#sTok729"/>
		<!--State-->
		<mark id="sSpan1568" xlink:href="#sTok730"/>
		<!--promoting-->
		<mark id="sSpan1569" xlink:href="#sTok733"/>
		<!--its-->
		<mark id="sSpan1570" xlink:href="#sTok734"/>
		<!--its-->
		<mark id="sSpan1571" xlink:href="#sTok734"/>
		<!--its-->
		<mark id="sSpan1572" xlink:href="#sTok734"/>
		<!--its-->
		<mark id="sSpan1573" xlink:href="#sTok734"/>
		<!--its-->
		<mark id="sSpan1574" xlink:href="#sTok734"/>
		<!--its-->
		<mark id="sSpan1575" xlink:href="#sTok734"/>
		<!--interest-->
		<mark id="sSpan1576" xlink:href="#sTok735"/>
		<!--the-->
		<mark id="sSpan1577" xlink:href="#sTok737"/>
		<!--the-->
		<mark id="sSpan1578" xlink:href="#sTok737"/>
		<!--potentiality-->
		<mark id="sSpan1579" xlink:href="#sTok738"/>
		<!--human-->
		<mark id="sSpan1580" xlink:href="#sTok740"/>
		<!--life-->
		<mark id="sSpan1581" xlink:href="#sTok741"/>
		<!--may-->
		<mark id="sSpan1582" xlink:href="#sTok743"/>
		<!--may-->
		<mark id="sSpan1583" xlink:href="#sTok743"/>
		<!--may-->
		<mark id="sSpan1584" xlink:href="#sTok743"/>
		<!--it-->
		<mark id="sSpan1585" xlink:href="#sTok746"/>
		<!--it-->
		<mark id="sSpan1586" xlink:href="#sTok746"/>
		<!--it-->
		<mark id="sSpan1587" xlink:href="#sTok746"/>
		<!--it-->
		<mark id="sSpan1588" xlink:href="#sTok746"/>
		<!--it-->
		<mark id="sSpan1589" xlink:href="#sTok746"/>
		<!--chooses-->
		<mark id="sSpan1590" xlink:href="#sTok747"/>
		<!--chooses-->
		<mark id="sSpan1591" xlink:href="#sTok747"/>
		<!--chooses-->
		<mark id="sSpan1592" xlink:href="#sTok747"/>
		<!--chooses-->
		<mark id="sSpan1593" xlink:href="#sTok747"/>
		<!--chooses-->
		<mark id="sSpan1594" xlink:href="#sTok747"/>
		<!--regulate-->
		<mark id="sSpan1595" xlink:href="#sTok749"/>
		<!--proscribe-->
		<mark id="sSpan1596" xlink:href="#sTok753"/>
		<!--abortion-->
		<mark id="sSpan1597" xlink:href="#sTok755"/>
		<!--where-->
		<mark id="sSpan1598" xlink:href="#sTok757"/>
		<!--necessary-->
		<mark id="sSpan1599" xlink:href="#sTok758"/>
		<!--appropriate-->
		<mark id="sSpan1600" xlink:href="#sTok761"/>
		<!--medical-->
		<mark id="sSpan1601" xlink:href="#sTok762"/>
		<!--judgment-->
		<mark id="sSpan1602" xlink:href="#sTok763"/>
		<!--the-->
		<mark id="sSpan1603" xlink:href="#sTok766"/>
		<!--the-->
		<mark id="sSpan1604" xlink:href="#sTok766"/>
		<!--preservation-->
		<mark id="sSpan1605" xlink:href="#sTok767"/>
		<!--the-->
		<mark id="sSpan1606" xlink:href="#sTok769"/>
		<!--the-->
		<mark id="sSpan1607" xlink:href="#sTok769"/>
		<!--life-->
		<mark id="sSpan1608" xlink:href="#sTok770"/>
		<!--health-->
		<mark id="sSpan1609" xlink:href="#sTok772"/>
		<!--the-->
		<mark id="sSpan1610" xlink:href="#sTok774"/>
		<!--the-->
		<mark id="sSpan1611" xlink:href="#sTok774"/>
		<!--mother-->
		<mark id="sSpan1612" xlink:href="#sTok775"/>
		<!--Pp.-->
		<mark id="sSpan1613" xlink:href="#sTok777"/>
		<!--163-->
		<mark id="sSpan1614" xlink:href="#sTok778"/>
		<!--163-->
		<mark id="sSpan1615" xlink:href="#sTok778"/>
		<!--164-->
		<mark id="sSpan1616" xlink:href="#sTok780"/>
		<!--164-->
		<mark id="sSpan1617" xlink:href="#sTok780"/>
		<!--164-->
		<mark id="sSpan1618" xlink:href="#sTok782"/>
		<!--164-->
		<mark id="sSpan1619" xlink:href="#sTok782"/>
		<!--165-->
		<mark id="sSpan1620" xlink:href="#sTok784"/>
		<!--165-->
		<mark id="sSpan1621" xlink:href="#sTok784"/>
		<!--The-->
		<mark id="sSpan1622" xlink:href="#sTok787"/>
		<!--The-->
		<mark id="sSpan1623" xlink:href="#sTok787"/>
		<!--State-->
		<mark id="sSpan1624" xlink:href="#sTok788"/>
		<!--may-->
		<mark id="sSpan1625" xlink:href="#sTok789"/>
		<!--may-->
		<mark id="sSpan1626" xlink:href="#sTok789"/>
		<!--may-->
		<mark id="sSpan1627" xlink:href="#sTok789"/>
		<!--define-->
		<mark id="sSpan1628" xlink:href="#sTok790"/>
		<!--the-->
		<mark id="sSpan1629" xlink:href="#sTok791"/>
		<!--the-->
		<mark id="sSpan1630" xlink:href="#sTok791"/>
		<!--term-->
		<mark id="sSpan1631" xlink:href="#sTok792"/>
		<!--physician-->
		<mark id="sSpan1632" xlink:href="#sTok794"/>
		<!--mean-->
		<mark id="sSpan1633" xlink:href="#sTok797"/>
		<!--a-->
		<mark id="sSpan1634" xlink:href="#sTok799"/>
		<!--a-->
		<mark id="sSpan1635" xlink:href="#sTok799"/>
		<!--physician-->
		<mark id="sSpan1636" xlink:href="#sTok800"/>
		<!--currently-->
		<mark id="sSpan1637" xlink:href="#sTok801"/>
		<!--licensed-->
		<mark id="sSpan1638" xlink:href="#sTok802"/>
		<!--licensed-->
		<mark id="sSpan1639" xlink:href="#sTok802"/>
		<!--licensed-->
		<mark id="sSpan1640" xlink:href="#sTok802"/>
		<!--the-->
		<mark id="sSpan1641" xlink:href="#sTok804"/>
		<!--the-->
		<mark id="sSpan1642" xlink:href="#sTok804"/>
		<!--State-->
		<mark id="sSpan1643" xlink:href="#sTok805"/>
		<!--may-->
		<mark id="sSpan1644" xlink:href="#sTok808"/>
		<!--proscribe-->
		<mark id="sSpan1645" xlink:href="#sTok809"/>
		<!--any-->
		<mark id="sSpan1646" xlink:href="#sTok810"/>
		<!--abortion-->
		<mark id="sSpan1647" xlink:href="#sTok811"/>
		<!--a-->
		<mark id="sSpan1648" xlink:href="#sTok813"/>
		<!--a-->
		<mark id="sSpan1649" xlink:href="#sTok813"/>
		<!--person-->
		<mark id="sSpan1650" xlink:href="#sTok814"/>
		<!--who-->
		<mark id="sSpan1651" xlink:href="#sTok815"/>
		<!--is-->
		<mark id="sSpan1652" xlink:href="#sTok816"/>
		<!--is-->
		<mark id="sSpan1653" xlink:href="#sTok816"/>
		<!--is-->
		<mark id="sSpan1654" xlink:href="#sTok816"/>
		<!--is-->
		<mark id="sSpan1655" xlink:href="#sTok816"/>
		<!--is-->
		<mark id="sSpan1656" xlink:href="#sTok816"/>
		<!--not-->
		<mark id="sSpan1657" xlink:href="#sTok817"/>
		<!--a-->
		<mark id="sSpan1658" xlink:href="#sTok818"/>
		<!--a-->
		<mark id="sSpan1659" xlink:href="#sTok818"/>
		<!--physician-->
		<mark id="sSpan1660" xlink:href="#sTok819"/>
		<!--defined-->
		<mark id="sSpan1661" xlink:href="#sTok822"/>
		<!--P.-->
		<mark id="sSpan1662" xlink:href="#sTok824"/>
		<!--165-->
		<mark id="sSpan1663" xlink:href="#sTok825"/>
		<!--165-->
		<mark id="sSpan1664" xlink:href="#sTok825"/>
		<!--It-->
		<mark id="sSpan1665" xlink:href="#sTok828"/>
		<!--It-->
		<mark id="sSpan1666" xlink:href="#sTok828"/>
		<!--It-->
		<mark id="sSpan1667" xlink:href="#sTok828"/>
		<!--It-->
		<mark id="sSpan1668" xlink:href="#sTok828"/>
		<!--It-->
		<mark id="sSpan1669" xlink:href="#sTok828"/>
		<!--is-->
		<mark id="sSpan1670" xlink:href="#sTok829"/>
		<!--is-->
		<mark id="sSpan1671" xlink:href="#sTok829"/>
		<!--is-->
		<mark id="sSpan1672" xlink:href="#sTok829"/>
		<!--is-->
		<mark id="sSpan1673" xlink:href="#sTok829"/>
		<!--is-->
		<mark id="sSpan1674" xlink:href="#sTok829"/>
		<!--unnecessary-->
		<mark id="sSpan1675" xlink:href="#sTok830"/>
		<!--unnecessary-->
		<mark id="sSpan1676" xlink:href="#sTok830"/>
		<!--decide-->
		<mark id="sSpan1677" xlink:href="#sTok832"/>
		<!--the-->
		<mark id="sSpan1678" xlink:href="#sTok833"/>
		<!--the-->
		<mark id="sSpan1679" xlink:href="#sTok833"/>
		<!--injunctive-->
		<mark id="sSpan1680" xlink:href="#sTok834"/>
		<!--relief-->
		<mark id="sSpan1681" xlink:href="#sTok835"/>
		<!--issue-->
		<mark id="sSpan1682" xlink:href="#sTok836"/>
		<!--the-->
		<mark id="sSpan1683" xlink:href="#sTok839"/>
		<!--the-->
		<mark id="sSpan1684" xlink:href="#sTok839"/>
		<!--Texas-->
		<mark id="sSpan1685" xlink:href="#sTok840"/>
		<!--authorities-->
		<mark id="sSpan1686" xlink:href="#sTok841"/>
		<!--will-->
		<mark id="sSpan1687" xlink:href="#sTok842"/>
		<!--will-->
		<mark id="sSpan1688" xlink:href="#sTok842"/>
		<!--will-->
		<mark id="sSpan1689" xlink:href="#sTok842"/>
		<!--doubtless-->
		<mark id="sSpan1690" xlink:href="#sTok843"/>
		<!--fully-->
		<mark id="sSpan1691" xlink:href="#sTok844"/>
		<!--recognize-->
		<mark id="sSpan1692" xlink:href="#sTok845"/>
		<!--the-->
		<mark id="sSpan1693" xlink:href="#sTok846"/>
		<!--the-->
		<mark id="sSpan1694" xlink:href="#sTok846"/>
		<!--Court-->
		<mark id="sSpan1695" xlink:href="#sTok847"/>
		<!--ruling-->
		<mark id="sSpan1696" xlink:href="#sTok849"/>
		<!--p115-->
		<mark id="sSpan1697" xlink:href="#sTok851"/>
		<!--the-->
		<mark id="sSpan1698" xlink:href="#sTok854"/>
		<!--the-->
		<mark id="sSpan1699" xlink:href="#sTok854"/>
		<!--Texas-->
		<mark id="sSpan1700" xlink:href="#sTok855"/>
		<!--criminal-->
		<mark id="sSpan1701" xlink:href="#sTok856"/>
		<!--abortion-->
		<mark id="sSpan1702" xlink:href="#sTok857"/>
		<!--statutes-->
		<mark id="sSpan1703" xlink:href="#sTok858"/>
		<!--are-->
		<mark id="sSpan1704" xlink:href="#sTok859"/>
		<!--are-->
		<mark id="sSpan1705" xlink:href="#sTok859"/>
		<!--are-->
		<mark id="sSpan1706" xlink:href="#sTok859"/>
		<!--are-->
		<mark id="sSpan1707" xlink:href="#sTok859"/>
		<!--are-->
		<mark id="sSpan1708" xlink:href="#sTok859"/>
		<!--unconstitutional-->
		<mark id="sSpan1709" xlink:href="#sTok860"/>
		<!--unconstitutional-->
		<mark id="sSpan1710" xlink:href="#sTok860"/>
		<!--P.-->
		<mark id="sSpan1711" xlink:href="#sTok862"/>
		<!--166-->
		<mark id="sSpan1712" xlink:href="#sTok863"/>
		<!--166-->
		<mark id="sSpan1713" xlink:href="#sTok863"/>
		<!--BLACKMUN-->
		<mark id="sSpan1714" xlink:href="#sTok865"/>
		<!--J.-->
		<mark id="sSpan1715" xlink:href="#sTok867"/>
		<!--delivered-->
		<mark id="sSpan1716" xlink:href="#sTok869"/>
		<!--delivered-->
		<mark id="sSpan1717" xlink:href="#sTok869"/>
		<!--delivered-->
		<mark id="sSpan1718" xlink:href="#sTok869"/>
		<!--delivered-->
		<mark id="sSpan1719" xlink:href="#sTok869"/>
		<!--delivered-->
		<mark id="sSpan1720" xlink:href="#sTok869"/>
		<!--the-->
		<mark id="sSpan1721" xlink:href="#sTok870"/>
		<!--the-->
		<mark id="sSpan1722" xlink:href="#sTok870"/>
		<!--opinion-->
		<mark id="sSpan1723" xlink:href="#sTok871"/>
		<!--the-->
		<mark id="sSpan1724" xlink:href="#sTok873"/>
		<!--the-->
		<mark id="sSpan1725" xlink:href="#sTok873"/>
		<!--Court-->
		<mark id="sSpan1726" xlink:href="#sTok874"/>
		<!--which-->
		<mark id="sSpan1727" xlink:href="#sTok877"/>
		<!--BURGER-->
		<mark id="sSpan1728" xlink:href="#sTok878"/>
		<!--C.J.-->
		<mark id="sSpan1729" xlink:href="#sTok880"/>
		<!--DOUGLAS-->
		<mark id="sSpan1730" xlink:href="#sTok883"/>
		<!--BRENNAN-->
		<mark id="sSpan1731" xlink:href="#sTok885"/>
		<!--STEWART-->
		<mark id="sSpan1732" xlink:href="#sTok887"/>
		<!--MARSHALL-->
		<mark id="sSpan1733" xlink:href="#sTok889"/>
		<!--POWELL-->
		<mark id="sSpan1734" xlink:href="#sTok892"/>
		<!--JJ.-->
		<mark id="sSpan1735" xlink:href="#sTok894"/>
		<!--joined-->
		<mark id="sSpan1736" xlink:href="#sTok896"/>
		<!--joined-->
		<mark id="sSpan1737" xlink:href="#sTok896"/>
		<!--joined-->
		<mark id="sSpan1738" xlink:href="#sTok896"/>
		<!--joined-->
		<mark id="sSpan1739" xlink:href="#sTok896"/>
		<!--joined-->
		<mark id="sSpan1740" xlink:href="#sTok896"/>
		<!--BURGER-->
		<mark id="sSpan1741" xlink:href="#sTok898"/>
		<!--C.J.-->
		<mark id="sSpan1742" xlink:href="#sTok900"/>
		<!--post-->
		<mark id="sSpan1743" xlink:href="#sTok902"/>
		<!--p.-->
		<mark id="sSpan1744" xlink:href="#sTok904"/>
		<!--p.-->
		<mark id="sSpan1745" xlink:href="#sTok904"/>
		<!--207-->
		<mark id="sSpan1746" xlink:href="#sTok905"/>
		<!--207-->
		<mark id="sSpan1747" xlink:href="#sTok905"/>
		<!--DOUGLAS-->
		<mark id="sSpan1748" xlink:href="#sTok907"/>
		<!--J.-->
		<mark id="sSpan1749" xlink:href="#sTok909"/>
		<!--post-->
		<mark id="sSpan1750" xlink:href="#sTok911"/>
		<!--p.-->
		<mark id="sSpan1751" xlink:href="#sTok913"/>
		<!--p.-->
		<mark id="sSpan1752" xlink:href="#sTok913"/>
		<!--209-->
		<mark id="sSpan1753" xlink:href="#sTok914"/>
		<!--209-->
		<mark id="sSpan1754" xlink:href="#sTok914"/>
		<!--STEWART-->
		<mark id="sSpan1755" xlink:href="#sTok917"/>
		<!--J.-->
		<mark id="sSpan1756" xlink:href="#sTok919"/>
		<!--post-->
		<mark id="sSpan1757" xlink:href="#sTok921"/>
		<!--p.-->
		<mark id="sSpan1758" xlink:href="#sTok923"/>
		<!--p.-->
		<mark id="sSpan1759" xlink:href="#sTok923"/>
		<!--167-->
		<mark id="sSpan1760" xlink:href="#sTok924"/>
		<!--167-->
		<mark id="sSpan1761" xlink:href="#sTok924"/>
		<!--filed-->
		<mark id="sSpan1762" xlink:href="#sTok926"/>
		<!--filed-->
		<mark id="sSpan1763" xlink:href="#sTok926"/>
		<!--filed-->
		<mark id="sSpan1764" xlink:href="#sTok926"/>
		<!--filed-->
		<mark id="sSpan1765" xlink:href="#sTok926"/>
		<!--filed-->
		<mark id="sSpan1766" xlink:href="#sTok926"/>
		<!--concurring-->
		<mark id="sSpan1767" xlink:href="#sTok927"/>
		<!--opinions-->
		<mark id="sSpan1768" xlink:href="#sTok928"/>
		<!--WHITE-->
		<mark id="sSpan1769" xlink:href="#sTok930"/>
		<!--J.-->
		<mark id="sSpan1770" xlink:href="#sTok932"/>
		<!--filed-->
		<mark id="sSpan1771" xlink:href="#sTok934"/>
		<!--filed-->
		<mark id="sSpan1772" xlink:href="#sTok934"/>
		<!--filed-->
		<mark id="sSpan1773" xlink:href="#sTok934"/>
		<!--filed-->
		<mark id="sSpan1774" xlink:href="#sTok934"/>
		<!--filed-->
		<mark id="sSpan1775" xlink:href="#sTok934"/>
		<!--a-->
		<mark id="sSpan1776" xlink:href="#sTok935"/>
		<!--a-->
		<mark id="sSpan1777" xlink:href="#sTok935"/>
		<!--dissenting-->
		<mark id="sSpan1778" xlink:href="#sTok936"/>
		<!--opinion-->
		<mark id="sSpan1779" xlink:href="#sTok937"/>
		<!--which-->
		<mark id="sSpan1780" xlink:href="#sTok940"/>
		<!--REHNQUIST-->
		<mark id="sSpan1781" xlink:href="#sTok941"/>
		<!--J.-->
		<mark id="sSpan1782" xlink:href="#sTok943"/>
		<!--joined-->
		<mark id="sSpan1783" xlink:href="#sTok945"/>
		<!--joined-->
		<mark id="sSpan1784" xlink:href="#sTok945"/>
		<!--joined-->
		<mark id="sSpan1785" xlink:href="#sTok945"/>
		<!--joined-->
		<mark id="sSpan1786" xlink:href="#sTok945"/>
		<!--joined-->
		<mark id="sSpan1787" xlink:href="#sTok945"/>
		<!--post-->
		<mark id="sSpan1788" xlink:href="#sTok947"/>
		<!--p.-->
		<mark id="sSpan1789" xlink:href="#sTok949"/>
		<!--p.-->
		<mark id="sSpan1790" xlink:href="#sTok949"/>
		<!--221-->
		<mark id="sSpan1791" xlink:href="#sTok950"/>
		<!--221-->
		<mark id="sSpan1792" xlink:href="#sTok950"/>
		<!--REHNQUIST-->
		<mark id="sSpan1793" xlink:href="#sTok952"/>
		<!--J.-->
		<mark id="sSpan1794" xlink:href="#sTok954"/>
		<!--filed-->
		<mark id="sSpan1795" xlink:href="#sTok956"/>
		<!--filed-->
		<mark id="sSpan1796" xlink:href="#sTok956"/>
		<!--filed-->
		<mark id="sSpan1797" xlink:href="#sTok956"/>
		<!--filed-->
		<mark id="sSpan1798" xlink:href="#sTok956"/>
		<!--filed-->
		<mark id="sSpan1799" xlink:href="#sTok956"/>
		<!--a-->
		<mark id="sSpan1800" xlink:href="#sTok957"/>
		<!--a-->
		<mark id="sSpan1801" xlink:href="#sTok957"/>
		<!--dissenting-->
		<mark id="sSpan1802" xlink:href="#sTok958"/>
		<!--opinion-->
		<mark id="sSpan1803" xlink:href="#sTok959"/>
		<!--post-->
		<mark id="sSpan1804" xlink:href="#sTok961"/>
		<!--p.-->
		<mark id="sSpan1805" xlink:href="#sTok963"/>
		<!--p.-->
		<mark id="sSpan1806" xlink:href="#sTok963"/>
		<!--171-->
		<mark id="sSpan1807" xlink:href="#sTok964"/>
		<!--171-->
		<mark id="sSpan1808" xlink:href="#sTok964"/>
		<!--p-->
		<mark id="sSpan1809" xlink:href="#sTok967"/>
		<!--p-->
		<mark id="sSpan1810" xlink:href="#sTok967"/>
		<!--116-->
		<mark id="sSpan1811" xlink:href="#sTok968"/>
		<!--116-->
		<mark id="sSpan1812" xlink:href="#sTok968"/></markList></paula>