<?xml version='1.0' encoding='UTF-8'?><!DOCTYPE paula SYSTEM "paula_feat.dtd">
<paula version="1.1">
	<header paula_id="morph.GENTLE_legal_abortion.mark_Case"/>
	<featList xmlns:xlink="http://www.w3.org/1999/xlink" type="Case" xml:base="morph.GENTLE_legal_abortion.mark.xml">
		<feat xlink:href="#sSpan842" value="Acc"/>
		<feat xlink:href="#sSpan917" value="Gen"/>
		<feat xlink:href="#sSpan1133" value="Gen"/>
		<feat xlink:href="#sSpan1242" value="Acc"/>
		<feat xlink:href="#sSpan1266" value="Nom"/>
		<feat xlink:href="#sSpan1323" value="Gen"/>
		<feat xlink:href="#sSpan1370" value="Gen"/>
		<feat xlink:href="#sSpan1391" value="Nom"/>
		<feat xlink:href="#sSpan1460" value="Gen"/>
		<feat xlink:href="#sSpan1502" value="Gen"/>
		<feat xlink:href="#sSpan1520" value="Nom"/>
		<feat xlink:href="#sSpan1562" value="Gen"/>
		<feat xlink:href="#sSpan1573" value="Nom"/>
		<feat xlink:href="#sSpan1654" value="Nom"/></featList></paula>