<?xml version='1.0' encoding='UTF-8'?><!DOCTYPE paula SYSTEM "paula_feat.dtd">
<paula version="1.1">
	<header paula_id="bridge.GENTLE_dictionary_trust.bridge_type"/>
	<featList xmlns:xlink="http://www.w3.org/1999/xlink" type="type" xml:base="bridge.GENTLE_dictionary_trust.bridge.xml">
		<feat xlink:href="#sPointingRel1118_9205" value="bridge:def"/>
		<feat xlink:href="#sPointingRel1120_9206" value="bridge:def"/>
		<feat xlink:href="#sPointingRel1122_9207" value="bridge:other"/>
		<feat xlink:href="#sPointingRel1124" value="bridge:def"/>
		<feat xlink:href="#sPointingRel1126" value="bridge:other"/></featList></paula>