<?xml version='1.0' encoding='UTF-8'?><!DOCTYPE paula SYSTEM "paula_feat.dtd">
<paula version="1.1">
	<header paula_id="const.GENTLE_dictionary_trust.struct_cat"/>
	<featList xmlns:xlink="http://www.w3.org/1999/xlink" type="cat" xml:base="const.GENTLE_dictionary_trust.struct.xml">
		<feat xlink:href="#structure1" value="NP"/>
		<feat xlink:href="#structure2" value="ROOT"/>
		<feat xlink:href="#structure3" value="NP"/>
		<feat xlink:href="#structure4" value="ROOT"/>
		<feat xlink:href="#structure5" value="NP"/>
		<feat xlink:href="#structure6" value="ROOT"/>
		<feat xlink:href="#structure7" value="NP"/>
		<feat xlink:href="#structure8" value="PRN"/>
		<feat xlink:href="#structure9" value="NP"/>
		<feat xlink:href="#structure10" value="PP"/>
		<feat xlink:href="#structure11" value="ROOT"/>
		<feat xlink:href="#structure12" value="ADVP"/>
		<feat xlink:href="#structure13" value="NP"/>
		<feat xlink:href="#structure14" value="NP"/>
		<feat xlink:href="#structure15" value="NP"/>
		<feat xlink:href="#structure16" value="PRN"/>
		<feat xlink:href="#structure17" value="NP"/>
		<feat xlink:href="#structure18" value="NP"/>
		<feat xlink:href="#structure19" value="ADJP"/>
		<feat xlink:href="#structure20" value="NP"/>
		<feat xlink:href="#structure21" value="PP"/>
		<feat xlink:href="#structure22" value="NP"/>
		<feat xlink:href="#structure23" value="NP"/>
		<feat xlink:href="#structure24" value="PP"/>
		<feat xlink:href="#structure25" value="NP"/>
		<feat xlink:href="#structure26" value="S"/>
		<feat xlink:href="#structure27" value="VP"/>
		<feat xlink:href="#structure28" value="S"/>
		<feat xlink:href="#structure29" value="NP"/>
		<feat xlink:href="#structure30" value="ADJP"/>
		<feat xlink:href="#structure31" value="VP"/>
		<feat xlink:href="#structure32" value="S"/>
		<feat xlink:href="#structure33" value="ADVP"/>
		<feat xlink:href="#structure34" value="NP"/>
		<feat xlink:href="#structure35" value="NP"/>
		<feat xlink:href="#structure36" value="WHNP"/>
		<feat xlink:href="#structure37" value="FRAG"/>
		<feat xlink:href="#structure38" value="NP"/>
		<feat xlink:href="#structure39" value="PP"/>
		<feat xlink:href="#structure40" value="ADJP"/>
		<feat xlink:href="#structure41" value="UCP"/>
		<feat xlink:href="#structure42" value="NP"/>
		<feat xlink:href="#structure43" value="NP"/>
		<feat xlink:href="#structure44" value="ADVP"/>
		<feat xlink:href="#structure45" value="ADJP"/>
		<feat xlink:href="#structure46" value="NP"/>
		<feat xlink:href="#structure47" value="NP"/>
		<feat xlink:href="#structure48" value="PRN"/>
		<feat xlink:href="#structure49" value="NP"/>
		<feat xlink:href="#structure50" value="PP"/>
		<feat xlink:href="#structure51" value="VP"/>
		<feat xlink:href="#structure52" value="NP"/>
		<feat xlink:href="#structure53" value="PP"/>
		<feat xlink:href="#structure54" value="NP"/>
		<feat xlink:href="#structure55" value="PP"/>
		<feat xlink:href="#structure56" value="NP"/>
		<feat xlink:href="#structure57" value="S"/>
		<feat xlink:href="#structure58" value="VP"/>
		<feat xlink:href="#structure59" value="VP"/>
		<feat xlink:href="#structure60" value="S"/>
		<feat xlink:href="#structure61" value="S"/>
		<feat xlink:href="#structure62" value="ROOT"/>
		<feat xlink:href="#structure63" value="ADVP"/>
		<feat xlink:href="#structure64" value="NP"/>
		<feat xlink:href="#structure65" value="NP"/>
		<feat xlink:href="#structure66" value="ADJP"/>
		<feat xlink:href="#structure67" value="VP"/>
		<feat xlink:href="#structure68" value="S"/>
		<feat xlink:href="#structure69" value="PRN"/>
		<feat xlink:href="#structure70" value="FRAG"/>
		<feat xlink:href="#structure71" value="ROOT"/>
		<feat xlink:href="#structure72" value="NP"/>
		<feat xlink:href="#structure73" value="PRN"/>
		<feat xlink:href="#structure74" value="NP"/>
		<feat xlink:href="#structure75" value="NP"/>
		<feat xlink:href="#structure76" value="PRN"/>
		<feat xlink:href="#structure77" value="NP"/>
		<feat xlink:href="#structure78" value="NP"/>
		<feat xlink:href="#structure79" value="PRN"/>
		<feat xlink:href="#structure80" value="NP"/>
		<feat xlink:href="#structure81" value="NP"/>
		<feat xlink:href="#structure82" value="PRN"/>
		<feat xlink:href="#structure83" value="NP"/>
		<feat xlink:href="#structure84" value="NP"/>
		<feat xlink:href="#structure85" value="NP"/>
		<feat xlink:href="#structure86" value="PRN"/>
		<feat xlink:href="#structure87" value="NP"/>
		<feat xlink:href="#structure88" value="NP"/>
		<feat xlink:href="#structure89" value="NP"/>
		<feat xlink:href="#structure90" value="NP"/>
		<feat xlink:href="#structure91" value="NP"/>
		<feat xlink:href="#structure92" value="PRN"/>
		<feat xlink:href="#structure93" value="NP"/>
		<feat xlink:href="#structure94" value="NP"/>
		<feat xlink:href="#structure95" value="PP"/>
		<feat xlink:href="#structure96" value="S"/>
		<feat xlink:href="#structure97" value="ROOT"/>
		<feat xlink:href="#structure98" value="NP"/>
		<feat xlink:href="#structure99" value="NP"/>
		<feat xlink:href="#structure100" value="PP"/>
		<feat xlink:href="#structure101" value="NP"/>
		<feat xlink:href="#structure102" value="ROOT"/>
		<feat xlink:href="#structure103" value="NP"/>
		<feat xlink:href="#structure104" value="NP"/>
		<feat xlink:href="#structure105" value="PP"/>
		<feat xlink:href="#structure106" value="FRAG"/>
		<feat xlink:href="#structure107" value="ROOT"/>
		<feat xlink:href="#structure108" value="NP"/>
		<feat xlink:href="#structure109" value="ROOT"/>
		<feat xlink:href="#structure110" value="NP"/>
		<feat xlink:href="#structure111" value="NP"/>
		<feat xlink:href="#structure112" value="NP"/>
		<feat xlink:href="#structure113" value="NP"/>
		<feat xlink:href="#structure114" value="PRN"/>
		<feat xlink:href="#structure115" value="NP"/>
		<feat xlink:href="#structure116" value="NP"/>
		<feat xlink:href="#structure117" value="NP"/>
		<feat xlink:href="#structure118" value="NP"/>
		<feat xlink:href="#structure119" value="ROOT"/>
		<feat xlink:href="#structure120" value="NP"/>
		<feat xlink:href="#structure121" value="PRN"/>
		<feat xlink:href="#structure122" value="NP"/>
		<feat xlink:href="#structure123" value="NP"/>
		<feat xlink:href="#structure124" value="PRN"/>
		<feat xlink:href="#structure125" value="PRN"/>
		<feat xlink:href="#structure126" value="NP"/>
		<feat xlink:href="#structure127" value="NP"/>
		<feat xlink:href="#structure128" value="ROOT"/>
		<feat xlink:href="#structure129" value="NP"/>
		<feat xlink:href="#structure130" value="NP"/>
		<feat xlink:href="#structure131" value="PRN"/>
		<feat xlink:href="#structure132" value="NP"/>
		<feat xlink:href="#structure133" value="ROOT"/>
		<feat xlink:href="#structure134" value="NP"/>
		<feat xlink:href="#structure135" value="INTJ"/>
		<feat xlink:href="#structure136" value="NP"/>
		<feat xlink:href="#structure137" value="ROOT"/>
		<feat xlink:href="#structure138" value="NP"/>
		<feat xlink:href="#structure139" value="ROOT"/>
		<feat xlink:href="#structure140" value="NP"/>
		<feat xlink:href="#structure141" value="ADJP"/>
		<feat xlink:href="#structure142" value="NP"/>
		<feat xlink:href="#structure143" value="PRN"/>
		<feat xlink:href="#structure144" value="NP"/>
		<feat xlink:href="#structure145" value="ROOT"/>
		<feat xlink:href="#structure146" value="NP"/>
		<feat xlink:href="#structure147" value="PP"/>
		<feat xlink:href="#structure148" value="NP"/>
		<feat xlink:href="#structure149" value="NP"/>
		<feat xlink:href="#structure150" value="PP"/>
		<feat xlink:href="#structure151" value="NP"/>
		<feat xlink:href="#structure152" value="NP"/>
		<feat xlink:href="#structure153" value="NP"/>
		<feat xlink:href="#structure154" value="ROOT"/>
		<feat xlink:href="#structure155" value="NP"/>
		<feat xlink:href="#structure156" value="NP"/>
		<feat xlink:href="#structure157" value="VP"/>
		<feat xlink:href="#structure158" value="VP"/>
		<feat xlink:href="#structure159" value="S"/>
		<feat xlink:href="#structure160" value="NP"/>
		<feat xlink:href="#structure161" value="ADVP"/>
		<feat xlink:href="#structure162" value="NP"/>
		<feat xlink:href="#structure163" value="PRT"/>
		<feat xlink:href="#structure164" value="VP"/>
		<feat xlink:href="#structure165" value="VP"/>
		<feat xlink:href="#structure166" value="S"/>
		<feat xlink:href="#structure167" value="VP"/>
		<feat xlink:href="#structure168" value="VP"/>
		<feat xlink:href="#structure169" value="S"/>
		<feat xlink:href="#structure170" value="SBAR"/>
		<feat xlink:href="#structure171" value="VP"/>
		<feat xlink:href="#structure172" value="S"/>
		<feat xlink:href="#structure173" value="ROOT"/>
		<feat xlink:href="#structure174" value="NP"/>
		<feat xlink:href="#structure175" value="NP"/>
		<feat xlink:href="#structure176" value="PP"/>
		<feat xlink:href="#structure177" value="NP"/>
		<feat xlink:href="#structure178" value="VP"/>
		<feat xlink:href="#structure179" value="VP"/>
		<feat xlink:href="#structure180" value="S"/>
		<feat xlink:href="#structure181" value="ROOT"/>
		<feat xlink:href="#structure182" value="PRT"/>
		<feat xlink:href="#structure183" value="NP"/>
		<feat xlink:href="#structure184" value="VP"/>
		<feat xlink:href="#structure185" value="S"/>
		<feat xlink:href="#structure186" value="ROOT"/>
		<feat xlink:href="#structure187" value="NP"/>
		<feat xlink:href="#structure188" value="NP"/>
		<feat xlink:href="#structure189" value="PP"/>
		<feat xlink:href="#structure190" value="VP"/>
		<feat xlink:href="#structure191" value="NP"/>
		<feat xlink:href="#structure192" value="ROOT"/>
		<feat xlink:href="#structure193" value="NP"/>
		<feat xlink:href="#structure194" value="NP"/>
		<feat xlink:href="#structure195" value="NP"/>
		<feat xlink:href="#structure196" value="PP"/>
		<feat xlink:href="#structure197" value="NP"/>
		<feat xlink:href="#structure198" value="PP"/>
		<feat xlink:href="#structure199" value="NP"/>
		<feat xlink:href="#structure200" value="NP"/>
		<feat xlink:href="#structure201" value="NP"/>
		<feat xlink:href="#structure202" value="ROOT"/>
		<feat xlink:href="#structure203" value="NP"/>
		<feat xlink:href="#structure204" value="NP"/>
		<feat xlink:href="#structure205" value="NP"/>
		<feat xlink:href="#structure206" value="VP"/>
		<feat xlink:href="#structure207" value="NP"/>
		<feat xlink:href="#structure208" value="PP"/>
		<feat xlink:href="#structure209" value="NP"/>
		<feat xlink:href="#structure210" value="PP"/>
		<feat xlink:href="#structure211" value="NP"/>
		<feat xlink:href="#structure212" value="NP"/>
		<feat xlink:href="#structure213" value="NP"/>
		<feat xlink:href="#structure214" value="ROOT"/>
		<feat xlink:href="#structure215" value="NP"/>
		<feat xlink:href="#structure216" value="NP"/>
		<feat xlink:href="#structure217" value="PP"/>
		<feat xlink:href="#structure218" value="PP"/>
		<feat xlink:href="#structure219" value="VP"/>
		<feat xlink:href="#structure220" value="S"/>
		<feat xlink:href="#structure221" value="NP"/>
		<feat xlink:href="#structure222" value="NP"/>
		<feat xlink:href="#structure223" value="NP"/>
		<feat xlink:href="#structure224" value="NP"/>
		<feat xlink:href="#structure225" value="PP"/>
		<feat xlink:href="#structure226" value="VP"/>
		<feat xlink:href="#structure227" value="S"/>
		<feat xlink:href="#structure228" value="VP"/>
		<feat xlink:href="#structure229" value="S"/>
		<feat xlink:href="#structure230" value="S"/>
		<feat xlink:href="#structure231" value="ROOT"/>
		<feat xlink:href="#structure232" value="NP"/>
		<feat xlink:href="#structure233" value="NP"/>
		<feat xlink:href="#structure234" value="VP"/>
		<feat xlink:href="#structure235" value="VP"/>
		<feat xlink:href="#structure236" value="S"/>
		<feat xlink:href="#structure237" value="SBAR"/>
		<feat xlink:href="#structure238" value="NP"/>
		<feat xlink:href="#structure239" value="NP"/>
		<feat xlink:href="#structure240" value="NP"/>
		<feat xlink:href="#structure241" value="PP"/>
		<feat xlink:href="#structure242" value="VP"/>
		<feat xlink:href="#structure243" value="NP"/>
		<feat xlink:href="#structure244" value="NP"/>
		<feat xlink:href="#structure245" value="NP"/>
		<feat xlink:href="#structure246" value="ROOT"/>
		<feat xlink:href="#structure247" value="NP"/>
		<feat xlink:href="#structure248" value="WHNP"/>
		<feat xlink:href="#structure249" value="WHPP"/>
		<feat xlink:href="#structure250" value="NP"/>
		<feat xlink:href="#structure251" value="VP"/>
		<feat xlink:href="#structure252" value="VP"/>
		<feat xlink:href="#structure253" value="S"/>
		<feat xlink:href="#structure254" value="SBAR"/>
		<feat xlink:href="#structure255" value="NP"/>
		<feat xlink:href="#structure256" value="NP"/>
		<feat xlink:href="#structure257" value="NP"/>
		<feat xlink:href="#structure258" value="PP"/>
		<feat xlink:href="#structure259" value="NP"/>
		<feat xlink:href="#structure260" value="NP"/>
		<feat xlink:href="#structure261" value="NP"/>
		<feat xlink:href="#structure262" value="ROOT"/>
		<feat xlink:href="#structure263" value="ADJP"/>
		<feat xlink:href="#structure264" value="PRN"/>
		<feat xlink:href="#structure265" value="ROOT"/>
		<feat xlink:href="#structure266" value="NP"/>
		<feat xlink:href="#structure267" value="ROOT"/>
		<feat xlink:href="#structure268" value="NP"/>
		<feat xlink:href="#structure269" value="NP"/>
		<feat xlink:href="#structure270" value="WHNP"/>
		<feat xlink:href="#structure271" value="WHPP"/>
		<feat xlink:href="#structure272" value="NP"/>
		<feat xlink:href="#structure273" value="VP"/>
		<feat xlink:href="#structure274" value="VP"/>
		<feat xlink:href="#structure275" value="S"/>
		<feat xlink:href="#structure276" value="SBAR"/>
		<feat xlink:href="#structure277" value="NP"/>
		<feat xlink:href="#structure278" value="PP"/>
		<feat xlink:href="#structure279" value="NP"/>
		<feat xlink:href="#structure280" value="NP"/>
		<feat xlink:href="#structure281" value="NP"/>
		<feat xlink:href="#structure282" value="ROOT"/>
		<feat xlink:href="#structure283" value="NP"/>
		<feat xlink:href="#structure284" value="ROOT"/>
		<feat xlink:href="#structure285" value="NP"/>
		<feat xlink:href="#structure286" value="NP"/>
		<feat xlink:href="#structure287" value="NP"/>
		<feat xlink:href="#structure288" value="NP"/>
		<feat xlink:href="#structure289" value="NP"/>
		<feat xlink:href="#structure290" value="NP"/>
		<feat xlink:href="#structure291" value="NP"/>
		<feat xlink:href="#structure292" value="PP"/>
		<feat xlink:href="#structure293" value="NP"/>
		<feat xlink:href="#structure294" value="PP"/>
		<feat xlink:href="#structure295" value="VP"/>
		<feat xlink:href="#structure296" value="VP"/>
		<feat xlink:href="#structure297" value="S"/>
		<feat xlink:href="#structure298" value="SBAR"/>
		<feat xlink:href="#structure299" value="NP"/>
		<feat xlink:href="#structure300" value="PP"/>
		<feat xlink:href="#structure301" value="NP"/>
		<feat xlink:href="#structure302" value="VP"/>
		<feat xlink:href="#structure303" value="S"/>
		<feat xlink:href="#structure304" value="SBAR"/>
		<feat xlink:href="#structure305" value="NP"/>
		<feat xlink:href="#structure306" value="PP"/>
		<feat xlink:href="#structure307" value="VP"/>
		<feat xlink:href="#structure308" value="NP"/>
		<feat xlink:href="#structure309" value="ROOT"/>
		<feat xlink:href="#structure310" value="NP"/>
		<feat xlink:href="#structure311" value="NP"/>
		<feat xlink:href="#structure312" value="NP"/>
		<feat xlink:href="#structure313" value="NP"/>
		<feat xlink:href="#structure314" value="PP"/>
		<feat xlink:href="#structure315" value="VP"/>
		<feat xlink:href="#structure316" value="S"/>
		<feat xlink:href="#structure317" value="ROOT"/>
		<feat xlink:href="#structure318" value="NP"/>
		<feat xlink:href="#structure319" value="ROOT"/>
		<feat xlink:href="#structure320" value="NP"/>
		<feat xlink:href="#structure321" value="WHADVP"/>
		<feat xlink:href="#structure322" value="NP"/>
		<feat xlink:href="#structure323" value="NP"/>
		<feat xlink:href="#structure324" value="NP"/>
		<feat xlink:href="#structure325" value="PRN"/>
		<feat xlink:href="#structure326" value="NP"/>
		<feat xlink:href="#structure327" value="PP"/>
		<feat xlink:href="#structure328" value="VP"/>
		<feat xlink:href="#structure329" value="VP"/>
		<feat xlink:href="#structure330" value="VP"/>
		<feat xlink:href="#structure331" value="S"/>
		<feat xlink:href="#structure332" value="NP"/>
		<feat xlink:href="#structure333" value="NP"/>
		<feat xlink:href="#structure334" value="PP"/>
		<feat xlink:href="#structure335" value="NP"/>
		<feat xlink:href="#structure336" value="PP"/>
		<feat xlink:href="#structure337" value="VP"/>
		<feat xlink:href="#structure338" value="ADVP"/>
		<feat xlink:href="#structure339" value="PP"/>
		<feat xlink:href="#structure340" value="VP"/>
		<feat xlink:href="#structure341" value="NP"/>
		<feat xlink:href="#structure342" value="VP"/>
		<feat xlink:href="#structure343" value="VP"/>
		<feat xlink:href="#structure344" value="VP"/>
		<feat xlink:href="#structure345" value="S"/>
		<feat xlink:href="#structure346" value="SBAR"/>
		<feat xlink:href="#structure347" value="NP"/>
		<feat xlink:href="#structure348" value="PP"/>
		<feat xlink:href="#structure349" value="VP"/>
		<feat xlink:href="#structure350" value="VP"/>
		<feat xlink:href="#structure351" value="S"/>
		<feat xlink:href="#structure352" value="SBAR"/>
		<feat xlink:href="#structure353" value="NP"/>
		<feat xlink:href="#structure354" value="NP"/>
		<feat xlink:href="#structure355" value="PP"/>
		<feat xlink:href="#structure356" value="NP"/>
		<feat xlink:href="#structure357" value="NP"/>
		<feat xlink:href="#structure358" value="PP"/>
		<feat xlink:href="#structure359" value="WHADVP"/>
		<feat xlink:href="#structure360" value="NP"/>
		<feat xlink:href="#structure361" value="NP"/>
		<feat xlink:href="#structure362" value="VP"/>
		<feat xlink:href="#structure363" value="S"/>
		<feat xlink:href="#structure364" value="SBAR"/>
		<feat xlink:href="#structure365" value="VP"/>
		<feat xlink:href="#structure366" value="VP"/>
		<feat xlink:href="#structure367" value="VP"/>
		<feat xlink:href="#structure368" value="S"/>
		<feat xlink:href="#structure369" value="SBAR"/>
		<feat xlink:href="#structure370" value="NP"/>
		<feat xlink:href="#structure371" value="FRAG"/>
		<feat xlink:href="#structure372" value="NP"/>
		<feat xlink:href="#structure373" value="ROOT"/>
		<feat xlink:href="#structure374" value="NP"/>
		<feat xlink:href="#structure375" value="NP"/>
		<feat xlink:href="#structure376" value="PP"/>
		<feat xlink:href="#structure377" value="NP"/>
		<feat xlink:href="#structure378" value="PP"/>
		<feat xlink:href="#structure379" value="NP"/>
		<feat xlink:href="#structure380" value="VP"/>
		<feat xlink:href="#structure381" value="VP"/>
		<feat xlink:href="#structure382" value="S"/>
		<feat xlink:href="#structure383" value="VP"/>
		<feat xlink:href="#structure384" value="NP"/>
		<feat xlink:href="#structure385" value="NP"/>
		<feat xlink:href="#structure386" value="PP"/>
		<feat xlink:href="#structure387" value="NP"/>
		<feat xlink:href="#structure388" value="PP"/>
		<feat xlink:href="#structure389" value="VP"/>
		<feat xlink:href="#structure390" value="VP"/>
		<feat xlink:href="#structure391" value="NP"/>
		<feat xlink:href="#structure392" value="ROOT"/>
		<feat xlink:href="#structure393" value="NP"/>
		<feat xlink:href="#structure394" value="ROOT"/>
		<feat xlink:href="#structure395" value="NP"/>
		<feat xlink:href="#structure396" value="NP"/>
		<feat xlink:href="#structure397" value="NP"/>
		<feat xlink:href="#structure398" value="NP"/>
		<feat xlink:href="#structure399" value="PP"/>
		<feat xlink:href="#structure400" value="NP"/>
		<feat xlink:href="#structure401" value="PP"/>
		<feat xlink:href="#structure402" value="NP"/>
		<feat xlink:href="#structure403" value="PP"/>
		<feat xlink:href="#structure404" value="NP"/>
		<feat xlink:href="#structure405" value="ROOT"/>
		<feat xlink:href="#structure406" value="NP"/>
		<feat xlink:href="#structure407" value="ROOT"/>
		<feat xlink:href="#structure408" value="NP"/>
		<feat xlink:href="#structure409" value="NP"/>
		<feat xlink:href="#structure410" value="PP"/>
		<feat xlink:href="#structure411" value="NP"/>
		<feat xlink:href="#structure412" value="NP"/>
		<feat xlink:href="#structure413" value="NP"/>
		<feat xlink:href="#structure414" value="ROOT"/>
		<feat xlink:href="#structure415" value="PRN"/>
		<feat xlink:href="#structure416" value="NP"/>
		<feat xlink:href="#structure417" value="NP"/>
		<feat xlink:href="#structure418" value="ROOT"/>
		<feat xlink:href="#structure419" value="NP"/>
		<feat xlink:href="#structure420" value="ROOT"/>
		<feat xlink:href="#structure421" value="NP"/>
		<feat xlink:href="#structure422" value="ROOT"/>
		<feat xlink:href="#structure423" value="NP"/>
		<feat xlink:href="#structure424" value="ROOT"/>
		<feat xlink:href="#structure425" value="NP"/>
		<feat xlink:href="#structure426" value="ROOT"/>
		<feat xlink:href="#structure427" value="NP"/>
		<feat xlink:href="#structure428" value="ROOT"/>
		<feat xlink:href="#structure429" value="NP"/>
		<feat xlink:href="#structure430" value="ROOT"/>
		<feat xlink:href="#structure431" value="NP"/>
		<feat xlink:href="#structure432" value="ADJP"/>
		<feat xlink:href="#structure433" value="S"/>
		<feat xlink:href="#structure434" value="NP"/>
		<feat xlink:href="#structure435" value="VP"/>
		<feat xlink:href="#structure436" value="NP"/>
		<feat xlink:href="#structure437" value="VP"/>
		<feat xlink:href="#structure438" value="S"/>
		<feat xlink:href="#structure439" value="S"/>
		<feat xlink:href="#structure440" value="PRN"/>
		<feat xlink:href="#structure441" value="NP"/>
		<feat xlink:href="#structure442" value="ROOT"/>
		<feat xlink:href="#structure443" value="PRN"/>
		<feat xlink:href="#structure444" value="ROOT"/>
		<feat xlink:href="#structure445" value="NP"/>
		<feat xlink:href="#structure446" value="PP"/>
		<feat xlink:href="#structure447" value="VP"/>
		<feat xlink:href="#structure448" value="VP"/>
		<feat xlink:href="#structure449" value="PP"/>
		<feat xlink:href="#structure450" value="VP"/>
		<feat xlink:href="#structure451" value="VP"/>
		<feat xlink:href="#structure452" value="PP"/>
		<feat xlink:href="#structure453" value="VP"/>
		<feat xlink:href="#structure454" value="VP"/>
		<feat xlink:href="#structure455" value="FRAG"/>
		<feat xlink:href="#structure456" value="ROOT"/>
		<feat xlink:href="#structure457" value="NP"/>
		<feat xlink:href="#structure458" value="NP"/>
		<feat xlink:href="#structure459" value="NP"/>
		<feat xlink:href="#structure460" value="NP"/>
		<feat xlink:href="#structure461" value="VP"/>
		<feat xlink:href="#structure462" value="S"/>
		<feat xlink:href="#structure463" value="SBAR"/>
		<feat xlink:href="#structure464" value="NP"/>
		<feat xlink:href="#structure465" value="VP"/>
		<feat xlink:href="#structure466" value="VP"/>
		<feat xlink:href="#structure467" value="S"/>
		<feat xlink:href="#structure468" value="ROOT"/>
		<feat xlink:href="#structure469" value="ADJP"/>
		<feat xlink:href="#structure470" value="ADVP"/>
		<feat xlink:href="#structure471" value="PP"/>
		<feat xlink:href="#structure472" value="PRN"/>
		<feat xlink:href="#structure473" value="ROOT"/>
		<feat xlink:href="#structure474" value="NP"/>
		<feat xlink:href="#structure475" value="PP"/>
		<feat xlink:href="#structure476" value="VP"/>
		<feat xlink:href="#structure477" value="VP"/>
		<feat xlink:href="#structure478" value="PP"/>
		<feat xlink:href="#structure479" value="NP"/>
		<feat xlink:href="#structure480" value="PP"/>
		<feat xlink:href="#structure481" value="VP"/>
		<feat xlink:href="#structure482" value="VP"/>
		<feat xlink:href="#structure483" value="S"/>
		<feat xlink:href="#structure484" value="FRAG"/>
		<feat xlink:href="#structure485" value="ROOT"/>
		<feat xlink:href="#structure486" value="NP"/>
		<feat xlink:href="#structure487" value="PP"/>
		<feat xlink:href="#structure488" value="NP"/>
		<feat xlink:href="#structure489" value="VP"/>
		<feat xlink:href="#structure490" value="NP"/>
		<feat xlink:href="#structure491" value="PRN"/>
		<feat xlink:href="#structure492" value="FRAG"/>
		<feat xlink:href="#structure493" value="ROOT"/>
		<feat xlink:href="#structure494" value="PRN"/>
		<feat xlink:href="#structure495" value="ROOT"/>
		<feat xlink:href="#structure496" value="NP"/>
		<feat xlink:href="#structure497" value="PP"/>
		<feat xlink:href="#structure498" value="VP"/>
		<feat xlink:href="#structure499" value="VP"/>
		<feat xlink:href="#structure500" value="S"/>
		<feat xlink:href="#structure501" value="VP"/>
		<feat xlink:href="#structure502" value="VP"/>
		<feat xlink:href="#structure503" value="S"/>
		<feat xlink:href="#structure504" value="VP"/>
		<feat xlink:href="#structure505" value="VP"/>
		<feat xlink:href="#structure506" value="S"/>
		<feat xlink:href="#structure507" value="FRAG"/>
		<feat xlink:href="#structure508" value="ROOT"/>
		<feat xlink:href="#structure509" value="PRN"/>
		<feat xlink:href="#structure510" value="ROOT"/>
		<feat xlink:href="#structure511" value="ADVP"/>
		<feat xlink:href="#structure512" value="VP"/>
		<feat xlink:href="#structure513" value="VP"/>
		<feat xlink:href="#structure514" value="S"/>
		<feat xlink:href="#structure515" value="ADVP"/>
		<feat xlink:href="#structure516" value="NX"/>
		<feat xlink:href="#structure517" value="NX"/>
		<feat xlink:href="#structure518" value="NX"/>
		<feat xlink:href="#structure519" value="NP"/>
		<feat xlink:href="#structure520" value="NP"/>
		<feat xlink:href="#structure521" value="PP"/>
		<feat xlink:href="#structure522" value="NP"/>
		<feat xlink:href="#structure523" value="PP"/>
		<feat xlink:href="#structure524" value="PRN"/>
		<feat xlink:href="#structure525" value="VP"/>
		<feat xlink:href="#structure526" value="VP"/>
		<feat xlink:href="#structure527" value="S"/>
		<feat xlink:href="#structure528" value="FRAG"/>
		<feat xlink:href="#structure529" value="ROOT"/>
		<feat xlink:href="#structure530" value="NP"/>
		<feat xlink:href="#structure531" value="NP"/>
		<feat xlink:href="#structure532" value="NP"/>
		<feat xlink:href="#structure533" value="VP"/>
		<feat xlink:href="#structure534" value="VP"/>
		<feat xlink:href="#structure535" value="S"/>
		<feat xlink:href="#structure536" value="SBAR"/>
		<feat xlink:href="#structure537" value="VP"/>
		<feat xlink:href="#structure538" value="S"/>
		<feat xlink:href="#structure539" value="ROOT"/>
		<feat xlink:href="#structure540" value="PRN"/>
		<feat xlink:href="#structure541" value="ROOT"/>
		<feat xlink:href="#structure542" value="NP"/>
		<feat xlink:href="#structure543" value="NP"/>
		<feat xlink:href="#structure544" value="PP"/>
		<feat xlink:href="#structure545" value="NP"/>
		<feat xlink:href="#structure546" value="NP"/>
		<feat xlink:href="#structure547" value="NP"/>
		<feat xlink:href="#structure548" value="PP"/>
		<feat xlink:href="#structure549" value="VP"/>
		<feat xlink:href="#structure550" value="S"/>
		<feat xlink:href="#structure551" value="PP"/>
		<feat xlink:href="#structure552" value="VP"/>
		<feat xlink:href="#structure553" value="VP"/>
		<feat xlink:href="#structure554" value="S"/>
		<feat xlink:href="#structure555" value="S"/>
		<feat xlink:href="#structure556" value="ROOT"/>
		<feat xlink:href="#structure557" value="PRN"/>
		<feat xlink:href="#structure558" value="ROOT"/>
		<feat xlink:href="#structure559" value="NP"/>
		<feat xlink:href="#structure560" value="NP"/>
		<feat xlink:href="#structure561" value="PP"/>
		<feat xlink:href="#structure562" value="PP"/>
		<feat xlink:href="#structure563" value="VP"/>
		<feat xlink:href="#structure564" value="VP"/>
		<feat xlink:href="#structure565" value="S"/>
		<feat xlink:href="#structure566" value="VP"/>
		<feat xlink:href="#structure567" value="VP"/>
		<feat xlink:href="#structure568" value="S"/>
		<feat xlink:href="#structure569" value="S"/>
		<feat xlink:href="#structure570" value="ROOT"/>
		<feat xlink:href="#structure571" value="PRN"/>
		<feat xlink:href="#structure572" value="ROOT"/>
		<feat xlink:href="#structure573" value="NP"/>
		<feat xlink:href="#structure574" value="PP"/>
		<feat xlink:href="#structure575" value="VP"/>
		<feat xlink:href="#structure576" value="VP"/>
		<feat xlink:href="#structure577" value="S"/>
		<feat xlink:href="#structure578" value="PP"/>
		<feat xlink:href="#structure579" value="NP"/>
		<feat xlink:href="#structure580" value="PP"/>
		<feat xlink:href="#structure581" value="NP"/>
		<feat xlink:href="#structure582" value="NP"/>
		<feat xlink:href="#structure583" value="PP"/>
		<feat xlink:href="#structure584" value="NP"/>
		<feat xlink:href="#structure585" value="PP"/>
		<feat xlink:href="#structure586" value="PP"/>
		<feat xlink:href="#structure587" value="VP"/>
		<feat xlink:href="#structure588" value="VP"/>
		<feat xlink:href="#structure589" value="S"/>
		<feat xlink:href="#structure590" value="FRAG"/>
		<feat xlink:href="#structure591" value="ROOT"/>
		<feat xlink:href="#structure592" value="NP"/>
		<feat xlink:href="#structure593" value="NP"/>
		<feat xlink:href="#structure594" value="ADVP"/>
		<feat xlink:href="#structure595" value="NP"/>
		<feat xlink:href="#structure596" value="PP"/>
		<feat xlink:href="#structure597" value="VP"/>
		<feat xlink:href="#structure598" value="S"/>
		<feat xlink:href="#structure599" value="ROOT"/>
		<feat xlink:href="#structure600" value="NP"/>
		<feat xlink:href="#structure601" value="NP"/>
		<feat xlink:href="#structure602" value="PP"/>
		<feat xlink:href="#structure603" value="VP"/>
		<feat xlink:href="#structure604" value="X"/>
		<feat xlink:href="#structure605" value="ROOT"/>
		<feat xlink:href="#structure606" value="NP"/>
		<feat xlink:href="#structure607" value="PRN"/>
		<feat xlink:href="#structure608" value="PP"/>
		<feat xlink:href="#structure609" value="NP"/>
		<feat xlink:href="#structure610" value="NP"/>
		<feat xlink:href="#structure611" value="PP"/>
		<feat xlink:href="#structure612" value="PRN"/>
		<feat xlink:href="#structure613" value="NP"/>
		<feat xlink:href="#structure614" value="VP"/>
		<feat xlink:href="#structure615" value="S"/>
		<feat xlink:href="#structure616" value="SBAR"/>
		<feat xlink:href="#structure617" value="VP"/>
		<feat xlink:href="#structure618" value="S"/>
		<feat xlink:href="#structure619" value="ROOT"/>
		<feat xlink:href="#structure620" value="NP"/>
		<feat xlink:href="#structure621" value="PP"/>
		<feat xlink:href="#structure622" value="VP"/>
		<feat xlink:href="#structure623" value="VP"/>
		<feat xlink:href="#structure624" value="S"/>
		<feat xlink:href="#structure625" value="ROOT"/>
		<feat xlink:href="#structure626" value="NP"/>
		<feat xlink:href="#structure627" value="VP"/>
		<feat xlink:href="#structure628" value="VP"/>
		<feat xlink:href="#structure629" value="S"/>
		<feat xlink:href="#structure630" value="NP"/>
		<feat xlink:href="#structure631" value="NP"/>
		<feat xlink:href="#structure632" value="PP"/>
		<feat xlink:href="#structure633" value="NP"/>
		<feat xlink:href="#structure634" value="PP"/>
		<feat xlink:href="#structure635" value="VP"/>
		<feat xlink:href="#structure636" value="VP"/>
		<feat xlink:href="#structure637" value="S"/>
		<feat xlink:href="#structure638" value="VP"/>
		<feat xlink:href="#structure639" value="S"/>
		<feat xlink:href="#structure640" value="ROOT"/>
		<feat xlink:href="#structure641" value="ADJP"/>
		<feat xlink:href="#structure642" value="PRN"/>
		<feat xlink:href="#structure643" value="ROOT"/>
		<feat xlink:href="#structure644" value="VP"/>
		<feat xlink:href="#structure645" value="VP"/>
		<feat xlink:href="#structure646" value="S"/>
		<feat xlink:href="#structure647" value="ADVP"/>
		<feat xlink:href="#structure648" value="VP"/>
		<feat xlink:href="#structure649" value="VP"/>
		<feat xlink:href="#structure650" value="S"/>
		<feat xlink:href="#structure651" value="FRAG"/>
		<feat xlink:href="#structure652" value="ROOT"/>
		<feat xlink:href="#structure653" value="PRN"/>
		<feat xlink:href="#structure654" value="ROOT"/>
		<feat xlink:href="#structure655" value="NP"/>
		<feat xlink:href="#structure656" value="VP"/>
		<feat xlink:href="#structure657" value="VP"/>
		<feat xlink:href="#structure658" value="S"/>
		<feat xlink:href="#structure659" value="ADJP"/>
		<feat xlink:href="#structure660" value="VP"/>
		<feat xlink:href="#structure661" value="VP"/>
		<feat xlink:href="#structure662" value="S"/>
		<feat xlink:href="#structure663" value="NP"/>
		<feat xlink:href="#structure664" value="PP"/>
		<feat xlink:href="#structure665" value="VP"/>
		<feat xlink:href="#structure666" value="VP"/>
		<feat xlink:href="#structure667" value="VP"/>
		<feat xlink:href="#structure668" value="S"/>
		<feat xlink:href="#structure669" value="VP"/>
		<feat xlink:href="#structure670" value="VP"/>
		<feat xlink:href="#structure671" value="S"/>
		<feat xlink:href="#structure672" value="S"/>
		<feat xlink:href="#structure673" value="ROOT"/>
		<feat xlink:href="#structure674" value="NP"/>
		<feat xlink:href="#structure675" value="SBAR"/>
		<feat xlink:href="#structure676" value="FRAG"/>
		<feat xlink:href="#structure677" value="ROOT"/>
		<feat xlink:href="#structure678" value="NP"/>
		<feat xlink:href="#structure679" value="NP"/>
		<feat xlink:href="#structure680" value="NP"/>
		<feat xlink:href="#structure681" value="NP"/>
		<feat xlink:href="#structure682" value="PP"/>
		<feat xlink:href="#structure683" value="NP"/>
		<feat xlink:href="#structure684" value="PP"/>
		<feat xlink:href="#structure685" value="NP"/>
		<feat xlink:href="#structure686" value="PP"/>
		<feat xlink:href="#structure687" value="VP"/>
		<feat xlink:href="#structure688" value="VP"/>
		<feat xlink:href="#structure689" value="S"/>
		<feat xlink:href="#structure690" value="NP"/>
		<feat xlink:href="#structure691" value="VP"/>
		<feat xlink:href="#structure692" value="VP"/>
		<feat xlink:href="#structure693" value="S"/>
		<feat xlink:href="#structure694" value="FRAG"/>
		<feat xlink:href="#structure695" value="ROOT"/>
		<feat xlink:href="#structure696" value="NP"/>
		<feat xlink:href="#structure697" value="ROOT"/>
		<feat xlink:href="#structure698" value="NP"/>
		<feat xlink:href="#structure699" value="ROOT"/>
		<feat xlink:href="#structure700" value="NP"/>
		<feat xlink:href="#structure701" value="ROOT"/>
		<feat xlink:href="#structure702" value="NP"/>
		<feat xlink:href="#structure703" value="ROOT"/>
		<feat xlink:href="#structure704" value="NP"/>
		<feat xlink:href="#structure705" value="ADJP"/>
		<feat xlink:href="#structure706" value="NP"/>
		<feat xlink:href="#structure707" value="NP"/>
		<feat xlink:href="#structure708" value="NP"/>
		<feat xlink:href="#structure709" value="PRN"/>
		<feat xlink:href="#structure710" value="NP"/>
		<feat xlink:href="#structure711" value="ROOT"/>
		<feat xlink:href="#structure712" value="ADJP"/>
		<feat xlink:href="#structure713" value="PRN"/>
		<feat xlink:href="#structure714" value="ROOT"/>
		<feat xlink:href="#structure715" value="NP"/>
		<feat xlink:href="#structure716" value="ROOT"/>
		<feat xlink:href="#structure717" value="ADJP"/>
		<feat xlink:href="#structure718" value="PRN"/>
		<feat xlink:href="#structure719" value="ROOT"/>
		<feat xlink:href="#structure720" value="ADJP"/>
		<feat xlink:href="#structure721" value="ROOT"/>
		<feat xlink:href="#structure722" value="NP"/>
		<feat xlink:href="#structure723" value="ROOT"/>
		<feat xlink:href="#structure724" value="PP"/>
		<feat xlink:href="#structure725" value="PP"/>
		<feat xlink:href="#structure726" value="VP"/>
		<feat xlink:href="#structure727" value="NP"/>
		<feat xlink:href="#structure728" value="FRAG"/>
		<feat xlink:href="#structure729" value="ROOT"/></featList></paula>