<?xml version='1.0' encoding='UTF-8'?><!DOCTYPE paula SYSTEM "paula_rel.dtd">
<paula version="1.1">
	<header paula_id="edep.GENTLE_dictionary_trust.edep"/>
	<relList xmlns:xlink="http://www.w3.org/1999/xlink" type="edep">
		<rel id="sPointingRel19" xlink:href="GENTLE_dictionary_trust.tok.xml#sTok19" target="GENTLE_dictionary_trust.tok.xml#sTok23"/>
		<rel id="sPointingRel31" xlink:href="GENTLE_dictionary_trust.tok.xml#sTok17" target="GENTLE_dictionary_trust.tok.xml#sTok34"/>
		<rel id="sPointingRel44" xlink:href="GENTLE_dictionary_trust.tok.xml#sTok17" target="GENTLE_dictionary_trust.tok.xml#sTok46"/>
		<rel id="sPointingRel49" xlink:href="GENTLE_dictionary_trust.tok.xml#sTok54" target="GENTLE_dictionary_trust.tok.xml#sTok50"/>
		<rel id="sPointingRel52" xlink:href="GENTLE_dictionary_trust.tok.xml#sTok17" target="GENTLE_dictionary_trust.tok.xml#sTok52"/>
		<rel id="sPointingRel61" xlink:href="GENTLE_dictionary_trust.tok.xml#sTok54" target="GENTLE_dictionary_trust.tok.xml#sTok60"/>
		<rel id="sPointingRel73" xlink:href="GENTLE_dictionary_trust.tok.xml#sTok54" target="GENTLE_dictionary_trust.tok.xml#sTok71"/>
		<rel id="sPointingRel78" xlink:href="GENTLE_dictionary_trust.tok.xml#sTok71" target="GENTLE_dictionary_trust.tok.xml#sTok75"/>
		<rel id="sPointingRel86" xlink:href="GENTLE_dictionary_trust.tok.xml#sTok77" target="GENTLE_dictionary_trust.tok.xml#sTok82"/>
		<rel id="sPointingRel113" xlink:href="GENTLE_dictionary_trust.tok.xml#sTok107" target="GENTLE_dictionary_trust.tok.xml#sTok110"/>
		<rel id="sPointingRel119" xlink:href="GENTLE_dictionary_trust.tok.xml#sTok110" target="GENTLE_dictionary_trust.tok.xml#sTok115"/>
		<rel id="sPointingRel126" xlink:href="GENTLE_dictionary_trust.tok.xml#sTok107" target="GENTLE_dictionary_trust.tok.xml#sTok121"/>
		<rel id="sPointingRel132" xlink:href="GENTLE_dictionary_trust.tok.xml#sTok121" target="GENTLE_dictionary_trust.tok.xml#sTok126"/>
		<rel id="sPointingRel139" xlink:href="GENTLE_dictionary_trust.tok.xml#sTok107" target="GENTLE_dictionary_trust.tok.xml#sTok132"/>
		<rel id="sPointingRel145" xlink:href="GENTLE_dictionary_trust.tok.xml#sTok132" target="GENTLE_dictionary_trust.tok.xml#sTok137"/>
		<rel id="sPointingRel161" xlink:href="GENTLE_dictionary_trust.tok.xml#sTok107" target="GENTLE_dictionary_trust.tok.xml#sTok152"/>
		<rel id="sPointingRel167" xlink:href="GENTLE_dictionary_trust.tok.xml#sTok152" target="GENTLE_dictionary_trust.tok.xml#sTok157"/>
		<rel id="sPointingRel173" xlink:href="GENTLE_dictionary_trust.tok.xml#sTok107" target="GENTLE_dictionary_trust.tok.xml#sTok162"/>
		<rel id="sPointingRel179" xlink:href="GENTLE_dictionary_trust.tok.xml#sTok162" target="GENTLE_dictionary_trust.tok.xml#sTok167"/>
		<rel id="sPointingRel182" xlink:href="GENTLE_dictionary_trust.tok.xml#sTok164" target="GENTLE_dictionary_trust.tok.xml#sTok169"/>
		<rel id="sPointingRel188" xlink:href="GENTLE_dictionary_trust.tok.xml#sTok173" target="GENTLE_dictionary_trust.tok.xml#sTok175"/>
		<rel id="sPointingRel192" xlink:href="GENTLE_dictionary_trust.tok.xml#sTok177" target="GENTLE_dictionary_trust.tok.xml#sTok179"/>
		<rel id="sPointingRel207" xlink:href="GENTLE_dictionary_trust.tok.xml#sTok186" target="GENTLE_dictionary_trust.tok.xml#sTok195"/>
		<rel id="sPointingRel210" xlink:href="GENTLE_dictionary_trust.tok.xml#sTok186" target="GENTLE_dictionary_trust.tok.xml#sTok197"/>
		<rel id="sPointingRel213" xlink:href="GENTLE_dictionary_trust.tok.xml#sTok186" target="GENTLE_dictionary_trust.tok.xml#sTok199"/>
		<rel id="sPointingRel232" xlink:href="GENTLE_dictionary_trust.tok.xml#sTok220" target="GENTLE_dictionary_trust.tok.xml#sTok222"/>
		<rel id="sPointingRel240" xlink:href="GENTLE_dictionary_trust.tok.xml#sTok227" target="GENTLE_dictionary_trust.tok.xml#sTok230"/>
		<rel id="sPointingRel244" xlink:href="GENTLE_dictionary_trust.tok.xml#sTok230" target="GENTLE_dictionary_trust.tok.xml#sTok233"/>
		<rel id="sPointingRel247" xlink:href="GENTLE_dictionary_trust.tok.xml#sTok230" target="GENTLE_dictionary_trust.tok.xml#sTok235"/>
		<rel id="sPointingRel248" xlink:href="GENTLE_dictionary_trust.tok.xml#sTok233" target="GENTLE_dictionary_trust.tok.xml#sTok235"/>
		<rel id="sPointingRel251" xlink:href="GENTLE_dictionary_trust.tok.xml#sTok240" target="GENTLE_dictionary_trust.tok.xml#sTok237"/>
		<rel id="sPointingRel258" xlink:href="GENTLE_dictionary_trust.tok.xml#sTok249" target="GENTLE_dictionary_trust.tok.xml#sTok244"/>
		<rel id="sPointingRel262" xlink:href="GENTLE_dictionary_trust.tok.xml#sTok240" target="GENTLE_dictionary_trust.tok.xml#sTok247"/>
		<rel id="sPointingRel272" xlink:href="GENTLE_dictionary_trust.tok.xml#sTok254" target="GENTLE_dictionary_trust.tok.xml#sTok257"/>
		<rel id="sPointingRel280" xlink:href="GENTLE_dictionary_trust.tok.xml#sTok263" target="GENTLE_dictionary_trust.tok.xml#sTok266"/>
		<rel id="sPointingRel283" xlink:href="GENTLE_dictionary_trust.tok.xml#sTok267" target="GENTLE_dictionary_trust.tok.xml#sTok269"/>
		<rel id="sPointingRel287" xlink:href="GENTLE_dictionary_trust.tok.xml#sTok269" target="GENTLE_dictionary_trust.tok.xml#sTok272"/>
		<rel id="sPointingRel295" xlink:href="GENTLE_dictionary_trust.tok.xml#sTok276" target="GENTLE_dictionary_trust.tok.xml#sTok280"/>
		<rel id="sPointingRel298" xlink:href="GENTLE_dictionary_trust.tok.xml#sTok280" target="GENTLE_dictionary_trust.tok.xml#sTok282"/>
		<rel id="sPointingRel301" xlink:href="GENTLE_dictionary_trust.tok.xml#sTok280" target="GENTLE_dictionary_trust.tok.xml#sTok284"/>
		<rel id="sPointingRel302" xlink:href="GENTLE_dictionary_trust.tok.xml#sTok282" target="GENTLE_dictionary_trust.tok.xml#sTok284"/>
		<rel id="sPointingRel311" xlink:href="GENTLE_dictionary_trust.tok.xml#sTok291" target="GENTLE_dictionary_trust.tok.xml#sTok293"/>
		<rel id="sPointingRel317" xlink:href="GENTLE_dictionary_trust.tok.xml#sTok291" target="GENTLE_dictionary_trust.tok.xml#sTok298"/>
		<rel id="sPointingRel319" xlink:href="GENTLE_dictionary_trust.tok.xml#sTok300" target="GENTLE_dictionary_trust.tok.xml#sTok299"/>
		<rel id="sPointingRel324" xlink:href="GENTLE_dictionary_trust.tok.xml#sTok300" target="GENTLE_dictionary_trust.tok.xml#sTok303"/>
		<rel id="sPointingRel326" xlink:href="GENTLE_dictionary_trust.tok.xml#sTok308" target="GENTLE_dictionary_trust.tok.xml#sTok305"/>
		<rel id="sPointingRel328" xlink:href="GENTLE_dictionary_trust.tok.xml#sTok305" target="GENTLE_dictionary_trust.tok.xml#sTok306"/>
		<rel id="sPointingRel330" xlink:href="GENTLE_dictionary_trust.tok.xml#sTok310" target="GENTLE_dictionary_trust.tok.xml#sTok307"/>
		<rel id="sPointingRel334" xlink:href="GENTLE_dictionary_trust.tok.xml#sTok305" target="GENTLE_dictionary_trust.tok.xml#sTok310"/>
		<rel id="sPointingRel335" xlink:href="GENTLE_dictionary_trust.tok.xml#sTok308" target="GENTLE_dictionary_trust.tok.xml#sTok310"/>
		<rel id="sPointingRel341" xlink:href="GENTLE_dictionary_trust.tok.xml#sTok313" target="GENTLE_dictionary_trust.tok.xml#sTok315"/>
		<rel id="sPointingRel346" xlink:href="GENTLE_dictionary_trust.tok.xml#sTok325" target="GENTLE_dictionary_trust.tok.xml#sTok320"/>
		<rel id="sPointingRel349" xlink:href="GENTLE_dictionary_trust.tok.xml#sTok320" target="GENTLE_dictionary_trust.tok.xml#sTok322"/>
		<rel id="sPointingRel357" xlink:href="GENTLE_dictionary_trust.tok.xml#sTok327" target="GENTLE_dictionary_trust.tok.xml#sTok329"/>
		<rel id="sPointingRel369" xlink:href="GENTLE_dictionary_trust.tok.xml#sTok341" target="GENTLE_dictionary_trust.tok.xml#sTok343"/>
		<rel id="sPointingRel372" xlink:href="GENTLE_dictionary_trust.tok.xml#sTok341" target="GENTLE_dictionary_trust.tok.xml#sTok345"/>
		<rel id="sPointingRel373" xlink:href="GENTLE_dictionary_trust.tok.xml#sTok350" target="GENTLE_dictionary_trust.tok.xml#sTok345"/>
		<rel id="sPointingRel376" xlink:href="GENTLE_dictionary_trust.tok.xml#sTok345" target="GENTLE_dictionary_trust.tok.xml#sTok347"/>
		<rel id="sPointingRel385" xlink:href="GENTLE_dictionary_trust.tok.xml#sTok353" target="GENTLE_dictionary_trust.tok.xml#sTok355"/>
		<rel id="sPointingRel394" xlink:href="GENTLE_dictionary_trust.tok.xml#sTok362" target="GENTLE_dictionary_trust.tok.xml#sTok365"/>
		<rel id="sPointingRel395" xlink:href="GENTLE_dictionary_trust.tok.xml#sTok367" target="GENTLE_dictionary_trust.tok.xml#sTok365"/>
		<rel id="sPointingRel397" xlink:href="GENTLE_dictionary_trust.tok.xml#sTok365" target="GENTLE_dictionary_trust.tok.xml#sTok366"/>
		<rel id="sPointingRel404" xlink:href="GENTLE_dictionary_trust.tok.xml#sTok369" target="GENTLE_dictionary_trust.tok.xml#sTok372"/>
		<rel id="sPointingRel407" xlink:href="GENTLE_dictionary_trust.tok.xml#sTok372" target="GENTLE_dictionary_trust.tok.xml#sTok374"/>
		<rel id="sPointingRel411" xlink:href="GENTLE_dictionary_trust.tok.xml#sTok374" target="GENTLE_dictionary_trust.tok.xml#sTok377"/>
		<rel id="sPointingRel414" xlink:href="GENTLE_dictionary_trust.tok.xml#sTok377" target="GENTLE_dictionary_trust.tok.xml#sTok379"/>
		<rel id="sPointingRel424" xlink:href="GENTLE_dictionary_trust.tok.xml#sTok382" target="GENTLE_dictionary_trust.tok.xml#sTok389"/>
		<rel id="sPointingRel433" xlink:href="GENTLE_dictionary_trust.tok.xml#sTok397" target="GENTLE_dictionary_trust.tok.xml#sTok399"/>
		<rel id="sPointingRel434" xlink:href="GENTLE_dictionary_trust.tok.xml#sTok401" target="GENTLE_dictionary_trust.tok.xml#sTok399"/>
		<rel id="sPointingRel437" xlink:href="GENTLE_dictionary_trust.tok.xml#sTok395" target="GENTLE_dictionary_trust.tok.xml#sTok401"/>
		<rel id="sPointingRel441" xlink:href="GENTLE_dictionary_trust.tok.xml#sTok401" target="GENTLE_dictionary_trust.tok.xml#sTok404"/>
		<rel id="sPointingRel454" xlink:href="GENTLE_dictionary_trust.tok.xml#sTok401" target="GENTLE_dictionary_trust.tok.xml#sTok416"/>
		<rel id="sPointingRel457" xlink:href="GENTLE_dictionary_trust.tok.xml#sTok429" target="GENTLE_dictionary_trust.tok.xml#sTok418"/>
		<rel id="sPointingRel459" xlink:href="GENTLE_dictionary_trust.tok.xml#sTok429" target="GENTLE_dictionary_trust.tok.xml#sTok419"/>
		<rel id="sPointingRel461" xlink:href="GENTLE_dictionary_trust.tok.xml#sTok429" target="GENTLE_dictionary_trust.tok.xml#sTok420"/>
		<rel id="sPointingRel463" xlink:href="GENTLE_dictionary_trust.tok.xml#sTok416" target="GENTLE_dictionary_trust.tok.xml#sTok421"/>
		<rel id="sPointingRel467" xlink:href="GENTLE_dictionary_trust.tok.xml#sTok421" target="GENTLE_dictionary_trust.tok.xml#sTok424"/>
		<rel id="sPointingRel473" xlink:href="GENTLE_dictionary_trust.tok.xml#sTok416" target="GENTLE_dictionary_trust.tok.xml#sTok429"/>
		<rel id="sPointingRel474" xlink:href="GENTLE_dictionary_trust.tok.xml#sTok421" target="GENTLE_dictionary_trust.tok.xml#sTok429"/>
		<rel id="sPointingRel480" xlink:href="GENTLE_dictionary_trust.tok.xml#sTok429" target="GENTLE_dictionary_trust.tok.xml#sTok434"/>
		<rel id="sPointingRel484" xlink:href="GENTLE_dictionary_trust.tok.xml#sTok439" target="GENTLE_dictionary_trust.tok.xml#sTok437"/>
		<rel id="sPointingRel490" xlink:href="GENTLE_dictionary_trust.tok.xml#sTok439" target="GENTLE_dictionary_trust.tok.xml#sTok442"/>
		<rel id="sPointingRel494" xlink:href="GENTLE_dictionary_trust.tok.xml#sTok442" target="GENTLE_dictionary_trust.tok.xml#sTok445"/>
		<rel id="sPointingRel499" xlink:href="GENTLE_dictionary_trust.tok.xml#sTok447" target="GENTLE_dictionary_trust.tok.xml#sTok449"/>
		<rel id="sPointingRel500" xlink:href="GENTLE_dictionary_trust.tok.xml#sTok450" target="GENTLE_dictionary_trust.tok.xml#sTok449"/>
		<rel id="sPointingRel502" xlink:href="GENTLE_dictionary_trust.tok.xml#sTok442" target="GENTLE_dictionary_trust.tok.xml#sTok450"/>
		<rel id="sPointingRel508" xlink:href="GENTLE_dictionary_trust.tok.xml#sTok454" target="GENTLE_dictionary_trust.tok.xml#sTok456"/>
		<rel id="sPointingRel511" xlink:href="GENTLE_dictionary_trust.tok.xml#sTok454" target="GENTLE_dictionary_trust.tok.xml#sTok458"/>
		<rel id="sPointingRel512" xlink:href="GENTLE_dictionary_trust.tok.xml#sTok456" target="GENTLE_dictionary_trust.tok.xml#sTok458"/>
		<rel id="sPointingRel517" xlink:href="GENTLE_dictionary_trust.tok.xml#sTok459" target="GENTLE_dictionary_trust.tok.xml#sTok462"/>
		<rel id="sPointingRel520" xlink:href="GENTLE_dictionary_trust.tok.xml#sTok462" target="GENTLE_dictionary_trust.tok.xml#sTok464"/>
		<rel id="sPointingRel523" xlink:href="GENTLE_dictionary_trust.tok.xml#sTok462" target="GENTLE_dictionary_trust.tok.xml#sTok466"/>
		<rel id="sPointingRel524" xlink:href="GENTLE_dictionary_trust.tok.xml#sTok464" target="GENTLE_dictionary_trust.tok.xml#sTok466"/>
		<rel id="sPointingRel527" xlink:href="GENTLE_dictionary_trust.tok.xml#sTok466" target="GENTLE_dictionary_trust.tok.xml#sTok468"/>
		<rel id="sPointingRel530" xlink:href="GENTLE_dictionary_trust.tok.xml#sTok466" target="GENTLE_dictionary_trust.tok.xml#sTok470"/>
		<rel id="sPointingRel540" xlink:href="GENTLE_dictionary_trust.tok.xml#sTok477" target="GENTLE_dictionary_trust.tok.xml#sTok479"/>
		<rel id="sPointingRel548" xlink:href="GENTLE_dictionary_trust.tok.xml#sTok484" target="GENTLE_dictionary_trust.tok.xml#sTok488"/>
		<rel id="sPointingRel552" xlink:href="GENTLE_dictionary_trust.tok.xml#sTok488" target="GENTLE_dictionary_trust.tok.xml#sTok491"/>
		<rel id="sPointingRel557" xlink:href="GENTLE_dictionary_trust.tok.xml#sTok491" target="GENTLE_dictionary_trust.tok.xml#sTok495"/>
		<rel id="sPointingRel564" xlink:href="GENTLE_dictionary_trust.tok.xml#sTok499" target="GENTLE_dictionary_trust.tok.xml#sTok502"/>
		<rel id="sPointingRel567" xlink:href="GENTLE_dictionary_trust.tok.xml#sTok499" target="GENTLE_dictionary_trust.tok.xml#sTok504"/>
		<rel id="sPointingRel568" xlink:href="GENTLE_dictionary_trust.tok.xml#sTok502" target="GENTLE_dictionary_trust.tok.xml#sTok504"/>
		<rel id="sPointingRel597" xlink:href="GENTLE_dictionary_trust.tok.xml#sTok538" target="GENTLE_dictionary_trust.tok.xml#sTok541"/>
		<rel id="sPointingRel598" xlink:href="GENTLE_dictionary_trust.tok.xml#sTok542" target="GENTLE_dictionary_trust.tok.xml#sTok541"/>
		<rel id="sPointingRel619" xlink:href="GENTLE_dictionary_trust.tok.xml#sTok566" target="GENTLE_dictionary_trust.tok.xml#sTok564"/>
		<rel id="sPointingRel621" xlink:href="GENTLE_dictionary_trust.tok.xml#sTok564" target="GENTLE_dictionary_trust.tok.xml#sTok565"/>
		<rel id="sPointingRel640" xlink:href="GENTLE_dictionary_trust.tok.xml#sTok581" target="GENTLE_dictionary_trust.tok.xml#sTok585"/>
		<rel id="sPointingRel643" xlink:href="GENTLE_dictionary_trust.tok.xml#sTok581" target="GENTLE_dictionary_trust.tok.xml#sTok587"/>
		<rel id="sPointingRel644" xlink:href="GENTLE_dictionary_trust.tok.xml#sTok585" target="GENTLE_dictionary_trust.tok.xml#sTok587"/>
		<rel id="sPointingRel648" xlink:href="GENTLE_dictionary_trust.tok.xml#sTok592" target="GENTLE_dictionary_trust.tok.xml#sTok590"/>
		<rel id="sPointingRel679" xlink:href="GENTLE_dictionary_trust.tok.xml#sTok620" target="GENTLE_dictionary_trust.tok.xml#sTok625"/>
		<rel id="sPointingRel683" xlink:href="GENTLE_dictionary_trust.tok.xml#sTok620" target="GENTLE_dictionary_trust.tok.xml#sTok628"/>
		<rel id="sPointingRel684" xlink:href="GENTLE_dictionary_trust.tok.xml#sTok625" target="GENTLE_dictionary_trust.tok.xml#sTok628"/>
		<rel id="sPointingRel688" xlink:href="GENTLE_dictionary_trust.tok.xml#sTok620" target="GENTLE_dictionary_trust.tok.xml#sTok631"/>
		<rel id="sPointingRel704" xlink:href="GENTLE_dictionary_trust.tok.xml#sTok646" target="GENTLE_dictionary_trust.tok.xml#sTok649"/>
		<rel id="sPointingRel707" xlink:href="GENTLE_dictionary_trust.tok.xml#sTok645" target="GENTLE_dictionary_trust.tok.xml#sTok651"/>
		<rel id="sPointingRel711" xlink:href="GENTLE_dictionary_trust.tok.xml#sTok651" target="GENTLE_dictionary_trust.tok.xml#sTok654"/>
		<rel id="sPointingRel722" xlink:href="GENTLE_dictionary_trust.tok.xml#sTok660" target="GENTLE_dictionary_trust.tok.xml#sTok666"/>
		<rel id="sPointingRel738" xlink:href="GENTLE_dictionary_trust.tok.xml#sTok680" target="GENTLE_dictionary_trust.tok.xml#sTok683"/>
		<rel id="sPointingRel743" xlink:href="GENTLE_dictionary_trust.tok.xml#sTok680" target="GENTLE_dictionary_trust.tok.xml#sTok687"/>
		<rel id="sPointingRel744" xlink:href="GENTLE_dictionary_trust.tok.xml#sTok683" target="GENTLE_dictionary_trust.tok.xml#sTok687"/>
		<rel id="sPointingRel748" xlink:href="GENTLE_dictionary_trust.tok.xml#sTok687" target="GENTLE_dictionary_trust.tok.xml#sTok690"/>
		<rel id="sPointingRel753" xlink:href="GENTLE_dictionary_trust.tok.xml#sTok692" target="GENTLE_dictionary_trust.tok.xml#sTok694"/>
		<rel id="sPointingRel754" xlink:href="GENTLE_dictionary_trust.tok.xml#sTok695" target="GENTLE_dictionary_trust.tok.xml#sTok694"/>
		<rel id="sPointingRel760" xlink:href="GENTLE_dictionary_trust.tok.xml#sTok695" target="GENTLE_dictionary_trust.tok.xml#sTok700"/>
		<rel id="sPointingRel770" xlink:href="GENTLE_dictionary_trust.tok.xml#sTok708" target="GENTLE_dictionary_trust.tok.xml#sTok711"/>
		<rel id="sPointingRel776" xlink:href="GENTLE_dictionary_trust.tok.xml#sTok708" target="GENTLE_dictionary_trust.tok.xml#sTok716"/>
		<rel id="sPointingRel781" xlink:href="GENTLE_dictionary_trust.tok.xml#sTok716" target="GENTLE_dictionary_trust.tok.xml#sTok720"/>
		<rel id="sPointingRel787" xlink:href="GENTLE_dictionary_trust.tok.xml#sTok724" target="GENTLE_dictionary_trust.tok.xml#sTok726"/>
		<rel id="sPointingRel794" xlink:href="GENTLE_dictionary_trust.tok.xml#sTok735" target="GENTLE_dictionary_trust.tok.xml#sTok732"/>
		<rel id="sPointingRel800" xlink:href="GENTLE_dictionary_trust.tok.xml#sTok735" target="GENTLE_dictionary_trust.tok.xml#sTok738"/>
		<rel id="sPointingRel804" xlink:href="GENTLE_dictionary_trust.tok.xml#sTok735" target="GENTLE_dictionary_trust.tok.xml#sTok741"/>
		<rel id="sPointingRel829" xlink:href="GENTLE_dictionary_trust.tok.xml#sTok767" target="GENTLE_dictionary_trust.tok.xml#sTok769"/>
		<rel id="sPointingRel840" xlink:href="GENTLE_dictionary_trust.tok.xml#sTok779" target="GENTLE_dictionary_trust.tok.xml#sTok781"/>
		<rel id="sPointingRel842" xlink:href="GENTLE_dictionary_trust.tok.xml#sTok781" target="GENTLE_dictionary_trust.tok.xml#sTok782"/>
		<rel id="sPointingRel845" xlink:href="GENTLE_dictionary_trust.tok.xml#sTok779" target="GENTLE_dictionary_trust.tok.xml#sTok784"/>
		<rel id="sPointingRel849" xlink:href="GENTLE_dictionary_trust.tok.xml#sTok779" target="GENTLE_dictionary_trust.tok.xml#sTok787"/>
		<rel id="sPointingRel852" xlink:href="GENTLE_dictionary_trust.tok.xml#sTok787" target="GENTLE_dictionary_trust.tok.xml#sTok789"/>
		<rel id="sPointingRel881" xlink:href="GENTLE_dictionary_trust.tok.xml#sTok826" target="GENTLE_dictionary_trust.tok.xml#sTok828"/>
		<rel id="sPointingRel885" xlink:href="GENTLE_dictionary_trust.tok.xml#sTok828" target="GENTLE_dictionary_trust.tok.xml#sTok831"/></relList></paula>