<?xml version='1.0' encoding='UTF-8'?><!DOCTYPE paula SYSTEM "paula_feat.dtd">
<paula version="1.1">
	<header paula_id="GENTLE_dictionary_trust.tok_tok_func"/>
	<featList xmlns:xlink="http://www.w3.org/1999/xlink" type="tok_func" xml:base="GENTLE_dictionary_trust.tok.xml">
		<feat xlink:href="#sTok1" value="root"/>
		<feat xlink:href="#sTok2" value="root"/>
		<feat xlink:href="#sTok3" value="root"/>
		<feat xlink:href="#sTok4" value="case"/>
		<feat xlink:href="#sTok5" value="compound"/>
		<feat xlink:href="#sTok6" value="amod"/>
		<feat xlink:href="#sTok7" value="root"/>
		<feat xlink:href="#sTok8" value="punct"/>
		<feat xlink:href="#sTok9" value="punct"/>
		<feat xlink:href="#sTok10" value="appos"/>
		<feat xlink:href="#sTok11" value="punct"/>
		<feat xlink:href="#sTok12" value="appos"/>
		<feat xlink:href="#sTok13" value="punct"/>
		<feat xlink:href="#sTok14" value="punct"/>
		<feat xlink:href="#sTok15" value="punct"/>
		<feat xlink:href="#sTok16" value="advmod"/>
		<feat xlink:href="#sTok17" value="root"/>
		<feat xlink:href="#sTok18" value="det"/>
		<feat xlink:href="#sTok19" value="xcomp"/>
		<feat xlink:href="#sTok20" value="case"/>
		<feat xlink:href="#sTok21" value="amod"/>
		<feat xlink:href="#sTok22" value="compound"/>
		<feat xlink:href="#sTok23" value="nmod"/>
		<feat xlink:href="#sTok24" value="punct"/>
		<feat xlink:href="#sTok25" value="punct"/>
		<feat xlink:href="#sTok26" value="appos"/>
		<feat xlink:href="#sTok27" value="punct"/>
		<feat xlink:href="#sTok28" value="appos"/>
		<feat xlink:href="#sTok29" value="punct"/>
		<feat xlink:href="#sTok30" value="appos"/>
		<feat xlink:href="#sTok31" value="punct"/>
		<feat xlink:href="#sTok32" value="punct"/>
		<feat xlink:href="#sTok33" value="punct"/>
		<feat xlink:href="#sTok34" value="conj"/>
		<feat xlink:href="#sTok35" value="case"/>
		<feat xlink:href="#sTok36" value="amod"/>
		<feat xlink:href="#sTok37" value="punct"/>
		<feat xlink:href="#sTok38" value="compound"/>
		<feat xlink:href="#sTok39" value="orphan"/>
		<feat xlink:href="#sTok40" value="punct"/>
		<feat xlink:href="#sTok41" value="cc"/>
		<feat xlink:href="#sTok42" value="det"/>
		<feat xlink:href="#sTok43" value="compound"/>
		<feat xlink:href="#sTok44" value="nsubj"/>
		<feat xlink:href="#sTok45" value="cop"/>
		<feat xlink:href="#sTok46" value="conj"/>
		<feat xlink:href="#sTok47" value="punct"/>
		<feat xlink:href="#sTok48" value="cc"/>
		<feat xlink:href="#sTok49" value="advmod"/>
		<feat xlink:href="#sTok50" value="nsubj:pass"/>
		<feat xlink:href="#sTok51" value="aux:pass"/>
		<feat xlink:href="#sTok52" value="conj"/>
		<feat xlink:href="#sTok53" value="det"/>
		<feat xlink:href="#sTok54" value="xcomp"/>
		<feat xlink:href="#sTok55" value="case"/>
		<feat xlink:href="#sTok56" value="det"/>
		<feat xlink:href="#sTok57" value="amod"/>
		<feat xlink:href="#sTok58" value="amod"/>
		<feat xlink:href="#sTok59" value="compound"/>
		<feat xlink:href="#sTok60" value="nmod"/>
		<feat xlink:href="#sTok61" value="punct"/>
		<feat xlink:href="#sTok62" value="case"/>
		<feat xlink:href="#sTok63" value="det"/>
		<feat xlink:href="#sTok64" value="amod"/>
		<feat xlink:href="#sTok65" value="amod"/>
		<feat xlink:href="#sTok66" value="punct"/>
		<feat xlink:href="#sTok67" value="compound"/>
		<feat xlink:href="#sTok68" value="amod"/>
		<feat xlink:href="#sTok69" value="punct"/>
		<feat xlink:href="#sTok70" value="amod"/>
		<feat xlink:href="#sTok71" value="nmod"/>
		<feat xlink:href="#sTok72" value="case"/>
		<feat xlink:href="#sTok73" value="det"/>
		<feat xlink:href="#sTok74" value="amod"/>
		<feat xlink:href="#sTok75" value="nmod"/>
		<feat xlink:href="#sTok76" value="advmod"/>
		<feat xlink:href="#sTok77" value="acl"/>
		<feat xlink:href="#sTok78" value="case"/>
		<feat xlink:href="#sTok79" value="amod"/>
		<feat xlink:href="#sTok80" value="amod"/>
		<feat xlink:href="#sTok81" value="nmod"/>
		<feat xlink:href="#sTok82" value="obl"/>
		<feat xlink:href="#sTok83" value="punct"/>
		<feat xlink:href="#sTok84" value="punct"/>
		<feat xlink:href="#sTok85" value="appos"/>
		<feat xlink:href="#sTok86" value="punct"/>
		<feat xlink:href="#sTok87" value="punct"/>
		<feat xlink:href="#sTok88" value="punct"/>
		<feat xlink:href="#sTok89" value="advmod"/>
		<feat xlink:href="#sTok90" value="case"/>
		<feat xlink:href="#sTok91" value="compound"/>
		<feat xlink:href="#sTok92" value="punct"/>
		<feat xlink:href="#sTok93" value="compound"/>
		<feat xlink:href="#sTok94" value="punct"/>
		<feat xlink:href="#sTok95" value="compound"/>
		<feat xlink:href="#sTok96" value="root"/>
		<feat xlink:href="#sTok97" value="punct"/>
		<feat xlink:href="#sTok98" value="cop"/>
		<feat xlink:href="#sTok99" value="appos"/>
		<feat xlink:href="#sTok100" value="punct"/>
		<feat xlink:href="#sTok101" value="appos"/>
		<feat xlink:href="#sTok102" value="punct"/>
		<feat xlink:href="#sTok103" value="appos"/>
		<feat xlink:href="#sTok104" value="punct"/>
		<feat xlink:href="#sTok105" value="punct"/>
		<feat xlink:href="#sTok106" value="punct"/>
		<feat xlink:href="#sTok107" value="root"/>
		<feat xlink:href="#sTok108" value="case"/>
		<feat xlink:href="#sTok109" value="amod"/>
		<feat xlink:href="#sTok110" value="obl"/>
		<feat xlink:href="#sTok111" value="punct"/>
		<feat xlink:href="#sTok112" value="punct"/>
		<feat xlink:href="#sTok113" value="appos"/>
		<feat xlink:href="#sTok114" value="punct"/>
		<feat xlink:href="#sTok115" value="conj"/>
		<feat xlink:href="#sTok116" value="punct"/>
		<feat xlink:href="#sTok117" value="punct"/>
		<feat xlink:href="#sTok118" value="punct"/>
		<feat xlink:href="#sTok119" value="compound"/>
		<feat xlink:href="#sTok120" value="compound"/>
		<feat xlink:href="#sTok121" value="conj"/>
		<feat xlink:href="#sTok122" value="punct"/>
		<feat xlink:href="#sTok123" value="punct"/>
		<feat xlink:href="#sTok124" value="appos"/>
		<feat xlink:href="#sTok125" value="punct"/>
		<feat xlink:href="#sTok126" value="conj"/>
		<feat xlink:href="#sTok127" value="punct"/>
		<feat xlink:href="#sTok128" value="punct"/>
		<feat xlink:href="#sTok129" value="punct"/>
		<feat xlink:href="#sTok130" value="compound"/>
		<feat xlink:href="#sTok131" value="compound"/>
		<feat xlink:href="#sTok132" value="conj"/>
		<feat xlink:href="#sTok133" value="punct"/>
		<feat xlink:href="#sTok134" value="punct"/>
		<feat xlink:href="#sTok135" value="appos"/>
		<feat xlink:href="#sTok136" value="punct"/>
		<feat xlink:href="#sTok137" value="conj"/>
		<feat xlink:href="#sTok138" value="punct"/>
		<feat xlink:href="#sTok139" value="punct"/>
		<feat xlink:href="#sTok140" value="punct"/>
		<feat xlink:href="#sTok141" value="compound"/>
		<feat xlink:href="#sTok142" value="conj"/>
		<feat xlink:href="#sTok143" value="punct"/>
		<feat xlink:href="#sTok144" value="punct"/>
		<feat xlink:href="#sTok145" value="appos"/>
		<feat xlink:href="#sTok146" value="punct"/>
		<feat xlink:href="#sTok147" value="appos"/>
		<feat xlink:href="#sTok148" value="punct"/>
		<feat xlink:href="#sTok149" value="punct"/>
		<feat xlink:href="#sTok150" value="punct"/>
		<feat xlink:href="#sTok151" value="compound"/>
		<feat xlink:href="#sTok152" value="conj"/>
		<feat xlink:href="#sTok153" value="punct"/>
		<feat xlink:href="#sTok154" value="punct"/>
		<feat xlink:href="#sTok155" value="appos"/>
		<feat xlink:href="#sTok156" value="punct"/>
		<feat xlink:href="#sTok157" value="conj"/>
		<feat xlink:href="#sTok158" value="punct"/>
		<feat xlink:href="#sTok159" value="punct"/>
		<feat xlink:href="#sTok160" value="punct"/>
		<feat xlink:href="#sTok161" value="amod"/>
		<feat xlink:href="#sTok162" value="conj"/>
		<feat xlink:href="#sTok163" value="punct"/>
		<feat xlink:href="#sTok164" value="appos"/>
		<feat xlink:href="#sTok165" value="punct"/>
		<feat xlink:href="#sTok166" value="punct"/>
		<feat xlink:href="#sTok167" value="conj"/>
		<feat xlink:href="#sTok168" value="punct"/>
		<feat xlink:href="#sTok169" value="conj"/>
		<feat xlink:href="#sTok170" value="punct"/>
		<feat xlink:href="#sTok171" value="punct"/>
		<feat xlink:href="#sTok172" value="punct"/>
		<feat xlink:href="#sTok173" value="root"/>
		<feat xlink:href="#sTok174" value="case"/>
		<feat xlink:href="#sTok175" value="nmod"/>
		<feat xlink:href="#sTok176" value="punct"/>
		<feat xlink:href="#sTok177" value="root"/>
		<feat xlink:href="#sTok178" value="case"/>
		<feat xlink:href="#sTok179" value="obl"/>
		<feat xlink:href="#sTok180" value="punct"/>
		<feat xlink:href="#sTok181" value="vocative"/>
		<feat xlink:href="#sTok182" value="punct"/>
		<feat xlink:href="#sTok183" value="root"/>
		<feat xlink:href="#sTok184" value="dep"/>
		<feat xlink:href="#sTok185" value="punct"/>
		<feat xlink:href="#sTok186" value="root"/>
		<feat xlink:href="#sTok187" value="punct"/>
		<feat xlink:href="#sTok188" value="dep"/>
		<feat xlink:href="#sTok189" value="punct"/>
		<feat xlink:href="#sTok190" value="parataxis"/>
		<feat xlink:href="#sTok191" value="punct"/>
		<feat xlink:href="#sTok192" value="punct"/>
		<feat xlink:href="#sTok193" value="conj"/>
		<feat xlink:href="#sTok194" value="punct"/>
		<feat xlink:href="#sTok195" value="conj"/>
		<feat xlink:href="#sTok196" value="punct"/>
		<feat xlink:href="#sTok197" value="conj"/>
		<feat xlink:href="#sTok198" value="punct"/>
		<feat xlink:href="#sTok199" value="conj"/>
		<feat xlink:href="#sTok200" value="punct"/>
		<feat xlink:href="#sTok201" value="amod"/>
		<feat xlink:href="#sTok202" value="nmod"/>
		<feat xlink:href="#sTok203" value="punct"/>
		<feat xlink:href="#sTok204" value="dep"/>
		<feat xlink:href="#sTok205" value="punct"/>
		<feat xlink:href="#sTok206" value="dep"/>
		<feat xlink:href="#sTok207" value="punct"/>
		<feat xlink:href="#sTok208" value="punct"/>
		<feat xlink:href="#sTok209" value="root"/>
		<feat xlink:href="#sTok210" value="root"/>
		<feat xlink:href="#sTok211" value="punct"/>
		<feat xlink:href="#sTok212" value="dep"/>
		<feat xlink:href="#sTok213" value="punct"/>
		<feat xlink:href="#sTok214" value="dep"/>
		<feat xlink:href="#sTok215" value="punct"/>
		<feat xlink:href="#sTok216" value="root"/>
		<feat xlink:href="#sTok217" value="root"/>
		<feat xlink:href="#sTok218" value="root"/>
		<feat xlink:href="#sTok219" value="punct"/>
		<feat xlink:href="#sTok220" value="parataxis"/>
		<feat xlink:href="#sTok221" value="cc"/>
		<feat xlink:href="#sTok222" value="conj"/>
		<feat xlink:href="#sTok223" value="punct"/>
		<feat xlink:href="#sTok224" value="amod"/>
		<feat xlink:href="#sTok225" value="appos"/>
		<feat xlink:href="#sTok226" value="punct"/>
		<feat xlink:href="#sTok227" value="root"/>
		<feat xlink:href="#sTok228" value="nmod"/>
		<feat xlink:href="#sTok229" value="cc"/>
		<feat xlink:href="#sTok230" value="conj"/>
		<feat xlink:href="#sTok231" value="case"/>
		<feat xlink:href="#sTok232" value="det"/>
		<feat xlink:href="#sTok233" value="nmod"/>
		<feat xlink:href="#sTok234" value="cc"/>
		<feat xlink:href="#sTok235" value="conj"/>
		<feat xlink:href="#sTok236" value="punct"/>
		<feat xlink:href="#sTok237" value="nsubj"/>
		<feat xlink:href="#sTok238" value="root"/>
		<feat xlink:href="#sTok239" value="mark"/>
		<feat xlink:href="#sTok240" value="xcomp"/>
		<feat xlink:href="#sTok241" value="nmod:poss"/>
		<feat xlink:href="#sTok242" value="obj"/>
		<feat xlink:href="#sTok243" value="mark"/>
		<feat xlink:href="#sTok244" value="nsubj"/>
		<feat xlink:href="#sTok245" value="aux"/>
		<feat xlink:href="#sTok246" value="advmod"/>
		<feat xlink:href="#sTok247" value="advcl"/>
		<feat xlink:href="#sTok248" value="mark"/>
		<feat xlink:href="#sTok249" value="xcomp"/>
		<feat xlink:href="#sTok250" value="obj"/>
		<feat xlink:href="#sTok251" value="advmod"/>
		<feat xlink:href="#sTok252" value="punct"/>
		<feat xlink:href="#sTok253" value="mark"/>
		<feat xlink:href="#sTok254" value="root"/>
		<feat xlink:href="#sTok255" value="obj"/>
		<feat xlink:href="#sTok256" value="case"/>
		<feat xlink:href="#sTok257" value="obl"/>
		<feat xlink:href="#sTok258" value="root"/>
		<feat xlink:href="#sTok259" value="compound:prt"/>
		<feat xlink:href="#sTok260" value="obj"/>
		<feat xlink:href="#sTok261" value="det"/>
		<feat xlink:href="#sTok262" value="root"/>
		<feat xlink:href="#sTok263" value="acl"/>
		<feat xlink:href="#sTok264" value="case"/>
		<feat xlink:href="#sTok265" value="amod"/>
		<feat xlink:href="#sTok266" value="obl"/>
		<feat xlink:href="#sTok267" value="root"/>
		<feat xlink:href="#sTok268" value="case"/>
		<feat xlink:href="#sTok269" value="nmod"/>
		<feat xlink:href="#sTok270" value="case"/>
		<feat xlink:href="#sTok271" value="det"/>
		<feat xlink:href="#sTok272" value="nmod"/>
		<feat xlink:href="#sTok273" value="punct"/>
		<feat xlink:href="#sTok274" value="parataxis"/>
		<feat xlink:href="#sTok275" value="punct"/>
		<feat xlink:href="#sTok276" value="root"/>
		<feat xlink:href="#sTok277" value="case"/>
		<feat xlink:href="#sTok278" value="det"/>
		<feat xlink:href="#sTok279" value="amod"/>
		<feat xlink:href="#sTok280" value="nmod"/>
		<feat xlink:href="#sTok281" value="case"/>
		<feat xlink:href="#sTok282" value="nmod"/>
		<feat xlink:href="#sTok283" value="cc"/>
		<feat xlink:href="#sTok284" value="conj"/>
		<feat xlink:href="#sTok285" value="acl"/>
		<feat xlink:href="#sTok286" value="punct"/>
		<feat xlink:href="#sTok287" value="parataxis"/>
		<feat xlink:href="#sTok288" value="punct"/>
		<feat xlink:href="#sTok289" value="nsubj"/>
		<feat xlink:href="#sTok290" value="cop"/>
		<feat xlink:href="#sTok291" value="root"/>
		<feat xlink:href="#sTok292" value="case"/>
		<feat xlink:href="#sTok293" value="obl"/>
		<feat xlink:href="#sTok294" value="punct"/>
		<feat xlink:href="#sTok295" value="cc"/>
		<feat xlink:href="#sTok296" value="det"/>
		<feat xlink:href="#sTok297" value="nsubj"/>
		<feat xlink:href="#sTok298" value="conj"/>
		<feat xlink:href="#sTok299" value="obj"/>
		<feat xlink:href="#sTok300" value="xcomp"/>
		<feat xlink:href="#sTok301" value="obj"/>
		<feat xlink:href="#sTok302" value="case"/>
		<feat xlink:href="#sTok303" value="obl"/>
		<feat xlink:href="#sTok304" value="punct"/>
		<feat xlink:href="#sTok305" value="root"/>
		<feat xlink:href="#sTok306" value="nsubj"/>
		<feat xlink:href="#sTok307" value="aux:pass"/>
		<feat xlink:href="#sTok308" value="acl:relcl"/>
		<feat xlink:href="#sTok309" value="cc"/>
		<feat xlink:href="#sTok310" value="conj"/>
		<feat xlink:href="#sTok311" value="punct"/>
		<feat xlink:href="#sTok312" value="parataxis"/>
		<feat xlink:href="#sTok313" value="acl"/>
		<feat xlink:href="#sTok314" value="case"/>
		<feat xlink:href="#sTok315" value="obl"/>
		<feat xlink:href="#sTok316" value="punct"/>
		<feat xlink:href="#sTok317" value="det"/>
		<feat xlink:href="#sTok318" value="parataxis"/>
		<feat xlink:href="#sTok319" value="punct"/>
		<feat xlink:href="#sTok320" value="root"/>
		<feat xlink:href="#sTok321" value="case"/>
		<feat xlink:href="#sTok322" value="obl"/>
		<feat xlink:href="#sTok323" value="nsubj:pass"/>
		<feat xlink:href="#sTok324" value="aux:pass"/>
		<feat xlink:href="#sTok325" value="acl:relcl"/>
		<feat xlink:href="#sTok326" value="punct"/>
		<feat xlink:href="#sTok327" value="parataxis"/>
		<feat xlink:href="#sTok328" value="case"/>
		<feat xlink:href="#sTok329" value="nmod"/>
		<feat xlink:href="#sTok330" value="punct"/>
		<feat xlink:href="#sTok331" value="parataxis"/>
		<feat xlink:href="#sTok332" value="punct"/>
		<feat xlink:href="#sTok333" value="punct"/>
		<feat xlink:href="#sTok334" value="root"/>
		<feat xlink:href="#sTok335" value="punct"/>
		<feat xlink:href="#sTok336" value="root"/>
		<feat xlink:href="#sTok337" value="punct"/>
		<feat xlink:href="#sTok338" value="conj"/>
		<feat xlink:href="#sTok339" value="punct"/>
		<feat xlink:href="#sTok340" value="det"/>
		<feat xlink:href="#sTok341" value="root"/>
		<feat xlink:href="#sTok342" value="cc"/>
		<feat xlink:href="#sTok343" value="conj"/>
		<feat xlink:href="#sTok344" value="case"/>
		<feat xlink:href="#sTok345" value="nmod"/>
		<feat xlink:href="#sTok346" value="case"/>
		<feat xlink:href="#sTok347" value="obl"/>
		<feat xlink:href="#sTok348" value="nsubj:pass"/>
		<feat xlink:href="#sTok349" value="aux:pass"/>
		<feat xlink:href="#sTok350" value="acl:relcl"/>
		<feat xlink:href="#sTok351" value="punct"/>
		<feat xlink:href="#sTok352" value="amod"/>
		<feat xlink:href="#sTok353" value="parataxis"/>
		<feat xlink:href="#sTok354" value="cc"/>
		<feat xlink:href="#sTok355" value="conj"/>
		<feat xlink:href="#sTok356" value="punct"/>
		<feat xlink:href="#sTok357" value="punct"/>
		<feat xlink:href="#sTok358" value="root"/>
		<feat xlink:href="#sTok359" value="punct"/>
		<feat xlink:href="#sTok360" value="det"/>
		<feat xlink:href="#sTok361" value="root"/>
		<feat xlink:href="#sTok362" value="acl"/>
		<feat xlink:href="#sTok363" value="case"/>
		<feat xlink:href="#sTok364" value="det"/>
		<feat xlink:href="#sTok365" value="obl"/>
		<feat xlink:href="#sTok366" value="nsubj"/>
		<feat xlink:href="#sTok367" value="acl:relcl"/>
		<feat xlink:href="#sTok368" value="amod"/>
		<feat xlink:href="#sTok369" value="obj"/>
		<feat xlink:href="#sTok370" value="case"/>
		<feat xlink:href="#sTok371" value="det"/>
		<feat xlink:href="#sTok372" value="nmod"/>
		<feat xlink:href="#sTok373" value="mark"/>
		<feat xlink:href="#sTok374" value="acl"/>
		<feat xlink:href="#sTok375" value="case"/>
		<feat xlink:href="#sTok376" value="det"/>
		<feat xlink:href="#sTok377" value="obl"/>
		<feat xlink:href="#sTok378" value="case"/>
		<feat xlink:href="#sTok379" value="nmod"/>
		<feat xlink:href="#sTok380" value="punct"/>
		<feat xlink:href="#sTok381" value="nsubj"/>
		<feat xlink:href="#sTok382" value="root"/>
		<feat xlink:href="#sTok383" value="det"/>
		<feat xlink:href="#sTok384" value="obj"/>
		<feat xlink:href="#sTok385" value="case"/>
		<feat xlink:href="#sTok386" value="nmod:poss"/>
		<feat xlink:href="#sTok387" value="nmod:poss"/>
		<feat xlink:href="#sTok388" value="case"/>
		<feat xlink:href="#sTok389" value="obl"/>
		<feat xlink:href="#sTok390" value="punct"/>
		<feat xlink:href="#sTok391" value="punct"/>
		<feat xlink:href="#sTok392" value="root"/>
		<feat xlink:href="#sTok393" value="punct"/>
		<feat xlink:href="#sTok394" value="det"/>
		<feat xlink:href="#sTok395" value="root"/>
		<feat xlink:href="#sTok396" value="mark"/>
		<feat xlink:href="#sTok397" value="nsubj:pass"/>
		<feat xlink:href="#sTok398" value="cc"/>
		<feat xlink:href="#sTok399" value="conj"/>
		<feat xlink:href="#sTok400" value="aux:pass"/>
		<feat xlink:href="#sTok401" value="acl"/>
		<feat xlink:href="#sTok402" value="mark"/>
		<feat xlink:href="#sTok403" value="aux:pass"/>
		<feat xlink:href="#sTok404" value="advcl"/>
		<feat xlink:href="#sTok405" value="case"/>
		<feat xlink:href="#sTok406" value="det"/>
		<feat xlink:href="#sTok407" value="amod"/>
		<feat xlink:href="#sTok408" value="obl:agent"/>
		<feat xlink:href="#sTok409" value="punct"/>
		<feat xlink:href="#sTok410" value="det"/>
		<feat xlink:href="#sTok411" value="appos"/>
		<feat xlink:href="#sTok412" value="punct"/>
		<feat xlink:href="#sTok413" value="punct"/>
		<feat xlink:href="#sTok414" value="case"/>
		<feat xlink:href="#sTok415" value="det"/>
		<feat xlink:href="#sTok416" value="obl"/>
		<feat xlink:href="#sTok417" value="mark"/>
		<feat xlink:href="#sTok418" value="nsubj:pass"/>
		<feat xlink:href="#sTok419" value="aux"/>
		<feat xlink:href="#sTok420" value="aux:pass"/>
		<feat xlink:href="#sTok421" value="acl"/>
		<feat xlink:href="#sTok422" value="case"/>
		<feat xlink:href="#sTok423" value="det"/>
		<feat xlink:href="#sTok424" value="obl"/>
		<feat xlink:href="#sTok425" value="obl"/>
		<feat xlink:href="#sTok426" value="punct"/>
		<feat xlink:href="#sTok427" value="cc"/>
		<feat xlink:href="#sTok428" value="advmod"/>
		<feat xlink:href="#sTok429" value="conj"/>
		<feat xlink:href="#sTok430" value="case"/>
		<feat xlink:href="#sTok431" value="punct"/>
		<feat xlink:href="#sTok432" value="det"/>
		<feat xlink:href="#sTok433" value="amod"/>
		<feat xlink:href="#sTok434" value="obl"/>
		<feat xlink:href="#sTok435" value="punct"/>
		<feat xlink:href="#sTok436" value="case"/>
		<feat xlink:href="#sTok437" value="nmod"/>
		<feat xlink:href="#sTok438" value="punct"/>
		<feat xlink:href="#sTok439" value="parataxis"/>
		<feat xlink:href="#sTok440" value="mark"/>
		<feat xlink:href="#sTok441" value="aux:pass"/>
		<feat xlink:href="#sTok442" value="acl"/>
		<feat xlink:href="#sTok443" value="case"/>
		<feat xlink:href="#sTok444" value="det"/>
		<feat xlink:href="#sTok445" value="obl"/>
		<feat xlink:href="#sTok446" value="mark"/>
		<feat xlink:href="#sTok447" value="nsubj"/>
		<feat xlink:href="#sTok448" value="cc"/>
		<feat xlink:href="#sTok449" value="conj"/>
		<feat xlink:href="#sTok450" value="advcl"/>
		<feat xlink:href="#sTok451" value="obj"/>
		<feat xlink:href="#sTok452" value="punct"/>
		<feat xlink:href="#sTok453" value="det"/>
		<feat xlink:href="#sTok454" value="root"/>
		<feat xlink:href="#sTok455" value="case"/>
		<feat xlink:href="#sTok456" value="nmod"/>
		<feat xlink:href="#sTok457" value="cc"/>
		<feat xlink:href="#sTok458" value="conj"/>
		<feat xlink:href="#sTok459" value="acl"/>
		<feat xlink:href="#sTok460" value="case"/>
		<feat xlink:href="#sTok461" value="amod"/>
		<feat xlink:href="#sTok462" value="obl"/>
		<feat xlink:href="#sTok463" value="mark"/>
		<feat xlink:href="#sTok464" value="acl"/>
		<feat xlink:href="#sTok465" value="cc"/>
		<feat xlink:href="#sTok466" value="conj"/>
		<feat xlink:href="#sTok467" value="amod"/>
		<feat xlink:href="#sTok468" value="obj"/>
		<feat xlink:href="#sTok469" value="cc"/>
		<feat xlink:href="#sTok470" value="obj"/>
		<feat xlink:href="#sTok471" value="punct"/>
		<feat xlink:href="#sTok472" value="cc"/>
		<feat xlink:href="#sTok473" value="advcl"/>
		<feat xlink:href="#sTok474" value="case"/>
		<feat xlink:href="#sTok475" value="det"/>
		<feat xlink:href="#sTok476" value="amod"/>
		<feat xlink:href="#sTok477" value="obl:agent"/>
		<feat xlink:href="#sTok478" value="case"/>
		<feat xlink:href="#sTok479" value="nmod"/>
		<feat xlink:href="#sTok480" value="punct"/>
		<feat xlink:href="#sTok481" value="punct"/>
		<feat xlink:href="#sTok482" value="root"/>
		<feat xlink:href="#sTok483" value="punct"/>
		<feat xlink:href="#sTok484" value="root"/>
		<feat xlink:href="#sTok485" value="case"/>
		<feat xlink:href="#sTok486" value="det"/>
		<feat xlink:href="#sTok487" value="compound"/>
		<feat xlink:href="#sTok488" value="nmod"/>
		<feat xlink:href="#sTok489" value="case"/>
		<feat xlink:href="#sTok490" value="det"/>
		<feat xlink:href="#sTok491" value="nmod"/>
		<feat xlink:href="#sTok492" value="case"/>
		<feat xlink:href="#sTok493" value="det"/>
		<feat xlink:href="#sTok494" value="compound"/>
		<feat xlink:href="#sTok495" value="nmod"/>
		<feat xlink:href="#sTok496" value="punct"/>
		<feat xlink:href="#sTok497" value="root"/>
		<feat xlink:href="#sTok498" value="punct"/>
		<feat xlink:href="#sTok499" value="dep"/>
		<feat xlink:href="#sTok500" value="case"/>
		<feat xlink:href="#sTok501" value="det"/>
		<feat xlink:href="#sTok502" value="nmod"/>
		<feat xlink:href="#sTok503" value="cc"/>
		<feat xlink:href="#sTok504" value="conj"/>
		<feat xlink:href="#sTok505" value="punct"/>
		<feat xlink:href="#sTok506" value="root"/>
		<feat xlink:href="#sTok507" value="punct"/>
		<feat xlink:href="#sTok508" value="conj"/>
		<feat xlink:href="#sTok509" value="punct"/>
		<feat xlink:href="#sTok510" value="conj"/>
		<feat xlink:href="#sTok511" value="punct"/>
		<feat xlink:href="#sTok512" value="dep"/>
		<feat xlink:href="#sTok513" value="punct"/>
		<feat xlink:href="#sTok514" value="root"/>
		<feat xlink:href="#sTok515" value="punct"/>
		<feat xlink:href="#sTok516" value="conj"/>
		<feat xlink:href="#sTok517" value="root"/>
		<feat xlink:href="#sTok518" value="root"/>
		<feat xlink:href="#sTok519" value="root"/>
		<feat xlink:href="#sTok520" value="root"/>
		<feat xlink:href="#sTok521" value="root"/>
		<feat xlink:href="#sTok522" value="root"/>
		<feat xlink:href="#sTok523" value="root"/>
		<feat xlink:href="#sTok524" value="punct"/>
		<feat xlink:href="#sTok525" value="amod"/>
		<feat xlink:href="#sTok526" value="punct"/>
		<feat xlink:href="#sTok527" value="compound"/>
		<feat xlink:href="#sTok528" value="amod"/>
		<feat xlink:href="#sTok529" value="amod"/>
		<feat xlink:href="#sTok530" value="compound"/>
		<feat xlink:href="#sTok531" value="dep"/>
		<feat xlink:href="#sTok532" value="punct"/>
		<feat xlink:href="#sTok533" value="amod"/>
		<feat xlink:href="#sTok534" value="compound"/>
		<feat xlink:href="#sTok535" value="dep"/>
		<feat xlink:href="#sTok536" value="punct"/>
		<feat xlink:href="#sTok537" value="amod"/>
		<feat xlink:href="#sTok538" value="nsubj"/>
		<feat xlink:href="#sTok539" value="cc"/>
		<feat xlink:href="#sTok540" value="amod"/>
		<feat xlink:href="#sTok541" value="conj"/>
		<feat xlink:href="#sTok542" value="dep"/>
		<feat xlink:href="#sTok543" value="punct"/>
		<feat xlink:href="#sTok544" value="punct"/>
		<feat xlink:href="#sTok545" value="root"/>
		<feat xlink:href="#sTok546" value="punct"/>
		<feat xlink:href="#sTok547" value="mark"/>
		<feat xlink:href="#sTok548" value="root"/>
		<feat xlink:href="#sTok549" value="obj"/>
		<feat xlink:href="#sTok550" value="obl"/>
		<feat xlink:href="#sTok551" value="punct"/>
		<feat xlink:href="#sTok552" value="mark"/>
		<feat xlink:href="#sTok553" value="conj"/>
		<feat xlink:href="#sTok554" value="obl"/>
		<feat xlink:href="#sTok555" value="punct"/>
		<feat xlink:href="#sTok556" value="mark"/>
		<feat xlink:href="#sTok557" value="conj"/>
		<feat xlink:href="#sTok558" value="obl"/>
		<feat xlink:href="#sTok559" value="punct"/>
		<feat xlink:href="#sTok560" value="nsubj"/>
		<feat xlink:href="#sTok561" value="aux"/>
		<feat xlink:href="#sTok562" value="advmod"/>
		<feat xlink:href="#sTok563" value="root"/>
		<feat xlink:href="#sTok564" value="obj"/>
		<feat xlink:href="#sTok565" value="nsubj"/>
		<feat xlink:href="#sTok566" value="acl:relcl"/>
		<feat xlink:href="#sTok567" value="obj"/>
		<feat xlink:href="#sTok568" value="punct"/>
		<feat xlink:href="#sTok569" value="punct"/>
		<feat xlink:href="#sTok570" value="root"/>
		<feat xlink:href="#sTok571" value="punct"/>
		<feat xlink:href="#sTok572" value="case"/>
		<feat xlink:href="#sTok573" value="dep"/>
		<feat xlink:href="#sTok574" value="punct"/>
		<feat xlink:href="#sTok575" value="mark"/>
		<feat xlink:href="#sTok576" value="root"/>
		<feat xlink:href="#sTok577" value="obj"/>
		<feat xlink:href="#sTok578" value="obl"/>
		<feat xlink:href="#sTok579" value="punct"/>
		<feat xlink:href="#sTok580" value="mark"/>
		<feat xlink:href="#sTok581" value="parataxis"/>
		<feat xlink:href="#sTok582" value="obl"/>
		<feat xlink:href="#sTok583" value="case"/>
		<feat xlink:href="#sTok584" value="amod"/>
		<feat xlink:href="#sTok585" value="obl"/>
		<feat xlink:href="#sTok586" value="cc"/>
		<feat xlink:href="#sTok587" value="conj"/>
		<feat xlink:href="#sTok588" value="punct"/>
		<feat xlink:href="#sTok589" value="case"/>
		<feat xlink:href="#sTok590" value="obl"/>
		<feat xlink:href="#sTok591" value="nsubj"/>
		<feat xlink:href="#sTok592" value="root"/>
		<feat xlink:href="#sTok593" value="punct"/>
		<feat xlink:href="#sTok594" value="amod"/>
		<feat xlink:href="#sTok595" value="compound"/>
		<feat xlink:href="#sTok596" value="dep"/>
		<feat xlink:href="#sTok597" value="punct"/>
		<feat xlink:href="#sTok598" value="punct"/>
		<feat xlink:href="#sTok599" value="root"/>
		<feat xlink:href="#sTok600" value="punct"/>
		<feat xlink:href="#sTok601" value="mark"/>
		<feat xlink:href="#sTok602" value="root"/>
		<feat xlink:href="#sTok603" value="obj"/>
		<feat xlink:href="#sTok604" value="obl"/>
		<feat xlink:href="#sTok605" value="punct"/>
		<feat xlink:href="#sTok606" value="mark"/>
		<feat xlink:href="#sTok607" value="parataxis"/>
		<feat xlink:href="#sTok608" value="punct"/>
		<feat xlink:href="#sTok609" value="case"/>
		<feat xlink:href="#sTok610" value="parataxis"/>
		<feat xlink:href="#sTok611" value="punct"/>
		<feat xlink:href="#sTok612" value="punct"/>
		<feat xlink:href="#sTok613" value="root"/>
		<feat xlink:href="#sTok614" value="punct"/>
		<feat xlink:href="#sTok615" value="mark"/>
		<feat xlink:href="#sTok616" value="root"/>
		<feat xlink:href="#sTok617" value="advmod"/>
		<feat xlink:href="#sTok618" value="punct"/>
		<feat xlink:href="#sTok619" value="mark"/>
		<feat xlink:href="#sTok620" value="parataxis"/>
		<feat xlink:href="#sTok621" value="punct"/>
		<feat xlink:href="#sTok622" value="advmod"/>
		<feat xlink:href="#sTok623" value="case"/>
		<feat xlink:href="#sTok624" value="det"/>
		<feat xlink:href="#sTok625" value="obl"/>
		<feat xlink:href="#sTok626" value="cc"/>
		<feat xlink:href="#sTok627" value="amod"/>
		<feat xlink:href="#sTok628" value="conj"/>
		<feat xlink:href="#sTok629" value="case"/>
		<feat xlink:href="#sTok630" value="det"/>
		<feat xlink:href="#sTok631" value="obl"/>
		<feat xlink:href="#sTok632" value="punct"/>
		<feat xlink:href="#sTok633" value="nsubj"/>
		<feat xlink:href="#sTok634" value="root"/>
		<feat xlink:href="#sTok635" value="nsubj"/>
		<feat xlink:href="#sTok636" value="aux"/>
		<feat xlink:href="#sTok637" value="ccomp"/>
		<feat xlink:href="#sTok638" value="nmod:poss"/>
		<feat xlink:href="#sTok639" value="obj"/>
		<feat xlink:href="#sTok640" value="punct"/>
		<feat xlink:href="#sTok641" value="punct"/>
		<feat xlink:href="#sTok642" value="root"/>
		<feat xlink:href="#sTok643" value="punct"/>
		<feat xlink:href="#sTok644" value="mark"/>
		<feat xlink:href="#sTok645" value="root"/>
		<feat xlink:href="#sTok646" value="obj"/>
		<feat xlink:href="#sTok647" value="case"/>
		<feat xlink:href="#sTok648" value="det"/>
		<feat xlink:href="#sTok649" value="nmod"/>
		<feat xlink:href="#sTok650" value="mark"/>
		<feat xlink:href="#sTok651" value="advcl"/>
		<feat xlink:href="#sTok652" value="obj"/>
		<feat xlink:href="#sTok653" value="case"/>
		<feat xlink:href="#sTok654" value="obl"/>
		<feat xlink:href="#sTok655" value="punct"/>
		<feat xlink:href="#sTok656" value="punct"/>
		<feat xlink:href="#sTok657" value="root"/>
		<feat xlink:href="#sTok658" value="punct"/>
		<feat xlink:href="#sTok659" value="mark"/>
		<feat xlink:href="#sTok660" value="root"/>
		<feat xlink:href="#sTok661" value="punct"/>
		<feat xlink:href="#sTok662" value="case"/>
		<feat xlink:href="#sTok663" value="case"/>
		<feat xlink:href="#sTok664" value="nmod:poss"/>
		<feat xlink:href="#sTok665" value="case"/>
		<feat xlink:href="#sTok666" value="obl"/>
		<feat xlink:href="#sTok667" value="punct"/>
		<feat xlink:href="#sTok668" value="mark"/>
		<feat xlink:href="#sTok669" value="parataxis"/>
		<feat xlink:href="#sTok670" value="punct"/>
		<feat xlink:href="#sTok671" value="punct"/>
		<feat xlink:href="#sTok672" value="root"/>
		<feat xlink:href="#sTok673" value="punct"/>
		<feat xlink:href="#sTok674" value="mark"/>
		<feat xlink:href="#sTok675" value="root"/>
		<feat xlink:href="#sTok676" value="obj"/>
		<feat xlink:href="#sTok677" value="obl"/>
		<feat xlink:href="#sTok678" value="punct"/>
		<feat xlink:href="#sTok679" value="mark"/>
		<feat xlink:href="#sTok680" value="parataxis"/>
		<feat xlink:href="#sTok681" value="obl"/>
		<feat xlink:href="#sTok682" value="case"/>
		<feat xlink:href="#sTok683" value="obl"/>
		<feat xlink:href="#sTok684" value="punct"/>
		<feat xlink:href="#sTok685" value="cc"/>
		<feat xlink:href="#sTok686" value="case"/>
		<feat xlink:href="#sTok687" value="conj"/>
		<feat xlink:href="#sTok688" value="case"/>
		<feat xlink:href="#sTok689" value="amod"/>
		<feat xlink:href="#sTok690" value="nmod"/>
		<feat xlink:href="#sTok691" value="punct"/>
		<feat xlink:href="#sTok692" value="nsubj"/>
		<feat xlink:href="#sTok693" value="cc"/>
		<feat xlink:href="#sTok694" value="conj"/>
		<feat xlink:href="#sTok695" value="root"/>
		<feat xlink:href="#sTok696" value="nmod:poss"/>
		<feat xlink:href="#sTok697" value="obj"/>
		<feat xlink:href="#sTok698" value="advmod"/>
		<feat xlink:href="#sTok699" value="case"/>
		<feat xlink:href="#sTok700" value="obl"/>
		<feat xlink:href="#sTok701" value="punct"/>
		<feat xlink:href="#sTok702" value="punct"/>
		<feat xlink:href="#sTok703" value="root"/>
		<feat xlink:href="#sTok704" value="parataxis"/>
		<feat xlink:href="#sTok705" value="case"/>
		<feat xlink:href="#sTok706" value="obl:agent"/>
		<feat xlink:href="#sTok707" value="mark"/>
		<feat xlink:href="#sTok708" value="root"/>
		<feat xlink:href="#sTok709" value="case"/>
		<feat xlink:href="#sTok710" value="punct"/>
		<feat xlink:href="#sTok711" value="obl"/>
		<feat xlink:href="#sTok712" value="punct"/>
		<feat xlink:href="#sTok713" value="punct"/>
		<feat xlink:href="#sTok714" value="mark"/>
		<feat xlink:href="#sTok715" value="fixed"/>
		<feat xlink:href="#sTok716" value="advcl"/>
		<feat xlink:href="#sTok717" value="obj"/>
		<feat xlink:href="#sTok718" value="punct"/>
		<feat xlink:href="#sTok719" value="case"/>
		<feat xlink:href="#sTok720" value="obl"/>
		<feat xlink:href="#sTok721" value="punct"/>
		<feat xlink:href="#sTok722" value="punct"/>
		<feat xlink:href="#sTok723" value="mark"/>
		<feat xlink:href="#sTok724" value="root"/>
		<feat xlink:href="#sTok725" value="case"/>
		<feat xlink:href="#sTok726" value="obl"/>
		<feat xlink:href="#sTok727" value="aux"/>
		<feat xlink:href="#sTok728" value="advcl"/>
		<feat xlink:href="#sTok729" value="det"/>
		<feat xlink:href="#sTok730" value="obj"/>
		<feat xlink:href="#sTok731" value="punct"/>
		<feat xlink:href="#sTok732" value="nsubj"/>
		<feat xlink:href="#sTok733" value="root"/>
		<feat xlink:href="#sTok734" value="mark"/>
		<feat xlink:href="#sTok735" value="xcomp"/>
		<feat xlink:href="#sTok736" value="case"/>
		<feat xlink:href="#sTok737" value="nmod:poss"/>
		<feat xlink:href="#sTok738" value="obl"/>
		<feat xlink:href="#sTok739" value="case"/>
		<feat xlink:href="#sTok740" value="amod"/>
		<feat xlink:href="#sTok741" value="obl"/>
		<feat xlink:href="#sTok742" value="punct"/>
		<feat xlink:href="#sTok743" value="punct"/>
		<feat xlink:href="#sTok744" value="root"/>
		<feat xlink:href="#sTok745" value="punct"/>
		<feat xlink:href="#sTok746" value="parataxis"/>
		<feat xlink:href="#sTok747" value="mark"/>
		<feat xlink:href="#sTok748" value="root"/>
		<feat xlink:href="#sTok749" value="punct"/>
		<feat xlink:href="#sTok750" value="mark"/>
		<feat xlink:href="#sTok751" value="parataxis"/>
		<feat xlink:href="#sTok752" value="advmod"/>
		<feat xlink:href="#sTok753" value="punct"/>
		<feat xlink:href="#sTok754" value="punct"/>
		<feat xlink:href="#sTok755" value="root"/>
		<feat xlink:href="#sTok756" value="punct"/>
		<feat xlink:href="#sTok757" value="mark"/>
		<feat xlink:href="#sTok758" value="root"/>
		<feat xlink:href="#sTok759" value="obj"/>
		<feat xlink:href="#sTok760" value="punct"/>
		<feat xlink:href="#sTok761" value="mark"/>
		<feat xlink:href="#sTok762" value="cop"/>
		<feat xlink:href="#sTok763" value="parataxis"/>
		<feat xlink:href="#sTok764" value="punct"/>
		<feat xlink:href="#sTok765" value="mark"/>
		<feat xlink:href="#sTok766" value="aux:pass"/>
		<feat xlink:href="#sTok767" value="parataxis"/>
		<feat xlink:href="#sTok768" value="case"/>
		<feat xlink:href="#sTok769" value="obl"/>
		<feat xlink:href="#sTok770" value="punct"/>
		<feat xlink:href="#sTok771" value="mark"/>
		<feat xlink:href="#sTok772" value="parataxis"/>
		<feat xlink:href="#sTok773" value="punct"/>
		<feat xlink:href="#sTok774" value="punct"/>
		<feat xlink:href="#sTok775" value="root"/>
		<feat xlink:href="#sTok776" value="punct"/>
		<feat xlink:href="#sTok777" value="parataxis"/>
		<feat xlink:href="#sTok778" value="mark"/>
		<feat xlink:href="#sTok779" value="root"/>
		<feat xlink:href="#sTok780" value="cc"/>
		<feat xlink:href="#sTok781" value="conj"/>
		<feat xlink:href="#sTok782" value="obj"/>
		<feat xlink:href="#sTok783" value="case"/>
		<feat xlink:href="#sTok784" value="obl"/>
		<feat xlink:href="#sTok785" value="case"/>
		<feat xlink:href="#sTok786" value="det"/>
		<feat xlink:href="#sTok787" value="obl"/>
		<feat xlink:href="#sTok788" value="case"/>
		<feat xlink:href="#sTok789" value="nmod"/>
		<feat xlink:href="#sTok790" value="punct"/>
		<feat xlink:href="#sTok791" value="mark"/>
		<feat xlink:href="#sTok792" value="parataxis"/>
		<feat xlink:href="#sTok793" value="obj"/>
		<feat xlink:href="#sTok794" value="punct"/>
		<feat xlink:href="#sTok795" value="root"/>
		<feat xlink:href="#sTok796" value="root"/>
		<feat xlink:href="#sTok797" value="root"/>
		<feat xlink:href="#sTok798" value="root"/>
		<feat xlink:href="#sTok799" value="root"/>
		<feat xlink:href="#sTok800" value="punct"/>
		<feat xlink:href="#sTok801" value="dep"/>
		<feat xlink:href="#sTok802" value="amod"/>
		<feat xlink:href="#sTok803" value="dep"/>
		<feat xlink:href="#sTok804" value="punct"/>
		<feat xlink:href="#sTok805" value="dep"/>
		<feat xlink:href="#sTok806" value="amod"/>
		<feat xlink:href="#sTok807" value="dep"/>
		<feat xlink:href="#sTok808" value="punct"/>
		<feat xlink:href="#sTok809" value="punct"/>
		<feat xlink:href="#sTok810" value="root"/>
		<feat xlink:href="#sTok811" value="punct"/>
		<feat xlink:href="#sTok812" value="root"/>
		<feat xlink:href="#sTok813" value="punct"/>
		<feat xlink:href="#sTok814" value="conj"/>
		<feat xlink:href="#sTok815" value="punct"/>
		<feat xlink:href="#sTok816" value="punct"/>
		<feat xlink:href="#sTok817" value="root"/>
		<feat xlink:href="#sTok818" value="punct"/>
		<feat xlink:href="#sTok819" value="root"/>
		<feat xlink:href="#sTok820" value="punct"/>
		<feat xlink:href="#sTok821" value="conj"/>
		<feat xlink:href="#sTok822" value="punct"/>
		<feat xlink:href="#sTok823" value="punct"/>
		<feat xlink:href="#sTok824" value="root"/>
		<feat xlink:href="#sTok825" value="punct"/>
		<feat xlink:href="#sTok826" value="root"/>
		<feat xlink:href="#sTok827" value="cc"/>
		<feat xlink:href="#sTok828" value="conj"/>
		<feat xlink:href="#sTok829" value="case"/>
		<feat xlink:href="#sTok830" value="det"/>
		<feat xlink:href="#sTok831" value="obl"/>
		<feat xlink:href="#sTok832" value="punct"/></featList></paula>