<?xml version='1.0' encoding='UTF-8'?><!DOCTYPE paula SYSTEM "paula_feat.dtd">
<paula version="1.1">
	<header paula_id="GENTLE_dictionary_trust.tok_upos"/>
	<featList xmlns:xlink="http://www.w3.org/1999/xlink" type="upos" xml:base="GENTLE_dictionary_trust.tok.xml">
		<feat xlink:href="#sTok1" value="NOUN"/>
		<feat xlink:href="#sTok2" value="PROPN"/>
		<feat xlink:href="#sTok3" value="NOUN"/>
		<feat xlink:href="#sTok4" value="ADP"/>
		<feat xlink:href="#sTok5" value="PROPN"/>
		<feat xlink:href="#sTok6" value="ADJ"/>
		<feat xlink:href="#sTok7" value="NOUN"/>
		<feat xlink:href="#sTok8" value="PUNCT"/>
		<feat xlink:href="#sTok9" value="PUNCT"/>
		<feat xlink:href="#sTok10" value="NOUN"/>
		<feat xlink:href="#sTok11" value="PUNCT"/>
		<feat xlink:href="#sTok12" value="NOUN"/>
		<feat xlink:href="#sTok13" value="PUNCT"/>
		<feat xlink:href="#sTok14" value="PUNCT"/>
		<feat xlink:href="#sTok15" value="PUNCT"/>
		<feat xlink:href="#sTok16" value="ADV"/>
		<feat xlink:href="#sTok17" value="VERB"/>
		<feat xlink:href="#sTok18" value="DET"/>
		<feat xlink:href="#sTok19" value="NOUN"/>
		<feat xlink:href="#sTok20" value="ADP"/>
		<feat xlink:href="#sTok21" value="ADJ"/>
		<feat xlink:href="#sTok22" value="PROPN"/>
		<feat xlink:href="#sTok23" value="X"/>
		<feat xlink:href="#sTok24" value="PUNCT"/>
		<feat xlink:href="#sTok25" value="PUNCT"/>
		<feat xlink:href="#sTok26" value="NOUN"/>
		<feat xlink:href="#sTok27" value="PUNCT"/>
		<feat xlink:href="#sTok28" value="NOUN"/>
		<feat xlink:href="#sTok29" value="PUNCT"/>
		<feat xlink:href="#sTok30" value="NOUN"/>
		<feat xlink:href="#sTok31" value="PUNCT"/>
		<feat xlink:href="#sTok32" value="PUNCT"/>
		<feat xlink:href="#sTok33" value="PUNCT"/>
		<feat xlink:href="#sTok34" value="PRON"/>
		<feat xlink:href="#sTok35" value="ADP"/>
		<feat xlink:href="#sTok36" value="ADJ"/>
		<feat xlink:href="#sTok37" value="PUNCT"/>
		<feat xlink:href="#sTok38" value="PROPN"/>
		<feat xlink:href="#sTok39" value="X"/>
		<feat xlink:href="#sTok40" value="PUNCT"/>
		<feat xlink:href="#sTok41" value="CCONJ"/>
		<feat xlink:href="#sTok42" value="DET"/>
		<feat xlink:href="#sTok43" value="NOUN"/>
		<feat xlink:href="#sTok44" value="NOUN"/>
		<feat xlink:href="#sTok45" value="AUX"/>
		<feat xlink:href="#sTok46" value="ADJ"/>
		<feat xlink:href="#sTok47" value="PUNCT"/>
		<feat xlink:href="#sTok48" value="CCONJ"/>
		<feat xlink:href="#sTok49" value="ADV"/>
		<feat xlink:href="#sTok50" value="PRON"/>
		<feat xlink:href="#sTok51" value="AUX"/>
		<feat xlink:href="#sTok52" value="VERB"/>
		<feat xlink:href="#sTok53" value="DET"/>
		<feat xlink:href="#sTok54" value="NOUN"/>
		<feat xlink:href="#sTok55" value="ADP"/>
		<feat xlink:href="#sTok56" value="DET"/>
		<feat xlink:href="#sTok57" value="ADJ"/>
		<feat xlink:href="#sTok58" value="ADJ"/>
		<feat xlink:href="#sTok59" value="PROPN"/>
		<feat xlink:href="#sTok60" value="X"/>
		<feat xlink:href="#sTok61" value="PUNCT"/>
		<feat xlink:href="#sTok62" value="ADP"/>
		<feat xlink:href="#sTok63" value="DET"/>
		<feat xlink:href="#sTok64" value="ADJ"/>
		<feat xlink:href="#sTok65" value="NUM"/>
		<feat xlink:href="#sTok66" value="PUNCT"/>
		<feat xlink:href="#sTok67" value="NOUN"/>
		<feat xlink:href="#sTok68" value="ADJ"/>
		<feat xlink:href="#sTok69" value="PUNCT"/>
		<feat xlink:href="#sTok70" value="ADJ"/>
		<feat xlink:href="#sTok71" value="NOUN"/>
		<feat xlink:href="#sTok72" value="ADP"/>
		<feat xlink:href="#sTok73" value="DET"/>
		<feat xlink:href="#sTok74" value="ADJ"/>
		<feat xlink:href="#sTok75" value="NOUN"/>
		<feat xlink:href="#sTok76" value="ADV"/>
		<feat xlink:href="#sTok77" value="VERB"/>
		<feat xlink:href="#sTok78" value="ADP"/>
		<feat xlink:href="#sTok79" value="ADJ"/>
		<feat xlink:href="#sTok80" value="ADJ"/>
		<feat xlink:href="#sTok81" value="PROPN"/>
		<feat xlink:href="#sTok82" value="X"/>
		<feat xlink:href="#sTok83" value="PUNCT"/>
		<feat xlink:href="#sTok84" value="PUNCT"/>
		<feat xlink:href="#sTok85" value="NOUN"/>
		<feat xlink:href="#sTok86" value="PUNCT"/>
		<feat xlink:href="#sTok87" value="PUNCT"/>
		<feat xlink:href="#sTok88" value="PUNCT"/>
		<feat xlink:href="#sTok89" value="ADV"/>
		<feat xlink:href="#sTok90" value="ADP"/>
		<feat xlink:href="#sTok91" value="PROPN"/>
		<feat xlink:href="#sTok92" value="PUNCT"/>
		<feat xlink:href="#sTok93" value="PROPN"/>
		<feat xlink:href="#sTok94" value="PUNCT"/>
		<feat xlink:href="#sTok95" value="PROPN"/>
		<feat xlink:href="#sTok96" value="X"/>
		<feat xlink:href="#sTok97" value="PUNCT"/>
		<feat xlink:href="#sTok98" value="AUX"/>
		<feat xlink:href="#sTok99" value="ADJ"/>
		<feat xlink:href="#sTok100" value="PUNCT"/>
		<feat xlink:href="#sTok101" value="ADJ"/>
		<feat xlink:href="#sTok102" value="PUNCT"/>
		<feat xlink:href="#sTok103" value="ADJ"/>
		<feat xlink:href="#sTok104" value="PUNCT"/>
		<feat xlink:href="#sTok105" value="PUNCT"/>
		<feat xlink:href="#sTok106" value="PUNCT"/>
		<feat xlink:href="#sTok107" value="ADJ"/>
		<feat xlink:href="#sTok108" value="ADP"/>
		<feat xlink:href="#sTok109" value="ADJ"/>
		<feat xlink:href="#sTok110" value="X"/>
		<feat xlink:href="#sTok111" value="PUNCT"/>
		<feat xlink:href="#sTok112" value="PUNCT"/>
		<feat xlink:href="#sTok113" value="NOUN"/>
		<feat xlink:href="#sTok114" value="PUNCT"/>
		<feat xlink:href="#sTok115" value="NOUN"/>
		<feat xlink:href="#sTok116" value="PUNCT"/>
		<feat xlink:href="#sTok117" value="PUNCT"/>
		<feat xlink:href="#sTok118" value="PUNCT"/>
		<feat xlink:href="#sTok119" value="PROPN"/>
		<feat xlink:href="#sTok120" value="PROPN"/>
		<feat xlink:href="#sTok121" value="X"/>
		<feat xlink:href="#sTok122" value="PUNCT"/>
		<feat xlink:href="#sTok123" value="PUNCT"/>
		<feat xlink:href="#sTok124" value="NOUN"/>
		<feat xlink:href="#sTok125" value="PUNCT"/>
		<feat xlink:href="#sTok126" value="NOUN"/>
		<feat xlink:href="#sTok127" value="PUNCT"/>
		<feat xlink:href="#sTok128" value="PUNCT"/>
		<feat xlink:href="#sTok129" value="PUNCT"/>
		<feat xlink:href="#sTok130" value="PROPN"/>
		<feat xlink:href="#sTok131" value="PROPN"/>
		<feat xlink:href="#sTok132" value="X"/>
		<feat xlink:href="#sTok133" value="PUNCT"/>
		<feat xlink:href="#sTok134" value="PUNCT"/>
		<feat xlink:href="#sTok135" value="NOUN"/>
		<feat xlink:href="#sTok136" value="PUNCT"/>
		<feat xlink:href="#sTok137" value="NOUN"/>
		<feat xlink:href="#sTok138" value="PUNCT"/>
		<feat xlink:href="#sTok139" value="PUNCT"/>
		<feat xlink:href="#sTok140" value="PUNCT"/>
		<feat xlink:href="#sTok141" value="PROPN"/>
		<feat xlink:href="#sTok142" value="X"/>
		<feat xlink:href="#sTok143" value="PUNCT"/>
		<feat xlink:href="#sTok144" value="PUNCT"/>
		<feat xlink:href="#sTok145" value="NOUN"/>
		<feat xlink:href="#sTok146" value="PUNCT"/>
		<feat xlink:href="#sTok147" value="NOUN"/>
		<feat xlink:href="#sTok148" value="PUNCT"/>
		<feat xlink:href="#sTok149" value="PUNCT"/>
		<feat xlink:href="#sTok150" value="PUNCT"/>
		<feat xlink:href="#sTok151" value="PROPN"/>
		<feat xlink:href="#sTok152" value="X"/>
		<feat xlink:href="#sTok153" value="PUNCT"/>
		<feat xlink:href="#sTok154" value="PUNCT"/>
		<feat xlink:href="#sTok155" value="NOUN"/>
		<feat xlink:href="#sTok156" value="PUNCT"/>
		<feat xlink:href="#sTok157" value="NOUN"/>
		<feat xlink:href="#sTok158" value="PUNCT"/>
		<feat xlink:href="#sTok159" value="PUNCT"/>
		<feat xlink:href="#sTok160" value="PUNCT"/>
		<feat xlink:href="#sTok161" value="ADJ"/>
		<feat xlink:href="#sTok162" value="X"/>
		<feat xlink:href="#sTok163" value="PUNCT"/>
		<feat xlink:href="#sTok164" value="X"/>
		<feat xlink:href="#sTok165" value="PUNCT"/>
		<feat xlink:href="#sTok166" value="PUNCT"/>
		<feat xlink:href="#sTok167" value="NOUN"/>
		<feat xlink:href="#sTok168" value="PUNCT"/>
		<feat xlink:href="#sTok169" value="NOUN"/>
		<feat xlink:href="#sTok170" value="PUNCT"/>
		<feat xlink:href="#sTok171" value="PUNCT"/>
		<feat xlink:href="#sTok172" value="PUNCT"/>
		<feat xlink:href="#sTok173" value="NOUN"/>
		<feat xlink:href="#sTok174" value="ADP"/>
		<feat xlink:href="#sTok175" value="NOUN"/>
		<feat xlink:href="#sTok176" value="PUNCT"/>
		<feat xlink:href="#sTok177" value="ADJ"/>
		<feat xlink:href="#sTok178" value="ADP"/>
		<feat xlink:href="#sTok179" value="ADJ"/>
		<feat xlink:href="#sTok180" value="PUNCT"/>
		<feat xlink:href="#sTok181" value="NOUN"/>
		<feat xlink:href="#sTok182" value="PUNCT"/>
		<feat xlink:href="#sTok183" value="NOUN"/>
		<feat xlink:href="#sTok184" value="PROPN"/>
		<feat xlink:href="#sTok185" value="PUNCT"/>
		<feat xlink:href="#sTok186" value="NOUN"/>
		<feat xlink:href="#sTok187" value="PUNCT"/>
		<feat xlink:href="#sTok188" value="PROPN"/>
		<feat xlink:href="#sTok189" value="PUNCT"/>
		<feat xlink:href="#sTok190" value="NOUN"/>
		<feat xlink:href="#sTok191" value="PUNCT"/>
		<feat xlink:href="#sTok192" value="PUNCT"/>
		<feat xlink:href="#sTok193" value="NOUN"/>
		<feat xlink:href="#sTok194" value="PUNCT"/>
		<feat xlink:href="#sTok195" value="NOUN"/>
		<feat xlink:href="#sTok196" value="PUNCT"/>
		<feat xlink:href="#sTok197" value="NOUN"/>
		<feat xlink:href="#sTok198" value="PUNCT"/>
		<feat xlink:href="#sTok199" value="NOUN"/>
		<feat xlink:href="#sTok200" value="PUNCT"/>
		<feat xlink:href="#sTok201" value="ADJ"/>
		<feat xlink:href="#sTok202" value="PROPN"/>
		<feat xlink:href="#sTok203" value="PUNCT"/>
		<feat xlink:href="#sTok204" value="PROPN"/>
		<feat xlink:href="#sTok205" value="PUNCT"/>
		<feat xlink:href="#sTok206" value="NOUN"/>
		<feat xlink:href="#sTok207" value="PUNCT"/>
		<feat xlink:href="#sTok208" value="PUNCT"/>
		<feat xlink:href="#sTok209" value="NOUN"/>
		<feat xlink:href="#sTok210" value="NOUN"/>
		<feat xlink:href="#sTok211" value="PUNCT"/>
		<feat xlink:href="#sTok212" value="PROPN"/>
		<feat xlink:href="#sTok213" value="PUNCT"/>
		<feat xlink:href="#sTok214" value="NOUN"/>
		<feat xlink:href="#sTok215" value="PUNCT"/>
		<feat xlink:href="#sTok216" value="NOUN"/>
		<feat xlink:href="#sTok217" value="NOUN"/>
		<feat xlink:href="#sTok218" value="NOUN"/>
		<feat xlink:href="#sTok219" value="PUNCT"/>
		<feat xlink:href="#sTok220" value="ADJ"/>
		<feat xlink:href="#sTok221" value="CCONJ"/>
		<feat xlink:href="#sTok222" value="ADJ"/>
		<feat xlink:href="#sTok223" value="PUNCT"/>
		<feat xlink:href="#sTok224" value="ADJ"/>
		<feat xlink:href="#sTok225" value="NOUN"/>
		<feat xlink:href="#sTok226" value="PUNCT"/>
		<feat xlink:href="#sTok227" value="NOUN"/>
		<feat xlink:href="#sTok228" value="ADP"/>
		<feat xlink:href="#sTok229" value="CCONJ"/>
		<feat xlink:href="#sTok230" value="NOUN"/>
		<feat xlink:href="#sTok231" value="ADP"/>
		<feat xlink:href="#sTok232" value="DET"/>
		<feat xlink:href="#sTok233" value="NOUN"/>
		<feat xlink:href="#sTok234" value="CCONJ"/>
		<feat xlink:href="#sTok235" value="NOUN"/>
		<feat xlink:href="#sTok236" value="PUNCT"/>
		<feat xlink:href="#sTok237" value="PRON"/>
		<feat xlink:href="#sTok238" value="VERB"/>
		<feat xlink:href="#sTok239" value="PART"/>
		<feat xlink:href="#sTok240" value="VERB"/>
		<feat xlink:href="#sTok241" value="PRON"/>
		<feat xlink:href="#sTok242" value="NOUN"/>
		<feat xlink:href="#sTok243" value="SCONJ"/>
		<feat xlink:href="#sTok244" value="PRON"/>
		<feat xlink:href="#sTok245" value="AUX"/>
		<feat xlink:href="#sTok246" value="ADV"/>
		<feat xlink:href="#sTok247" value="VERB"/>
		<feat xlink:href="#sTok248" value="PART"/>
		<feat xlink:href="#sTok249" value="VERB"/>
		<feat xlink:href="#sTok250" value="PRON"/>
		<feat xlink:href="#sTok251" value="ADV"/>
		<feat xlink:href="#sTok252" value="PUNCT"/>
		<feat xlink:href="#sTok253" value="PART"/>
		<feat xlink:href="#sTok254" value="VERB"/>
		<feat xlink:href="#sTok255" value="NOUN"/>
		<feat xlink:href="#sTok256" value="ADP"/>
		<feat xlink:href="#sTok257" value="PRON"/>
		<feat xlink:href="#sTok258" value="VERB"/>
		<feat xlink:href="#sTok259" value="ADP"/>
		<feat xlink:href="#sTok260" value="NOUN"/>
		<feat xlink:href="#sTok261" value="DET"/>
		<feat xlink:href="#sTok262" value="NOUN"/>
		<feat xlink:href="#sTok263" value="VERB"/>
		<feat xlink:href="#sTok264" value="ADP"/>
		<feat xlink:href="#sTok265" value="ADJ"/>
		<feat xlink:href="#sTok266" value="NOUN"/>
		<feat xlink:href="#sTok267" value="NOUN"/>
		<feat xlink:href="#sTok268" value="ADP"/>
		<feat xlink:href="#sTok269" value="PRON"/>
		<feat xlink:href="#sTok270" value="ADP"/>
		<feat xlink:href="#sTok271" value="DET"/>
		<feat xlink:href="#sTok272" value="NOUN"/>
		<feat xlink:href="#sTok273" value="PUNCT"/>
		<feat xlink:href="#sTok274" value="NOUN"/>
		<feat xlink:href="#sTok275" value="PUNCT"/>
		<feat xlink:href="#sTok276" value="NOUN"/>
		<feat xlink:href="#sTok277" value="ADP"/>
		<feat xlink:href="#sTok278" value="DET"/>
		<feat xlink:href="#sTok279" value="ADJ"/>
		<feat xlink:href="#sTok280" value="NOUN"/>
		<feat xlink:href="#sTok281" value="ADP"/>
		<feat xlink:href="#sTok282" value="NOUN"/>
		<feat xlink:href="#sTok283" value="CCONJ"/>
		<feat xlink:href="#sTok284" value="NOUN"/>
		<feat xlink:href="#sTok285" value="VERB"/>
		<feat xlink:href="#sTok286" value="PUNCT"/>
		<feat xlink:href="#sTok287" value="NOUN"/>
		<feat xlink:href="#sTok288" value="PUNCT"/>
		<feat xlink:href="#sTok289" value="PRON"/>
		<feat xlink:href="#sTok290" value="AUX"/>
		<feat xlink:href="#sTok291" value="ADP"/>
		<feat xlink:href="#sTok292" value="ADP"/>
		<feat xlink:href="#sTok293" value="NOUN"/>
		<feat xlink:href="#sTok294" value="PUNCT"/>
		<feat xlink:href="#sTok295" value="CCONJ"/>
		<feat xlink:href="#sTok296" value="DET"/>
		<feat xlink:href="#sTok297" value="NOUN"/>
		<feat xlink:href="#sTok298" value="VERB"/>
		<feat xlink:href="#sTok299" value="PRON"/>
		<feat xlink:href="#sTok300" value="VERB"/>
		<feat xlink:href="#sTok301" value="PRON"/>
		<feat xlink:href="#sTok302" value="ADP"/>
		<feat xlink:href="#sTok303" value="NOUN"/>
		<feat xlink:href="#sTok304" value="PUNCT"/>
		<feat xlink:href="#sTok305" value="PRON"/>
		<feat xlink:href="#sTok306" value="PRON"/>
		<feat xlink:href="#sTok307" value="AUX"/>
		<feat xlink:href="#sTok308" value="VERB"/>
		<feat xlink:href="#sTok309" value="CCONJ"/>
		<feat xlink:href="#sTok310" value="VERB"/>
		<feat xlink:href="#sTok311" value="PUNCT"/>
		<feat xlink:href="#sTok312" value="PRON"/>
		<feat xlink:href="#sTok313" value="VERB"/>
		<feat xlink:href="#sTok314" value="ADP"/>
		<feat xlink:href="#sTok315" value="NOUN"/>
		<feat xlink:href="#sTok316" value="PUNCT"/>
		<feat xlink:href="#sTok317" value="DET"/>
		<feat xlink:href="#sTok318" value="NOUN"/>
		<feat xlink:href="#sTok319" value="PUNCT"/>
		<feat xlink:href="#sTok320" value="PRON"/>
		<feat xlink:href="#sTok321" value="ADP"/>
		<feat xlink:href="#sTok322" value="PRON"/>
		<feat xlink:href="#sTok323" value="NOUN"/>
		<feat xlink:href="#sTok324" value="AUX"/>
		<feat xlink:href="#sTok325" value="VERB"/>
		<feat xlink:href="#sTok326" value="PUNCT"/>
		<feat xlink:href="#sTok327" value="NOUN"/>
		<feat xlink:href="#sTok328" value="ADP"/>
		<feat xlink:href="#sTok329" value="NOUN"/>
		<feat xlink:href="#sTok330" value="PUNCT"/>
		<feat xlink:href="#sTok331" value="NOUN"/>
		<feat xlink:href="#sTok332" value="PUNCT"/>
		<feat xlink:href="#sTok333" value="PUNCT"/>
		<feat xlink:href="#sTok334" value="ADJ"/>
		<feat xlink:href="#sTok335" value="PUNCT"/>
		<feat xlink:href="#sTok336" value="NOUN"/>
		<feat xlink:href="#sTok337" value="PUNCT"/>
		<feat xlink:href="#sTok338" value="NOUN"/>
		<feat xlink:href="#sTok339" value="PUNCT"/>
		<feat xlink:href="#sTok340" value="DET"/>
		<feat xlink:href="#sTok341" value="NOUN"/>
		<feat xlink:href="#sTok342" value="CCONJ"/>
		<feat xlink:href="#sTok343" value="NOUN"/>
		<feat xlink:href="#sTok344" value="ADP"/>
		<feat xlink:href="#sTok345" value="NUM"/>
		<feat xlink:href="#sTok346" value="ADP"/>
		<feat xlink:href="#sTok347" value="PRON"/>
		<feat xlink:href="#sTok348" value="PRON"/>
		<feat xlink:href="#sTok349" value="AUX"/>
		<feat xlink:href="#sTok350" value="VERB"/>
		<feat xlink:href="#sTok351" value="PUNCT"/>
		<feat xlink:href="#sTok352" value="ADJ"/>
		<feat xlink:href="#sTok353" value="NOUN"/>
		<feat xlink:href="#sTok354" value="CCONJ"/>
		<feat xlink:href="#sTok355" value="NOUN"/>
		<feat xlink:href="#sTok356" value="PUNCT"/>
		<feat xlink:href="#sTok357" value="PUNCT"/>
		<feat xlink:href="#sTok358" value="NOUN"/>
		<feat xlink:href="#sTok359" value="PUNCT"/>
		<feat xlink:href="#sTok360" value="DET"/>
		<feat xlink:href="#sTok361" value="NOUN"/>
		<feat xlink:href="#sTok362" value="VERB"/>
		<feat xlink:href="#sTok363" value="ADP"/>
		<feat xlink:href="#sTok364" value="DET"/>
		<feat xlink:href="#sTok365" value="NOUN"/>
		<feat xlink:href="#sTok366" value="PRON"/>
		<feat xlink:href="#sTok367" value="VERB"/>
		<feat xlink:href="#sTok368" value="ADJ"/>
		<feat xlink:href="#sTok369" value="NOUN"/>
		<feat xlink:href="#sTok370" value="ADP"/>
		<feat xlink:href="#sTok371" value="DET"/>
		<feat xlink:href="#sTok372" value="NOUN"/>
		<feat xlink:href="#sTok373" value="PART"/>
		<feat xlink:href="#sTok374" value="VERB"/>
		<feat xlink:href="#sTok375" value="ADP"/>
		<feat xlink:href="#sTok376" value="DET"/>
		<feat xlink:href="#sTok377" value="NOUN"/>
		<feat xlink:href="#sTok378" value="ADP"/>
		<feat xlink:href="#sTok379" value="DET"/>
		<feat xlink:href="#sTok380" value="PUNCT"/>
		<feat xlink:href="#sTok381" value="PRON"/>
		<feat xlink:href="#sTok382" value="VERB"/>
		<feat xlink:href="#sTok383" value="DET"/>
		<feat xlink:href="#sTok384" value="NOUN"/>
		<feat xlink:href="#sTok385" value="ADP"/>
		<feat xlink:href="#sTok386" value="PRON"/>
		<feat xlink:href="#sTok387" value="NOUN"/>
		<feat xlink:href="#sTok388" value="PART"/>
		<feat xlink:href="#sTok389" value="NOUN"/>
		<feat xlink:href="#sTok390" value="PUNCT"/>
		<feat xlink:href="#sTok391" value="PUNCT"/>
		<feat xlink:href="#sTok392" value="NOUN"/>
		<feat xlink:href="#sTok393" value="PUNCT"/>
		<feat xlink:href="#sTok394" value="DET"/>
		<feat xlink:href="#sTok395" value="NOUN"/>
		<feat xlink:href="#sTok396" value="SCONJ"/>
		<feat xlink:href="#sTok397" value="NOUN"/>
		<feat xlink:href="#sTok398" value="CCONJ"/>
		<feat xlink:href="#sTok399" value="NOUN"/>
		<feat xlink:href="#sTok400" value="AUX"/>
		<feat xlink:href="#sTok401" value="VERB"/>
		<feat xlink:href="#sTok402" value="PART"/>
		<feat xlink:href="#sTok403" value="AUX"/>
		<feat xlink:href="#sTok404" value="VERB"/>
		<feat xlink:href="#sTok405" value="ADP"/>
		<feat xlink:href="#sTok406" value="DET"/>
		<feat xlink:href="#sTok407" value="ADJ"/>
		<feat xlink:href="#sTok408" value="NOUN"/>
		<feat xlink:href="#sTok409" value="PUNCT"/>
		<feat xlink:href="#sTok410" value="DET"/>
		<feat xlink:href="#sTok411" value="NOUN"/>
		<feat xlink:href="#sTok412" value="PUNCT"/>
		<feat xlink:href="#sTok413" value="PUNCT"/>
		<feat xlink:href="#sTok414" value="ADP"/>
		<feat xlink:href="#sTok415" value="DET"/>
		<feat xlink:href="#sTok416" value="NOUN"/>
		<feat xlink:href="#sTok417" value="SCONJ"/>
		<feat xlink:href="#sTok418" value="PRON"/>
		<feat xlink:href="#sTok419" value="AUX"/>
		<feat xlink:href="#sTok420" value="AUX"/>
		<feat xlink:href="#sTok421" value="VERB"/>
		<feat xlink:href="#sTok422" value="ADP"/>
		<feat xlink:href="#sTok423" value="DET"/>
		<feat xlink:href="#sTok424" value="NOUN"/>
		<feat xlink:href="#sTok425" value="ADP"/>
		<feat xlink:href="#sTok426" value="PUNCT"/>
		<feat xlink:href="#sTok427" value="CCONJ"/>
		<feat xlink:href="#sTok428" value="ADV"/>
		<feat xlink:href="#sTok429" value="VERB"/>
		<feat xlink:href="#sTok430" value="ADP"/>
		<feat xlink:href="#sTok431" value="PUNCT"/>
		<feat xlink:href="#sTok432" value="DET"/>
		<feat xlink:href="#sTok433" value="VERB"/>
		<feat xlink:href="#sTok434" value="NOUN"/>
		<feat xlink:href="#sTok435" value="PUNCT"/>
		<feat xlink:href="#sTok436" value="ADP"/>
		<feat xlink:href="#sTok437" value="NOUN"/>
		<feat xlink:href="#sTok438" value="PUNCT"/>
		<feat xlink:href="#sTok439" value="NOUN"/>
		<feat xlink:href="#sTok440" value="PART"/>
		<feat xlink:href="#sTok441" value="AUX"/>
		<feat xlink:href="#sTok442" value="VERB"/>
		<feat xlink:href="#sTok443" value="ADP"/>
		<feat xlink:href="#sTok444" value="DET"/>
		<feat xlink:href="#sTok445" value="NOUN"/>
		<feat xlink:href="#sTok446" value="ADV"/>
		<feat xlink:href="#sTok447" value="PRON"/>
		<feat xlink:href="#sTok448" value="CCONJ"/>
		<feat xlink:href="#sTok449" value="PRON"/>
		<feat xlink:href="#sTok450" value="VERB"/>
		<feat xlink:href="#sTok451" value="NOUN"/>
		<feat xlink:href="#sTok452" value="PUNCT"/>
		<feat xlink:href="#sTok453" value="DET"/>
		<feat xlink:href="#sTok454" value="NOUN"/>
		<feat xlink:href="#sTok455" value="ADP"/>
		<feat xlink:href="#sTok456" value="NOUN"/>
		<feat xlink:href="#sTok457" value="CCONJ"/>
		<feat xlink:href="#sTok458" value="NOUN"/>
		<feat xlink:href="#sTok459" value="VERB"/>
		<feat xlink:href="#sTok460" value="ADP"/>
		<feat xlink:href="#sTok461" value="ADJ"/>
		<feat xlink:href="#sTok462" value="NOUN"/>
		<feat xlink:href="#sTok463" value="PART"/>
		<feat xlink:href="#sTok464" value="VERB"/>
		<feat xlink:href="#sTok465" value="CCONJ"/>
		<feat xlink:href="#sTok466" value="VERB"/>
		<feat xlink:href="#sTok467" value="ADJ"/>
		<feat xlink:href="#sTok468" value="NOUN"/>
		<feat xlink:href="#sTok469" value="CCONJ"/>
		<feat xlink:href="#sTok470" value="NOUN"/>
		<feat xlink:href="#sTok471" value="PUNCT"/>
		<feat xlink:href="#sTok472" value="CCONJ"/>
		<feat xlink:href="#sTok473" value="VERB"/>
		<feat xlink:href="#sTok474" value="ADP"/>
		<feat xlink:href="#sTok475" value="DET"/>
		<feat xlink:href="#sTok476" value="ADJ"/>
		<feat xlink:href="#sTok477" value="NOUN"/>
		<feat xlink:href="#sTok478" value="ADP"/>
		<feat xlink:href="#sTok479" value="NOUN"/>
		<feat xlink:href="#sTok480" value="PUNCT"/>
		<feat xlink:href="#sTok481" value="PUNCT"/>
		<feat xlink:href="#sTok482" value="NOUN"/>
		<feat xlink:href="#sTok483" value="PUNCT"/>
		<feat xlink:href="#sTok484" value="NOUN"/>
		<feat xlink:href="#sTok485" value="ADP"/>
		<feat xlink:href="#sTok486" value="DET"/>
		<feat xlink:href="#sTok487" value="NOUN"/>
		<feat xlink:href="#sTok488" value="NOUN"/>
		<feat xlink:href="#sTok489" value="ADP"/>
		<feat xlink:href="#sTok490" value="DET"/>
		<feat xlink:href="#sTok491" value="NOUN"/>
		<feat xlink:href="#sTok492" value="ADP"/>
		<feat xlink:href="#sTok493" value="DET"/>
		<feat xlink:href="#sTok494" value="NOUN"/>
		<feat xlink:href="#sTok495" value="NOUN"/>
		<feat xlink:href="#sTok496" value="PUNCT"/>
		<feat xlink:href="#sTok497" value="NOUN"/>
		<feat xlink:href="#sTok498" value="PUNCT"/>
		<feat xlink:href="#sTok499" value="NOUN"/>
		<feat xlink:href="#sTok500" value="ADP"/>
		<feat xlink:href="#sTok501" value="DET"/>
		<feat xlink:href="#sTok502" value="NOUN"/>
		<feat xlink:href="#sTok503" value="CCONJ"/>
		<feat xlink:href="#sTok504" value="NOUN"/>
		<feat xlink:href="#sTok505" value="PUNCT"/>
		<feat xlink:href="#sTok506" value="NOUN"/>
		<feat xlink:href="#sTok507" value="PUNCT"/>
		<feat xlink:href="#sTok508" value="NOUN"/>
		<feat xlink:href="#sTok509" value="PUNCT"/>
		<feat xlink:href="#sTok510" value="NOUN"/>
		<feat xlink:href="#sTok511" value="PUNCT"/>
		<feat xlink:href="#sTok512" value="NOUN"/>
		<feat xlink:href="#sTok513" value="PUNCT"/>
		<feat xlink:href="#sTok514" value="NOUN"/>
		<feat xlink:href="#sTok515" value="PUNCT"/>
		<feat xlink:href="#sTok516" value="NOUN"/>
		<feat xlink:href="#sTok517" value="PROPN"/>
		<feat xlink:href="#sTok518" value="NOUN"/>
		<feat xlink:href="#sTok519" value="NOUN"/>
		<feat xlink:href="#sTok520" value="ADJ"/>
		<feat xlink:href="#sTok521" value="PROPN"/>
		<feat xlink:href="#sTok522" value="NOUN"/>
		<feat xlink:href="#sTok523" value="NOUN"/>
		<feat xlink:href="#sTok524" value="PUNCT"/>
		<feat xlink:href="#sTok525" value="ADJ"/>
		<feat xlink:href="#sTok526" value="PUNCT"/>
		<feat xlink:href="#sTok527" value="NOUN"/>
		<feat xlink:href="#sTok528" value="ADJ"/>
		<feat xlink:href="#sTok529" value="ADJ"/>
		<feat xlink:href="#sTok530" value="NOUN"/>
		<feat xlink:href="#sTok531" value="NOUN"/>
		<feat xlink:href="#sTok532" value="PUNCT"/>
		<feat xlink:href="#sTok533" value="ADJ"/>
		<feat xlink:href="#sTok534" value="NOUN"/>
		<feat xlink:href="#sTok535" value="VERB"/>
		<feat xlink:href="#sTok536" value="PUNCT"/>
		<feat xlink:href="#sTok537" value="ADJ"/>
		<feat xlink:href="#sTok538" value="NOUN"/>
		<feat xlink:href="#sTok539" value="CCONJ"/>
		<feat xlink:href="#sTok540" value="ADJ"/>
		<feat xlink:href="#sTok541" value="NOUN"/>
		<feat xlink:href="#sTok542" value="VERB"/>
		<feat xlink:href="#sTok543" value="PUNCT"/>
		<feat xlink:href="#sTok544" value="PUNCT"/>
		<feat xlink:href="#sTok545" value="ADJ"/>
		<feat xlink:href="#sTok546" value="PUNCT"/>
		<feat xlink:href="#sTok547" value="PART"/>
		<feat xlink:href="#sTok548" value="VERB"/>
		<feat xlink:href="#sTok549" value="NOUN"/>
		<feat xlink:href="#sTok550" value="ADP"/>
		<feat xlink:href="#sTok551" value="PUNCT"/>
		<feat xlink:href="#sTok552" value="PART"/>
		<feat xlink:href="#sTok553" value="VERB"/>
		<feat xlink:href="#sTok554" value="ADP"/>
		<feat xlink:href="#sTok555" value="PUNCT"/>
		<feat xlink:href="#sTok556" value="PART"/>
		<feat xlink:href="#sTok557" value="VERB"/>
		<feat xlink:href="#sTok558" value="ADP"/>
		<feat xlink:href="#sTok559" value="PUNCT"/>
		<feat xlink:href="#sTok560" value="PRON"/>
		<feat xlink:href="#sTok561" value="AUX"/>
		<feat xlink:href="#sTok562" value="PART"/>
		<feat xlink:href="#sTok563" value="VERB"/>
		<feat xlink:href="#sTok564" value="PRON"/>
		<feat xlink:href="#sTok565" value="PRON"/>
		<feat xlink:href="#sTok566" value="VERB"/>
		<feat xlink:href="#sTok567" value="PRON"/>
		<feat xlink:href="#sTok568" value="PUNCT"/>
		<feat xlink:href="#sTok569" value="PUNCT"/>
		<feat xlink:href="#sTok570" value="ADJ"/>
		<feat xlink:href="#sTok571" value="PUNCT"/>
		<feat xlink:href="#sTok572" value="ADP"/>
		<feat xlink:href="#sTok573" value="ADV"/>
		<feat xlink:href="#sTok574" value="PUNCT"/>
		<feat xlink:href="#sTok575" value="PART"/>
		<feat xlink:href="#sTok576" value="VERB"/>
		<feat xlink:href="#sTok577" value="NOUN"/>
		<feat xlink:href="#sTok578" value="ADP"/>
		<feat xlink:href="#sTok579" value="PUNCT"/>
		<feat xlink:href="#sTok580" value="PART"/>
		<feat xlink:href="#sTok581" value="VERB"/>
		<feat xlink:href="#sTok582" value="ADP"/>
		<feat xlink:href="#sTok583" value="ADP"/>
		<feat xlink:href="#sTok584" value="VERB"/>
		<feat xlink:href="#sTok585" value="NOUN"/>
		<feat xlink:href="#sTok586" value="CCONJ"/>
		<feat xlink:href="#sTok587" value="NOUN"/>
		<feat xlink:href="#sTok588" value="PUNCT"/>
		<feat xlink:href="#sTok589" value="ADP"/>
		<feat xlink:href="#sTok590" value="PROPN"/>
		<feat xlink:href="#sTok591" value="PRON"/>
		<feat xlink:href="#sTok592" value="VERB"/>
		<feat xlink:href="#sTok593" value="PUNCT"/>
		<feat xlink:href="#sTok594" value="ADJ"/>
		<feat xlink:href="#sTok595" value="PROPN"/>
		<feat xlink:href="#sTok596" value="NOUN"/>
		<feat xlink:href="#sTok597" value="PUNCT"/>
		<feat xlink:href="#sTok598" value="PUNCT"/>
		<feat xlink:href="#sTok599" value="ADJ"/>
		<feat xlink:href="#sTok600" value="PUNCT"/>
		<feat xlink:href="#sTok601" value="PART"/>
		<feat xlink:href="#sTok602" value="VERB"/>
		<feat xlink:href="#sTok603" value="NOUN"/>
		<feat xlink:href="#sTok604" value="ADP"/>
		<feat xlink:href="#sTok605" value="PUNCT"/>
		<feat xlink:href="#sTok606" value="PART"/>
		<feat xlink:href="#sTok607" value="VERB"/>
		<feat xlink:href="#sTok608" value="PUNCT"/>
		<feat xlink:href="#sTok609" value="ADP"/>
		<feat xlink:href="#sTok610" value="NOUN"/>
		<feat xlink:href="#sTok611" value="PUNCT"/>
		<feat xlink:href="#sTok612" value="PUNCT"/>
		<feat xlink:href="#sTok613" value="ADJ"/>
		<feat xlink:href="#sTok614" value="PUNCT"/>
		<feat xlink:href="#sTok615" value="PART"/>
		<feat xlink:href="#sTok616" value="VERB"/>
		<feat xlink:href="#sTok617" value="ADV"/>
		<feat xlink:href="#sTok618" value="PUNCT"/>
		<feat xlink:href="#sTok619" value="PART"/>
		<feat xlink:href="#sTok620" value="VERB"/>
		<feat xlink:href="#sTok621" value="PUNCT"/>
		<feat xlink:href="#sTok622" value="ADV"/>
		<feat xlink:href="#sTok623" value="ADP"/>
		<feat xlink:href="#sTok624" value="DET"/>
		<feat xlink:href="#sTok625" value="NOUN"/>
		<feat xlink:href="#sTok626" value="CCONJ"/>
		<feat xlink:href="#sTok627" value="ADJ"/>
		<feat xlink:href="#sTok628" value="NOUN"/>
		<feat xlink:href="#sTok629" value="ADP"/>
		<feat xlink:href="#sTok630" value="DET"/>
		<feat xlink:href="#sTok631" value="NOUN"/>
		<feat xlink:href="#sTok632" value="PUNCT"/>
		<feat xlink:href="#sTok633" value="PRON"/>
		<feat xlink:href="#sTok634" value="VERB"/>
		<feat xlink:href="#sTok635" value="PRON"/>
		<feat xlink:href="#sTok636" value="AUX"/>
		<feat xlink:href="#sTok637" value="VERB"/>
		<feat xlink:href="#sTok638" value="PRON"/>
		<feat xlink:href="#sTok639" value="NOUN"/>
		<feat xlink:href="#sTok640" value="PUNCT"/>
		<feat xlink:href="#sTok641" value="PUNCT"/>
		<feat xlink:href="#sTok642" value="ADJ"/>
		<feat xlink:href="#sTok643" value="PUNCT"/>
		<feat xlink:href="#sTok644" value="PART"/>
		<feat xlink:href="#sTok645" value="VERB"/>
		<feat xlink:href="#sTok646" value="NOUN"/>
		<feat xlink:href="#sTok647" value="ADP"/>
		<feat xlink:href="#sTok648" value="DET"/>
		<feat xlink:href="#sTok649" value="NOUN"/>
		<feat xlink:href="#sTok650" value="SCONJ"/>
		<feat xlink:href="#sTok651" value="VERB"/>
		<feat xlink:href="#sTok652" value="PRON"/>
		<feat xlink:href="#sTok653" value="ADP"/>
		<feat xlink:href="#sTok654" value="PRON"/>
		<feat xlink:href="#sTok655" value="PUNCT"/>
		<feat xlink:href="#sTok656" value="PUNCT"/>
		<feat xlink:href="#sTok657" value="ADJ"/>
		<feat xlink:href="#sTok658" value="PUNCT"/>
		<feat xlink:href="#sTok659" value="PART"/>
		<feat xlink:href="#sTok660" value="VERB"/>
		<feat xlink:href="#sTok661" value="PUNCT"/>
		<feat xlink:href="#sTok662" value="ADP"/>
		<feat xlink:href="#sTok663" value="ADP"/>
		<feat xlink:href="#sTok664" value="PRON"/>
		<feat xlink:href="#sTok665" value="PART"/>
		<feat xlink:href="#sTok666" value="NOUN"/>
		<feat xlink:href="#sTok667" value="PUNCT"/>
		<feat xlink:href="#sTok668" value="PART"/>
		<feat xlink:href="#sTok669" value="VERB"/>
		<feat xlink:href="#sTok670" value="PUNCT"/>
		<feat xlink:href="#sTok671" value="PUNCT"/>
		<feat xlink:href="#sTok672" value="ADJ"/>
		<feat xlink:href="#sTok673" value="PUNCT"/>
		<feat xlink:href="#sTok674" value="PART"/>
		<feat xlink:href="#sTok675" value="VERB"/>
		<feat xlink:href="#sTok676" value="NOUN"/>
		<feat xlink:href="#sTok677" value="ADP"/>
		<feat xlink:href="#sTok678" value="PUNCT"/>
		<feat xlink:href="#sTok679" value="PART"/>
		<feat xlink:href="#sTok680" value="VERB"/>
		<feat xlink:href="#sTok681" value="ADP"/>
		<feat xlink:href="#sTok682" value="ADP"/>
		<feat xlink:href="#sTok683" value="NOUN"/>
		<feat xlink:href="#sTok684" value="PUNCT"/>
		<feat xlink:href="#sTok685" value="CCONJ"/>
		<feat xlink:href="#sTok686" value="ADP"/>
		<feat xlink:href="#sTok687" value="NOUN"/>
		<feat xlink:href="#sTok688" value="ADP"/>
		<feat xlink:href="#sTok689" value="ADJ"/>
		<feat xlink:href="#sTok690" value="NOUN"/>
		<feat xlink:href="#sTok691" value="PUNCT"/>
		<feat xlink:href="#sTok692" value="NOUN"/>
		<feat xlink:href="#sTok693" value="CCONJ"/>
		<feat xlink:href="#sTok694" value="NOUN"/>
		<feat xlink:href="#sTok695" value="VERB"/>
		<feat xlink:href="#sTok696" value="PRON"/>
		<feat xlink:href="#sTok697" value="NOUN"/>
		<feat xlink:href="#sTok698" value="ADV"/>
		<feat xlink:href="#sTok699" value="ADP"/>
		<feat xlink:href="#sTok700" value="NOUN"/>
		<feat xlink:href="#sTok701" value="PUNCT"/>
		<feat xlink:href="#sTok702" value="PUNCT"/>
		<feat xlink:href="#sTok703" value="ADJ"/>
		<feat xlink:href="#sTok704" value="VERB"/>
		<feat xlink:href="#sTok705" value="ADP"/>
		<feat xlink:href="#sTok706" value="ADP"/>
		<feat xlink:href="#sTok707" value="PART"/>
		<feat xlink:href="#sTok708" value="VERB"/>
		<feat xlink:href="#sTok709" value="ADP"/>
		<feat xlink:href="#sTok710" value="PUNCT"/>
		<feat xlink:href="#sTok711" value="PRON"/>
		<feat xlink:href="#sTok712" value="PUNCT"/>
		<feat xlink:href="#sTok713" value="PUNCT"/>
		<feat xlink:href="#sTok714" value="SCONJ"/>
		<feat xlink:href="#sTok715" value="ADP"/>
		<feat xlink:href="#sTok716" value="VERB"/>
		<feat xlink:href="#sTok717" value="NOUN"/>
		<feat xlink:href="#sTok718" value="PUNCT"/>
		<feat xlink:href="#sTok719" value="ADP"/>
		<feat xlink:href="#sTok720" value="PRON"/>
		<feat xlink:href="#sTok721" value="PUNCT"/>
		<feat xlink:href="#sTok722" value="PUNCT"/>
		<feat xlink:href="#sTok723" value="PART"/>
		<feat xlink:href="#sTok724" value="VERB"/>
		<feat xlink:href="#sTok725" value="ADP"/>
		<feat xlink:href="#sTok726" value="NOUN"/>
		<feat xlink:href="#sTok727" value="AUX"/>
		<feat xlink:href="#sTok728" value="VERB"/>
		<feat xlink:href="#sTok729" value="DET"/>
		<feat xlink:href="#sTok730" value="NOUN"/>
		<feat xlink:href="#sTok731" value="PUNCT"/>
		<feat xlink:href="#sTok732" value="PRON"/>
		<feat xlink:href="#sTok733" value="VERB"/>
		<feat xlink:href="#sTok734" value="PART"/>
		<feat xlink:href="#sTok735" value="VERB"/>
		<feat xlink:href="#sTok736" value="ADP"/>
		<feat xlink:href="#sTok737" value="PRON"/>
		<feat xlink:href="#sTok738" value="NOUN"/>
		<feat xlink:href="#sTok739" value="ADP"/>
		<feat xlink:href="#sTok740" value="ADJ"/>
		<feat xlink:href="#sTok741" value="NOUN"/>
		<feat xlink:href="#sTok742" value="PUNCT"/>
		<feat xlink:href="#sTok743" value="PUNCT"/>
		<feat xlink:href="#sTok744" value="ADJ"/>
		<feat xlink:href="#sTok745" value="PUNCT"/>
		<feat xlink:href="#sTok746" value="ADJ"/>
		<feat xlink:href="#sTok747" value="PART"/>
		<feat xlink:href="#sTok748" value="VERB"/>
		<feat xlink:href="#sTok749" value="PUNCT"/>
		<feat xlink:href="#sTok750" value="PART"/>
		<feat xlink:href="#sTok751" value="VERB"/>
		<feat xlink:href="#sTok752" value="ADV"/>
		<feat xlink:href="#sTok753" value="PUNCT"/>
		<feat xlink:href="#sTok754" value="PUNCT"/>
		<feat xlink:href="#sTok755" value="ADJ"/>
		<feat xlink:href="#sTok756" value="PUNCT"/>
		<feat xlink:href="#sTok757" value="PART"/>
		<feat xlink:href="#sTok758" value="VERB"/>
		<feat xlink:href="#sTok759" value="NOUN"/>
		<feat xlink:href="#sTok760" value="PUNCT"/>
		<feat xlink:href="#sTok761" value="PART"/>
		<feat xlink:href="#sTok762" value="AUX"/>
		<feat xlink:href="#sTok763" value="ADJ"/>
		<feat xlink:href="#sTok764" value="PUNCT"/>
		<feat xlink:href="#sTok765" value="PART"/>
		<feat xlink:href="#sTok766" value="AUX"/>
		<feat xlink:href="#sTok767" value="VERB"/>
		<feat xlink:href="#sTok768" value="ADP"/>
		<feat xlink:href="#sTok769" value="NOUN"/>
		<feat xlink:href="#sTok770" value="PUNCT"/>
		<feat xlink:href="#sTok771" value="PART"/>
		<feat xlink:href="#sTok772" value="VERB"/>
		<feat xlink:href="#sTok773" value="PUNCT"/>
		<feat xlink:href="#sTok774" value="PUNCT"/>
		<feat xlink:href="#sTok775" value="ADJ"/>
		<feat xlink:href="#sTok776" value="PUNCT"/>
		<feat xlink:href="#sTok777" value="ADJ"/>
		<feat xlink:href="#sTok778" value="PART"/>
		<feat xlink:href="#sTok779" value="VERB"/>
		<feat xlink:href="#sTok780" value="CCONJ"/>
		<feat xlink:href="#sTok781" value="VERB"/>
		<feat xlink:href="#sTok782" value="PRON"/>
		<feat xlink:href="#sTok783" value="ADP"/>
		<feat xlink:href="#sTok784" value="NOUN"/>
		<feat xlink:href="#sTok785" value="ADP"/>
		<feat xlink:href="#sTok786" value="DET"/>
		<feat xlink:href="#sTok787" value="NOUN"/>
		<feat xlink:href="#sTok788" value="ADP"/>
		<feat xlink:href="#sTok789" value="NOUN"/>
		<feat xlink:href="#sTok790" value="PUNCT"/>
		<feat xlink:href="#sTok791" value="PART"/>
		<feat xlink:href="#sTok792" value="VERB"/>
		<feat xlink:href="#sTok793" value="NOUN"/>
		<feat xlink:href="#sTok794" value="PUNCT"/>
		<feat xlink:href="#sTok795" value="PROPN"/>
		<feat xlink:href="#sTok796" value="NOUN"/>
		<feat xlink:href="#sTok797" value="NOUN"/>
		<feat xlink:href="#sTok798" value="NOUN"/>
		<feat xlink:href="#sTok799" value="NOUN"/>
		<feat xlink:href="#sTok800" value="PUNCT"/>
		<feat xlink:href="#sTok801" value="ADJ"/>
		<feat xlink:href="#sTok802" value="ADJ"/>
		<feat xlink:href="#sTok803" value="NOUN"/>
		<feat xlink:href="#sTok804" value="PUNCT"/>
		<feat xlink:href="#sTok805" value="ADJ"/>
		<feat xlink:href="#sTok806" value="ADV"/>
		<feat xlink:href="#sTok807" value="NOUN"/>
		<feat xlink:href="#sTok808" value="PUNCT"/>
		<feat xlink:href="#sTok809" value="PUNCT"/>
		<feat xlink:href="#sTok810" value="ADJ"/>
		<feat xlink:href="#sTok811" value="PUNCT"/>
		<feat xlink:href="#sTok812" value="ADJ"/>
		<feat xlink:href="#sTok813" value="PUNCT"/>
		<feat xlink:href="#sTok814" value="ADJ"/>
		<feat xlink:href="#sTok815" value="PUNCT"/>
		<feat xlink:href="#sTok816" value="PUNCT"/>
		<feat xlink:href="#sTok817" value="ADJ"/>
		<feat xlink:href="#sTok818" value="PUNCT"/>
		<feat xlink:href="#sTok819" value="ADJ"/>
		<feat xlink:href="#sTok820" value="PUNCT"/>
		<feat xlink:href="#sTok821" value="ADJ"/>
		<feat xlink:href="#sTok822" value="PUNCT"/>
		<feat xlink:href="#sTok823" value="PUNCT"/>
		<feat xlink:href="#sTok824" value="NOUN"/>
		<feat xlink:href="#sTok825" value="PUNCT"/>
		<feat xlink:href="#sTok826" value="ADP"/>
		<feat xlink:href="#sTok827" value="CCONJ"/>
		<feat xlink:href="#sTok828" value="VERB"/>
		<feat xlink:href="#sTok829" value="ADP"/>
		<feat xlink:href="#sTok830" value="DET"/>
		<feat xlink:href="#sTok831" value="NOUN"/>
		<feat xlink:href="#sTok832" value="PUNCT"/></featList></paula>