<?xml version='1.0' encoding='UTF-8'?><!DOCTYPE paula SYSTEM "paula_feat.dtd">
<paula version="1.1">
	<header paula_id="GENTLE_dictionary_trust.tok_lemma"/>
	<featList xmlns:xlink="http://www.w3.org/1999/xlink" type="lemma" xml:base="GENTLE_dictionary_trust.tok.xml">
		<feat xlink:href="#sTok1" value="trust"/>
		<feat xlink:href="#sTok2" value="English"/>
		<feat xlink:href="#sTok3" value="etymology"/>
		<feat xlink:href="#sTok4" value="from"/>
		<feat xlink:href="#sTok5" value="Middle"/>
		<feat xlink:href="#sTok6" value="English"/>
		<feat xlink:href="#sTok7" value="trust"/>
		<feat xlink:href="#sTok8" value="("/>
		<feat xlink:href="#sTok9" value="''"/>
		<feat xlink:href="#sTok10" value="trust"/>
		<feat xlink:href="#sTok11" value=","/>
		<feat xlink:href="#sTok12" value="protection"/>
		<feat xlink:href="#sTok13" value="''"/>
		<feat xlink:href="#sTok14" value=")"/>
		<feat xlink:href="#sTok15" value="."/>
		<feat xlink:href="#sTok16" value="long"/>
		<feat xlink:href="#sTok17" value="consider"/>
		<feat xlink:href="#sTok18" value="a"/>
		<feat xlink:href="#sTok19" value="borrowing"/>
		<feat xlink:href="#sTok20" value="from"/>
		<feat xlink:href="#sTok21" value="Old"/>
		<feat xlink:href="#sTok22" value="Norse"/>
		<feat xlink:href="#sTok23" value="traust"/>
		<feat xlink:href="#sTok24" value="("/>
		<feat xlink:href="#sTok25" value="''"/>
		<feat xlink:href="#sTok26" value="confidence"/>
		<feat xlink:href="#sTok27" value=","/>
		<feat xlink:href="#sTok28" value="help"/>
		<feat xlink:href="#sTok29" value=","/>
		<feat xlink:href="#sTok30" value="protection"/>
		<feat xlink:href="#sTok31" value="''"/>
		<feat xlink:href="#sTok32" value=")"/>
		<feat xlink:href="#sTok33" value=","/>
		<feat xlink:href="#sTok34" value="itself"/>
		<feat xlink:href="#sTok35" value="from"/>
		<feat xlink:href="#sTok36" value="Proto"/>
		<feat xlink:href="#sTok37" value="-"/>
		<feat xlink:href="#sTok38" value="Germanic"/>
		<feat xlink:href="#sTok39" value="*traustą"/>
		<feat xlink:href="#sTok40" value=","/>
		<feat xlink:href="#sTok41" value="but"/>
		<feat xlink:href="#sTok42" value="the"/>
		<feat xlink:href="#sTok43" value="root"/>
		<feat xlink:href="#sTok44" value="vocalism"/>
		<feat xlink:href="#sTok45" value="be"/>
		<feat xlink:href="#sTok46" value="incompatible"/>
		<feat xlink:href="#sTok47" value=","/>
		<feat xlink:href="#sTok48" value="and"/>
		<feat xlink:href="#sTok49" value="now"/>
		<feat xlink:href="#sTok50" value="it"/>
		<feat xlink:href="#sTok51" value="be"/>
		<feat xlink:href="#sTok52" value="consider"/>
		<feat xlink:href="#sTok53" value="a"/>
		<feat xlink:href="#sTok54" value="reflex"/>
		<feat xlink:href="#sTok55" value="of"/>
		<feat xlink:href="#sTok56" value="a"/>
		<feat xlink:href="#sTok57" value="unattested"/>
		<feat xlink:href="#sTok58" value="Old"/>
		<feat xlink:href="#sTok59" value="English"/>
		<feat xlink:href="#sTok60" value="*trust"/>
		<feat xlink:href="#sTok61" value=","/>
		<feat xlink:href="#sTok62" value="from"/>
		<feat xlink:href="#sTok63" value="a"/>
		<feat xlink:href="#sTok64" value="rare"/>
		<feat xlink:href="#sTok65" value="zero"/>
		<feat xlink:href="#sTok66" value="-"/>
		<feat xlink:href="#sTok67" value="grade"/>
		<feat xlink:href="#sTok68" value="proto"/>
		<feat xlink:href="#sTok69" value="-"/>
		<feat xlink:href="#sTok70" value="Germanic"/>
		<feat xlink:href="#sTok71" value="variant"/>
		<feat xlink:href="#sTok72" value="of"/>
		<feat xlink:href="#sTok73" value="the"/>
		<feat xlink:href="#sTok74" value="same"/>
		<feat xlink:href="#sTok75" value="root"/>
		<feat xlink:href="#sTok76" value="also"/>
		<feat xlink:href="#sTok77" value="attest"/>
		<feat xlink:href="#sTok78" value="in"/>
		<feat xlink:href="#sTok79" value="Middle"/>
		<feat xlink:href="#sTok80" value="High"/>
		<feat xlink:href="#sTok81" value="German"/>
		<feat xlink:href="#sTok82" value="getrüste"/>
		<feat xlink:href="#sTok83" value="("/>
		<feat xlink:href="#sTok84" value="''"/>
		<feat xlink:href="#sTok85" value="host"/>
		<feat xlink:href="#sTok86" value="''"/>
		<feat xlink:href="#sTok87" value=")"/>
		<feat xlink:href="#sTok88" value="."/>
		<feat xlink:href="#sTok89" value="ultimately"/>
		<feat xlink:href="#sTok90" value="from"/>
		<feat xlink:href="#sTok91" value="Proto"/>
		<feat xlink:href="#sTok92" value="-"/>
		<feat xlink:href="#sTok93" value="Indo"/>
		<feat xlink:href="#sTok94" value="-"/>
		<feat xlink:href="#sTok95" value="European"/>
		<feat xlink:href="#sTok96" value="*deru-"/>
		<feat xlink:href="#sTok97" value="("/>
		<feat xlink:href="#sTok98" value="be"/>
		<feat xlink:href="#sTok99" value="firm"/>
		<feat xlink:href="#sTok100" value=","/>
		<feat xlink:href="#sTok101" value="hard"/>
		<feat xlink:href="#sTok102" value=","/>
		<feat xlink:href="#sTok103" value="solid"/>
		<feat xlink:href="#sTok104" value="''"/>
		<feat xlink:href="#sTok105" value=")"/>
		<feat xlink:href="#sTok106" value="."/>
		<feat xlink:href="#sTok107" value="akin"/>
		<feat xlink:href="#sTok108" value="to"/>
		<feat xlink:href="#sTok109" value="Danish"/>
		<feat xlink:href="#sTok110" value="trøst"/>
		<feat xlink:href="#sTok111" value="("/>
		<feat xlink:href="#sTok112" value="''"/>
		<feat xlink:href="#sTok113" value="comfort"/>
		<feat xlink:href="#sTok114" value=","/>
		<feat xlink:href="#sTok115" value="solace"/>
		<feat xlink:href="#sTok116" value="''"/>
		<feat xlink:href="#sTok117" value=")"/>
		<feat xlink:href="#sTok118" value=","/>
		<feat xlink:href="#sTok119" value="Saterland"/>
		<feat xlink:href="#sTok120" value="Frisian"/>
		<feat xlink:href="#sTok121" value="Traast"/>
		<feat xlink:href="#sTok122" value="("/>
		<feat xlink:href="#sTok123" value="''"/>
		<feat xlink:href="#sTok124" value="comfort"/>
		<feat xlink:href="#sTok125" value=","/>
		<feat xlink:href="#sTok126" value="solace"/>
		<feat xlink:href="#sTok127" value="''"/>
		<feat xlink:href="#sTok128" value=")"/>
		<feat xlink:href="#sTok129" value=","/>
		<feat xlink:href="#sTok130" value="West"/>
		<feat xlink:href="#sTok131" value="Frisian"/>
		<feat xlink:href="#sTok132" value="treast"/>
		<feat xlink:href="#sTok133" value="("/>
		<feat xlink:href="#sTok134" value="''"/>
		<feat xlink:href="#sTok135" value="comfort"/>
		<feat xlink:href="#sTok136" value=","/>
		<feat xlink:href="#sTok137" value="solace"/>
		<feat xlink:href="#sTok138" value="''"/>
		<feat xlink:href="#sTok139" value=")"/>
		<feat xlink:href="#sTok140" value=","/>
		<feat xlink:href="#sTok141" value="Dutch"/>
		<feat xlink:href="#sTok142" value="troost"/>
		<feat xlink:href="#sTok143" value="("/>
		<feat xlink:href="#sTok144" value="''"/>
		<feat xlink:href="#sTok145" value="comfort"/>
		<feat xlink:href="#sTok146" value=","/>
		<feat xlink:href="#sTok147" value="consolation"/>
		<feat xlink:href="#sTok148" value="''"/>
		<feat xlink:href="#sTok149" value=")"/>
		<feat xlink:href="#sTok150" value=","/>
		<feat xlink:href="#sTok151" value="German"/>
		<feat xlink:href="#sTok152" value="Trost"/>
		<feat xlink:href="#sTok153" value="("/>
		<feat xlink:href="#sTok154" value="''"/>
		<feat xlink:href="#sTok155" value="comfort"/>
		<feat xlink:href="#sTok156" value=","/>
		<feat xlink:href="#sTok157" value="consolation"/>
		<feat xlink:href="#sTok158" value="''"/>
		<feat xlink:href="#sTok159" value=")"/>
		<feat xlink:href="#sTok160" value=","/>
		<feat xlink:href="#sTok161" value="Gothic"/>
		<feat xlink:href="#sTok162" value="trausti"/>
		<feat xlink:href="#sTok163" value="("/>
		<feat xlink:href="#sTok164" value="trausti"/>
		<feat xlink:href="#sTok165" value=","/>
		<feat xlink:href="#sTok166" value="''"/>
		<feat xlink:href="#sTok167" value="alliance"/>
		<feat xlink:href="#sTok168" value=","/>
		<feat xlink:href="#sTok169" value="pact"/>
		<feat xlink:href="#sTok170" value="''"/>
		<feat xlink:href="#sTok171" value=")"/>
		<feat xlink:href="#sTok172" value="."/>
		<feat xlink:href="#sTok173" value="doublet"/>
		<feat xlink:href="#sTok174" value="of"/>
		<feat xlink:href="#sTok175" value="tryst"/>
		<feat xlink:href="#sTok176" value="."/>
		<feat xlink:href="#sTok177" value="more"/>
		<feat xlink:href="#sTok178" value="at"/>
		<feat xlink:href="#sTok179" value="true"/>
		<feat xlink:href="#sTok180" value=","/>
		<feat xlink:href="#sTok181" value="tree"/>
		<feat xlink:href="#sTok182" value="."/>
		<feat xlink:href="#sTok183" value="pronunciation"/>
		<feat xlink:href="#sTok184" value="enPR"/>
		<feat xlink:href="#sTok185" value=":"/>
		<feat xlink:href="#sTok186" value="trŭst"/>
		<feat xlink:href="#sTok187" value=","/>
		<feat xlink:href="#sTok188" value="IPA"/>
		<feat xlink:href="#sTok189" value="("/>
		<feat xlink:href="#sTok190" value="key"/>
		<feat xlink:href="#sTok191" value=")"/>
		<feat xlink:href="#sTok192" value=":"/>
		<feat xlink:href="#sTok193" value="/trʌst/"/>
		<feat xlink:href="#sTok194" value=","/>
		<feat xlink:href="#sTok195" value="[tɹʌst]"/>
		<feat xlink:href="#sTok196" value=","/>
		<feat xlink:href="#sTok197" value="[tɹɐst]"/>
		<feat xlink:href="#sTok198" value=","/>
		<feat xlink:href="#sTok199" value="[t͡ʃɹ-]"/>
		<feat xlink:href="#sTok200" value="("/>
		<feat xlink:href="#sTok201" value="Northern"/>
		<feat xlink:href="#sTok202" value="England"/>
		<feat xlink:href="#sTok203" value=")"/>
		<feat xlink:href="#sTok204" value="IPA"/>
		<feat xlink:href="#sTok205" value="("/>
		<feat xlink:href="#sTok206" value="key"/>
		<feat xlink:href="#sTok207" value=")"/>
		<feat xlink:href="#sTok208" value=":"/>
		<feat xlink:href="#sTok209" value="/trʊst/"/>
		<feat xlink:href="#sTok210" value="audio"/>
		<feat xlink:href="#sTok211" value="("/>
		<feat xlink:href="#sTok212" value="GA"/>
		<feat xlink:href="#sTok213" value=")"/>
		<feat xlink:href="#sTok214" value="rhyme"/>
		<feat xlink:href="#sTok215" value=":"/>
		<feat xlink:href="#sTok216" value="-ʌst"/>
		<feat xlink:href="#sTok217" value="noun"/>
		<feat xlink:href="#sTok218" value="trust"/>
		<feat xlink:href="#sTok219" value="("/>
		<feat xlink:href="#sTok220" value="countable"/>
		<feat xlink:href="#sTok221" value="and"/>
		<feat xlink:href="#sTok222" value="uncountable"/>
		<feat xlink:href="#sTok223" value=","/>
		<feat xlink:href="#sTok224" value="plural"/>
		<feat xlink:href="#sTok225" value="trust"/>
		<feat xlink:href="#sTok226" value=")"/>
		<feat xlink:href="#sTok227" value="confidence"/>
		<feat xlink:href="#sTok228" value="in"/>
		<feat xlink:href="#sTok229" value="or"/>
		<feat xlink:href="#sTok230" value="reliance"/>
		<feat xlink:href="#sTok231" value="on"/>
		<feat xlink:href="#sTok232" value="some"/>
		<feat xlink:href="#sTok233" value="person"/>
		<feat xlink:href="#sTok234" value="or"/>
		<feat xlink:href="#sTok235" value="quality"/>
		<feat xlink:href="#sTok236" value="."/>
		<feat xlink:href="#sTok237" value="he"/>
		<feat xlink:href="#sTok238" value="need"/>
		<feat xlink:href="#sTok239" value="to"/>
		<feat xlink:href="#sTok240" value="regain"/>
		<feat xlink:href="#sTok241" value="her"/>
		<feat xlink:href="#sTok242" value="trust"/>
		<feat xlink:href="#sTok243" value="if"/>
		<feat xlink:href="#sTok244" value="he"/>
		<feat xlink:href="#sTok245" value="be"/>
		<feat xlink:href="#sTok246" value="ever"/>
		<feat xlink:href="#sTok247" value="go"/>
		<feat xlink:href="#sTok248" value="to"/>
		<feat xlink:href="#sTok249" value="win"/>
		<feat xlink:href="#sTok250" value="she"/>
		<feat xlink:href="#sTok251" value="back"/>
		<feat xlink:href="#sTok252" value="."/>
		<feat xlink:href="#sTok253" value="to"/>
		<feat xlink:href="#sTok254" value="lose"/>
		<feat xlink:href="#sTok255" value="trust"/>
		<feat xlink:href="#sTok256" value="in"/>
		<feat xlink:href="#sTok257" value="someone"/>
		<feat xlink:href="#sTok258" value="build"/>
		<feat xlink:href="#sTok259" value="up"/>
		<feat xlink:href="#sTok260" value="trust"/>
		<feat xlink:href="#sTok261" value="a"/>
		<feat xlink:href="#sTok262" value="relationship"/>
		<feat xlink:href="#sTok263" value="build"/>
		<feat xlink:href="#sTok264" value="on"/>
		<feat xlink:href="#sTok265" value="mutual"/>
		<feat xlink:href="#sTok266" value="trust"/>
		<feat xlink:href="#sTok267" value="dependence"/>
		<feat xlink:href="#sTok268" value="upon"/>
		<feat xlink:href="#sTok269" value="something"/>
		<feat xlink:href="#sTok270" value="in"/>
		<feat xlink:href="#sTok271" value="the"/>
		<feat xlink:href="#sTok272" value="future"/>
		<feat xlink:href="#sTok273" value=";"/>
		<feat xlink:href="#sTok274" value="hope"/>
		<feat xlink:href="#sTok275" value="."/>
		<feat xlink:href="#sTok276" value="confidence"/>
		<feat xlink:href="#sTok277" value="in"/>
		<feat xlink:href="#sTok278" value="the"/>
		<feat xlink:href="#sTok279" value="future"/>
		<feat xlink:href="#sTok280" value="payment"/>
		<feat xlink:href="#sTok281" value="for"/>
		<feat xlink:href="#sTok282" value="good"/>
		<feat xlink:href="#sTok283" value="or"/>
		<feat xlink:href="#sTok284" value="service"/>
		<feat xlink:href="#sTok285" value="supply"/>
		<feat xlink:href="#sTok286" value=";"/>
		<feat xlink:href="#sTok287" value="credit"/>
		<feat xlink:href="#sTok288" value="."/>
		<feat xlink:href="#sTok289" value="I"/>
		<feat xlink:href="#sTok290" value="be"/>
		<feat xlink:href="#sTok291" value="out"/>
		<feat xlink:href="#sTok292" value="of"/>
		<feat xlink:href="#sTok293" value="cash"/>
		<feat xlink:href="#sTok294" value=","/>
		<feat xlink:href="#sTok295" value="but"/>
		<feat xlink:href="#sTok296" value="the"/>
		<feat xlink:href="#sTok297" value="landlady"/>
		<feat xlink:href="#sTok298" value="let"/>
		<feat xlink:href="#sTok299" value="I"/>
		<feat xlink:href="#sTok300" value="have"/>
		<feat xlink:href="#sTok301" value="it"/>
		<feat xlink:href="#sTok302" value="on"/>
		<feat xlink:href="#sTok303" value="trust"/>
		<feat xlink:href="#sTok304" value="."/>
		<feat xlink:href="#sTok305" value="that"/>
		<feat xlink:href="#sTok306" value="which"/>
		<feat xlink:href="#sTok307" value="be"/>
		<feat xlink:href="#sTok308" value="commit"/>
		<feat xlink:href="#sTok309" value="or"/>
		<feat xlink:href="#sTok310" value="entrust"/>
		<feat xlink:href="#sTok311" value=";"/>
		<feat xlink:href="#sTok312" value="something"/>
		<feat xlink:href="#sTok313" value="receive"/>
		<feat xlink:href="#sTok314" value="in"/>
		<feat xlink:href="#sTok315" value="confidence"/>
		<feat xlink:href="#sTok316" value=";"/>
		<feat xlink:href="#sTok317" value="a"/>
		<feat xlink:href="#sTok318" value="charge"/>
		<feat xlink:href="#sTok319" value="."/>
		<feat xlink:href="#sTok320" value="that"/>
		<feat xlink:href="#sTok321" value="upon"/>
		<feat xlink:href="#sTok322" value="which"/>
		<feat xlink:href="#sTok323" value="confidence"/>
		<feat xlink:href="#sTok324" value="be"/>
		<feat xlink:href="#sTok325" value="repose"/>
		<feat xlink:href="#sTok326" value=";"/>
		<feat xlink:href="#sTok327" value="ground"/>
		<feat xlink:href="#sTok328" value="of"/>
		<feat xlink:href="#sTok329" value="reliance"/>
		<feat xlink:href="#sTok330" value=";"/>
		<feat xlink:href="#sTok331" value="hope"/>
		<feat xlink:href="#sTok332" value="."/>
		<feat xlink:href="#sTok333" value="("/>
		<feat xlink:href="#sTok334" value="rare"/>
		<feat xlink:href="#sTok335" value=")"/>
		<feat xlink:href="#sTok336" value="trustworthiness"/>
		<feat xlink:href="#sTok337" value=","/>
		<feat xlink:href="#sTok338" value="reliability"/>
		<feat xlink:href="#sTok339" value="."/>
		<feat xlink:href="#sTok340" value="the"/>
		<feat xlink:href="#sTok341" value="condition"/>
		<feat xlink:href="#sTok342" value="or"/>
		<feat xlink:href="#sTok343" value="obligation"/>
		<feat xlink:href="#sTok344" value="of"/>
		<feat xlink:href="#sTok345" value="one"/>
		<feat xlink:href="#sTok346" value="to"/>
		<feat xlink:href="#sTok347" value="who"/>
		<feat xlink:href="#sTok348" value="anything"/>
		<feat xlink:href="#sTok349" value="be"/>
		<feat xlink:href="#sTok350" value="confide"/>
		<feat xlink:href="#sTok351" value=";"/>
		<feat xlink:href="#sTok352" value="responsible"/>
		<feat xlink:href="#sTok353" value="charge"/>
		<feat xlink:href="#sTok354" value="or"/>
		<feat xlink:href="#sTok355" value="office"/>
		<feat xlink:href="#sTok356" value="."/>
		<feat xlink:href="#sTok357" value="("/>
		<feat xlink:href="#sTok358" value="law"/>
		<feat xlink:href="#sTok359" value=")"/>
		<feat xlink:href="#sTok360" value="the"/>
		<feat xlink:href="#sTok361" value="confidence"/>
		<feat xlink:href="#sTok362" value="vest"/>
		<feat xlink:href="#sTok363" value="in"/>
		<feat xlink:href="#sTok364" value="a"/>
		<feat xlink:href="#sTok365" value="person"/>
		<feat xlink:href="#sTok366" value="who"/>
		<feat xlink:href="#sTok367" value="have"/>
		<feat xlink:href="#sTok368" value="legal"/>
		<feat xlink:href="#sTok369" value="ownership"/>
		<feat xlink:href="#sTok370" value="of"/>
		<feat xlink:href="#sTok371" value="a"/>
		<feat xlink:href="#sTok372" value="property"/>
		<feat xlink:href="#sTok373" value="to"/>
		<feat xlink:href="#sTok374" value="manage"/>
		<feat xlink:href="#sTok375" value="for"/>
		<feat xlink:href="#sTok376" value="the"/>
		<feat xlink:href="#sTok377" value="benefit"/>
		<feat xlink:href="#sTok378" value="of"/>
		<feat xlink:href="#sTok379" value="another"/>
		<feat xlink:href="#sTok380" value="."/>
		<feat xlink:href="#sTok381" value="I"/>
		<feat xlink:href="#sTok382" value="put"/>
		<feat xlink:href="#sTok383" value="the"/>
		<feat xlink:href="#sTok384" value="house"/>
		<feat xlink:href="#sTok385" value="into"/>
		<feat xlink:href="#sTok386" value="my"/>
		<feat xlink:href="#sTok387" value="sister"/>
		<feat xlink:href="#sTok388" value="'s"/>
		<feat xlink:href="#sTok389" value="trust"/>
		<feat xlink:href="#sTok390" value="."/>
		<feat xlink:href="#sTok391" value="("/>
		<feat xlink:href="#sTok392" value="law"/>
		<feat xlink:href="#sTok393" value=")"/>
		<feat xlink:href="#sTok394" value="a"/>
		<feat xlink:href="#sTok395" value="arrangement"/>
		<feat xlink:href="#sTok396" value="whereby"/>
		<feat xlink:href="#sTok397" value="property"/>
		<feat xlink:href="#sTok398" value="or"/>
		<feat xlink:href="#sTok399" value="money"/>
		<feat xlink:href="#sTok400" value="be"/>
		<feat xlink:href="#sTok401" value="give"/>
		<feat xlink:href="#sTok402" value="to"/>
		<feat xlink:href="#sTok403" value="be"/>
		<feat xlink:href="#sTok404" value="hold"/>
		<feat xlink:href="#sTok405" value="by"/>
		<feat xlink:href="#sTok406" value="a"/>
		<feat xlink:href="#sTok407" value="third"/>
		<feat xlink:href="#sTok408" value="party"/>
		<feat xlink:href="#sTok409" value="("/>
		<feat xlink:href="#sTok410" value="a"/>
		<feat xlink:href="#sTok411" value="trustee"/>
		<feat xlink:href="#sTok412" value=")"/>
		<feat xlink:href="#sTok413" value=","/>
		<feat xlink:href="#sTok414" value="on"/>
		<feat xlink:href="#sTok415" value="the"/>
		<feat xlink:href="#sTok416" value="basis"/>
		<feat xlink:href="#sTok417" value="that"/>
		<feat xlink:href="#sTok418" value="it"/>
		<feat xlink:href="#sTok419" value="will"/>
		<feat xlink:href="#sTok420" value="be"/>
		<feat xlink:href="#sTok421" value="manage"/>
		<feat xlink:href="#sTok422" value="for"/>
		<feat xlink:href="#sTok423" value="the"/>
		<feat xlink:href="#sTok424" value="benefit"/>
		<feat xlink:href="#sTok425" value="of"/>
		<feat xlink:href="#sTok426" value=","/>
		<feat xlink:href="#sTok427" value="or"/>
		<feat xlink:href="#sTok428" value="eventually"/>
		<feat xlink:href="#sTok429" value="transfer"/>
		<feat xlink:href="#sTok430" value="to"/>
		<feat xlink:href="#sTok431" value=","/>
		<feat xlink:href="#sTok432" value="a"/>
		<feat xlink:href="#sTok433" value="state"/>
		<feat xlink:href="#sTok434" value="beneficiary"/>
		<feat xlink:href="#sTok435" value=";"/>
		<feat xlink:href="#sTok436" value="for"/>
		<feat xlink:href="#sTok437" value="example"/>
		<feat xlink:href="#sTok438" value=","/>
		<feat xlink:href="#sTok439" value="money"/>
		<feat xlink:href="#sTok440" value="to"/>
		<feat xlink:href="#sTok441" value="be"/>
		<feat xlink:href="#sTok442" value="give"/>
		<feat xlink:href="#sTok443" value="to"/>
		<feat xlink:href="#sTok444" value="a"/>
		<feat xlink:href="#sTok445" value="child"/>
		<feat xlink:href="#sTok446" value="when"/>
		<feat xlink:href="#sTok447" value="he"/>
		<feat xlink:href="#sTok448" value="or"/>
		<feat xlink:href="#sTok449" value="she"/>
		<feat xlink:href="#sTok450" value="reach"/>
		<feat xlink:href="#sTok451" value="adulthood"/>
		<feat xlink:href="#sTok452" value="."/>
		<feat xlink:href="#sTok453" value="a"/>
		<feat xlink:href="#sTok454" value="group"/>
		<feat xlink:href="#sTok455" value="of"/>
		<feat xlink:href="#sTok456" value="businessmen"/>
		<feat xlink:href="#sTok457" value="or"/>
		<feat xlink:href="#sTok458" value="trader"/>
		<feat xlink:href="#sTok459" value="organise"/>
		<feat xlink:href="#sTok460" value="for"/>
		<feat xlink:href="#sTok461" value="mutual"/>
		<feat xlink:href="#sTok462" value="benefit"/>
		<feat xlink:href="#sTok463" value="to"/>
		<feat xlink:href="#sTok464" value="produce"/>
		<feat xlink:href="#sTok465" value="and"/>
		<feat xlink:href="#sTok466" value="distribute"/>
		<feat xlink:href="#sTok467" value="specific"/>
		<feat xlink:href="#sTok468" value="commodity"/>
		<feat xlink:href="#sTok469" value="or"/>
		<feat xlink:href="#sTok470" value="service"/>
		<feat xlink:href="#sTok471" value=","/>
		<feat xlink:href="#sTok472" value="and"/>
		<feat xlink:href="#sTok473" value="manage"/>
		<feat xlink:href="#sTok474" value="by"/>
		<feat xlink:href="#sTok475" value="a"/>
		<feat xlink:href="#sTok476" value="central"/>
		<feat xlink:href="#sTok477" value="body"/>
		<feat xlink:href="#sTok478" value="of"/>
		<feat xlink:href="#sTok479" value="trustee"/>
		<feat xlink:href="#sTok480" value="."/>
		<feat xlink:href="#sTok481" value="("/>
		<feat xlink:href="#sTok482" value="computing"/>
		<feat xlink:href="#sTok483" value=")"/>
		<feat xlink:href="#sTok484" value="affirmation"/>
		<feat xlink:href="#sTok485" value="of"/>
		<feat xlink:href="#sTok486" value="the"/>
		<feat xlink:href="#sTok487" value="access"/>
		<feat xlink:href="#sTok488" value="right"/>
		<feat xlink:href="#sTok489" value="of"/>
		<feat xlink:href="#sTok490" value="a"/>
		<feat xlink:href="#sTok491" value="user"/>
		<feat xlink:href="#sTok492" value="of"/>
		<feat xlink:href="#sTok493" value="a"/>
		<feat xlink:href="#sTok494" value="computer"/>
		<feat xlink:href="#sTok495" value="system"/>
		<feat xlink:href="#sTok496" value="."/>
		<feat xlink:href="#sTok497" value="synonym"/>
		<feat xlink:href="#sTok498" value="("/>
		<feat xlink:href="#sTok499" value="confidence"/>
		<feat xlink:href="#sTok500" value="in"/>
		<feat xlink:href="#sTok501" value="a"/>
		<feat xlink:href="#sTok502" value="person"/>
		<feat xlink:href="#sTok503" value="or"/>
		<feat xlink:href="#sTok504" value="quality"/>
		<feat xlink:href="#sTok505" value=")"/>
		<feat xlink:href="#sTok506" value="belief"/>
		<feat xlink:href="#sTok507" value=","/>
		<feat xlink:href="#sTok508" value="confidence"/>
		<feat xlink:href="#sTok509" value=","/>
		<feat xlink:href="#sTok510" value="faith"/>
		<feat xlink:href="#sTok511" value="("/>
		<feat xlink:href="#sTok512" value="hope"/>
		<feat xlink:href="#sTok513" value=")"/>
		<feat xlink:href="#sTok514" value="expectation"/>
		<feat xlink:href="#sTok515" value=","/>
		<feat xlink:href="#sTok516" value="hope"/>
		<feat xlink:href="#sTok517" value="Antonym"/>
		<feat xlink:href="#sTok518" value="distrust"/>
		<feat xlink:href="#sTok519" value="mistrust"/>
		<feat xlink:href="#sTok520" value="untrust"/>
		<feat xlink:href="#sTok521" value="wantrust"/>
		<feat xlink:href="#sTok522" value="verb"/>
		<feat xlink:href="#sTok523" value="trust"/>
		<feat xlink:href="#sTok524" value="("/>
		<feat xlink:href="#sTok525" value="third"/>
		<feat xlink:href="#sTok526" value="-"/>
		<feat xlink:href="#sTok527" value="person"/>
		<feat xlink:href="#sTok528" value="singular"/>
		<feat xlink:href="#sTok529" value="simple"/>
		<feat xlink:href="#sTok530" value="present"/>
		<feat xlink:href="#sTok531" value="trust"/>
		<feat xlink:href="#sTok532" value=","/>
		<feat xlink:href="#sTok533" value="present"/>
		<feat xlink:href="#sTok534" value="participle"/>
		<feat xlink:href="#sTok535" value="trust"/>
		<feat xlink:href="#sTok536" value=","/>
		<feat xlink:href="#sTok537" value="simple"/>
		<feat xlink:href="#sTok538" value="past"/>
		<feat xlink:href="#sTok539" value="and"/>
		<feat xlink:href="#sTok540" value="past"/>
		<feat xlink:href="#sTok541" value="participle"/>
		<feat xlink:href="#sTok542" value="trust"/>
		<feat xlink:href="#sTok543" value=")"/>
		<feat xlink:href="#sTok544" value="("/>
		<feat xlink:href="#sTok545" value="transitive"/>
		<feat xlink:href="#sTok546" value=")"/>
		<feat xlink:href="#sTok547" value="to"/>
		<feat xlink:href="#sTok548" value="place"/>
		<feat xlink:href="#sTok549" value="confidence"/>
		<feat xlink:href="#sTok550" value="in"/>
		<feat xlink:href="#sTok551" value=","/>
		<feat xlink:href="#sTok552" value="to"/>
		<feat xlink:href="#sTok553" value="rely"/>
		<feat xlink:href="#sTok554" value="on"/>
		<feat xlink:href="#sTok555" value=","/>
		<feat xlink:href="#sTok556" value="to"/>
		<feat xlink:href="#sTok557" value="confide"/>
		<feat xlink:href="#sTok558" value="in"/>
		<feat xlink:href="#sTok559" value="."/>
		<feat xlink:href="#sTok560" value="we"/>
		<feat xlink:href="#sTok561" value="can"/>
		<feat xlink:href="#sTok562" value="not"/>
		<feat xlink:href="#sTok563" value="trust"/>
		<feat xlink:href="#sTok564" value="anyone"/>
		<feat xlink:href="#sTok565" value="who"/>
		<feat xlink:href="#sTok566" value="deceive"/>
		<feat xlink:href="#sTok567" value="we"/>
		<feat xlink:href="#sTok568" value="."/>
		<feat xlink:href="#sTok569" value="("/>
		<feat xlink:href="#sTok570" value="intransitive"/>
		<feat xlink:href="#sTok571" value=","/>
		<feat xlink:href="#sTok572" value="with"/>
		<feat xlink:href="#sTok573" value="in"/>
		<feat xlink:href="#sTok574" value=")"/>
		<feat xlink:href="#sTok575" value="to"/>
		<feat xlink:href="#sTok576" value="have"/>
		<feat xlink:href="#sTok577" value="faith"/>
		<feat xlink:href="#sTok578" value="in"/>
		<feat xlink:href="#sTok579" value=";"/>
		<feat xlink:href="#sTok580" value="to"/>
		<feat xlink:href="#sTok581" value="rely"/>
		<feat xlink:href="#sTok582" value="on"/>
		<feat xlink:href="#sTok583" value="for"/>
		<feat xlink:href="#sTok584" value="continue"/>
		<feat xlink:href="#sTok585" value="support"/>
		<feat xlink:href="#sTok586" value="or"/>
		<feat xlink:href="#sTok587" value="aid"/>
		<feat xlink:href="#sTok588" value="."/>
		<feat xlink:href="#sTok589" value="in"/>
		<feat xlink:href="#sTok590" value="God"/>
		<feat xlink:href="#sTok591" value="we"/>
		<feat xlink:href="#sTok592" value="trust"/>
		<feat xlink:href="#sTok593" value="("/>
		<feat xlink:href="#sTok594" value="official"/>
		<feat xlink:href="#sTok595" value="US"/>
		<feat xlink:href="#sTok596" value="motto"/>
		<feat xlink:href="#sTok597" value=")"/>
		<feat xlink:href="#sTok598" value="("/>
		<feat xlink:href="#sTok599" value="transitive"/>
		<feat xlink:href="#sTok600" value=")"/>
		<feat xlink:href="#sTok601" value="to"/>
		<feat xlink:href="#sTok602" value="give"/>
		<feat xlink:href="#sTok603" value="credence"/>
		<feat xlink:href="#sTok604" value="to"/>
		<feat xlink:href="#sTok605" value=";"/>
		<feat xlink:href="#sTok606" value="to"/>
		<feat xlink:href="#sTok607" value="believe"/>
		<feat xlink:href="#sTok608" value=";"/>
		<feat xlink:href="#sTok609" value="to"/>
		<feat xlink:href="#sTok610" value="credit"/>
		<feat xlink:href="#sTok611" value="."/>
		<feat xlink:href="#sTok612" value="("/>
		<feat xlink:href="#sTok613" value="transitive"/>
		<feat xlink:href="#sTok614" value=")"/>
		<feat xlink:href="#sTok615" value="to"/>
		<feat xlink:href="#sTok616" value="hope"/>
		<feat xlink:href="#sTok617" value="confidently"/>
		<feat xlink:href="#sTok618" value=";"/>
		<feat xlink:href="#sTok619" value="to"/>
		<feat xlink:href="#sTok620" value="believe"/>
		<feat xlink:href="#sTok621" value="("/>
		<feat xlink:href="#sTok622" value="usually"/>
		<feat xlink:href="#sTok623" value="with"/>
		<feat xlink:href="#sTok624" value="a"/>
		<feat xlink:href="#sTok625" value="phrase"/>
		<feat xlink:href="#sTok626" value="or"/>
		<feat xlink:href="#sTok627" value="infinitive"/>
		<feat xlink:href="#sTok628" value="clause"/>
		<feat xlink:href="#sTok629" value="as"/>
		<feat xlink:href="#sTok630" value="the"/>
		<feat xlink:href="#sTok631" value="object"/>
		<feat xlink:href="#sTok632" value=")"/>
		<feat xlink:href="#sTok633" value="I"/>
		<feat xlink:href="#sTok634" value="trust"/>
		<feat xlink:href="#sTok635" value="you"/>
		<feat xlink:href="#sTok636" value="have"/>
		<feat xlink:href="#sTok637" value="clean"/>
		<feat xlink:href="#sTok638" value="your"/>
		<feat xlink:href="#sTok639" value="room"/>
		<feat xlink:href="#sTok640" value="?"/>
		<feat xlink:href="#sTok641" value="("/>
		<feat xlink:href="#sTok642" value="transitive"/>
		<feat xlink:href="#sTok643" value=")"/>
		<feat xlink:href="#sTok644" value="to"/>
		<feat xlink:href="#sTok645" value="show"/>
		<feat xlink:href="#sTok646" value="confidence"/>
		<feat xlink:href="#sTok647" value="in"/>
		<feat xlink:href="#sTok648" value="a"/>
		<feat xlink:href="#sTok649" value="person"/>
		<feat xlink:href="#sTok650" value="by"/>
		<feat xlink:href="#sTok651" value="entrust"/>
		<feat xlink:href="#sTok652" value="they"/>
		<feat xlink:href="#sTok653" value="with"/>
		<feat xlink:href="#sTok654" value="something"/>
		<feat xlink:href="#sTok655" value="."/>
		<feat xlink:href="#sTok656" value="("/>
		<feat xlink:href="#sTok657" value="transitive"/>
		<feat xlink:href="#sTok658" value=")"/>
		<feat xlink:href="#sTok659" value="to"/>
		<feat xlink:href="#sTok660" value="commit"/>
		<feat xlink:href="#sTok661" value=","/>
		<feat xlink:href="#sTok662" value="as"/>
		<feat xlink:href="#sTok663" value="to"/>
		<feat xlink:href="#sTok664" value="one"/>
		<feat xlink:href="#sTok665" value="'s"/>
		<feat xlink:href="#sTok666" value="care"/>
		<feat xlink:href="#sTok667" value=";"/>
		<feat xlink:href="#sTok668" value="to"/>
		<feat xlink:href="#sTok669" value="entrust"/>
		<feat xlink:href="#sTok670" value="."/>
		<feat xlink:href="#sTok671" value="("/>
		<feat xlink:href="#sTok672" value="transitive"/>
		<feat xlink:href="#sTok673" value=")"/>
		<feat xlink:href="#sTok674" value="to"/>
		<feat xlink:href="#sTok675" value="give"/>
		<feat xlink:href="#sTok676" value="credit"/>
		<feat xlink:href="#sTok677" value="to"/>
		<feat xlink:href="#sTok678" value=";"/>
		<feat xlink:href="#sTok679" value="to"/>
		<feat xlink:href="#sTok680" value="sell"/>
		<feat xlink:href="#sTok681" value="to"/>
		<feat xlink:href="#sTok682" value="upon"/>
		<feat xlink:href="#sTok683" value="credit"/>
		<feat xlink:href="#sTok684" value=","/>
		<feat xlink:href="#sTok685" value="or"/>
		<feat xlink:href="#sTok686" value="in"/>
		<feat xlink:href="#sTok687" value="confidence"/>
		<feat xlink:href="#sTok688" value="of"/>
		<feat xlink:href="#sTok689" value="future"/>
		<feat xlink:href="#sTok690" value="payment"/>
		<feat xlink:href="#sTok691" value="."/>
		<feat xlink:href="#sTok692" value="merchant"/>
		<feat xlink:href="#sTok693" value="and"/>
		<feat xlink:href="#sTok694" value="manufacturer"/>
		<feat xlink:href="#sTok695" value="trust"/>
		<feat xlink:href="#sTok696" value="their"/>
		<feat xlink:href="#sTok697" value="customer"/>
		<feat xlink:href="#sTok698" value="annually"/>
		<feat xlink:href="#sTok699" value="with"/>
		<feat xlink:href="#sTok700" value="good"/>
		<feat xlink:href="#sTok701" value="."/>
		<feat xlink:href="#sTok702" value="("/>
		<feat xlink:href="#sTok703" value="intransitive"/>
		<feat xlink:href="#sTok704" value="follow"/>
		<feat xlink:href="#sTok705" value="by"/>
		<feat xlink:href="#sTok706" value="to"/>
		<feat xlink:href="#sTok707" value="to"/>
		<feat xlink:href="#sTok708" value="rely"/>
		<feat xlink:href="#sTok709" value="on"/>
		<feat xlink:href="#sTok710" value="("/>
		<feat xlink:href="#sTok711" value="something"/>
		<feat xlink:href="#sTok712" value=")"/>
		<feat xlink:href="#sTok713" value=","/>
		<feat xlink:href="#sTok714" value="as"/>
		<feat xlink:href="#sTok715" value="though"/>
		<feat xlink:href="#sTok716" value="have"/>
		<feat xlink:href="#sTok717" value="trust"/>
		<feat xlink:href="#sTok718" value="("/>
		<feat xlink:href="#sTok719" value="on"/>
		<feat xlink:href="#sTok720" value="it"/>
		<feat xlink:href="#sTok721" value=")"/>
		<feat xlink:href="#sTok722" value="."/>
		<feat xlink:href="#sTok723" value="to"/>
		<feat xlink:href="#sTok724" value="trust"/>
		<feat xlink:href="#sTok725" value="to"/>
		<feat xlink:href="#sTok726" value="luck"/>
		<feat xlink:href="#sTok727" value="have"/>
		<feat xlink:href="#sTok728" value="lose"/>
		<feat xlink:href="#sTok729" value="the"/>
		<feat xlink:href="#sTok730" value="book"/>
		<feat xlink:href="#sTok731" value=","/>
		<feat xlink:href="#sTok732" value="he"/>
		<feat xlink:href="#sTok733" value="have"/>
		<feat xlink:href="#sTok734" value="to"/>
		<feat xlink:href="#sTok735" value="trust"/>
		<feat xlink:href="#sTok736" value="to"/>
		<feat xlink:href="#sTok737" value="his"/>
		<feat xlink:href="#sTok738" value="memory"/>
		<feat xlink:href="#sTok739" value="for"/>
		<feat xlink:href="#sTok740" value="further"/>
		<feat xlink:href="#sTok741" value="detail"/>
		<feat xlink:href="#sTok742" value="."/>
		<feat xlink:href="#sTok743" value="("/>
		<feat xlink:href="#sTok744" value="archaic"/>
		<feat xlink:href="#sTok745" value=","/>
		<feat xlink:href="#sTok746" value="transitive"/>
		<feat xlink:href="#sTok747" value="to"/>
		<feat xlink:href="#sTok748" value="risk"/>
		<feat xlink:href="#sTok749" value=";"/>
		<feat xlink:href="#sTok750" value="to"/>
		<feat xlink:href="#sTok751" value="venture"/>
		<feat xlink:href="#sTok752" value="confidently"/>
		<feat xlink:href="#sTok753" value="."/>
		<feat xlink:href="#sTok754" value="("/>
		<feat xlink:href="#sTok755" value="intransitive"/>
		<feat xlink:href="#sTok756" value=")"/>
		<feat xlink:href="#sTok757" value="to"/>
		<feat xlink:href="#sTok758" value="have"/>
		<feat xlink:href="#sTok759" value="trust"/>
		<feat xlink:href="#sTok760" value=";"/>
		<feat xlink:href="#sTok761" value="to"/>
		<feat xlink:href="#sTok762" value="be"/>
		<feat xlink:href="#sTok763" value="credulous"/>
		<feat xlink:href="#sTok764" value=";"/>
		<feat xlink:href="#sTok765" value="to"/>
		<feat xlink:href="#sTok766" value="be"/>
		<feat xlink:href="#sTok767" value="win"/>
		<feat xlink:href="#sTok768" value="to"/>
		<feat xlink:href="#sTok769" value="confidence"/>
		<feat xlink:href="#sTok770" value=";"/>
		<feat xlink:href="#sTok771" value="to"/>
		<feat xlink:href="#sTok772" value="confide"/>
		<feat xlink:href="#sTok773" value="."/>
		<feat xlink:href="#sTok774" value="("/>
		<feat xlink:href="#sTok775" value="archaic"/>
		<feat xlink:href="#sTok776" value=","/>
		<feat xlink:href="#sTok777" value="intransitive"/>
		<feat xlink:href="#sTok778" value="to"/>
		<feat xlink:href="#sTok779" value="sell"/>
		<feat xlink:href="#sTok780" value="or"/>
		<feat xlink:href="#sTok781" value="deliver"/>
		<feat xlink:href="#sTok782" value="anything"/>
		<feat xlink:href="#sTok783" value="in"/>
		<feat xlink:href="#sTok784" value="reliance"/>
		<feat xlink:href="#sTok785" value="upon"/>
		<feat xlink:href="#sTok786" value="a"/>
		<feat xlink:href="#sTok787" value="promise"/>
		<feat xlink:href="#sTok788" value="of"/>
		<feat xlink:href="#sTok789" value="payment"/>
		<feat xlink:href="#sTok790" value=";"/>
		<feat xlink:href="#sTok791" value="to"/>
		<feat xlink:href="#sTok792" value="give"/>
		<feat xlink:href="#sTok793" value="credit"/>
		<feat xlink:href="#sTok794" value="."/>
		<feat xlink:href="#sTok795" value="Antonym"/>
		<feat xlink:href="#sTok796" value="distrust"/>
		<feat xlink:href="#sTok797" value="mistrust"/>
		<feat xlink:href="#sTok798" value="adjective"/>
		<feat xlink:href="#sTok799" value="trust"/>
		<feat xlink:href="#sTok800" value="("/>
		<feat xlink:href="#sTok801" value="comparative"/>
		<feat xlink:href="#sTok802" value="more"/>
		<feat xlink:href="#sTok803" value="trust"/>
		<feat xlink:href="#sTok804" value=","/>
		<feat xlink:href="#sTok805" value="superlative"/>
		<feat xlink:href="#sTok806" value="most"/>
		<feat xlink:href="#sTok807" value="trust"/>
		<feat xlink:href="#sTok808" value=")"/>
		<feat xlink:href="#sTok809" value="("/>
		<feat xlink:href="#sTok810" value="obsolete"/>
		<feat xlink:href="#sTok811" value=")"/>
		<feat xlink:href="#sTok812" value="secure"/>
		<feat xlink:href="#sTok813" value=","/>
		<feat xlink:href="#sTok814" value="safe"/>
		<feat xlink:href="#sTok815" value="."/>
		<feat xlink:href="#sTok816" value="("/>
		<feat xlink:href="#sTok817" value="obsolete"/>
		<feat xlink:href="#sTok818" value=")"/>
		<feat xlink:href="#sTok819" value="Faithful"/>
		<feat xlink:href="#sTok820" value=","/>
		<feat xlink:href="#sTok821" value="dependable"/>
		<feat xlink:href="#sTok822" value="."/>
		<feat xlink:href="#sTok823" value="("/>
		<feat xlink:href="#sTok824" value="law"/>
		<feat xlink:href="#sTok825" value=")"/>
		<feat xlink:href="#sTok826" value="of"/>
		<feat xlink:href="#sTok827" value="or"/>
		<feat xlink:href="#sTok828" value="relate"/>
		<feat xlink:href="#sTok829" value="to"/>
		<feat xlink:href="#sTok830" value="a"/>
		<feat xlink:href="#sTok831" value="trust"/>
		<feat xlink:href="#sTok832" value="."/></featList></paula>