<?xml version='1.0' encoding='UTF-8'?><!DOCTYPE paula SYSTEM "paula_feat.dtd">
<paula version="1.1">
	<header paula_id="morph.GENTLE_dictionary_trust.mark_Number"/>
	<featList xmlns:xlink="http://www.w3.org/1999/xlink" type="Number" xml:base="morph.GENTLE_dictionary_trust.mark.xml">
		<feat xlink:href="#sSpan691" value="Sing"/>
		<feat xlink:href="#sSpan692" value="Sing"/>
		<feat xlink:href="#sSpan693" value="Sing"/>
		<feat xlink:href="#sSpan694" value="Sing"/>
		<feat xlink:href="#sSpan696" value="Sing"/>
		<feat xlink:href="#sSpan697" value="Sing"/>
		<feat xlink:href="#sSpan698" value="Sing"/>
		<feat xlink:href="#sSpan705" value="Sing"/>
		<feat xlink:href="#sSpan707" value="Sing"/>
		<feat xlink:href="#sSpan708" value="Sing"/>
		<feat xlink:href="#sSpan709" value="Sing"/>
		<feat xlink:href="#sSpan710" value="Sing"/>
		<feat xlink:href="#sSpan712" value="Sing"/>
		<feat xlink:href="#sSpan718" value="Sing"/>
		<feat xlink:href="#sSpan721" value="Sing"/>
		<feat xlink:href="#sSpan722" value="Sing"/>
		<feat xlink:href="#sSpan727" value="Sing"/>
		<feat xlink:href="#sSpan734" value="Sing"/>
		<feat xlink:href="#sSpan737" value="Sing"/>
		<feat xlink:href="#sSpan745" value="Sing"/>
		<feat xlink:href="#sSpan750" value="Sing"/>
		<feat xlink:href="#sSpan756" value="Sing"/>
		<feat xlink:href="#sSpan759" value="Sing"/>
		<feat xlink:href="#sSpan763" value="Sing"/>
		<feat xlink:href="#sSpan769" value="Sing"/>
		<feat xlink:href="#sSpan770" value="Sing"/>
		<feat xlink:href="#sSpan772" value="Sing"/>
		<feat xlink:href="#sSpan773" value="Sing"/>
		<feat xlink:href="#sSpan774" value="Sing"/>
		<feat xlink:href="#sSpan781" value="Sing"/>
		<feat xlink:href="#sSpan782" value="Sing"/>
		<feat xlink:href="#sSpan783" value="Sing"/>
		<feat xlink:href="#sSpan784" value="Sing"/>
		<feat xlink:href="#sSpan785" value="Sing"/>
		<feat xlink:href="#sSpan786" value="Sing"/>
		<feat xlink:href="#sSpan787" value="Sing"/>
		<feat xlink:href="#sSpan788" value="Sing"/>
		<feat xlink:href="#sSpan789" value="Sing"/>
		<feat xlink:href="#sSpan790" value="Sing"/>
		<feat xlink:href="#sSpan791" value="Sing"/>
		<feat xlink:href="#sSpan792" value="Sing"/>
		<feat xlink:href="#sSpan793" value="Sing"/>
		<feat xlink:href="#sSpan794" value="Sing"/>
		<feat xlink:href="#sSpan795" value="Sing"/>
		<feat xlink:href="#sSpan796" value="Sing"/>
		<feat xlink:href="#sSpan798" value="Sing"/>
		<feat xlink:href="#sSpan799" value="Sing"/>
		<feat xlink:href="#sSpan800" value="Sing"/>
		<feat xlink:href="#sSpan801" value="Sing"/>
		<feat xlink:href="#sSpan804" value="Sing"/>
		<feat xlink:href="#sSpan805" value="Sing"/>
		<feat xlink:href="#sSpan806" value="Sing"/>
		<feat xlink:href="#sSpan807" value="Sing"/>
		<feat xlink:href="#sSpan808" value="Sing"/>
		<feat xlink:href="#sSpan809" value="Sing"/>
		<feat xlink:href="#sSpan810" value="Sing"/>
		<feat xlink:href="#sSpan811" value="Sing"/>
		<feat xlink:href="#sSpan812" value="Sing"/>
		<feat xlink:href="#sSpan813" value="Sing"/>
		<feat xlink:href="#sSpan815" value="Sing"/>
		<feat xlink:href="#sSpan816" value="Sing"/>
		<feat xlink:href="#sSpan817" value="Sing"/>
		<feat xlink:href="#sSpan818" value="Sing"/>
		<feat xlink:href="#sSpan819" value="Sing"/>
		<feat xlink:href="#sSpan820" value="Sing"/>
		<feat xlink:href="#sSpan822" value="Plur"/>
		<feat xlink:href="#sSpan823" value="Sing"/>
		<feat xlink:href="#sSpan824" value="Sing"/>
		<feat xlink:href="#sSpan825" value="Sing"/>
		<feat xlink:href="#sSpan829" value="Plur"/>
		<feat xlink:href="#sSpan830" value="Sing"/>
		<feat xlink:href="#sSpan831" value="Sing"/>
		<feat xlink:href="#sSpan833" value="Sing"/>
		<feat xlink:href="#sSpan834" value="Sing"/>
		<feat xlink:href="#sSpan839" value="Sing"/>
		<feat xlink:href="#sSpan849" value="Sing"/>
		<feat xlink:href="#sSpan851" value="Sing"/>
		<feat xlink:href="#sSpan854" value="Sing"/>
		<feat xlink:href="#sSpan861" value="Sing"/>
		<feat xlink:href="#sSpan867" value="Sing"/>
		<feat xlink:href="#sSpan873" value="Sing"/>
		<feat xlink:href="#sSpan875" value="Sing"/>
		<feat xlink:href="#sSpan878" value="Sing"/>
		<feat xlink:href="#sSpan881" value="Sing"/>
		<feat xlink:href="#sSpan886" value="Sing"/>
		<feat xlink:href="#sSpan887" value="Sing"/>
		<feat xlink:href="#sSpan889" value="Sing"/>
		<feat xlink:href="#sSpan892" value="Sing"/>
		<feat xlink:href="#sSpan893" value="Sing"/>
		<feat xlink:href="#sSpan894" value="Sing"/>
		<feat xlink:href="#sSpan898" value="Sing"/>
		<feat xlink:href="#sSpan899" value="Plur"/>
		<feat xlink:href="#sSpan900" value="Plur"/>
		<feat xlink:href="#sSpan904" value="Sing"/>
		<feat xlink:href="#sSpan907" value="Sing"/>
		<feat xlink:href="#sSpan913" value="Sing"/>
		<feat xlink:href="#sSpan914" value="Sing"/>
		<feat xlink:href="#sSpan917" value="Sing"/>
		<feat xlink:href="#sSpan924" value="Sing"/>
		<feat xlink:href="#sSpan928" value="Sing"/>
		<feat xlink:href="#sSpan932" value="Sing"/>
		<feat xlink:href="#sSpan934" value="Sing"/>
		<feat xlink:href="#sSpan936" value="Sing"/>
		<feat xlink:href="#sSpan948" value="Sing"/>
		<feat xlink:href="#sSpan952" value="Sing"/>
		<feat xlink:href="#sSpan955" value="Sing"/>
		<feat xlink:href="#sSpan956" value="Sing"/>
		<feat xlink:href="#sSpan959" value="Sing"/>
		<feat xlink:href="#sSpan964" value="Sing"/>
		<feat xlink:href="#sSpan968" value="Sing"/>
		<feat xlink:href="#sSpan969" value="Sing"/>
		<feat xlink:href="#sSpan970" value="Sing"/>
		<feat xlink:href="#sSpan972" value="Sing"/>
		<feat xlink:href="#sSpan973" value="Sing"/>
		<feat xlink:href="#sSpan976" value="Sing"/>
		<feat xlink:href="#sSpan977" value="Sing"/>
		<feat xlink:href="#sSpan982" value="Sing"/>
		<feat xlink:href="#sSpan985" value="Sing"/>
		<feat xlink:href="#sSpan992" value="Sing"/>
		<feat xlink:href="#sSpan993" value="Sing"/>
		<feat xlink:href="#sSpan994" value="Sing"/>
		<feat xlink:href="#sSpan997" value="Sing"/>
		<feat xlink:href="#sSpan1003" value="Sing"/>
		<feat xlink:href="#sSpan1010" value="Sing"/>
		<feat xlink:href="#sSpan1013" value="Sing"/>
		<feat xlink:href="#sSpan1017" value="Sing"/>
		<feat xlink:href="#sSpan1022" value="Sing"/>
		<feat xlink:href="#sSpan1029" value="Sing"/>
		<feat xlink:href="#sSpan1031" value="Sing"/>
		<feat xlink:href="#sSpan1035" value="Sing"/>
		<feat xlink:href="#sSpan1036" value="Sing"/>
		<feat xlink:href="#sSpan1037" value="Sing"/>
		<feat xlink:href="#sSpan1040" value="Sing"/>
		<feat xlink:href="#sSpan1042" value="Sing"/>
		<feat xlink:href="#sSpan1043" value="Sing"/>
		<feat xlink:href="#sSpan1045" value="Sing"/>
		<feat xlink:href="#sSpan1061" value="Sing"/>
		<feat xlink:href="#sSpan1064" value="Sing"/>
		<feat xlink:href="#sSpan1067" value="Sing"/>
		<feat xlink:href="#sSpan1071" value="Sing"/>
		<feat xlink:href="#sSpan1080" value="Sing"/>
		<feat xlink:href="#sSpan1081" value="Sing"/>
		<feat xlink:href="#sSpan1091" value="Sing"/>
		<feat xlink:href="#sSpan1092" value="Sing"/>
		<feat xlink:href="#sSpan1093" value="Sing"/>
		<feat xlink:href="#sSpan1100" value="Sing"/>
		<feat xlink:href="#sSpan1106" value="Sing"/>
		<feat xlink:href="#sSpan1107" value="Sing"/>
		<feat xlink:href="#sSpan1116" value="Sing"/>
		<feat xlink:href="#sSpan1119" value="Sing"/>
		<feat xlink:href="#sSpan1120" value="Plur"/>
		<feat xlink:href="#sSpan1121" value="Plur"/>
		<feat xlink:href="#sSpan1126" value="Sing"/>
		<feat xlink:href="#sSpan1130" value="Plur"/>
		<feat xlink:href="#sSpan1131" value="Plur"/>
		<feat xlink:href="#sSpan1138" value="Sing"/>
		<feat xlink:href="#sSpan1139" value="Plur"/>
		<feat xlink:href="#sSpan1140" value="Sing"/>
		<feat xlink:href="#sSpan1141" value="Sing"/>
		<feat xlink:href="#sSpan1144" value="Sing"/>
		<feat xlink:href="#sSpan1145" value="Plur"/>
		<feat xlink:href="#sSpan1148" value="Sing"/>
		<feat xlink:href="#sSpan1151" value="Sing"/>
		<feat xlink:href="#sSpan1152" value="Sing"/>
		<feat xlink:href="#sSpan1153" value="Plur"/>
		<feat xlink:href="#sSpan1154" value="Sing"/>
		<feat xlink:href="#sSpan1157" value="Sing"/>
		<feat xlink:href="#sSpan1158" value="Sing"/>
		<feat xlink:href="#sSpan1159" value="Sing"/>
		<feat xlink:href="#sSpan1160" value="Sing"/>
		<feat xlink:href="#sSpan1161" value="Sing"/>
		<feat xlink:href="#sSpan1162" value="Sing"/>
		<feat xlink:href="#sSpan1163" value="Sing"/>
		<feat xlink:href="#sSpan1164" value="Sing"/>
		<feat xlink:href="#sSpan1165" value="Plur"/>
		<feat xlink:href="#sSpan1166" value="Sing"/>
		<feat xlink:href="#sSpan1167" value="Sing"/>
		<feat xlink:href="#sSpan1169" value="Sing"/>
		<feat xlink:href="#sSpan1170" value="Sing"/>
		<feat xlink:href="#sSpan1171" value="Sing"/>
		<feat xlink:href="#sSpan1175" value="Sing"/>
		<feat xlink:href="#sSpan1178" value="Sing"/>
		<feat xlink:href="#sSpan1179" value="Plur"/>
		<feat xlink:href="#sSpan1181" value="Sing"/>
		<feat xlink:href="#sSpan1185" value="Sing"/>
		<feat xlink:href="#sSpan1187" value="Sing"/>
		<feat xlink:href="#sSpan1193" value="Sing"/>
		<feat xlink:href="#sSpan1198" value="Plur"/>
		<feat xlink:href="#sSpan1203" value="Sing"/>
		<feat xlink:href="#sSpan1213" value="Plur"/>
		<feat xlink:href="#sSpan1217" value="Sing"/>
		<feat xlink:href="#sSpan1220" value="Sing"/>
		<feat xlink:href="#sSpan1221" value="Sing"/>
		<feat xlink:href="#sSpan1222" value="Sing"/>
		<feat xlink:href="#sSpan1224" value="Plur"/>
		<feat xlink:href="#sSpan1232" value="Sing"/>
		<feat xlink:href="#sSpan1234" value="Sing"/>
		<feat xlink:href="#sSpan1237" value="Sing"/>
		<feat xlink:href="#sSpan1239" value="Sing"/>
		<feat xlink:href="#sSpan1247" value="Sing"/>
		<feat xlink:href="#sSpan1249" value="Sing"/>
		<feat xlink:href="#sSpan1252" value="Sing"/>
		<feat xlink:href="#sSpan1256" value="Sing"/>
		<feat xlink:href="#sSpan1261" value="Sing"/>
		<feat xlink:href="#sSpan1268" value="Sing"/>
		<feat xlink:href="#sSpan1276" value="Sing"/>
		<feat xlink:href="#sSpan1277" value="Sing"/>
		<feat xlink:href="#sSpan1280" value="Sing"/>
		<feat xlink:href="#sSpan1283" value="Sing"/>
		<feat xlink:href="#sSpan1289" value="Plur"/>
		<feat xlink:href="#sSpan1290" value="Sing"/>
		<feat xlink:href="#sSpan1296" value="Sing"/>
		<feat xlink:href="#sSpan1297" value="Sing"/>
		<feat xlink:href="#sSpan1301" value="Sing"/>
		<feat xlink:href="#sSpan1303" value="Sing"/>
		<feat xlink:href="#sSpan1304" value="Sing"/>
		<feat xlink:href="#sSpan1306" value="Sing"/>
		<feat xlink:href="#sSpan1307" value="Plur"/>
		<feat xlink:href="#sSpan1308" value="Plur"/>
		<feat xlink:href="#sSpan1313" value="Plur"/>
		<feat xlink:href="#sSpan1318" value="Plur"/>
		<feat xlink:href="#sSpan1320" value="Plur"/>
		<feat xlink:href="#sSpan1326" value="Sing"/>
		<feat xlink:href="#sSpan1330" value="Sing"/>
		<feat xlink:href="#sSpan1335" value="Sing"/>
		<feat xlink:href="#sSpan1337" value="Sing"/>
		<feat xlink:href="#sSpan1344" value="Sing"/>
		<feat xlink:href="#sSpan1345" value="Sing"/>
		<feat xlink:href="#sSpan1359" value="Sing"/>
		<feat xlink:href="#sSpan1361" value="Sing"/>
		<feat xlink:href="#sSpan1363" value="Plur"/>
		<feat xlink:href="#sSpan1371" value="Sing"/>
		<feat xlink:href="#sSpan1380" value="Sing"/>
		<feat xlink:href="#sSpan1386" value="Sing"/>
		<feat xlink:href="#sSpan1388" value="Sing"/>
		<feat xlink:href="#sSpan1391" value="Sing"/>
		<feat xlink:href="#sSpan1392" value="Sing"/>
		<feat xlink:href="#sSpan1394" value="Sing"/>
		<feat xlink:href="#sSpan1395" value="Plur"/>
		<feat xlink:href="#sSpan1396" value="Sing"/>
		<feat xlink:href="#sSpan1397" value="Sing"/>
		<feat xlink:href="#sSpan1398" value="Sing"/>
		<feat xlink:href="#sSpan1399" value="Sing"/>
		<feat xlink:href="#sSpan1402" value="Sing"/>
		<feat xlink:href="#sSpan1405" value="Sing"/>
		<feat xlink:href="#sSpan1412" value="Sing"/>
		<feat xlink:href="#sSpan1417" value="Sing"/></featList></paula>