<?xml version='1.0' encoding='UTF-8'?><!DOCTYPE paula SYSTEM "paula_feat.dtd">
<paula version="1.1">
	<header paula_id="morph.GENTLE_dictionary_trust.mark_PronType"/>
	<featList xmlns:xlink="http://www.w3.org/1999/xlink" type="PronType" xml:base="morph.GENTLE_dictionary_trust.mark.xml">
		<feat xlink:href="#sSpan703" value="Art"/>
		<feat xlink:href="#sSpan714" value="Prs"/>
		<feat xlink:href="#sSpan719" value="Art"/>
		<feat xlink:href="#sSpan730" value="Prs"/>
		<feat xlink:href="#sSpan743" value="Art"/>
		<feat xlink:href="#sSpan745" value="Art"/>
		<feat xlink:href="#sSpan751" value="Art"/>
		<feat xlink:href="#sSpan759" value="Art"/>
		<feat xlink:href="#sSpan831" value="Ind"/>
		<feat xlink:href="#sSpan837" value="Prs"/>
		<feat xlink:href="#sSpan848" value="Prs"/>
		<feat xlink:href="#sSpan856" value="Prs"/>
		<feat xlink:href="#sSpan870" value="Prs"/>
		<feat xlink:href="#sSpan875" value="Ind"/>
		<feat xlink:href="#sSpan880" value="Art"/>
		<feat xlink:href="#sSpan888" value="Ind"/>
		<feat xlink:href="#sSpan890" value="Art"/>
		<feat xlink:href="#sSpan896" value="Art"/>
		<feat xlink:href="#sSpan905" value="Prs"/>
		<feat xlink:href="#sSpan915" value="Art"/>
		<feat xlink:href="#sSpan923" value="Prs"/>
		<feat xlink:href="#sSpan931" value="Prs"/>
		<feat xlink:href="#sSpan935" value="Dem"/>
		<feat xlink:href="#sSpan936" value="Rel"/>
		<feat xlink:href="#sSpan949" value="Ind"/>
		<feat xlink:href="#sSpan954" value="Art"/>
		<feat xlink:href="#sSpan957" value="Dem"/>
		<feat xlink:href="#sSpan959" value="Rel"/>
		<feat xlink:href="#sSpan976" value="Art"/>
		<feat xlink:href="#sSpan981" value="Rel"/>
		<feat xlink:href="#sSpan982" value="Ind"/>
		<feat xlink:href="#sSpan996" value="Art"/>
		<feat xlink:href="#sSpan1003" value="Art"/>
		<feat xlink:href="#sSpan1005" value="Rel"/>
		<feat xlink:href="#sSpan1014" value="Art"/>
		<feat xlink:href="#sSpan1018" value="Art"/>
		<feat xlink:href="#sSpan1020" value="Ind"/>
		<feat xlink:href="#sSpan1021" value="Prs"/>
		<feat xlink:href="#sSpan1030" value="Art"/>
		<feat xlink:href="#sSpan1036" value="Prs"/>
		<feat xlink:href="#sSpan1042" value="Art"/>
		<feat xlink:href="#sSpan1044" value="Int"/>
		<feat xlink:href="#sSpan1059" value="Art"/>
		<feat xlink:href="#sSpan1066" value="Art"/>
		<feat xlink:href="#sSpan1068" value="Art"/>
		<feat xlink:href="#sSpan1071" value="Prs"/>
		<feat xlink:href="#sSpan1081" value="Art"/>
		<feat xlink:href="#sSpan1089" value="Art"/>
		<feat xlink:href="#sSpan1100" value="Art"/>
		<feat xlink:href="#sSpan1103" value="Int"/>
		<feat xlink:href="#sSpan1107" value="Prs"/>
		<feat xlink:href="#sSpan1109" value="Prs"/>
		<feat xlink:href="#sSpan1120" value="Art"/>
		<feat xlink:href="#sSpan1138" value="Art"/>
		<feat xlink:href="#sSpan1146" value="Art"/>
		<feat xlink:href="#sSpan1149" value="Art"/>
		<feat xlink:href="#sSpan1152" value="Art"/>
		<feat xlink:href="#sSpan1159" value="Art"/>
		<feat xlink:href="#sSpan1202" value="Prs"/>
		<feat xlink:href="#sSpan1207" value="Ind"/>
		<feat xlink:href="#sSpan1208" value="Rel"/>
		<feat xlink:href="#sSpan1217" value="Prs"/>
		<feat xlink:href="#sSpan1229" value="Prs"/>
		<feat xlink:href="#sSpan1251" value="Art"/>
		<feat xlink:href="#sSpan1255" value="Art"/>
		<feat xlink:href="#sSpan1258" value="Prs"/>
		<feat xlink:href="#sSpan1270" value="Prs"/>
		<feat xlink:href="#sSpan1279" value="Prs"/>
		<feat xlink:href="#sSpan1287" value="Art"/>
		<feat xlink:href="#sSpan1292" value="Prs"/>
		<feat xlink:href="#sSpan1297" value="Ind"/>
		<feat xlink:href="#sSpan1301" value="Prs"/>
		<feat xlink:href="#sSpan1321" value="Prs"/>
		<feat xlink:href="#sSpan1334" value="Ind"/>
		<feat xlink:href="#sSpan1342" value="Prs"/>
		<feat xlink:href="#sSpan1349" value="Art"/>
		<feat xlink:href="#sSpan1352" value="Prs"/>
		<feat xlink:href="#sSpan1363" value="Prs"/>
		<feat xlink:href="#sSpan1394" value="Ind"/>
		<feat xlink:href="#sSpan1397" value="Art"/>
		<feat xlink:href="#sSpan1423" value="Art"/></featList></paula>