<?xml version='1.0' encoding='UTF-8'?><!DOCTYPE paula SYSTEM "paula_feat.dtd">
<paula version="1.1">
	<header paula_id="morph.GENTLE_dictionary_trust.mark_PronType"/>
	<featList xmlns:xlink="http://www.w3.org/1999/xlink" type="PronType" xml:base="morph.GENTLE_dictionary_trust.mark.xml">
		<feat xlink:href="#sSpan1078" value="Art"/>
		<feat xlink:href="#sSpan1086" value="Prs"/>
		<feat xlink:href="#sSpan1096" value="Art"/>
		<feat xlink:href="#sSpan1109" value="Prs"/>
		<feat xlink:href="#sSpan1119" value="Art"/>
		<feat xlink:href="#sSpan1122" value="Art"/>
		<feat xlink:href="#sSpan1128" value="Art"/>
		<feat xlink:href="#sSpan1137" value="Art"/>
		<feat xlink:href="#sSpan1213" value="Ind"/>
		<feat xlink:href="#sSpan1217" value="Prs"/>
		<feat xlink:href="#sSpan1229" value="Prs"/>
		<feat xlink:href="#sSpan1235" value="Prs"/>
		<feat xlink:href="#sSpan1249" value="Prs"/>
		<feat xlink:href="#sSpan1258" value="Ind"/>
		<feat xlink:href="#sSpan1262" value="Art"/>
		<feat xlink:href="#sSpan1270" value="Ind"/>
		<feat xlink:href="#sSpan1273" value="Art"/>
		<feat xlink:href="#sSpan1278" value="Art"/>
		<feat xlink:href="#sSpan1288" value="Prs"/>
		<feat xlink:href="#sSpan1297" value="Art"/>
		<feat xlink:href="#sSpan1305" value="Prs"/>
		<feat xlink:href="#sSpan1310" value="Prs"/>
		<feat xlink:href="#sSpan1315" value="Dem"/>
		<feat xlink:href="#sSpan1317" value="Rel"/>
		<feat xlink:href="#sSpan1329" value="Ind"/>
		<feat xlink:href="#sSpan1333" value="Art"/>
		<feat xlink:href="#sSpan1337" value="Dem"/>
		<feat xlink:href="#sSpan1338" value="Rel"/>
		<feat xlink:href="#sSpan1355" value="Art"/>
		<feat xlink:href="#sSpan1360" value="Rel"/>
		<feat xlink:href="#sSpan1362" value="Ind"/>
		<feat xlink:href="#sSpan1375" value="Art"/>
		<feat xlink:href="#sSpan1380" value="Art"/>
		<feat xlink:href="#sSpan1383" value="Rel"/>
		<feat xlink:href="#sSpan1391" value="Art"/>
		<feat xlink:href="#sSpan1396" value="Art"/>
		<feat xlink:href="#sSpan1398" value="Art"/>
		<feat xlink:href="#sSpan1400" value="Prs"/>
		<feat xlink:href="#sSpan1408" value="Art"/>
		<feat xlink:href="#sSpan1414" value="Prs"/>
		<feat xlink:href="#sSpan1419" value="Art"/>
		<feat xlink:href="#sSpan1438" value="Art"/>
		<feat xlink:href="#sSpan1442" value="Art"/>
		<feat xlink:href="#sSpan1446" value="Art"/>
		<feat xlink:href="#sSpan1452" value="Prs"/>
		<feat xlink:href="#sSpan1459" value="Art"/>
		<feat xlink:href="#sSpan1466" value="Art"/>
		<feat xlink:href="#sSpan1477" value="Art"/>
		<feat xlink:href="#sSpan1479" value="Int"/>
		<feat xlink:href="#sSpan1481" value="Prs"/>
		<feat xlink:href="#sSpan1485" value="Prs"/>
		<feat xlink:href="#sSpan1496" value="Art"/>
		<feat xlink:href="#sSpan1512" value="Art"/>
		<feat xlink:href="#sSpan1520" value="Art"/>
		<feat xlink:href="#sSpan1523" value="Art"/>
		<feat xlink:href="#sSpan1526" value="Art"/>
		<feat xlink:href="#sSpan1533" value="Art"/>
		<feat xlink:href="#sSpan1574" value="Prs"/>
		<feat xlink:href="#sSpan1581" value="Ind"/>
		<feat xlink:href="#sSpan1583" value="Rel"/>
		<feat xlink:href="#sSpan1592" value="Prs"/>
		<feat xlink:href="#sSpan1605" value="Prs"/>
		<feat xlink:href="#sSpan1631" value="Art"/>
		<feat xlink:href="#sSpan1637" value="Art"/>
		<feat xlink:href="#sSpan1641" value="Prs"/>
		<feat xlink:href="#sSpan1651" value="Prs"/>
		<feat xlink:href="#sSpan1660" value="Prs"/>
		<feat xlink:href="#sSpan1669" value="Art"/>
		<feat xlink:href="#sSpan1676" value="Prs"/>
		<feat xlink:href="#sSpan1678" value="Ind"/>
		<feat xlink:href="#sSpan1683" value="Prs"/>
		<feat xlink:href="#sSpan1707" value="Prs"/>
		<feat xlink:href="#sSpan1718" value="Ind"/>
		<feat xlink:href="#sSpan1722" value="Prs"/>
		<feat xlink:href="#sSpan1734" value="Art"/>
		<feat xlink:href="#sSpan1738" value="Prs"/>
		<feat xlink:href="#sSpan1752" value="Prs"/>
		<feat xlink:href="#sSpan1785" value="Ind"/>
		<feat xlink:href="#sSpan1787" value="Art"/>
		<feat xlink:href="#sSpan1814" value="Art"/></featList></paula>