<?xml version='1.0' encoding='UTF-8'?><!DOCTYPE paula SYSTEM "paula_feat.dtd">
<paula version="1.1">
	<header paula_id="morph.GENTLE_dictionary_trust.mark_Mood"/>
	<featList xmlns:xlink="http://www.w3.org/1999/xlink" type="Mood" xml:base="morph.GENTLE_dictionary_trust.mark.xml">
		<feat xlink:href="#sSpan730" value="Ind"/>
		<feat xlink:href="#sSpan740" value="Ind"/>
		<feat xlink:href="#sSpan846" value="Ind"/>
		<feat xlink:href="#sSpan863" value="Ind"/>
		<feat xlink:href="#sSpan914" value="Ind"/>
		<feat xlink:href="#sSpan923" value="Ind"/>
		<feat xlink:href="#sSpan944" value="Ind"/>
		<feat xlink:href="#sSpan966" value="Ind"/>
		<feat xlink:href="#sSpan989" value="Ind"/>
		<feat xlink:href="#sSpan1014" value="Ind"/>
		<feat xlink:href="#sSpan1030" value="Ind"/>
		<feat xlink:href="#sSpan1053" value="Ind"/>
		<feat xlink:href="#sSpan1123" value="Ind"/>
		<feat xlink:href="#sSpan1220" value="Ind"/>
		<feat xlink:href="#sSpan1241" value="Ind"/>
		<feat xlink:href="#sSpan1272" value="Ind"/>
		<feat xlink:href="#sSpan1279" value="Ind"/>
		<feat xlink:href="#sSpan1322" value="Ind"/>
		<feat xlink:href="#sSpan1366" value="Ind"/>
		<feat xlink:href="#sSpan1388" value="Imp"/></featList></paula>