<?xml version='1.0' encoding='UTF-8'?><!DOCTYPE paula SYSTEM "paula_feat.dtd">
<paula version="1.1">
	<header paula_id="morph.GENTLE_dictionary_trust.mark_Gender"/>
	<featList xmlns:xlink="http://www.w3.org/1999/xlink" type="Gender" xml:base="morph.GENTLE_dictionary_trust.mark.xml">
		<feat xlink:href="#sSpan711" value="Neut"/>
		<feat xlink:href="#sSpan731" value="Neut"/>
		<feat xlink:href="#sSpan836" value="Masc"/>
		<feat xlink:href="#sSpan846" value="Fem"/>
		<feat xlink:href="#sSpan852" value="Masc"/>
		<feat xlink:href="#sSpan870" value="Fem"/>
		<feat xlink:href="#sSpan927" value="Neut"/>
		<feat xlink:href="#sSpan1070" value="Neut"/>
		<feat xlink:href="#sSpan1102" value="Masc"/>
		<feat xlink:href="#sSpan1111" value="Fem"/>
		<feat xlink:href="#sSpan1334" value="Neut"/>
		<feat xlink:href="#sSpan1347" value="Masc"/>
		<feat xlink:href="#sSpan1356" value="Masc"/></featList></paula>