<?xml version='1.0' encoding='UTF-8'?><!DOCTYPE paula SYSTEM "paula_feat.dtd">
<paula version="1.1">
	<header paula_id="morph.GENTLE_dictionary_trust.mark_Case"/>
	<featList xmlns:xlink="http://www.w3.org/1999/xlink" type="Case" xml:base="morph.GENTLE_dictionary_trust.mark.xml">
		<feat xlink:href="#sSpan712" value="Acc"/>
		<feat xlink:href="#sSpan731" value="Nom"/>
		<feat xlink:href="#sSpan834" value="Nom"/>
		<feat xlink:href="#sSpan850" value="Gen"/>
		<feat xlink:href="#sSpan854" value="Nom"/>
		<feat xlink:href="#sSpan869" value="Acc"/>
		<feat xlink:href="#sSpan907" value="Nom"/>
		<feat xlink:href="#sSpan925" value="Acc"/>
		<feat xlink:href="#sSpan928" value="Acc"/>
		<feat xlink:href="#sSpan1022" value="Nom"/>
		<feat xlink:href="#sSpan1037" value="Gen"/>
		<feat xlink:href="#sSpan1073" value="Nom"/>
		<feat xlink:href="#sSpan1108" value="Nom"/>
		<feat xlink:href="#sSpan1110" value="Nom"/>
		<feat xlink:href="#sSpan1201" value="Nom"/>
		<feat xlink:href="#sSpan1214" value="Acc"/>
		<feat xlink:href="#sSpan1228" value="Nom"/>
		<feat xlink:href="#sSpan1261" value="Nom"/>
		<feat xlink:href="#sSpan1269" value="Nom"/>
		<feat xlink:href="#sSpan1282" value="Gen"/>
		<feat xlink:href="#sSpan1293" value="Acc"/>
		<feat xlink:href="#sSpan1323" value="Gen"/>
		<feat xlink:href="#sSpan1338" value="Acc"/>
		<feat xlink:href="#sSpan1355" value="Nom"/>
		<feat xlink:href="#sSpan1368" value="Gen"/></featList></paula>