<?xml version='1.0' encoding='UTF-8'?><!DOCTYPE paula SYSTEM "paula_feat.dtd">
<paula version="1.1">
	<header paula_id="morph.GENTLE_dictionary_trust.mark_Tense"/>
	<featList xmlns:xlink="http://www.w3.org/1999/xlink" type="Tense" xml:base="morph.GENTLE_dictionary_trust.mark.xml">
		<feat xlink:href="#sSpan701" value="Past"/>
		<feat xlink:href="#sSpan724" value="Pres"/>
		<feat xlink:href="#sSpan738" value="Pres"/>
		<feat xlink:href="#sSpan742" value="Past"/>
		<feat xlink:href="#sSpan765" value="Past"/>
		<feat xlink:href="#sSpan841" value="Pres"/>
		<feat xlink:href="#sSpan860" value="Pres"/>
		<feat xlink:href="#sSpan864" value="Pres"/>
		<feat xlink:href="#sSpan883" value="Past"/>
		<feat xlink:href="#sSpan903" value="Past"/>
		<feat xlink:href="#sSpan912" value="Past"/>
		<feat xlink:href="#sSpan918" value="Past"/>
		<feat xlink:href="#sSpan939" value="Pres"/>
		<feat xlink:href="#sSpan941" value="Past"/>
		<feat xlink:href="#sSpan944" value="Past"/>
		<feat xlink:href="#sSpan951" value="Past"/>
		<feat xlink:href="#sSpan963" value="Pres"/>
		<feat xlink:href="#sSpan965" value="Past"/>
		<feat xlink:href="#sSpan984" value="Pres"/>
		<feat xlink:href="#sSpan988" value="Past"/>
		<feat xlink:href="#sSpan999" value="Past"/>
		<feat xlink:href="#sSpan1005" value="Pres"/>
		<feat xlink:href="#sSpan1024" value="Past"/>
		<feat xlink:href="#sSpan1046" value="Pres"/>
		<feat xlink:href="#sSpan1051" value="Past"/>
		<feat xlink:href="#sSpan1053" value="Past"/>
		<feat xlink:href="#sSpan1077" value="Past"/>
		<feat xlink:href="#sSpan1085" value="Past"/>
		<feat xlink:href="#sSpan1088" value="Past"/>
		<feat xlink:href="#sSpan1096" value="Past"/>
		<feat xlink:href="#sSpan1115" value="Pres"/>
		<feat xlink:href="#sSpan1123" value="Past"/>
		<feat xlink:href="#sSpan1134" value="Past"/>
		<feat xlink:href="#sSpan1182" value="Pres"/>
		<feat xlink:href="#sSpan1190" value="Past"/>
		<feat xlink:href="#sSpan1206" value="Pres"/>
		<feat xlink:href="#sSpan1229" value="Pres"/>
		<feat xlink:href="#sSpan1260" value="Pres"/>
		<feat xlink:href="#sSpan1266" value="Pres"/>
		<feat xlink:href="#sSpan1270" value="Past"/>
		<feat xlink:href="#sSpan1285" value="Pres"/>
		<feat xlink:href="#sSpan1309" value="Pres"/>
		<feat xlink:href="#sSpan1322" value="Past"/>
		<feat xlink:href="#sSpan1329" value="Pres"/>
		<feat xlink:href="#sSpan1339" value="Pres"/>
		<feat xlink:href="#sSpan1341" value="Past"/>
		<feat xlink:href="#sSpan1353" value="Past"/>
		<feat xlink:href="#sSpan1378" value="Past"/>
		<feat xlink:href="#sSpan1414" value="Pres"/></featList></paula>