<?xml version='1.0' encoding='UTF-8'?><!DOCTYPE paula SYSTEM "paula_feat.dtd">
<paula version="1.1">
	<header paula_id="morph.GENTLE_dictionary_trust.mark_Tense"/>
	<featList xmlns:xlink="http://www.w3.org/1999/xlink" type="Tense" xml:base="morph.GENTLE_dictionary_trust.mark.xml">
		<feat xlink:href="#sSpan700" value="Past"/>
		<feat xlink:href="#sSpan725" value="Pres"/>
		<feat xlink:href="#sSpan738" value="Pres"/>
		<feat xlink:href="#sSpan740" value="Past"/>
		<feat xlink:href="#sSpan764" value="Past"/>
		<feat xlink:href="#sSpan839" value="Pres"/>
		<feat xlink:href="#sSpan858" value="Pres"/>
		<feat xlink:href="#sSpan863" value="Pres"/>
		<feat xlink:href="#sSpan884" value="Past"/>
		<feat xlink:href="#sSpan901" value="Past"/>
		<feat xlink:href="#sSpan910" value="Past"/>
		<feat xlink:href="#sSpan919" value="Past"/>
		<feat xlink:href="#sSpan938" value="Pres"/>
		<feat xlink:href="#sSpan943" value="Past"/>
		<feat xlink:href="#sSpan947" value="Past"/>
		<feat xlink:href="#sSpan952" value="Past"/>
		<feat xlink:href="#sSpan961" value="Pres"/>
		<feat xlink:href="#sSpan968" value="Past"/>
		<feat xlink:href="#sSpan987" value="Pres"/>
		<feat xlink:href="#sSpan991" value="Past"/>
		<feat xlink:href="#sSpan1001" value="Past"/>
		<feat xlink:href="#sSpan1009" value="Pres"/>
		<feat xlink:href="#sSpan1026" value="Past"/>
		<feat xlink:href="#sSpan1048" value="Pres"/>
		<feat xlink:href="#sSpan1053" value="Past"/>
		<feat xlink:href="#sSpan1056" value="Past"/>
		<feat xlink:href="#sSpan1079" value="Past"/>
		<feat xlink:href="#sSpan1086" value="Past"/>
		<feat xlink:href="#sSpan1092" value="Past"/>
		<feat xlink:href="#sSpan1099" value="Past"/>
		<feat xlink:href="#sSpan1116" value="Pres"/>
		<feat xlink:href="#sSpan1125" value="Past"/>
		<feat xlink:href="#sSpan1135" value="Past"/>
		<feat xlink:href="#sSpan1186" value="Pres"/>
		<feat xlink:href="#sSpan1191" value="Past"/>
		<feat xlink:href="#sSpan1211" value="Pres"/>
		<feat xlink:href="#sSpan1232" value="Pres"/>
		<feat xlink:href="#sSpan1262" value="Pres"/>
		<feat xlink:href="#sSpan1273" value="Pres"/>
		<feat xlink:href="#sSpan1277" value="Past"/>
		<feat xlink:href="#sSpan1290" value="Pres"/>
		<feat xlink:href="#sSpan1317" value="Pres"/>
		<feat xlink:href="#sSpan1329" value="Past"/>
		<feat xlink:href="#sSpan1336" value="Pres"/>
		<feat xlink:href="#sSpan1346" value="Pres"/>
		<feat xlink:href="#sSpan1347" value="Past"/>
		<feat xlink:href="#sSpan1361" value="Past"/>
		<feat xlink:href="#sSpan1387" value="Past"/>
		<feat xlink:href="#sSpan1421" value="Pres"/></featList></paula>