<?xml version='1.0' encoding='UTF-8'?><!DOCTYPE paula SYSTEM "paula_feat.dtd">
<paula version="1.1">
	<header paula_id="morph.GENTLE_dictionary_trust.mark_PronType"/>
	<featList xmlns:xlink="http://www.w3.org/1999/xlink" type="PronType" xml:base="morph.GENTLE_dictionary_trust.mark.xml">
		<feat xlink:href="#sSpan703" value="Art"/>
		<feat xlink:href="#sSpan714" value="Prs"/>
		<feat xlink:href="#sSpan720" value="Art"/>
		<feat xlink:href="#sSpan732" value="Prs"/>
		<feat xlink:href="#sSpan743" value="Art"/>
		<feat xlink:href="#sSpan746" value="Art"/>
		<feat xlink:href="#sSpan752" value="Art"/>
		<feat xlink:href="#sSpan760" value="Art"/>
		<feat xlink:href="#sSpan832" value="Ind"/>
		<feat xlink:href="#sSpan837" value="Prs"/>
		<feat xlink:href="#sSpan848" value="Prs"/>
		<feat xlink:href="#sSpan853" value="Prs"/>
		<feat xlink:href="#sSpan869" value="Prs"/>
		<feat xlink:href="#sSpan874" value="Ind"/>
		<feat xlink:href="#sSpan880" value="Art"/>
		<feat xlink:href="#sSpan888" value="Ind"/>
		<feat xlink:href="#sSpan890" value="Art"/>
		<feat xlink:href="#sSpan896" value="Art"/>
		<feat xlink:href="#sSpan906" value="Prs"/>
		<feat xlink:href="#sSpan915" value="Art"/>
		<feat xlink:href="#sSpan925" value="Prs"/>
		<feat xlink:href="#sSpan930" value="Prs"/>
		<feat xlink:href="#sSpan933" value="Dem"/>
		<feat xlink:href="#sSpan935" value="Rel"/>
		<feat xlink:href="#sSpan947" value="Ind"/>
		<feat xlink:href="#sSpan953" value="Art"/>
		<feat xlink:href="#sSpan957" value="Dem"/>
		<feat xlink:href="#sSpan958" value="Rel"/>
		<feat xlink:href="#sSpan974" value="Art"/>
		<feat xlink:href="#sSpan980" value="Rel"/>
		<feat xlink:href="#sSpan981" value="Ind"/>
		<feat xlink:href="#sSpan995" value="Art"/>
		<feat xlink:href="#sSpan1001" value="Art"/>
		<feat xlink:href="#sSpan1004" value="Rel"/>
		<feat xlink:href="#sSpan1011" value="Art"/>
		<feat xlink:href="#sSpan1016" value="Art"/>
		<feat xlink:href="#sSpan1018" value="Ind"/>
		<feat xlink:href="#sSpan1021" value="Prs"/>
		<feat xlink:href="#sSpan1028" value="Art"/>
		<feat xlink:href="#sSpan1032" value="Prs"/>
		<feat xlink:href="#sSpan1038" value="Art"/>
		<feat xlink:href="#sSpan1041" value="Int"/>
		<feat xlink:href="#sSpan1056" value="Art"/>
		<feat xlink:href="#sSpan1062" value="Art"/>
		<feat xlink:href="#sSpan1065" value="Art"/>
		<feat xlink:href="#sSpan1072" value="Prs"/>
		<feat xlink:href="#sSpan1079" value="Art"/>
		<feat xlink:href="#sSpan1086" value="Art"/>
		<feat xlink:href="#sSpan1098" value="Art"/>
		<feat xlink:href="#sSpan1101" value="Int"/>
		<feat xlink:href="#sSpan1105" value="Prs"/>
		<feat xlink:href="#sSpan1108" value="Prs"/>
		<feat xlink:href="#sSpan1118" value="Art"/>
		<feat xlink:href="#sSpan1135" value="Art"/>
		<feat xlink:href="#sSpan1142" value="Art"/>
		<feat xlink:href="#sSpan1146" value="Art"/>
		<feat xlink:href="#sSpan1149" value="Art"/>
		<feat xlink:href="#sSpan1155" value="Art"/>
		<feat xlink:href="#sSpan1196" value="Prs"/>
		<feat xlink:href="#sSpan1204" value="Ind"/>
		<feat xlink:href="#sSpan1205" value="Rel"/>
		<feat xlink:href="#sSpan1211" value="Prs"/>
		<feat xlink:href="#sSpan1223" value="Prs"/>
		<feat xlink:href="#sSpan1245" value="Art"/>
		<feat xlink:href="#sSpan1250" value="Art"/>
		<feat xlink:href="#sSpan1253" value="Prs"/>
		<feat xlink:href="#sSpan1264" value="Prs"/>
		<feat xlink:href="#sSpan1272" value="Prs"/>
		<feat xlink:href="#sSpan1281" value="Art"/>
		<feat xlink:href="#sSpan1287" value="Prs"/>
		<feat xlink:href="#sSpan1291" value="Ind"/>
		<feat xlink:href="#sSpan1294" value="Prs"/>
		<feat xlink:href="#sSpan1315" value="Prs"/>
		<feat xlink:href="#sSpan1327" value="Ind"/>
		<feat xlink:href="#sSpan1332" value="Prs"/>
		<feat xlink:href="#sSpan1343" value="Art"/>
		<feat xlink:href="#sSpan1346" value="Prs"/>
		<feat xlink:href="#sSpan1360" value="Prs"/>
		<feat xlink:href="#sSpan1387" value="Ind"/>
		<feat xlink:href="#sSpan1389" value="Art"/>
		<feat xlink:href="#sSpan1415" value="Art"/></featList></paula>