<?xml version='1.0' encoding='UTF-8'?><!DOCTYPE paula SYSTEM "paula_feat.dtd">
<paula version="1.1">
	<header paula_id="morph.GENTLE_dictionary_trust.mark_VerbForm"/>
	<featList xmlns:xlink="http://www.w3.org/1999/xlink" type="VerbForm" xml:base="morph.GENTLE_dictionary_trust.mark.xml">
		<feat xlink:href="#sSpan1075" value="Part"/>
		<feat xlink:href="#sSpan1102" value="Fin"/>
		<feat xlink:href="#sSpan1112" value="Fin"/>
		<feat xlink:href="#sSpan1117" value="Part"/>
		<feat xlink:href="#sSpan1142" value="Part"/>
		<feat xlink:href="#sSpan1153" value="Inf"/>
		<feat xlink:href="#sSpan1224" value="Fin"/>
		<feat xlink:href="#sSpan1226" value="Inf"/>
		<feat xlink:href="#sSpan1243" value="Fin"/>
		<feat xlink:href="#sSpan1245" value="Part"/>
		<feat xlink:href="#sSpan1247" value="Inf"/>
		<feat xlink:href="#sSpan1254" value="Inf"/>
		<feat xlink:href="#sSpan1259" value="Inf"/>
		<feat xlink:href="#sSpan1266" value="Part"/>
		<feat xlink:href="#sSpan1283" value="Part"/>
		<feat xlink:href="#sSpan1294" value="Fin"/>
		<feat xlink:href="#sSpan1301" value="Fin"/>
		<feat xlink:href="#sSpan1308" value="Inf"/>
		<feat xlink:href="#sSpan1321" value="Fin"/>
		<feat xlink:href="#sSpan1325" value="Part"/>
		<feat xlink:href="#sSpan1327" value="Part"/>
		<feat xlink:href="#sSpan1330" value="Part"/>
		<feat xlink:href="#sSpan1341" value="Fin"/>
		<feat xlink:href="#sSpan1345" value="Part"/>
		<feat xlink:href="#sSpan1363" value="Fin"/>
		<feat xlink:href="#sSpan1369" value="Part"/>
		<feat xlink:href="#sSpan1379" value="Part"/>
		<feat xlink:href="#sSpan1388" value="Fin"/>
		<feat xlink:href="#sSpan1394" value="Inf"/>
		<feat xlink:href="#sSpan1403" value="Fin"/>
		<feat xlink:href="#sSpan1428" value="Fin"/>
		<feat xlink:href="#sSpan1432" value="Part"/>
		<feat xlink:href="#sSpan1433" value="Inf"/>
		<feat xlink:href="#sSpan1436" value="Part"/>
		<feat xlink:href="#sSpan1453" value="Fin"/>
		<feat xlink:href="#sSpan1454" value="Inf"/>
		<feat xlink:href="#sSpan1455" value="Part"/>
		<feat xlink:href="#sSpan1464" value="Part"/>
		<feat xlink:href="#sSpan1468" value="Part"/>
		<feat xlink:href="#sSpan1472" value="Inf"/>
		<feat xlink:href="#sSpan1475" value="Part"/>
		<feat xlink:href="#sSpan1492" value="Fin"/>
		<feat xlink:href="#sSpan1501" value="Part"/>
		<feat xlink:href="#sSpan1505" value="Inf"/>
		<feat xlink:href="#sSpan1506" value="Inf"/>
		<feat xlink:href="#sSpan1510" value="Part"/>
		<feat xlink:href="#sSpan1559" value="Ger"/>
		<feat xlink:href="#sSpan1564" value="Part"/>
		<feat xlink:href="#sSpan1568" value="Inf"/>
		<feat xlink:href="#sSpan1571" value="Inf"/>
		<feat xlink:href="#sSpan1572" value="Inf"/>
		<feat xlink:href="#sSpan1578" value="Fin"/>
		<feat xlink:href="#sSpan1580" value="Inf"/>
		<feat xlink:href="#sSpan1587" value="Fin"/>
		<feat xlink:href="#sSpan1596" value="Inf"/>
		<feat xlink:href="#sSpan1598" value="Inf"/>
		<feat xlink:href="#sSpan1600" value="Ger"/>
		<feat xlink:href="#sSpan1611" value="Fin"/>
		<feat xlink:href="#sSpan1618" value="Inf"/>
		<feat xlink:href="#sSpan1622" value="Inf"/>
		<feat xlink:href="#sSpan1625" value="Inf"/>
		<feat xlink:href="#sSpan1629" value="Inf"/>
		<feat xlink:href="#sSpan1647" value="Fin"/>
		<feat xlink:href="#sSpan1652" value="Fin"/>
		<feat xlink:href="#sSpan1657" value="Part"/>
		<feat xlink:href="#sSpan1667" value="Inf"/>
		<feat xlink:href="#sSpan1672" value="Ger"/>
		<feat xlink:href="#sSpan1681" value="Inf"/>
		<feat xlink:href="#sSpan1686" value="Inf"/>
		<feat xlink:href="#sSpan1689" value="Inf"/>
		<feat xlink:href="#sSpan1692" value="Inf"/>
		<feat xlink:href="#sSpan1701" value="Fin"/>
		<feat xlink:href="#sSpan1715" value="Part"/>
		<feat xlink:href="#sSpan1717" value="Inf"/>
		<feat xlink:href="#sSpan1720" value="Ger"/>
		<feat xlink:href="#sSpan1727" value="Inf"/>
		<feat xlink:href="#sSpan1730" value="Ger"/>
		<feat xlink:href="#sSpan1732" value="Part"/>
		<feat xlink:href="#sSpan1743" value="Fin"/>
		<feat xlink:href="#sSpan1746" value="Inf"/>
		<feat xlink:href="#sSpan1758" value="Inf"/>
		<feat xlink:href="#sSpan1760" value="Inf"/>
		<feat xlink:href="#sSpan1764" value="Inf"/>
		<feat xlink:href="#sSpan1767" value="Fin"/>
		<feat xlink:href="#sSpan1771" value="Inf"/>
		<feat xlink:href="#sSpan1773" value="Part"/>
		<feat xlink:href="#sSpan1777" value="Inf"/>
		<feat xlink:href="#sSpan1781" value="Inf"/>
		<feat xlink:href="#sSpan1783" value="Inf"/>
		<feat xlink:href="#sSpan1792" value="Inf"/>
		<feat xlink:href="#sSpan1812" value="Ger"/></featList></paula>