<?xml version='1.0' encoding='UTF-8'?><!DOCTYPE paula SYSTEM "paula_feat.dtd">
<paula version="1.1">
	<header paula_id="morph.GENTLE_dictionary_trust.mark_Case"/>
	<featList xmlns:xlink="http://www.w3.org/1999/xlink" type="Case" xml:base="morph.GENTLE_dictionary_trust.mark.xml">
		<feat xlink:href="#sSpan719" value="Acc"/>
		<feat xlink:href="#sSpan732" value="Nom"/>
		<feat xlink:href="#sSpan843" value="Nom"/>
		<feat xlink:href="#sSpan855" value="Gen"/>
		<feat xlink:href="#sSpan859" value="Nom"/>
		<feat xlink:href="#sSpan871" value="Acc"/>
		<feat xlink:href="#sSpan912" value="Nom"/>
		<feat xlink:href="#sSpan931" value="Acc"/>
		<feat xlink:href="#sSpan935" value="Acc"/>
		<feat xlink:href="#sSpan1027" value="Nom"/>
		<feat xlink:href="#sSpan1041" value="Gen"/>
		<feat xlink:href="#sSpan1077" value="Nom"/>
		<feat xlink:href="#sSpan1111" value="Nom"/>
		<feat xlink:href="#sSpan1119" value="Nom"/>
		<feat xlink:href="#sSpan1207" value="Nom"/>
		<feat xlink:href="#sSpan1221" value="Acc"/>
		<feat xlink:href="#sSpan1236" value="Nom"/>
		<feat xlink:href="#sSpan1268" value="Nom"/>
		<feat xlink:href="#sSpan1274" value="Nom"/>
		<feat xlink:href="#sSpan1287" value="Gen"/>
		<feat xlink:href="#sSpan1302" value="Acc"/>
		<feat xlink:href="#sSpan1327" value="Gen"/>
		<feat xlink:href="#sSpan1347" value="Acc"/>
		<feat xlink:href="#sSpan1360" value="Nom"/>
		<feat xlink:href="#sSpan1371" value="Gen"/></featList></paula>