<?xml version='1.0' encoding='UTF-8'?><!DOCTYPE paula SYSTEM "paula_feat.dtd">
<paula version="1.1">
	<header paula_id="morph.GENTLE_dictionary_trust.mark_VerbForm"/>
	<featList xmlns:xlink="http://www.w3.org/1999/xlink" type="VerbForm" xml:base="morph.GENTLE_dictionary_trust.mark.xml">
		<feat xlink:href="#sSpan705" value="Part"/>
		<feat xlink:href="#sSpan727" value="Fin"/>
		<feat xlink:href="#sSpan737" value="Fin"/>
		<feat xlink:href="#sSpan742" value="Part"/>
		<feat xlink:href="#sSpan768" value="Part"/>
		<feat xlink:href="#sSpan778" value="Inf"/>
		<feat xlink:href="#sSpan847" value="Fin"/>
		<feat xlink:href="#sSpan849" value="Inf"/>
		<feat xlink:href="#sSpan865" value="Fin"/>
		<feat xlink:href="#sSpan869" value="Part"/>
		<feat xlink:href="#sSpan870" value="Inf"/>
		<feat xlink:href="#sSpan877" value="Inf"/>
		<feat xlink:href="#sSpan881" value="Inf"/>
		<feat xlink:href="#sSpan889" value="Part"/>
		<feat xlink:href="#sSpan907" value="Part"/>
		<feat xlink:href="#sSpan918" value="Fin"/>
		<feat xlink:href="#sSpan926" value="Fin"/>
		<feat xlink:href="#sSpan932" value="Inf"/>
		<feat xlink:href="#sSpan946" value="Fin"/>
		<feat xlink:href="#sSpan948" value="Part"/>
		<feat xlink:href="#sSpan952" value="Part"/>
		<feat xlink:href="#sSpan956" value="Part"/>
		<feat xlink:href="#sSpan969" value="Fin"/>
		<feat xlink:href="#sSpan971" value="Part"/>
		<feat xlink:href="#sSpan991" value="Fin"/>
		<feat xlink:href="#sSpan996" value="Part"/>
		<feat xlink:href="#sSpan1006" value="Part"/>
		<feat xlink:href="#sSpan1011" value="Fin"/>
		<feat xlink:href="#sSpan1021" value="Inf"/>
		<feat xlink:href="#sSpan1032" value="Fin"/>
		<feat xlink:href="#sSpan1055" value="Fin"/>
		<feat xlink:href="#sSpan1059" value="Part"/>
		<feat xlink:href="#sSpan1060" value="Inf"/>
		<feat xlink:href="#sSpan1061" value="Part"/>
		<feat xlink:href="#sSpan1081" value="Fin"/>
		<feat xlink:href="#sSpan1082" value="Inf"/>
		<feat xlink:href="#sSpan1085" value="Part"/>
		<feat xlink:href="#sSpan1091" value="Part"/>
		<feat xlink:href="#sSpan1097" value="Part"/>
		<feat xlink:href="#sSpan1102" value="Inf"/>
		<feat xlink:href="#sSpan1105" value="Part"/>
		<feat xlink:href="#sSpan1120" value="Fin"/>
		<feat xlink:href="#sSpan1132" value="Part"/>
		<feat xlink:href="#sSpan1136" value="Inf"/>
		<feat xlink:href="#sSpan1137" value="Inf"/>
		<feat xlink:href="#sSpan1141" value="Part"/>
		<feat xlink:href="#sSpan1193" value="Part"/>
		<feat xlink:href="#sSpan1198" value="Part"/>
		<feat xlink:href="#sSpan1202" value="Inf"/>
		<feat xlink:href="#sSpan1204" value="Inf"/>
		<feat xlink:href="#sSpan1205" value="Inf"/>
		<feat xlink:href="#sSpan1210" value="Fin"/>
		<feat xlink:href="#sSpan1212" value="Inf"/>
		<feat xlink:href="#sSpan1218" value="Fin"/>
		<feat xlink:href="#sSpan1227" value="Inf"/>
		<feat xlink:href="#sSpan1229" value="Inf"/>
		<feat xlink:href="#sSpan1230" value="Ger"/>
		<feat xlink:href="#sSpan1238" value="Fin"/>
		<feat xlink:href="#sSpan1248" value="Inf"/>
		<feat xlink:href="#sSpan1250" value="Inf"/>
		<feat xlink:href="#sSpan1253" value="Inf"/>
		<feat xlink:href="#sSpan1255" value="Inf"/>
		<feat xlink:href="#sSpan1270" value="Fin"/>
		<feat xlink:href="#sSpan1281" value="Fin"/>
		<feat xlink:href="#sSpan1284" value="Part"/>
		<feat xlink:href="#sSpan1292" value="Inf"/>
		<feat xlink:href="#sSpan1298" value="Part"/>
		<feat xlink:href="#sSpan1306" value="Inf"/>
		<feat xlink:href="#sSpan1311" value="Inf"/>
		<feat xlink:href="#sSpan1313" value="Inf"/>
		<feat xlink:href="#sSpan1315" value="Inf"/>
		<feat xlink:href="#sSpan1326" value="Fin"/>
		<feat xlink:href="#sSpan1336" value="Part"/>
		<feat xlink:href="#sSpan1339" value="Inf"/>
		<feat xlink:href="#sSpan1342" value="Part"/>
		<feat xlink:href="#sSpan1350" value="Inf"/>
		<feat xlink:href="#sSpan1353" value="Part"/>
		<feat xlink:href="#sSpan1354" value="Part"/>
		<feat xlink:href="#sSpan1364" value="Fin"/>
		<feat xlink:href="#sSpan1369" value="Inf"/>
		<feat xlink:href="#sSpan1381" value="Inf"/>
		<feat xlink:href="#sSpan1382" value="Inf"/>
		<feat xlink:href="#sSpan1385" value="Inf"/>
		<feat xlink:href="#sSpan1389" value="Fin"/>
		<feat xlink:href="#sSpan1391" value="Inf"/>
		<feat xlink:href="#sSpan1394" value="Part"/>
		<feat xlink:href="#sSpan1396" value="Inf"/>
		<feat xlink:href="#sSpan1399" value="Inf"/>
		<feat xlink:href="#sSpan1400" value="Inf"/>
		<feat xlink:href="#sSpan1408" value="Inf"/>
		<feat xlink:href="#sSpan1428" value="Part"/></featList></paula>