<?xml version='1.0' encoding='UTF-8'?><!DOCTYPE paula SYSTEM "paula_feat.dtd">
<paula version="1.1">
	<header paula_id="morph.GENTLE_dictionary_trust.mark_Voice"/>
	<featList xmlns:xlink="http://www.w3.org/1999/xlink" type="Voice" xml:base="morph.GENTLE_dictionary_trust.mark.xml">
		<feat xlink:href="#sSpan1115" value="Pass"/>
		<feat xlink:href="#sSpan1324" value="Pass"/>
		<feat xlink:href="#sSpan1347" value="Pass"/>
		<feat xlink:href="#sSpan1368" value="Pass"/>
		<feat xlink:href="#sSpan1431" value="Pass"/>
		<feat xlink:href="#sSpan1435" value="Pass"/>
		<feat xlink:href="#sSpan1456" value="Pass"/>
		<feat xlink:href="#sSpan1473" value="Pass"/>
		<feat xlink:href="#sSpan1774" value="Pass"/></featList></paula>