<?xml version='1.0' encoding='UTF-8'?><!DOCTYPE paula SYSTEM "paula_feat.dtd">
<paula version="1.1">
	<header paula_id="morph.GENTLE_dictionary_trust.mark_VerbForm"/>
	<featList xmlns:xlink="http://www.w3.org/1999/xlink" type="VerbForm" xml:base="morph.GENTLE_dictionary_trust.mark.xml">
		<feat xlink:href="#sSpan700" value="Part"/>
		<feat xlink:href="#sSpan726" value="Fin"/>
		<feat xlink:href="#sSpan736" value="Fin"/>
		<feat xlink:href="#sSpan741" value="Part"/>
		<feat xlink:href="#sSpan766" value="Part"/>
		<feat xlink:href="#sSpan775" value="Inf"/>
		<feat xlink:href="#sSpan843" value="Fin"/>
		<feat xlink:href="#sSpan844" value="Inf"/>
		<feat xlink:href="#sSpan859" value="Fin"/>
		<feat xlink:href="#sSpan863" value="Part"/>
		<feat xlink:href="#sSpan865" value="Inf"/>
		<feat xlink:href="#sSpan872" value="Inf"/>
		<feat xlink:href="#sSpan876" value="Inf"/>
		<feat xlink:href="#sSpan884" value="Part"/>
		<feat xlink:href="#sSpan901" value="Part"/>
		<feat xlink:href="#sSpan909" value="Fin"/>
		<feat xlink:href="#sSpan919" value="Fin"/>
		<feat xlink:href="#sSpan926" value="Inf"/>
		<feat xlink:href="#sSpan938" value="Fin"/>
		<feat xlink:href="#sSpan942" value="Part"/>
		<feat xlink:href="#sSpan946" value="Part"/>
		<feat xlink:href="#sSpan949" value="Part"/>
		<feat xlink:href="#sSpan960" value="Fin"/>
		<feat xlink:href="#sSpan966" value="Part"/>
		<feat xlink:href="#sSpan986" value="Fin"/>
		<feat xlink:href="#sSpan989" value="Part"/>
		<feat xlink:href="#sSpan998" value="Part"/>
		<feat xlink:href="#sSpan1008" value="Fin"/>
		<feat xlink:href="#sSpan1014" value="Inf"/>
		<feat xlink:href="#sSpan1023" value="Fin"/>
		<feat xlink:href="#sSpan1048" value="Fin"/>
		<feat xlink:href="#sSpan1050" value="Part"/>
		<feat xlink:href="#sSpan1052" value="Inf"/>
		<feat xlink:href="#sSpan1055" value="Part"/>
		<feat xlink:href="#sSpan1073" value="Fin"/>
		<feat xlink:href="#sSpan1074" value="Inf"/>
		<feat xlink:href="#sSpan1076" value="Part"/>
		<feat xlink:href="#sSpan1084" value="Part"/>
		<feat xlink:href="#sSpan1089" value="Part"/>
		<feat xlink:href="#sSpan1094" value="Inf"/>
		<feat xlink:href="#sSpan1097" value="Part"/>
		<feat xlink:href="#sSpan1113" value="Fin"/>
		<feat xlink:href="#sSpan1124" value="Part"/>
		<feat xlink:href="#sSpan1127" value="Inf"/>
		<feat xlink:href="#sSpan1128" value="Inf"/>
		<feat xlink:href="#sSpan1133" value="Part"/>
		<feat xlink:href="#sSpan1183" value="Part"/>
		<feat xlink:href="#sSpan1188" value="Part"/>
		<feat xlink:href="#sSpan1192" value="Inf"/>
		<feat xlink:href="#sSpan1194" value="Inf"/>
		<feat xlink:href="#sSpan1195" value="Inf"/>
		<feat xlink:href="#sSpan1200" value="Fin"/>
		<feat xlink:href="#sSpan1202" value="Inf"/>
		<feat xlink:href="#sSpan1209" value="Fin"/>
		<feat xlink:href="#sSpan1216" value="Inf"/>
		<feat xlink:href="#sSpan1218" value="Inf"/>
		<feat xlink:href="#sSpan1219" value="Ger"/>
		<feat xlink:href="#sSpan1228" value="Fin"/>
		<feat xlink:href="#sSpan1236" value="Inf"/>
		<feat xlink:href="#sSpan1238" value="Inf"/>
		<feat xlink:href="#sSpan1241" value="Inf"/>
		<feat xlink:href="#sSpan1243" value="Inf"/>
		<feat xlink:href="#sSpan1259" value="Fin"/>
		<feat xlink:href="#sSpan1269" value="Fin"/>
		<feat xlink:href="#sSpan1271" value="Part"/>
		<feat xlink:href="#sSpan1279" value="Inf"/>
		<feat xlink:href="#sSpan1284" value="Part"/>
		<feat xlink:href="#sSpan1293" value="Inf"/>
		<feat xlink:href="#sSpan1298" value="Inf"/>
		<feat xlink:href="#sSpan1300" value="Inf"/>
		<feat xlink:href="#sSpan1302" value="Inf"/>
		<feat xlink:href="#sSpan1312" value="Fin"/>
		<feat xlink:href="#sSpan1324" value="Part"/>
		<feat xlink:href="#sSpan1325" value="Inf"/>
		<feat xlink:href="#sSpan1328" value="Part"/>
		<feat xlink:href="#sSpan1336" value="Inf"/>
		<feat xlink:href="#sSpan1338" value="Part"/>
		<feat xlink:href="#sSpan1340" value="Part"/>
		<feat xlink:href="#sSpan1351" value="Fin"/>
		<feat xlink:href="#sSpan1354" value="Inf"/>
		<feat xlink:href="#sSpan1366" value="Inf"/>
		<feat xlink:href="#sSpan1367" value="Inf"/>
		<feat xlink:href="#sSpan1370" value="Inf"/>
		<feat xlink:href="#sSpan1373" value="Fin"/>
		<feat xlink:href="#sSpan1376" value="Inf"/>
		<feat xlink:href="#sSpan1379" value="Part"/>
		<feat xlink:href="#sSpan1381" value="Inf"/>
		<feat xlink:href="#sSpan1384" value="Inf"/>
		<feat xlink:href="#sSpan1385" value="Inf"/>
		<feat xlink:href="#sSpan1393" value="Inf"/>
		<feat xlink:href="#sSpan1413" value="Part"/></featList></paula>