<?xml version='1.0' encoding='UTF-8'?><!DOCTYPE paula SYSTEM "paula_rel.dtd">
<paula version="1.1">
	<header paula_id="no_layer.GENTLE_dictionary_trust.head"/>
	<relList xmlns:xlink="http://www.w3.org/1999/xlink" type="head">
		<rel id="sPointingRel1122_9236" xlink:href="ref.GENTLE_dictionary_trust.mark.xml#sSpan171" target="GENTLE_dictionary_trust.tok.xml#sTok1"/>
		<rel id="sPointingRel1123" xlink:href="ref.GENTLE_dictionary_trust.mark.xml#sSpan172" target="GENTLE_dictionary_trust.tok.xml#sTok2"/>
		<rel id="sPointingRel1124_9238" xlink:href="ref.GENTLE_dictionary_trust.mark.xml#sSpan173" target="GENTLE_dictionary_trust.tok.xml#sTok3"/>
		<rel id="sPointingRel1125" xlink:href="ref.GENTLE_dictionary_trust.mark.xml#sSpan174" target="GENTLE_dictionary_trust.tok.xml#sTok7"/>
		<rel id="sPointingRel1126" xlink:href="ref.GENTLE_dictionary_trust.mark.xml#sSpan175" target="GENTLE_dictionary_trust.tok.xml#sTok7"/>
		<rel id="sPointingRel1127" xlink:href="ref.GENTLE_dictionary_trust.mark.xml#sSpan176" target="GENTLE_dictionary_trust.tok.xml#sTok6"/>
		<rel id="sPointingRel1128" xlink:href="ref.GENTLE_dictionary_trust.mark.xml#sSpan177" target="GENTLE_dictionary_trust.tok.xml#sTok10"/>
		<rel id="sPointingRel1129" xlink:href="ref.GENTLE_dictionary_trust.mark.xml#sSpan178" target="GENTLE_dictionary_trust.tok.xml#sTok12"/>
		<rel id="sPointingRel1130" xlink:href="ref.GENTLE_dictionary_trust.mark.xml#sSpan179" target="GENTLE_dictionary_trust.tok.xml#sTok19"/>
		<rel id="sPointingRel1131" xlink:href="ref.GENTLE_dictionary_trust.mark.xml#sSpan180" target="GENTLE_dictionary_trust.tok.xml#sTok23"/>
		<rel id="sPointingRel1132" xlink:href="ref.GENTLE_dictionary_trust.mark.xml#sSpan181" target="GENTLE_dictionary_trust.tok.xml#sTok22"/>
		<rel id="sPointingRel1133" xlink:href="ref.GENTLE_dictionary_trust.mark.xml#sSpan182" target="GENTLE_dictionary_trust.tok.xml#sTok26"/>
		<rel id="sPointingRel1134" xlink:href="ref.GENTLE_dictionary_trust.mark.xml#sSpan183" target="GENTLE_dictionary_trust.tok.xml#sTok28"/>
		<rel id="sPointingRel1135" xlink:href="ref.GENTLE_dictionary_trust.mark.xml#sSpan184" target="GENTLE_dictionary_trust.tok.xml#sTok30"/>
		<rel id="sPointingRel1136" xlink:href="ref.GENTLE_dictionary_trust.mark.xml#sSpan185" target="GENTLE_dictionary_trust.tok.xml#sTok34"/>
		<rel id="sPointingRel1137" xlink:href="ref.GENTLE_dictionary_trust.mark.xml#sSpan186" target="GENTLE_dictionary_trust.tok.xml#sTok39"/>
		<rel id="sPointingRel1138" xlink:href="ref.GENTLE_dictionary_trust.mark.xml#sSpan187" target="GENTLE_dictionary_trust.tok.xml#sTok38"/>
		<rel id="sPointingRel1139" xlink:href="ref.GENTLE_dictionary_trust.mark.xml#sSpan188" target="GENTLE_dictionary_trust.tok.xml#sTok44"/>
		<rel id="sPointingRel1140" xlink:href="ref.GENTLE_dictionary_trust.mark.xml#sSpan189" target="GENTLE_dictionary_trust.tok.xml#sTok43"/>
		<rel id="sPointingRel1141" xlink:href="ref.GENTLE_dictionary_trust.mark.xml#sSpan190" target="GENTLE_dictionary_trust.tok.xml#sTok50"/>
		<rel id="sPointingRel1142" xlink:href="ref.GENTLE_dictionary_trust.mark.xml#sSpan191" target="GENTLE_dictionary_trust.tok.xml#sTok54"/>
		<rel id="sPointingRel1143" xlink:href="ref.GENTLE_dictionary_trust.mark.xml#sSpan192" target="GENTLE_dictionary_trust.tok.xml#sTok60"/>
		<rel id="sPointingRel1144" xlink:href="ref.GENTLE_dictionary_trust.mark.xml#sSpan193" target="GENTLE_dictionary_trust.tok.xml#sTok60"/>
		<rel id="sPointingRel1145" xlink:href="ref.GENTLE_dictionary_trust.mark.xml#sSpan194" target="GENTLE_dictionary_trust.tok.xml#sTok59"/>
		<rel id="sPointingRel1146" xlink:href="ref.GENTLE_dictionary_trust.mark.xml#sSpan195" target="GENTLE_dictionary_trust.tok.xml#sTok71"/>
		<rel id="sPointingRel1147" xlink:href="ref.GENTLE_dictionary_trust.mark.xml#sSpan196" target="GENTLE_dictionary_trust.tok.xml#sTok67"/>
		<rel id="sPointingRel1148" xlink:href="ref.GENTLE_dictionary_trust.mark.xml#sSpan197" target="GENTLE_dictionary_trust.tok.xml#sTok70"/>
		<rel id="sPointingRel1149" xlink:href="ref.GENTLE_dictionary_trust.mark.xml#sSpan198" target="GENTLE_dictionary_trust.tok.xml#sTok75"/>
		<rel id="sPointingRel1150" xlink:href="ref.GENTLE_dictionary_trust.mark.xml#sSpan199" target="GENTLE_dictionary_trust.tok.xml#sTok82"/>
		<rel id="sPointingRel1151" xlink:href="ref.GENTLE_dictionary_trust.mark.xml#sSpan200" target="GENTLE_dictionary_trust.tok.xml#sTok81"/>
		<rel id="sPointingRel1152" xlink:href="ref.GENTLE_dictionary_trust.mark.xml#sSpan201" target="GENTLE_dictionary_trust.tok.xml#sTok85"/>
		<rel id="sPointingRel1153" xlink:href="ref.GENTLE_dictionary_trust.mark.xml#sSpan202" target="GENTLE_dictionary_trust.tok.xml#sTok96"/>
		<rel id="sPointingRel1154" xlink:href="ref.GENTLE_dictionary_trust.mark.xml#sSpan203" target="GENTLE_dictionary_trust.tok.xml#sTok95"/>
		<rel id="sPointingRel1155" xlink:href="ref.GENTLE_dictionary_trust.mark.xml#sSpan204" target="GENTLE_dictionary_trust.tok.xml#sTok110"/>
		<rel id="sPointingRel1156" xlink:href="ref.GENTLE_dictionary_trust.mark.xml#sSpan205" target="GENTLE_dictionary_trust.tok.xml#sTok109"/>
		<rel id="sPointingRel1157" xlink:href="ref.GENTLE_dictionary_trust.mark.xml#sSpan206" target="GENTLE_dictionary_trust.tok.xml#sTok113"/>
		<rel id="sPointingRel1158" xlink:href="ref.GENTLE_dictionary_trust.mark.xml#sSpan207" target="GENTLE_dictionary_trust.tok.xml#sTok115"/>
		<rel id="sPointingRel1159" xlink:href="ref.GENTLE_dictionary_trust.mark.xml#sSpan208" target="GENTLE_dictionary_trust.tok.xml#sTok121"/>
		<rel id="sPointingRel1160" xlink:href="ref.GENTLE_dictionary_trust.mark.xml#sSpan209" target="GENTLE_dictionary_trust.tok.xml#sTok120"/>
		<rel id="sPointingRel1161" xlink:href="ref.GENTLE_dictionary_trust.mark.xml#sSpan210" target="GENTLE_dictionary_trust.tok.xml#sTok119"/>
		<rel id="sPointingRel1162" xlink:href="ref.GENTLE_dictionary_trust.mark.xml#sSpan211" target="GENTLE_dictionary_trust.tok.xml#sTok124"/>
		<rel id="sPointingRel1163" xlink:href="ref.GENTLE_dictionary_trust.mark.xml#sSpan212" target="GENTLE_dictionary_trust.tok.xml#sTok126"/>
		<rel id="sPointingRel1164" xlink:href="ref.GENTLE_dictionary_trust.mark.xml#sSpan213" target="GENTLE_dictionary_trust.tok.xml#sTok132"/>
		<rel id="sPointingRel1165" xlink:href="ref.GENTLE_dictionary_trust.mark.xml#sSpan214" target="GENTLE_dictionary_trust.tok.xml#sTok132"/>
		<rel id="sPointingRel1166" xlink:href="ref.GENTLE_dictionary_trust.mark.xml#sSpan215" target="GENTLE_dictionary_trust.tok.xml#sTok131"/>
		<rel id="sPointingRel1167" xlink:href="ref.GENTLE_dictionary_trust.mark.xml#sSpan216" target="GENTLE_dictionary_trust.tok.xml#sTok135"/>
		<rel id="sPointingRel1168" xlink:href="ref.GENTLE_dictionary_trust.mark.xml#sSpan217" target="GENTLE_dictionary_trust.tok.xml#sTok137"/>
		<rel id="sPointingRel1169" xlink:href="ref.GENTLE_dictionary_trust.mark.xml#sSpan218" target="GENTLE_dictionary_trust.tok.xml#sTok142"/>
		<rel id="sPointingRel1170" xlink:href="ref.GENTLE_dictionary_trust.mark.xml#sSpan219" target="GENTLE_dictionary_trust.tok.xml#sTok141"/>
		<rel id="sPointingRel1171" xlink:href="ref.GENTLE_dictionary_trust.mark.xml#sSpan220" target="GENTLE_dictionary_trust.tok.xml#sTok145"/>
		<rel id="sPointingRel1172" xlink:href="ref.GENTLE_dictionary_trust.mark.xml#sSpan221" target="GENTLE_dictionary_trust.tok.xml#sTok147"/>
		<rel id="sPointingRel1173" xlink:href="ref.GENTLE_dictionary_trust.mark.xml#sSpan222" target="GENTLE_dictionary_trust.tok.xml#sTok152"/>
		<rel id="sPointingRel1174" xlink:href="ref.GENTLE_dictionary_trust.mark.xml#sSpan223" target="GENTLE_dictionary_trust.tok.xml#sTok151"/>
		<rel id="sPointingRel1175" xlink:href="ref.GENTLE_dictionary_trust.mark.xml#sSpan224" target="GENTLE_dictionary_trust.tok.xml#sTok155"/>
		<rel id="sPointingRel1176" xlink:href="ref.GENTLE_dictionary_trust.mark.xml#sSpan225" target="GENTLE_dictionary_trust.tok.xml#sTok157"/>
		<rel id="sPointingRel1177" xlink:href="ref.GENTLE_dictionary_trust.mark.xml#sSpan226" target="GENTLE_dictionary_trust.tok.xml#sTok162"/>
		<rel id="sPointingRel1178" xlink:href="ref.GENTLE_dictionary_trust.mark.xml#sSpan227" target="GENTLE_dictionary_trust.tok.xml#sTok161"/>
		<rel id="sPointingRel1179" xlink:href="ref.GENTLE_dictionary_trust.mark.xml#sSpan228" target="GENTLE_dictionary_trust.tok.xml#sTok164"/>
		<rel id="sPointingRel1180" xlink:href="ref.GENTLE_dictionary_trust.mark.xml#sSpan229" target="GENTLE_dictionary_trust.tok.xml#sTok167"/>
		<rel id="sPointingRel1181" xlink:href="ref.GENTLE_dictionary_trust.mark.xml#sSpan230" target="GENTLE_dictionary_trust.tok.xml#sTok169"/>
		<rel id="sPointingRel1182" xlink:href="ref.GENTLE_dictionary_trust.mark.xml#sSpan231" target="GENTLE_dictionary_trust.tok.xml#sTok173"/>
		<rel id="sPointingRel1183" xlink:href="ref.GENTLE_dictionary_trust.mark.xml#sSpan232" target="GENTLE_dictionary_trust.tok.xml#sTok175"/>
		<rel id="sPointingRel1184" xlink:href="ref.GENTLE_dictionary_trust.mark.xml#sSpan233" target="GENTLE_dictionary_trust.tok.xml#sTok179"/>
		<rel id="sPointingRel1185" xlink:href="ref.GENTLE_dictionary_trust.mark.xml#sSpan234" target="GENTLE_dictionary_trust.tok.xml#sTok181"/>
		<rel id="sPointingRel1186" xlink:href="ref.GENTLE_dictionary_trust.mark.xml#sSpan235" target="GENTLE_dictionary_trust.tok.xml#sTok183"/>
		<rel id="sPointingRel1187" xlink:href="ref.GENTLE_dictionary_trust.mark.xml#sSpan236" target="GENTLE_dictionary_trust.tok.xml#sTok184"/>
		<rel id="sPointingRel1188" xlink:href="ref.GENTLE_dictionary_trust.mark.xml#sSpan237" target="GENTLE_dictionary_trust.tok.xml#sTok186"/>
		<rel id="sPointingRel1189" xlink:href="ref.GENTLE_dictionary_trust.mark.xml#sSpan238" target="GENTLE_dictionary_trust.tok.xml#sTok188"/>
		<rel id="sPointingRel1190" xlink:href="ref.GENTLE_dictionary_trust.mark.xml#sSpan239" target="GENTLE_dictionary_trust.tok.xml#sTok190"/>
		<rel id="sPointingRel1191" xlink:href="ref.GENTLE_dictionary_trust.mark.xml#sSpan240" target="GENTLE_dictionary_trust.tok.xml#sTok193"/>
		<rel id="sPointingRel1192" xlink:href="ref.GENTLE_dictionary_trust.mark.xml#sSpan241" target="GENTLE_dictionary_trust.tok.xml#sTok195"/>
		<rel id="sPointingRel1193" xlink:href="ref.GENTLE_dictionary_trust.mark.xml#sSpan242" target="GENTLE_dictionary_trust.tok.xml#sTok197"/>
		<rel id="sPointingRel1194" xlink:href="ref.GENTLE_dictionary_trust.mark.xml#sSpan243" target="GENTLE_dictionary_trust.tok.xml#sTok199"/>
		<rel id="sPointingRel1195" xlink:href="ref.GENTLE_dictionary_trust.mark.xml#sSpan244" target="GENTLE_dictionary_trust.tok.xml#sTok202"/>
		<rel id="sPointingRel1196" xlink:href="ref.GENTLE_dictionary_trust.mark.xml#sSpan245" target="GENTLE_dictionary_trust.tok.xml#sTok204"/>
		<rel id="sPointingRel1197" xlink:href="ref.GENTLE_dictionary_trust.mark.xml#sSpan246" target="GENTLE_dictionary_trust.tok.xml#sTok206"/>
		<rel id="sPointingRel1198" xlink:href="ref.GENTLE_dictionary_trust.mark.xml#sSpan247" target="GENTLE_dictionary_trust.tok.xml#sTok209"/>
		<rel id="sPointingRel1199" xlink:href="ref.GENTLE_dictionary_trust.mark.xml#sSpan248" target="GENTLE_dictionary_trust.tok.xml#sTok210"/>
		<rel id="sPointingRel1200" xlink:href="ref.GENTLE_dictionary_trust.mark.xml#sSpan249" target="GENTLE_dictionary_trust.tok.xml#sTok212"/>
		<rel id="sPointingRel1201" xlink:href="ref.GENTLE_dictionary_trust.mark.xml#sSpan250" target="GENTLE_dictionary_trust.tok.xml#sTok214"/>
		<rel id="sPointingRel1202" xlink:href="ref.GENTLE_dictionary_trust.mark.xml#sSpan251" target="GENTLE_dictionary_trust.tok.xml#sTok216"/>
		<rel id="sPointingRel1203" xlink:href="ref.GENTLE_dictionary_trust.mark.xml#sSpan252" target="GENTLE_dictionary_trust.tok.xml#sTok217"/>
		<rel id="sPointingRel1204" xlink:href="ref.GENTLE_dictionary_trust.mark.xml#sSpan253" target="GENTLE_dictionary_trust.tok.xml#sTok218"/>
		<rel id="sPointingRel1205" xlink:href="ref.GENTLE_dictionary_trust.mark.xml#sSpan254" target="GENTLE_dictionary_trust.tok.xml#sTok224"/>
		<rel id="sPointingRel1206" xlink:href="ref.GENTLE_dictionary_trust.mark.xml#sSpan255" target="GENTLE_dictionary_trust.tok.xml#sTok225"/>
		<rel id="sPointingRel1207" xlink:href="ref.GENTLE_dictionary_trust.mark.xml#sSpan256" target="GENTLE_dictionary_trust.tok.xml#sTok227"/>
		<rel id="sPointingRel1208" xlink:href="ref.GENTLE_dictionary_trust.mark.xml#sSpan257" target="GENTLE_dictionary_trust.tok.xml#sTok233"/>
		<rel id="sPointingRel1209" xlink:href="ref.GENTLE_dictionary_trust.mark.xml#sSpan258" target="GENTLE_dictionary_trust.tok.xml#sTok235"/>
		<rel id="sPointingRel1210" xlink:href="ref.GENTLE_dictionary_trust.mark.xml#sSpan259" target="GENTLE_dictionary_trust.tok.xml#sTok237"/>
		<rel id="sPointingRel1211" xlink:href="ref.GENTLE_dictionary_trust.mark.xml#sSpan260" target="GENTLE_dictionary_trust.tok.xml#sTok242"/>
		<rel id="sPointingRel1212" xlink:href="ref.GENTLE_dictionary_trust.mark.xml#sSpan261" target="GENTLE_dictionary_trust.tok.xml#sTok241"/>
		<rel id="sPointingRel1213" xlink:href="ref.GENTLE_dictionary_trust.mark.xml#sSpan262" target="GENTLE_dictionary_trust.tok.xml#sTok244"/>
		<rel id="sPointingRel1214" xlink:href="ref.GENTLE_dictionary_trust.mark.xml#sSpan263" target="GENTLE_dictionary_trust.tok.xml#sTok250"/>
		<rel id="sPointingRel1215" xlink:href="ref.GENTLE_dictionary_trust.mark.xml#sSpan264" target="GENTLE_dictionary_trust.tok.xml#sTok255"/>
		<rel id="sPointingRel1216" xlink:href="ref.GENTLE_dictionary_trust.mark.xml#sSpan265" target="GENTLE_dictionary_trust.tok.xml#sTok257"/>
		<rel id="sPointingRel1217" xlink:href="ref.GENTLE_dictionary_trust.mark.xml#sSpan266" target="GENTLE_dictionary_trust.tok.xml#sTok260"/>
		<rel id="sPointingRel1218" xlink:href="ref.GENTLE_dictionary_trust.mark.xml#sSpan267" target="GENTLE_dictionary_trust.tok.xml#sTok262"/>
		<rel id="sPointingRel1219" xlink:href="ref.GENTLE_dictionary_trust.mark.xml#sSpan268" target="GENTLE_dictionary_trust.tok.xml#sTok266"/>
		<rel id="sPointingRel1220" xlink:href="ref.GENTLE_dictionary_trust.mark.xml#sSpan269" target="GENTLE_dictionary_trust.tok.xml#sTok267"/>
		<rel id="sPointingRel1221" xlink:href="ref.GENTLE_dictionary_trust.mark.xml#sSpan270" target="GENTLE_dictionary_trust.tok.xml#sTok269"/>
		<rel id="sPointingRel1222" xlink:href="ref.GENTLE_dictionary_trust.mark.xml#sSpan271" target="GENTLE_dictionary_trust.tok.xml#sTok272"/>
		<rel id="sPointingRel1223" xlink:href="ref.GENTLE_dictionary_trust.mark.xml#sSpan272" target="GENTLE_dictionary_trust.tok.xml#sTok274"/>
		<rel id="sPointingRel1224" xlink:href="ref.GENTLE_dictionary_trust.mark.xml#sSpan273" target="GENTLE_dictionary_trust.tok.xml#sTok276"/>
		<rel id="sPointingRel1225" xlink:href="ref.GENTLE_dictionary_trust.mark.xml#sSpan274" target="GENTLE_dictionary_trust.tok.xml#sTok280"/>
		<rel id="sPointingRel1226" xlink:href="ref.GENTLE_dictionary_trust.mark.xml#sSpan275" target="GENTLE_dictionary_trust.tok.xml#sTok282"/>
		<rel id="sPointingRel1227" xlink:href="ref.GENTLE_dictionary_trust.mark.xml#sSpan276" target="GENTLE_dictionary_trust.tok.xml#sTok284"/>
		<rel id="sPointingRel1228" xlink:href="ref.GENTLE_dictionary_trust.mark.xml#sSpan277" target="GENTLE_dictionary_trust.tok.xml#sTok287"/>
		<rel id="sPointingRel1229" xlink:href="ref.GENTLE_dictionary_trust.mark.xml#sSpan278" target="GENTLE_dictionary_trust.tok.xml#sTok289"/>
		<rel id="sPointingRel1230" xlink:href="ref.GENTLE_dictionary_trust.mark.xml#sSpan279" target="GENTLE_dictionary_trust.tok.xml#sTok293"/>
		<rel id="sPointingRel1231" xlink:href="ref.GENTLE_dictionary_trust.mark.xml#sSpan280" target="GENTLE_dictionary_trust.tok.xml#sTok297"/>
		<rel id="sPointingRel1232" xlink:href="ref.GENTLE_dictionary_trust.mark.xml#sSpan281" target="GENTLE_dictionary_trust.tok.xml#sTok299"/>
		<rel id="sPointingRel1233" xlink:href="ref.GENTLE_dictionary_trust.mark.xml#sSpan282" target="GENTLE_dictionary_trust.tok.xml#sTok301"/>
		<rel id="sPointingRel1234" xlink:href="ref.GENTLE_dictionary_trust.mark.xml#sSpan283" target="GENTLE_dictionary_trust.tok.xml#sTok303"/>
		<rel id="sPointingRel1235" xlink:href="ref.GENTLE_dictionary_trust.mark.xml#sSpan284" target="GENTLE_dictionary_trust.tok.xml#sTok305"/>
		<rel id="sPointingRel1236" xlink:href="ref.GENTLE_dictionary_trust.mark.xml#sSpan285" target="GENTLE_dictionary_trust.tok.xml#sTok312"/>
		<rel id="sPointingRel1237" xlink:href="ref.GENTLE_dictionary_trust.mark.xml#sSpan286" target="GENTLE_dictionary_trust.tok.xml#sTok315"/>
		<rel id="sPointingRel1238" xlink:href="ref.GENTLE_dictionary_trust.mark.xml#sSpan287" target="GENTLE_dictionary_trust.tok.xml#sTok318"/>
		<rel id="sPointingRel1239" xlink:href="ref.GENTLE_dictionary_trust.mark.xml#sSpan288" target="GENTLE_dictionary_trust.tok.xml#sTok320"/>
		<rel id="sPointingRel1240" xlink:href="ref.GENTLE_dictionary_trust.mark.xml#sSpan289" target="GENTLE_dictionary_trust.tok.xml#sTok323"/>
		<rel id="sPointingRel1241" xlink:href="ref.GENTLE_dictionary_trust.mark.xml#sSpan290" target="GENTLE_dictionary_trust.tok.xml#sTok327"/>
		<rel id="sPointingRel1242" xlink:href="ref.GENTLE_dictionary_trust.mark.xml#sSpan291" target="GENTLE_dictionary_trust.tok.xml#sTok329"/>
		<rel id="sPointingRel1243" xlink:href="ref.GENTLE_dictionary_trust.mark.xml#sSpan292" target="GENTLE_dictionary_trust.tok.xml#sTok331"/>
		<rel id="sPointingRel1244" xlink:href="ref.GENTLE_dictionary_trust.mark.xml#sSpan293" target="GENTLE_dictionary_trust.tok.xml#sTok336"/>
		<rel id="sPointingRel1245" xlink:href="ref.GENTLE_dictionary_trust.mark.xml#sSpan294" target="GENTLE_dictionary_trust.tok.xml#sTok338"/>
		<rel id="sPointingRel1246" xlink:href="ref.GENTLE_dictionary_trust.mark.xml#sSpan295" target="GENTLE_dictionary_trust.tok.xml#sTok341"/>
		<rel id="sPointingRel1247" xlink:href="ref.GENTLE_dictionary_trust.mark.xml#sSpan296" target="GENTLE_dictionary_trust.tok.xml#sTok345"/>
		<rel id="sPointingRel1248" xlink:href="ref.GENTLE_dictionary_trust.mark.xml#sSpan297" target="GENTLE_dictionary_trust.tok.xml#sTok348"/>
		<rel id="sPointingRel1249" xlink:href="ref.GENTLE_dictionary_trust.mark.xml#sSpan298" target="GENTLE_dictionary_trust.tok.xml#sTok353"/>
		<rel id="sPointingRel1250" xlink:href="ref.GENTLE_dictionary_trust.mark.xml#sSpan299" target="GENTLE_dictionary_trust.tok.xml#sTok358"/>
		<rel id="sPointingRel1251" xlink:href="ref.GENTLE_dictionary_trust.mark.xml#sSpan300" target="GENTLE_dictionary_trust.tok.xml#sTok361"/>
		<rel id="sPointingRel1252" xlink:href="ref.GENTLE_dictionary_trust.mark.xml#sSpan301" target="GENTLE_dictionary_trust.tok.xml#sTok365"/>
		<rel id="sPointingRel1253" xlink:href="ref.GENTLE_dictionary_trust.mark.xml#sSpan302" target="GENTLE_dictionary_trust.tok.xml#sTok369"/>
		<rel id="sPointingRel1254" xlink:href="ref.GENTLE_dictionary_trust.mark.xml#sSpan303" target="GENTLE_dictionary_trust.tok.xml#sTok377"/>
		<rel id="sPointingRel1255" xlink:href="ref.GENTLE_dictionary_trust.mark.xml#sSpan304" target="GENTLE_dictionary_trust.tok.xml#sTok379"/>
		<rel id="sPointingRel1256" xlink:href="ref.GENTLE_dictionary_trust.mark.xml#sSpan305" target="GENTLE_dictionary_trust.tok.xml#sTok381"/>
		<rel id="sPointingRel1257" xlink:href="ref.GENTLE_dictionary_trust.mark.xml#sSpan306" target="GENTLE_dictionary_trust.tok.xml#sTok384"/>
		<rel id="sPointingRel1258" xlink:href="ref.GENTLE_dictionary_trust.mark.xml#sSpan307" target="GENTLE_dictionary_trust.tok.xml#sTok389"/>
		<rel id="sPointingRel1259" xlink:href="ref.GENTLE_dictionary_trust.mark.xml#sSpan308" target="GENTLE_dictionary_trust.tok.xml#sTok387"/>
		<rel id="sPointingRel1260" xlink:href="ref.GENTLE_dictionary_trust.mark.xml#sSpan309" target="GENTLE_dictionary_trust.tok.xml#sTok386"/>
		<rel id="sPointingRel1261" xlink:href="ref.GENTLE_dictionary_trust.mark.xml#sSpan310" target="GENTLE_dictionary_trust.tok.xml#sTok392"/>
		<rel id="sPointingRel1262" xlink:href="ref.GENTLE_dictionary_trust.mark.xml#sSpan311" target="GENTLE_dictionary_trust.tok.xml#sTok395"/>
		<rel id="sPointingRel1263" xlink:href="ref.GENTLE_dictionary_trust.mark.xml#sSpan312" target="GENTLE_dictionary_trust.tok.xml#sTok397"/>
		<rel id="sPointingRel1264" xlink:href="ref.GENTLE_dictionary_trust.mark.xml#sSpan313" target="GENTLE_dictionary_trust.tok.xml#sTok397"/>
		<rel id="sPointingRel1265" xlink:href="ref.GENTLE_dictionary_trust.mark.xml#sSpan314" target="GENTLE_dictionary_trust.tok.xml#sTok399"/>
		<rel id="sPointingRel1266" xlink:href="ref.GENTLE_dictionary_trust.mark.xml#sSpan315" target="GENTLE_dictionary_trust.tok.xml#sTok408"/>
		<rel id="sPointingRel1267" xlink:href="ref.GENTLE_dictionary_trust.mark.xml#sSpan316" target="GENTLE_dictionary_trust.tok.xml#sTok411"/>
		<rel id="sPointingRel1268" xlink:href="ref.GENTLE_dictionary_trust.mark.xml#sSpan317" target="GENTLE_dictionary_trust.tok.xml#sTok416"/>
		<rel id="sPointingRel1269" xlink:href="ref.GENTLE_dictionary_trust.mark.xml#sSpan318" target="GENTLE_dictionary_trust.tok.xml#sTok418"/>
		<rel id="sPointingRel1270" xlink:href="ref.GENTLE_dictionary_trust.mark.xml#sSpan319" target="GENTLE_dictionary_trust.tok.xml#sTok434"/>
		<rel id="sPointingRel1271" xlink:href="ref.GENTLE_dictionary_trust.mark.xml#sSpan320" target="GENTLE_dictionary_trust.tok.xml#sTok439"/>
		<rel id="sPointingRel1272" xlink:href="ref.GENTLE_dictionary_trust.mark.xml#sSpan321" target="GENTLE_dictionary_trust.tok.xml#sTok445"/>
		<rel id="sPointingRel1273" xlink:href="ref.GENTLE_dictionary_trust.mark.xml#sSpan322" target="GENTLE_dictionary_trust.tok.xml#sTok447"/>
		<rel id="sPointingRel1274" xlink:href="ref.GENTLE_dictionary_trust.mark.xml#sSpan323" target="GENTLE_dictionary_trust.tok.xml#sTok447"/>
		<rel id="sPointingRel1275" xlink:href="ref.GENTLE_dictionary_trust.mark.xml#sSpan324" target="GENTLE_dictionary_trust.tok.xml#sTok449"/>
		<rel id="sPointingRel1276" xlink:href="ref.GENTLE_dictionary_trust.mark.xml#sSpan325" target="GENTLE_dictionary_trust.tok.xml#sTok451"/>
		<rel id="sPointingRel1277" xlink:href="ref.GENTLE_dictionary_trust.mark.xml#sSpan326" target="GENTLE_dictionary_trust.tok.xml#sTok454"/>
		<rel id="sPointingRel1278" xlink:href="ref.GENTLE_dictionary_trust.mark.xml#sSpan327" target="GENTLE_dictionary_trust.tok.xml#sTok456"/>
		<rel id="sPointingRel1279" xlink:href="ref.GENTLE_dictionary_trust.mark.xml#sSpan328" target="GENTLE_dictionary_trust.tok.xml#sTok458"/>
		<rel id="sPointingRel1280" xlink:href="ref.GENTLE_dictionary_trust.mark.xml#sSpan329" target="GENTLE_dictionary_trust.tok.xml#sTok462"/>
		<rel id="sPointingRel1281" xlink:href="ref.GENTLE_dictionary_trust.mark.xml#sSpan330" target="GENTLE_dictionary_trust.tok.xml#sTok468"/>
		<rel id="sPointingRel1282" xlink:href="ref.GENTLE_dictionary_trust.mark.xml#sSpan331" target="GENTLE_dictionary_trust.tok.xml#sTok470"/>
		<rel id="sPointingRel1283" xlink:href="ref.GENTLE_dictionary_trust.mark.xml#sSpan332" target="GENTLE_dictionary_trust.tok.xml#sTok477"/>
		<rel id="sPointingRel1284" xlink:href="ref.GENTLE_dictionary_trust.mark.xml#sSpan333" target="GENTLE_dictionary_trust.tok.xml#sTok479"/>
		<rel id="sPointingRel1285" xlink:href="ref.GENTLE_dictionary_trust.mark.xml#sSpan334" target="GENTLE_dictionary_trust.tok.xml#sTok482"/>
		<rel id="sPointingRel1286" xlink:href="ref.GENTLE_dictionary_trust.mark.xml#sSpan335" target="GENTLE_dictionary_trust.tok.xml#sTok484"/>
		<rel id="sPointingRel1287" xlink:href="ref.GENTLE_dictionary_trust.mark.xml#sSpan336" target="GENTLE_dictionary_trust.tok.xml#sTok488"/>
		<rel id="sPointingRel1288" xlink:href="ref.GENTLE_dictionary_trust.mark.xml#sSpan337" target="GENTLE_dictionary_trust.tok.xml#sTok491"/>
		<rel id="sPointingRel1289" xlink:href="ref.GENTLE_dictionary_trust.mark.xml#sSpan338" target="GENTLE_dictionary_trust.tok.xml#sTok495"/>
		<rel id="sPointingRel1290" xlink:href="ref.GENTLE_dictionary_trust.mark.xml#sSpan339" target="GENTLE_dictionary_trust.tok.xml#sTok497"/>
		<rel id="sPointingRel1291" xlink:href="ref.GENTLE_dictionary_trust.mark.xml#sSpan340" target="GENTLE_dictionary_trust.tok.xml#sTok499"/>
		<rel id="sPointingRel1292" xlink:href="ref.GENTLE_dictionary_trust.mark.xml#sSpan341" target="GENTLE_dictionary_trust.tok.xml#sTok502"/>
		<rel id="sPointingRel1293" xlink:href="ref.GENTLE_dictionary_trust.mark.xml#sSpan342" target="GENTLE_dictionary_trust.tok.xml#sTok504"/>
		<rel id="sPointingRel1294" xlink:href="ref.GENTLE_dictionary_trust.mark.xml#sSpan343" target="GENTLE_dictionary_trust.tok.xml#sTok506"/>
		<rel id="sPointingRel1295" xlink:href="ref.GENTLE_dictionary_trust.mark.xml#sSpan344" target="GENTLE_dictionary_trust.tok.xml#sTok508"/>
		<rel id="sPointingRel1296" xlink:href="ref.GENTLE_dictionary_trust.mark.xml#sSpan345" target="GENTLE_dictionary_trust.tok.xml#sTok510"/>
		<rel id="sPointingRel1297" xlink:href="ref.GENTLE_dictionary_trust.mark.xml#sSpan346" target="GENTLE_dictionary_trust.tok.xml#sTok512"/>
		<rel id="sPointingRel1298" xlink:href="ref.GENTLE_dictionary_trust.mark.xml#sSpan347" target="GENTLE_dictionary_trust.tok.xml#sTok514"/>
		<rel id="sPointingRel1299" xlink:href="ref.GENTLE_dictionary_trust.mark.xml#sSpan348" target="GENTLE_dictionary_trust.tok.xml#sTok516"/>
		<rel id="sPointingRel1300" xlink:href="ref.GENTLE_dictionary_trust.mark.xml#sSpan349" target="GENTLE_dictionary_trust.tok.xml#sTok517"/>
		<rel id="sPointingRel1301" xlink:href="ref.GENTLE_dictionary_trust.mark.xml#sSpan350" target="GENTLE_dictionary_trust.tok.xml#sTok518"/>
		<rel id="sPointingRel1302" xlink:href="ref.GENTLE_dictionary_trust.mark.xml#sSpan351" target="GENTLE_dictionary_trust.tok.xml#sTok519"/>
		<rel id="sPointingRel1303" xlink:href="ref.GENTLE_dictionary_trust.mark.xml#sSpan352" target="GENTLE_dictionary_trust.tok.xml#sTok520"/>
		<rel id="sPointingRel1304" xlink:href="ref.GENTLE_dictionary_trust.mark.xml#sSpan353" target="GENTLE_dictionary_trust.tok.xml#sTok521"/>
		<rel id="sPointingRel1305" xlink:href="ref.GENTLE_dictionary_trust.mark.xml#sSpan354" target="GENTLE_dictionary_trust.tok.xml#sTok522"/>
		<rel id="sPointingRel1306" xlink:href="ref.GENTLE_dictionary_trust.mark.xml#sSpan355" target="GENTLE_dictionary_trust.tok.xml#sTok523"/>
		<rel id="sPointingRel1307" xlink:href="ref.GENTLE_dictionary_trust.mark.xml#sSpan356" target="GENTLE_dictionary_trust.tok.xml#sTok528"/>
		<rel id="sPointingRel1308" xlink:href="ref.GENTLE_dictionary_trust.mark.xml#sSpan357" target="GENTLE_dictionary_trust.tok.xml#sTok531"/>
		<rel id="sPointingRel1309" xlink:href="ref.GENTLE_dictionary_trust.mark.xml#sSpan358" target="GENTLE_dictionary_trust.tok.xml#sTok534"/>
		<rel id="sPointingRel1310" xlink:href="ref.GENTLE_dictionary_trust.mark.xml#sSpan359" target="GENTLE_dictionary_trust.tok.xml#sTok535"/>
		<rel id="sPointingRel1311" xlink:href="ref.GENTLE_dictionary_trust.mark.xml#sSpan360" target="GENTLE_dictionary_trust.tok.xml#sTok538"/>
		<rel id="sPointingRel1312" xlink:href="ref.GENTLE_dictionary_trust.mark.xml#sSpan361" target="GENTLE_dictionary_trust.tok.xml#sTok542"/>
		<rel id="sPointingRel1313" xlink:href="ref.GENTLE_dictionary_trust.mark.xml#sSpan362" target="GENTLE_dictionary_trust.tok.xml#sTok549"/>
		<rel id="sPointingRel1314" xlink:href="ref.GENTLE_dictionary_trust.mark.xml#sSpan363" target="GENTLE_dictionary_trust.tok.xml#sTok560"/>
		<rel id="sPointingRel1315" xlink:href="ref.GENTLE_dictionary_trust.mark.xml#sSpan364" target="GENTLE_dictionary_trust.tok.xml#sTok564"/>
		<rel id="sPointingRel1316" xlink:href="ref.GENTLE_dictionary_trust.mark.xml#sSpan365" target="GENTLE_dictionary_trust.tok.xml#sTok567"/>
		<rel id="sPointingRel1317" xlink:href="ref.GENTLE_dictionary_trust.mark.xml#sSpan366" target="GENTLE_dictionary_trust.tok.xml#sTok577"/>
		<rel id="sPointingRel1318" xlink:href="ref.GENTLE_dictionary_trust.mark.xml#sSpan367" target="GENTLE_dictionary_trust.tok.xml#sTok585"/>
		<rel id="sPointingRel1319" xlink:href="ref.GENTLE_dictionary_trust.mark.xml#sSpan368" target="GENTLE_dictionary_trust.tok.xml#sTok592"/>
		<rel id="sPointingRel1320" xlink:href="ref.GENTLE_dictionary_trust.mark.xml#sSpan369" target="GENTLE_dictionary_trust.tok.xml#sTok590"/>
		<rel id="sPointingRel1321" xlink:href="ref.GENTLE_dictionary_trust.mark.xml#sSpan370" target="GENTLE_dictionary_trust.tok.xml#sTok591"/>
		<rel id="sPointingRel1322" xlink:href="ref.GENTLE_dictionary_trust.mark.xml#sSpan371" target="GENTLE_dictionary_trust.tok.xml#sTok596"/>
		<rel id="sPointingRel1323" xlink:href="ref.GENTLE_dictionary_trust.mark.xml#sSpan372" target="GENTLE_dictionary_trust.tok.xml#sTok595"/>
		<rel id="sPointingRel1324" xlink:href="ref.GENTLE_dictionary_trust.mark.xml#sSpan373" target="GENTLE_dictionary_trust.tok.xml#sTok603"/>
		<rel id="sPointingRel1325" xlink:href="ref.GENTLE_dictionary_trust.mark.xml#sSpan374" target="GENTLE_dictionary_trust.tok.xml#sTok625"/>
		<rel id="sPointingRel1326" xlink:href="ref.GENTLE_dictionary_trust.mark.xml#sSpan375" target="GENTLE_dictionary_trust.tok.xml#sTok631"/>
		<rel id="sPointingRel1327" xlink:href="ref.GENTLE_dictionary_trust.mark.xml#sSpan376" target="GENTLE_dictionary_trust.tok.xml#sTok633"/>
		<rel id="sPointingRel1328" xlink:href="ref.GENTLE_dictionary_trust.mark.xml#sSpan377" target="GENTLE_dictionary_trust.tok.xml#sTok635"/>
		<rel id="sPointingRel1329" xlink:href="ref.GENTLE_dictionary_trust.mark.xml#sSpan378" target="GENTLE_dictionary_trust.tok.xml#sTok639"/>
		<rel id="sPointingRel1330" xlink:href="ref.GENTLE_dictionary_trust.mark.xml#sSpan379" target="GENTLE_dictionary_trust.tok.xml#sTok638"/>
		<rel id="sPointingRel1331" xlink:href="ref.GENTLE_dictionary_trust.mark.xml#sSpan380" target="GENTLE_dictionary_trust.tok.xml#sTok646"/>
		<rel id="sPointingRel1332" xlink:href="ref.GENTLE_dictionary_trust.mark.xml#sSpan381" target="GENTLE_dictionary_trust.tok.xml#sTok649"/>
		<rel id="sPointingRel1333" xlink:href="ref.GENTLE_dictionary_trust.mark.xml#sSpan382" target="GENTLE_dictionary_trust.tok.xml#sTok652"/>
		<rel id="sPointingRel1334" xlink:href="ref.GENTLE_dictionary_trust.mark.xml#sSpan383" target="GENTLE_dictionary_trust.tok.xml#sTok654"/>
		<rel id="sPointingRel1335" xlink:href="ref.GENTLE_dictionary_trust.mark.xml#sSpan384" target="GENTLE_dictionary_trust.tok.xml#sTok666"/>
		<rel id="sPointingRel1336" xlink:href="ref.GENTLE_dictionary_trust.mark.xml#sSpan385" target="GENTLE_dictionary_trust.tok.xml#sTok664"/>
		<rel id="sPointingRel1337" xlink:href="ref.GENTLE_dictionary_trust.mark.xml#sSpan386" target="GENTLE_dictionary_trust.tok.xml#sTok676"/>
		<rel id="sPointingRel1338" xlink:href="ref.GENTLE_dictionary_trust.mark.xml#sSpan387" target="GENTLE_dictionary_trust.tok.xml#sTok683"/>
		<rel id="sPointingRel1339" xlink:href="ref.GENTLE_dictionary_trust.mark.xml#sSpan388" target="GENTLE_dictionary_trust.tok.xml#sTok687"/>
		<rel id="sPointingRel1340" xlink:href="ref.GENTLE_dictionary_trust.mark.xml#sSpan389" target="GENTLE_dictionary_trust.tok.xml#sTok690"/>
		<rel id="sPointingRel1341" xlink:href="ref.GENTLE_dictionary_trust.mark.xml#sSpan390" target="GENTLE_dictionary_trust.tok.xml#sTok692"/>
		<rel id="sPointingRel1342" xlink:href="ref.GENTLE_dictionary_trust.mark.xml#sSpan391" target="GENTLE_dictionary_trust.tok.xml#sTok692"/>
		<rel id="sPointingRel1343" xlink:href="ref.GENTLE_dictionary_trust.mark.xml#sSpan392" target="GENTLE_dictionary_trust.tok.xml#sTok694"/>
		<rel id="sPointingRel1344" xlink:href="ref.GENTLE_dictionary_trust.mark.xml#sSpan393" target="GENTLE_dictionary_trust.tok.xml#sTok697"/>
		<rel id="sPointingRel1345" xlink:href="ref.GENTLE_dictionary_trust.mark.xml#sSpan394" target="GENTLE_dictionary_trust.tok.xml#sTok696"/>
		<rel id="sPointingRel1346" xlink:href="ref.GENTLE_dictionary_trust.mark.xml#sSpan395" target="GENTLE_dictionary_trust.tok.xml#sTok700"/>
		<rel id="sPointingRel1347" xlink:href="ref.GENTLE_dictionary_trust.mark.xml#sSpan396" target="GENTLE_dictionary_trust.tok.xml#sTok711"/>
		<rel id="sPointingRel1348" xlink:href="ref.GENTLE_dictionary_trust.mark.xml#sSpan397" target="GENTLE_dictionary_trust.tok.xml#sTok717"/>
		<rel id="sPointingRel1349" xlink:href="ref.GENTLE_dictionary_trust.mark.xml#sSpan398" target="GENTLE_dictionary_trust.tok.xml#sTok720"/>
		<rel id="sPointingRel1350" xlink:href="ref.GENTLE_dictionary_trust.mark.xml#sSpan399" target="GENTLE_dictionary_trust.tok.xml#sTok726"/>
		<rel id="sPointingRel1351" xlink:href="ref.GENTLE_dictionary_trust.mark.xml#sSpan400" target="GENTLE_dictionary_trust.tok.xml#sTok730"/>
		<rel id="sPointingRel1352" xlink:href="ref.GENTLE_dictionary_trust.mark.xml#sSpan401" target="GENTLE_dictionary_trust.tok.xml#sTok732"/>
		<rel id="sPointingRel1353" xlink:href="ref.GENTLE_dictionary_trust.mark.xml#sSpan402" target="GENTLE_dictionary_trust.tok.xml#sTok738"/>
		<rel id="sPointingRel1354" xlink:href="ref.GENTLE_dictionary_trust.mark.xml#sSpan403" target="GENTLE_dictionary_trust.tok.xml#sTok737"/>
		<rel id="sPointingRel1355" xlink:href="ref.GENTLE_dictionary_trust.mark.xml#sSpan404" target="GENTLE_dictionary_trust.tok.xml#sTok741"/>
		<rel id="sPointingRel1356" xlink:href="ref.GENTLE_dictionary_trust.mark.xml#sSpan405" target="GENTLE_dictionary_trust.tok.xml#sTok759"/>
		<rel id="sPointingRel1357" xlink:href="ref.GENTLE_dictionary_trust.mark.xml#sSpan406" target="GENTLE_dictionary_trust.tok.xml#sTok769"/>
		<rel id="sPointingRel1358" xlink:href="ref.GENTLE_dictionary_trust.mark.xml#sSpan407" target="GENTLE_dictionary_trust.tok.xml#sTok782"/>
		<rel id="sPointingRel1359" xlink:href="ref.GENTLE_dictionary_trust.mark.xml#sSpan408" target="GENTLE_dictionary_trust.tok.xml#sTok787"/>
		<rel id="sPointingRel1360" xlink:href="ref.GENTLE_dictionary_trust.mark.xml#sSpan409" target="GENTLE_dictionary_trust.tok.xml#sTok789"/>
		<rel id="sPointingRel1361" xlink:href="ref.GENTLE_dictionary_trust.mark.xml#sSpan410" target="GENTLE_dictionary_trust.tok.xml#sTok793"/>
		<rel id="sPointingRel1362" xlink:href="ref.GENTLE_dictionary_trust.mark.xml#sSpan411" target="GENTLE_dictionary_trust.tok.xml#sTok795"/>
		<rel id="sPointingRel1363" xlink:href="ref.GENTLE_dictionary_trust.mark.xml#sSpan412" target="GENTLE_dictionary_trust.tok.xml#sTok796"/>
		<rel id="sPointingRel1364" xlink:href="ref.GENTLE_dictionary_trust.mark.xml#sSpan413" target="GENTLE_dictionary_trust.tok.xml#sTok797"/>
		<rel id="sPointingRel1365" xlink:href="ref.GENTLE_dictionary_trust.mark.xml#sSpan414" target="GENTLE_dictionary_trust.tok.xml#sTok798"/>
		<rel id="sPointingRel1366" xlink:href="ref.GENTLE_dictionary_trust.mark.xml#sSpan415" target="GENTLE_dictionary_trust.tok.xml#sTok799"/>
		<rel id="sPointingRel1367" xlink:href="ref.GENTLE_dictionary_trust.mark.xml#sSpan416" target="GENTLE_dictionary_trust.tok.xml#sTok801"/>
		<rel id="sPointingRel1368" xlink:href="ref.GENTLE_dictionary_trust.mark.xml#sSpan417" target="GENTLE_dictionary_trust.tok.xml#sTok805"/>
		<rel id="sPointingRel1369" xlink:href="ref.GENTLE_dictionary_trust.mark.xml#sSpan418" target="GENTLE_dictionary_trust.tok.xml#sTok824"/>
		<rel id="sPointingRel1370" xlink:href="ref.GENTLE_dictionary_trust.mark.xml#sSpan419" target="GENTLE_dictionary_trust.tok.xml#sTok831"/>
		<rel id="sPointingRel1371" xlink:href="rsd.GENTLE_dictionary_trust.mark.xml#sSpan1" target="GENTLE_dictionary_trust.tok.xml#sTok1"/>
		<rel id="sPointingRel1372" xlink:href="rsd.GENTLE_dictionary_trust.mark.xml#sSpan2" target="GENTLE_dictionary_trust.tok.xml#sTok2"/>
		<rel id="sPointingRel1373" xlink:href="rsd.GENTLE_dictionary_trust.mark.xml#sSpan3" target="GENTLE_dictionary_trust.tok.xml#sTok3"/>
		<rel id="sPointingRel1374" xlink:href="rsd.GENTLE_dictionary_trust.mark.xml#sSpan4" target="GENTLE_dictionary_trust.tok.xml#sTok7"/>
		<rel id="sPointingRel1375" xlink:href="rsd.GENTLE_dictionary_trust.mark.xml#sSpan5" target="GENTLE_dictionary_trust.tok.xml#sTok10"/>
		<rel id="sPointingRel1376" xlink:href="rsd.GENTLE_dictionary_trust.mark.xml#sSpan6" target="GENTLE_dictionary_trust.tok.xml#sTok17"/>
		<rel id="sPointingRel1377" xlink:href="rsd.GENTLE_dictionary_trust.mark.xml#sSpan7" target="GENTLE_dictionary_trust.tok.xml#sTok26"/>
		<rel id="sPointingRel1378" xlink:href="rsd.GENTLE_dictionary_trust.mark.xml#sSpan8" target="GENTLE_dictionary_trust.tok.xml#sTok34"/>
		<rel id="sPointingRel1379" xlink:href="rsd.GENTLE_dictionary_trust.mark.xml#sSpan9" target="GENTLE_dictionary_trust.tok.xml#sTok46"/>
		<rel id="sPointingRel1380" xlink:href="rsd.GENTLE_dictionary_trust.mark.xml#sSpan10" target="GENTLE_dictionary_trust.tok.xml#sTok52"/>
		<rel id="sPointingRel1381" xlink:href="rsd.GENTLE_dictionary_trust.mark.xml#sSpan11" target="GENTLE_dictionary_trust.tok.xml#sTok77"/>
		<rel id="sPointingRel1382" xlink:href="rsd.GENTLE_dictionary_trust.mark.xml#sSpan12" target="GENTLE_dictionary_trust.tok.xml#sTok85"/>
		<rel id="sPointingRel1383" xlink:href="rsd.GENTLE_dictionary_trust.mark.xml#sSpan13" target="GENTLE_dictionary_trust.tok.xml#sTok96"/>
		<rel id="sPointingRel1384" xlink:href="rsd.GENTLE_dictionary_trust.mark.xml#sSpan14" target="GENTLE_dictionary_trust.tok.xml#sTok99"/>
		<rel id="sPointingRel1385" xlink:href="rsd.GENTLE_dictionary_trust.mark.xml#sSpan15" target="GENTLE_dictionary_trust.tok.xml#sTok107"/>
		<rel id="sPointingRel1386" xlink:href="rsd.GENTLE_dictionary_trust.mark.xml#sSpan16" target="GENTLE_dictionary_trust.tok.xml#sTok113"/>
		<rel id="sPointingRel1387" xlink:href="rsd.GENTLE_dictionary_trust.mark.xml#sSpan17" target="GENTLE_dictionary_trust.tok.xml#sTok121"/>
		<rel id="sPointingRel1388" xlink:href="rsd.GENTLE_dictionary_trust.mark.xml#sSpan18" target="GENTLE_dictionary_trust.tok.xml#sTok124"/>
		<rel id="sPointingRel1389" xlink:href="rsd.GENTLE_dictionary_trust.mark.xml#sSpan19" target="GENTLE_dictionary_trust.tok.xml#sTok132"/>
		<rel id="sPointingRel1390" xlink:href="rsd.GENTLE_dictionary_trust.mark.xml#sSpan20" target="GENTLE_dictionary_trust.tok.xml#sTok135"/>
		<rel id="sPointingRel1391" xlink:href="rsd.GENTLE_dictionary_trust.mark.xml#sSpan21" target="GENTLE_dictionary_trust.tok.xml#sTok142"/>
		<rel id="sPointingRel1392" xlink:href="rsd.GENTLE_dictionary_trust.mark.xml#sSpan22" target="GENTLE_dictionary_trust.tok.xml#sTok145"/>
		<rel id="sPointingRel1393" xlink:href="rsd.GENTLE_dictionary_trust.mark.xml#sSpan23" target="GENTLE_dictionary_trust.tok.xml#sTok152"/>
		<rel id="sPointingRel1394" xlink:href="rsd.GENTLE_dictionary_trust.mark.xml#sSpan24" target="GENTLE_dictionary_trust.tok.xml#sTok155"/>
		<rel id="sPointingRel1395" xlink:href="rsd.GENTLE_dictionary_trust.mark.xml#sSpan25" target="GENTLE_dictionary_trust.tok.xml#sTok162"/>
		<rel id="sPointingRel1396" xlink:href="rsd.GENTLE_dictionary_trust.mark.xml#sSpan26" target="GENTLE_dictionary_trust.tok.xml#sTok164"/>
		<rel id="sPointingRel1397" xlink:href="rsd.GENTLE_dictionary_trust.mark.xml#sSpan27" target="GENTLE_dictionary_trust.tok.xml#sTok173"/>
		<rel id="sPointingRel1398" xlink:href="rsd.GENTLE_dictionary_trust.mark.xml#sSpan28" target="GENTLE_dictionary_trust.tok.xml#sTok177"/>
		<rel id="sPointingRel1399" xlink:href="rsd.GENTLE_dictionary_trust.mark.xml#sSpan29" target="GENTLE_dictionary_trust.tok.xml#sTok183"/>
		<rel id="sPointingRel1400" xlink:href="rsd.GENTLE_dictionary_trust.mark.xml#sSpan30" target="GENTLE_dictionary_trust.tok.xml#sTok184"/>
		<rel id="sPointingRel1401" xlink:href="rsd.GENTLE_dictionary_trust.mark.xml#sSpan31" target="GENTLE_dictionary_trust.tok.xml#sTok186"/>
		<rel id="sPointingRel1402" xlink:href="rsd.GENTLE_dictionary_trust.mark.xml#sSpan32" target="GENTLE_dictionary_trust.tok.xml#sTok188"/>
		<rel id="sPointingRel1403" xlink:href="rsd.GENTLE_dictionary_trust.mark.xml#sSpan33" target="GENTLE_dictionary_trust.tok.xml#sTok190"/>
		<rel id="sPointingRel1404" xlink:href="rsd.GENTLE_dictionary_trust.mark.xml#sSpan34" target="GENTLE_dictionary_trust.tok.xml#sTok193"/>
		<rel id="sPointingRel1405" xlink:href="rsd.GENTLE_dictionary_trust.mark.xml#sSpan35" target="GENTLE_dictionary_trust.tok.xml#sTok202"/>
		<rel id="sPointingRel1406" xlink:href="rsd.GENTLE_dictionary_trust.mark.xml#sSpan36" target="GENTLE_dictionary_trust.tok.xml#sTok204"/>
		<rel id="sPointingRel1407" xlink:href="rsd.GENTLE_dictionary_trust.mark.xml#sSpan37" target="GENTLE_dictionary_trust.tok.xml#sTok206"/>
		<rel id="sPointingRel1408" xlink:href="rsd.GENTLE_dictionary_trust.mark.xml#sSpan38" target="GENTLE_dictionary_trust.tok.xml#sTok209"/>
		<rel id="sPointingRel1409" xlink:href="rsd.GENTLE_dictionary_trust.mark.xml#sSpan39" target="GENTLE_dictionary_trust.tok.xml#sTok210"/>
		<rel id="sPointingRel1410" xlink:href="rsd.GENTLE_dictionary_trust.mark.xml#sSpan40" target="GENTLE_dictionary_trust.tok.xml#sTok212"/>
		<rel id="sPointingRel1411" xlink:href="rsd.GENTLE_dictionary_trust.mark.xml#sSpan41" target="GENTLE_dictionary_trust.tok.xml#sTok214"/>
		<rel id="sPointingRel1412" xlink:href="rsd.GENTLE_dictionary_trust.mark.xml#sSpan42" target="GENTLE_dictionary_trust.tok.xml#sTok216"/>
		<rel id="sPointingRel1413" xlink:href="rsd.GENTLE_dictionary_trust.mark.xml#sSpan43" target="GENTLE_dictionary_trust.tok.xml#sTok217"/>
		<rel id="sPointingRel1414" xlink:href="rsd.GENTLE_dictionary_trust.mark.xml#sSpan44" target="GENTLE_dictionary_trust.tok.xml#sTok218"/>
		<rel id="sPointingRel1415" xlink:href="rsd.GENTLE_dictionary_trust.mark.xml#sSpan45" target="GENTLE_dictionary_trust.tok.xml#sTok220"/>
		<rel id="sPointingRel1416" xlink:href="rsd.GENTLE_dictionary_trust.mark.xml#sSpan46" target="GENTLE_dictionary_trust.tok.xml#sTok227"/>
		<rel id="sPointingRel1417" xlink:href="rsd.GENTLE_dictionary_trust.mark.xml#sSpan47" target="GENTLE_dictionary_trust.tok.xml#sTok238"/>
		<rel id="sPointingRel1418" xlink:href="rsd.GENTLE_dictionary_trust.mark.xml#sSpan48" target="GENTLE_dictionary_trust.tok.xml#sTok247"/>
		<rel id="sPointingRel1419" xlink:href="rsd.GENTLE_dictionary_trust.mark.xml#sSpan49" target="GENTLE_dictionary_trust.tok.xml#sTok254"/>
		<rel id="sPointingRel1420" xlink:href="rsd.GENTLE_dictionary_trust.mark.xml#sSpan50" target="GENTLE_dictionary_trust.tok.xml#sTok258"/>
		<rel id="sPointingRel1421" xlink:href="rsd.GENTLE_dictionary_trust.mark.xml#sSpan51" target="GENTLE_dictionary_trust.tok.xml#sTok262"/>
		<rel id="sPointingRel1422" xlink:href="rsd.GENTLE_dictionary_trust.mark.xml#sSpan52" target="GENTLE_dictionary_trust.tok.xml#sTok263"/>
		<rel id="sPointingRel1423" xlink:href="rsd.GENTLE_dictionary_trust.mark.xml#sSpan53" target="GENTLE_dictionary_trust.tok.xml#sTok267"/>
		<rel id="sPointingRel1424" xlink:href="rsd.GENTLE_dictionary_trust.mark.xml#sSpan54" target="GENTLE_dictionary_trust.tok.xml#sTok276"/>
		<rel id="sPointingRel1425" xlink:href="rsd.GENTLE_dictionary_trust.mark.xml#sSpan55" target="GENTLE_dictionary_trust.tok.xml#sTok285"/>
		<rel id="sPointingRel1426" xlink:href="rsd.GENTLE_dictionary_trust.mark.xml#sSpan56" target="GENTLE_dictionary_trust.tok.xml#sTok287"/>
		<rel id="sPointingRel1427" xlink:href="rsd.GENTLE_dictionary_trust.mark.xml#sSpan57" target="GENTLE_dictionary_trust.tok.xml#sTok291"/>
		<rel id="sPointingRel1428" xlink:href="rsd.GENTLE_dictionary_trust.mark.xml#sSpan58" target="GENTLE_dictionary_trust.tok.xml#sTok298"/>
		<rel id="sPointingRel1429" xlink:href="rsd.GENTLE_dictionary_trust.mark.xml#sSpan59" target="GENTLE_dictionary_trust.tok.xml#sTok305"/>
		<rel id="sPointingRel1430" xlink:href="rsd.GENTLE_dictionary_trust.mark.xml#sSpan60" target="GENTLE_dictionary_trust.tok.xml#sTok308"/>
		<rel id="sPointingRel1431" xlink:href="rsd.GENTLE_dictionary_trust.mark.xml#sSpan61" target="GENTLE_dictionary_trust.tok.xml#sTok312"/>
		<rel id="sPointingRel1432" xlink:href="rsd.GENTLE_dictionary_trust.mark.xml#sSpan62" target="GENTLE_dictionary_trust.tok.xml#sTok313"/>
		<rel id="sPointingRel1433" xlink:href="rsd.GENTLE_dictionary_trust.mark.xml#sSpan63" target="GENTLE_dictionary_trust.tok.xml#sTok318"/>
		<rel id="sPointingRel1434" xlink:href="rsd.GENTLE_dictionary_trust.mark.xml#sSpan64" target="GENTLE_dictionary_trust.tok.xml#sTok320"/>
		<rel id="sPointingRel1435" xlink:href="rsd.GENTLE_dictionary_trust.mark.xml#sSpan65" target="GENTLE_dictionary_trust.tok.xml#sTok325"/>
		<rel id="sPointingRel1436" xlink:href="rsd.GENTLE_dictionary_trust.mark.xml#sSpan66" target="GENTLE_dictionary_trust.tok.xml#sTok327"/>
		<rel id="sPointingRel1437" xlink:href="rsd.GENTLE_dictionary_trust.mark.xml#sSpan67" target="GENTLE_dictionary_trust.tok.xml#sTok334"/>
		<rel id="sPointingRel1438" xlink:href="rsd.GENTLE_dictionary_trust.mark.xml#sSpan68" target="GENTLE_dictionary_trust.tok.xml#sTok336"/>
		<rel id="sPointingRel1439" xlink:href="rsd.GENTLE_dictionary_trust.mark.xml#sSpan69" target="GENTLE_dictionary_trust.tok.xml#sTok341"/>
		<rel id="sPointingRel1440" xlink:href="rsd.GENTLE_dictionary_trust.mark.xml#sSpan70" target="GENTLE_dictionary_trust.tok.xml#sTok350"/>
		<rel id="sPointingRel1441" xlink:href="rsd.GENTLE_dictionary_trust.mark.xml#sSpan71" target="GENTLE_dictionary_trust.tok.xml#sTok353"/>
		<rel id="sPointingRel1442" xlink:href="rsd.GENTLE_dictionary_trust.mark.xml#sSpan72" target="GENTLE_dictionary_trust.tok.xml#sTok358"/>
		<rel id="sPointingRel1443" xlink:href="rsd.GENTLE_dictionary_trust.mark.xml#sSpan73" target="GENTLE_dictionary_trust.tok.xml#sTok361"/>
		<rel id="sPointingRel1444" xlink:href="rsd.GENTLE_dictionary_trust.mark.xml#sSpan74" target="GENTLE_dictionary_trust.tok.xml#sTok362"/>
		<rel id="sPointingRel1445" xlink:href="rsd.GENTLE_dictionary_trust.mark.xml#sSpan75" target="GENTLE_dictionary_trust.tok.xml#sTok367"/>
		<rel id="sPointingRel1446" xlink:href="rsd.GENTLE_dictionary_trust.mark.xml#sSpan76" target="GENTLE_dictionary_trust.tok.xml#sTok374"/>
		<rel id="sPointingRel1447" xlink:href="rsd.GENTLE_dictionary_trust.mark.xml#sSpan77" target="GENTLE_dictionary_trust.tok.xml#sTok382"/>
		<rel id="sPointingRel1448" xlink:href="rsd.GENTLE_dictionary_trust.mark.xml#sSpan78" target="GENTLE_dictionary_trust.tok.xml#sTok392"/>
		<rel id="sPointingRel1449" xlink:href="rsd.GENTLE_dictionary_trust.mark.xml#sSpan79" target="GENTLE_dictionary_trust.tok.xml#sTok395"/>
		<rel id="sPointingRel1450" xlink:href="rsd.GENTLE_dictionary_trust.mark.xml#sSpan80" target="GENTLE_dictionary_trust.tok.xml#sTok401"/>
		<rel id="sPointingRel1451" xlink:href="rsd.GENTLE_dictionary_trust.mark.xml#sSpan81" target="GENTLE_dictionary_trust.tok.xml#sTok404"/>
		<rel id="sPointingRel1452" xlink:href="rsd.GENTLE_dictionary_trust.mark.xml#sSpan82" target="GENTLE_dictionary_trust.tok.xml#sTok411"/>
		<rel id="sPointingRel1453" xlink:href="rsd.GENTLE_dictionary_trust.mark.xml#sSpan83" target="GENTLE_dictionary_trust.tok.xml#sTok416"/>
		<rel id="sPointingRel1454" xlink:href="rsd.GENTLE_dictionary_trust.mark.xml#sSpan84" target="GENTLE_dictionary_trust.tok.xml#sTok421"/>
		<rel id="sPointingRel1455" xlink:href="rsd.GENTLE_dictionary_trust.mark.xml#sSpan85" target="GENTLE_dictionary_trust.tok.xml#sTok439"/>
		<rel id="sPointingRel1456" xlink:href="rsd.GENTLE_dictionary_trust.mark.xml#sSpan86" target="GENTLE_dictionary_trust.tok.xml#sTok442"/>
		<rel id="sPointingRel1457" xlink:href="rsd.GENTLE_dictionary_trust.mark.xml#sSpan87" target="GENTLE_dictionary_trust.tok.xml#sTok450"/>
		<rel id="sPointingRel1458" xlink:href="rsd.GENTLE_dictionary_trust.mark.xml#sSpan88" target="GENTLE_dictionary_trust.tok.xml#sTok454"/>
		<rel id="sPointingRel1459" xlink:href="rsd.GENTLE_dictionary_trust.mark.xml#sSpan89" target="GENTLE_dictionary_trust.tok.xml#sTok459"/>
		<rel id="sPointingRel1460" xlink:href="rsd.GENTLE_dictionary_trust.mark.xml#sSpan90" target="GENTLE_dictionary_trust.tok.xml#sTok464"/>
		<rel id="sPointingRel1461" xlink:href="rsd.GENTLE_dictionary_trust.mark.xml#sSpan91" target="GENTLE_dictionary_trust.tok.xml#sTok473"/>
		<rel id="sPointingRel1462" xlink:href="rsd.GENTLE_dictionary_trust.mark.xml#sSpan92" target="GENTLE_dictionary_trust.tok.xml#sTok482"/>
		<rel id="sPointingRel1463" xlink:href="rsd.GENTLE_dictionary_trust.mark.xml#sSpan93" target="GENTLE_dictionary_trust.tok.xml#sTok484"/>
		<rel id="sPointingRel1464" xlink:href="rsd.GENTLE_dictionary_trust.mark.xml#sSpan94" target="GENTLE_dictionary_trust.tok.xml#sTok497"/>
		<rel id="sPointingRel1465" xlink:href="rsd.GENTLE_dictionary_trust.mark.xml#sSpan95" target="GENTLE_dictionary_trust.tok.xml#sTok499"/>
		<rel id="sPointingRel1466" xlink:href="rsd.GENTLE_dictionary_trust.mark.xml#sSpan96" target="GENTLE_dictionary_trust.tok.xml#sTok506"/>
		<rel id="sPointingRel1467" xlink:href="rsd.GENTLE_dictionary_trust.mark.xml#sSpan97" target="GENTLE_dictionary_trust.tok.xml#sTok512"/>
		<rel id="sPointingRel1468" xlink:href="rsd.GENTLE_dictionary_trust.mark.xml#sSpan98" target="GENTLE_dictionary_trust.tok.xml#sTok514"/>
		<rel id="sPointingRel1469" xlink:href="rsd.GENTLE_dictionary_trust.mark.xml#sSpan99" target="GENTLE_dictionary_trust.tok.xml#sTok517"/>
		<rel id="sPointingRel1470" xlink:href="rsd.GENTLE_dictionary_trust.mark.xml#sSpan100" target="GENTLE_dictionary_trust.tok.xml#sTok518"/>
		<rel id="sPointingRel1471" xlink:href="rsd.GENTLE_dictionary_trust.mark.xml#sSpan101" target="GENTLE_dictionary_trust.tok.xml#sTok519"/>
		<rel id="sPointingRel1472" xlink:href="rsd.GENTLE_dictionary_trust.mark.xml#sSpan102" target="GENTLE_dictionary_trust.tok.xml#sTok520"/>
		<rel id="sPointingRel1473" xlink:href="rsd.GENTLE_dictionary_trust.mark.xml#sSpan103" target="GENTLE_dictionary_trust.tok.xml#sTok521"/>
		<rel id="sPointingRel1474" xlink:href="rsd.GENTLE_dictionary_trust.mark.xml#sSpan104" target="GENTLE_dictionary_trust.tok.xml#sTok522"/>
		<rel id="sPointingRel1475" xlink:href="rsd.GENTLE_dictionary_trust.mark.xml#sSpan105" target="GENTLE_dictionary_trust.tok.xml#sTok523"/>
		<rel id="sPointingRel1476" xlink:href="rsd.GENTLE_dictionary_trust.mark.xml#sSpan106" target="GENTLE_dictionary_trust.tok.xml#sTok531"/>
		<rel id="sPointingRel1477" xlink:href="rsd.GENTLE_dictionary_trust.mark.xml#sSpan107" target="GENTLE_dictionary_trust.tok.xml#sTok535"/>
		<rel id="sPointingRel1478" xlink:href="rsd.GENTLE_dictionary_trust.mark.xml#sSpan108" target="GENTLE_dictionary_trust.tok.xml#sTok542"/>
		<rel id="sPointingRel1479" xlink:href="rsd.GENTLE_dictionary_trust.mark.xml#sSpan109" target="GENTLE_dictionary_trust.tok.xml#sTok545"/>
		<rel id="sPointingRel1480" xlink:href="rsd.GENTLE_dictionary_trust.mark.xml#sSpan110" target="GENTLE_dictionary_trust.tok.xml#sTok548"/>
		<rel id="sPointingRel1481" xlink:href="rsd.GENTLE_dictionary_trust.mark.xml#sSpan111" target="GENTLE_dictionary_trust.tok.xml#sTok553"/>
		<rel id="sPointingRel1482" xlink:href="rsd.GENTLE_dictionary_trust.mark.xml#sSpan112" target="GENTLE_dictionary_trust.tok.xml#sTok557"/>
		<rel id="sPointingRel1483" xlink:href="rsd.GENTLE_dictionary_trust.mark.xml#sSpan113" target="GENTLE_dictionary_trust.tok.xml#sTok563"/>
		<rel id="sPointingRel1484" xlink:href="rsd.GENTLE_dictionary_trust.mark.xml#sSpan114" target="GENTLE_dictionary_trust.tok.xml#sTok566"/>
		<rel id="sPointingRel1485" xlink:href="rsd.GENTLE_dictionary_trust.mark.xml#sSpan115" target="GENTLE_dictionary_trust.tok.xml#sTok570"/>
		<rel id="sPointingRel1486" xlink:href="rsd.GENTLE_dictionary_trust.mark.xml#sSpan116" target="GENTLE_dictionary_trust.tok.xml#sTok576"/>
		<rel id="sPointingRel1487" xlink:href="rsd.GENTLE_dictionary_trust.mark.xml#sSpan117" target="GENTLE_dictionary_trust.tok.xml#sTok581"/>
		<rel id="sPointingRel1488" xlink:href="rsd.GENTLE_dictionary_trust.mark.xml#sSpan118" target="GENTLE_dictionary_trust.tok.xml#sTok592"/>
		<rel id="sPointingRel1489" xlink:href="rsd.GENTLE_dictionary_trust.mark.xml#sSpan119" target="GENTLE_dictionary_trust.tok.xml#sTok596"/>
		<rel id="sPointingRel1490" xlink:href="rsd.GENTLE_dictionary_trust.mark.xml#sSpan120" target="GENTLE_dictionary_trust.tok.xml#sTok599"/>
		<rel id="sPointingRel1491" xlink:href="rsd.GENTLE_dictionary_trust.mark.xml#sSpan121" target="GENTLE_dictionary_trust.tok.xml#sTok602"/>
		<rel id="sPointingRel1492" xlink:href="rsd.GENTLE_dictionary_trust.mark.xml#sSpan122" target="GENTLE_dictionary_trust.tok.xml#sTok607"/>
		<rel id="sPointingRel1493" xlink:href="rsd.GENTLE_dictionary_trust.mark.xml#sSpan123" target="GENTLE_dictionary_trust.tok.xml#sTok610"/>
		<rel id="sPointingRel1494" xlink:href="rsd.GENTLE_dictionary_trust.mark.xml#sSpan124" target="GENTLE_dictionary_trust.tok.xml#sTok613"/>
		<rel id="sPointingRel1495" xlink:href="rsd.GENTLE_dictionary_trust.mark.xml#sSpan125" target="GENTLE_dictionary_trust.tok.xml#sTok616"/>
		<rel id="sPointingRel1496" xlink:href="rsd.GENTLE_dictionary_trust.mark.xml#sSpan126" target="GENTLE_dictionary_trust.tok.xml#sTok620"/>
		<rel id="sPointingRel1497" xlink:href="rsd.GENTLE_dictionary_trust.mark.xml#sSpan127" target="GENTLE_dictionary_trust.tok.xml#sTok625"/>
		<rel id="sPointingRel1498" xlink:href="rsd.GENTLE_dictionary_trust.mark.xml#sSpan128" target="GENTLE_dictionary_trust.tok.xml#sTok634"/>
		<rel id="sPointingRel1499" xlink:href="rsd.GENTLE_dictionary_trust.mark.xml#sSpan129" target="GENTLE_dictionary_trust.tok.xml#sTok637"/>
		<rel id="sPointingRel1500" xlink:href="rsd.GENTLE_dictionary_trust.mark.xml#sSpan130" target="GENTLE_dictionary_trust.tok.xml#sTok642"/>
		<rel id="sPointingRel1501" xlink:href="rsd.GENTLE_dictionary_trust.mark.xml#sSpan131" target="GENTLE_dictionary_trust.tok.xml#sTok645"/>
		<rel id="sPointingRel1502" xlink:href="rsd.GENTLE_dictionary_trust.mark.xml#sSpan132" target="GENTLE_dictionary_trust.tok.xml#sTok651"/>
		<rel id="sPointingRel1503" xlink:href="rsd.GENTLE_dictionary_trust.mark.xml#sSpan133" target="GENTLE_dictionary_trust.tok.xml#sTok657"/>
		<rel id="sPointingRel1504" xlink:href="rsd.GENTLE_dictionary_trust.mark.xml#sSpan134" target="GENTLE_dictionary_trust.tok.xml#sTok660"/>
		<rel id="sPointingRel1505" xlink:href="rsd.GENTLE_dictionary_trust.mark.xml#sSpan135" target="GENTLE_dictionary_trust.tok.xml#sTok669"/>
		<rel id="sPointingRel1506" xlink:href="rsd.GENTLE_dictionary_trust.mark.xml#sSpan136" target="GENTLE_dictionary_trust.tok.xml#sTok672"/>
		<rel id="sPointingRel1507" xlink:href="rsd.GENTLE_dictionary_trust.mark.xml#sSpan137" target="GENTLE_dictionary_trust.tok.xml#sTok675"/>
		<rel id="sPointingRel1508" xlink:href="rsd.GENTLE_dictionary_trust.mark.xml#sSpan138" target="GENTLE_dictionary_trust.tok.xml#sTok680"/>
		<rel id="sPointingRel1509" xlink:href="rsd.GENTLE_dictionary_trust.mark.xml#sSpan139" target="GENTLE_dictionary_trust.tok.xml#sTok695"/>
		<rel id="sPointingRel1510" xlink:href="rsd.GENTLE_dictionary_trust.mark.xml#sSpan140" target="GENTLE_dictionary_trust.tok.xml#sTok703"/>
		<rel id="sPointingRel1511" xlink:href="rsd.GENTLE_dictionary_trust.mark.xml#sSpan141" target="GENTLE_dictionary_trust.tok.xml#sTok708"/>
		<rel id="sPointingRel1512" xlink:href="rsd.GENTLE_dictionary_trust.mark.xml#sSpan142" target="GENTLE_dictionary_trust.tok.xml#sTok716"/>
		<rel id="sPointingRel1513" xlink:href="rsd.GENTLE_dictionary_trust.mark.xml#sSpan143" target="GENTLE_dictionary_trust.tok.xml#sTok720"/>
		<rel id="sPointingRel1514" xlink:href="rsd.GENTLE_dictionary_trust.mark.xml#sSpan144" target="GENTLE_dictionary_trust.tok.xml#sTok724"/>
		<rel id="sPointingRel1515" xlink:href="rsd.GENTLE_dictionary_trust.mark.xml#sSpan145" target="GENTLE_dictionary_trust.tok.xml#sTok728"/>
		<rel id="sPointingRel1516" xlink:href="rsd.GENTLE_dictionary_trust.mark.xml#sSpan146" target="GENTLE_dictionary_trust.tok.xml#sTok733"/>
		<rel id="sPointingRel1517" xlink:href="rsd.GENTLE_dictionary_trust.mark.xml#sSpan147" target="GENTLE_dictionary_trust.tok.xml#sTok744"/>
		<rel id="sPointingRel1518" xlink:href="rsd.GENTLE_dictionary_trust.mark.xml#sSpan148" target="GENTLE_dictionary_trust.tok.xml#sTok748"/>
		<rel id="sPointingRel1519" xlink:href="rsd.GENTLE_dictionary_trust.mark.xml#sSpan149" target="GENTLE_dictionary_trust.tok.xml#sTok751"/>
		<rel id="sPointingRel1520" xlink:href="rsd.GENTLE_dictionary_trust.mark.xml#sSpan150" target="GENTLE_dictionary_trust.tok.xml#sTok755"/>
		<rel id="sPointingRel1521" xlink:href="rsd.GENTLE_dictionary_trust.mark.xml#sSpan151" target="GENTLE_dictionary_trust.tok.xml#sTok758"/>
		<rel id="sPointingRel1522" xlink:href="rsd.GENTLE_dictionary_trust.mark.xml#sSpan152" target="GENTLE_dictionary_trust.tok.xml#sTok763"/>
		<rel id="sPointingRel1523" xlink:href="rsd.GENTLE_dictionary_trust.mark.xml#sSpan153" target="GENTLE_dictionary_trust.tok.xml#sTok767"/>
		<rel id="sPointingRel1524" xlink:href="rsd.GENTLE_dictionary_trust.mark.xml#sSpan154" target="GENTLE_dictionary_trust.tok.xml#sTok772"/>
		<rel id="sPointingRel1525" xlink:href="rsd.GENTLE_dictionary_trust.mark.xml#sSpan155" target="GENTLE_dictionary_trust.tok.xml#sTok775"/>
		<rel id="sPointingRel1526" xlink:href="rsd.GENTLE_dictionary_trust.mark.xml#sSpan156" target="GENTLE_dictionary_trust.tok.xml#sTok779"/>
		<rel id="sPointingRel1527" xlink:href="rsd.GENTLE_dictionary_trust.mark.xml#sSpan157" target="GENTLE_dictionary_trust.tok.xml#sTok792"/>
		<rel id="sPointingRel1528" xlink:href="rsd.GENTLE_dictionary_trust.mark.xml#sSpan158" target="GENTLE_dictionary_trust.tok.xml#sTok795"/>
		<rel id="sPointingRel1529" xlink:href="rsd.GENTLE_dictionary_trust.mark.xml#sSpan159" target="GENTLE_dictionary_trust.tok.xml#sTok796"/>
		<rel id="sPointingRel1530" xlink:href="rsd.GENTLE_dictionary_trust.mark.xml#sSpan160" target="GENTLE_dictionary_trust.tok.xml#sTok797"/>
		<rel id="sPointingRel1531" xlink:href="rsd.GENTLE_dictionary_trust.mark.xml#sSpan161" target="GENTLE_dictionary_trust.tok.xml#sTok798"/>
		<rel id="sPointingRel1532" xlink:href="rsd.GENTLE_dictionary_trust.mark.xml#sSpan162" target="GENTLE_dictionary_trust.tok.xml#sTok799"/>
		<rel id="sPointingRel1533" xlink:href="rsd.GENTLE_dictionary_trust.mark.xml#sSpan163" target="GENTLE_dictionary_trust.tok.xml#sTok803"/>
		<rel id="sPointingRel1534" xlink:href="rsd.GENTLE_dictionary_trust.mark.xml#sSpan164" target="GENTLE_dictionary_trust.tok.xml#sTok807"/>
		<rel id="sPointingRel1535" xlink:href="rsd.GENTLE_dictionary_trust.mark.xml#sSpan165" target="GENTLE_dictionary_trust.tok.xml#sTok810"/>
		<rel id="sPointingRel1536" xlink:href="rsd.GENTLE_dictionary_trust.mark.xml#sSpan166" target="GENTLE_dictionary_trust.tok.xml#sTok812"/>
		<rel id="sPointingRel1537" xlink:href="rsd.GENTLE_dictionary_trust.mark.xml#sSpan167" target="GENTLE_dictionary_trust.tok.xml#sTok817"/>
		<rel id="sPointingRel1538" xlink:href="rsd.GENTLE_dictionary_trust.mark.xml#sSpan168" target="GENTLE_dictionary_trust.tok.xml#sTok819"/>
		<rel id="sPointingRel1539" xlink:href="rsd.GENTLE_dictionary_trust.mark.xml#sSpan169" target="GENTLE_dictionary_trust.tok.xml#sTok824"/>
		<rel id="sPointingRel1540" xlink:href="rsd.GENTLE_dictionary_trust.mark.xml#sSpan170" target="GENTLE_dictionary_trust.tok.xml#sTok826"/></relList></paula>