<?xml version='1.0' encoding='UTF-8'?><!DOCTYPE paula SYSTEM "paula_feat.dtd">
<paula version="1.1">
	<header paula_id="ref.GENTLE_dictionary_trust.mark_entity"/>
	<featList xmlns:xlink="http://www.w3.org/1999/xlink" type="entity" xml:base="ref.GENTLE_dictionary_trust.mark.xml">
		<feat xlink:href="#sSpan171" value="abstract"/>
		<feat xlink:href="#sSpan172" value="abstract"/>
		<feat xlink:href="#sSpan173" value="abstract"/>
		<feat xlink:href="#sSpan175" value="abstract"/>
		<feat xlink:href="#sSpan176" value="abstract"/>
		<feat xlink:href="#sSpan177" value="abstract"/>
		<feat xlink:href="#sSpan178" value="abstract"/>
		<feat xlink:href="#sSpan179" value="abstract"/>
		<feat xlink:href="#sSpan183" value="abstract"/>
		<feat xlink:href="#sSpan184" value="abstract"/>
		<feat xlink:href="#sSpan185" value="abstract"/>
		<feat xlink:href="#sSpan186" value="abstract"/>
		<feat xlink:href="#sSpan187" value="abstract"/>
		<feat xlink:href="#sSpan188" value="abstract"/>
		<feat xlink:href="#sSpan189" value="abstract"/>
		<feat xlink:href="#sSpan190" value="abstract"/>
		<feat xlink:href="#sSpan191" value="abstract"/>
		<feat xlink:href="#sSpan194" value="abstract"/>
		<feat xlink:href="#sSpan195" value="abstract"/>
		<feat xlink:href="#sSpan201" value="abstract"/>
		<feat xlink:href="#sSpan204" value="abstract"/>
		<feat xlink:href="#sSpan205" value="abstract"/>
		<feat xlink:href="#sSpan206" value="abstract"/>
		<feat xlink:href="#sSpan207" value="abstract"/>
		<feat xlink:href="#sSpan210" value="abstract"/>
		<feat xlink:href="#sSpan211" value="abstract"/>
		<feat xlink:href="#sSpan212" value="abstract"/>
		<feat xlink:href="#sSpan213" value="abstract"/>
		<feat xlink:href="#sSpan214" value="abstract"/>
		<feat xlink:href="#sSpan215" value="abstract"/>
		<feat xlink:href="#sSpan217" value="abstract"/>
		<feat xlink:href="#sSpan222" value="abstract"/>
		<feat xlink:href="#sSpan223" value="abstract"/>
		<feat xlink:href="#sSpan236" value="abstract"/>
		<feat xlink:href="#sSpan237" value="abstract"/>
		<feat xlink:href="#sSpan240" value="abstract"/>
		<feat xlink:href="#sSpan242" value="abstract"/>
		<feat xlink:href="#sSpan246" value="abstract"/>
		<feat xlink:href="#sSpan247" value="abstract"/>
		<feat xlink:href="#sSpan248" value="place"/>
		<feat xlink:href="#sSpan251" value="abstract"/>
		<feat xlink:href="#sSpan253" value="abstract"/>
		<feat xlink:href="#sSpan257" value="abstract"/>
		<feat xlink:href="#sSpan258" value="abstract"/>
		<feat xlink:href="#sSpan259" value="abstract"/>
		<feat xlink:href="#sSpan260" value="abstract"/>
		<feat xlink:href="#sSpan261" value="abstract"/>
		<feat xlink:href="#sSpan263" value="abstract"/>
		<feat xlink:href="#sSpan264" value="abstract"/>
		<feat xlink:href="#sSpan267" value="abstract"/>
		<feat xlink:href="#sSpan269" value="abstract"/>
		<feat xlink:href="#sSpan273" value="abstract"/>
		<feat xlink:href="#sSpan274" value="abstract"/>
		<feat xlink:href="#sSpan277" value="abstract"/>
		<feat xlink:href="#sSpan279" value="abstract"/>
		<feat xlink:href="#sSpan283" value="abstract"/>
		<feat xlink:href="#sSpan284" value="abstract"/>
		<feat xlink:href="#sSpan286" value="abstract"/>
		<feat xlink:href="#sSpan289" value="abstract"/>
		<feat xlink:href="#sSpan291" value="abstract"/>
		<feat xlink:href="#sSpan295" value="abstract"/>
		<feat xlink:href="#sSpan296" value="event"/>
		<feat xlink:href="#sSpan300" value="abstract"/>
		<feat xlink:href="#sSpan302" value="abstract"/>
		<feat xlink:href="#sSpan304" value="abstract"/>
		<feat xlink:href="#sSpan305" value="abstract"/>
		<feat xlink:href="#sSpan307" value="abstract"/>
		<feat xlink:href="#sSpan309" value="abstract"/>
		<feat xlink:href="#sSpan311" value="abstract"/>
		<feat xlink:href="#sSpan314" value="abstract"/>
		<feat xlink:href="#sSpan316" value="abstract"/>
		<feat xlink:href="#sSpan318" value="abstract"/>
		<feat xlink:href="#sSpan320" value="abstract"/>
		<feat xlink:href="#sSpan322" value="place"/>
		<feat xlink:href="#sSpan324" value="abstract"/>
		<feat xlink:href="#sSpan326" value="abstract"/>
		<feat xlink:href="#sSpan329" value="abstract"/>
		<feat xlink:href="#sSpan330" value="abstract"/>
		<feat xlink:href="#sSpan332" value="abstract"/>
		<feat xlink:href="#sSpan334" value="abstract"/>
		<feat xlink:href="#sSpan336" value="abstract"/>
		<feat xlink:href="#sSpan337" value="abstract"/>
		<feat xlink:href="#sSpan338" value="abstract"/>
		<feat xlink:href="#sSpan344" value="abstract"/>
		<feat xlink:href="#sSpan345" value="abstract"/>
		<feat xlink:href="#sSpan347" value="abstract"/>
		<feat xlink:href="#sSpan348" value="person"/>
		<feat xlink:href="#sSpan349" value="abstract"/>
		<feat xlink:href="#sSpan351" value="person"/>
		<feat xlink:href="#sSpan355" value="abstract"/>
		<feat xlink:href="#sSpan356" value="person"/>
		<feat xlink:href="#sSpan358" value="person"/>
		<feat xlink:href="#sSpan364" value="person"/>
		<feat xlink:href="#sSpan369" value="abstract"/>
		<feat xlink:href="#sSpan370" value="person"/>
		<feat xlink:href="#sSpan373" value="abstract"/>
		<feat xlink:href="#sSpan374" value="abstract"/>
		<feat xlink:href="#sSpan375" value="abstract"/>
		<feat xlink:href="#sSpan376" value="abstract"/>
		<feat xlink:href="#sSpan377" value="abstract"/>
		<feat xlink:href="#sSpan378" value="time"/>
		<feat xlink:href="#sSpan380" value="abstract"/>
		<feat xlink:href="#sSpan382" value="abstract"/>
		<feat xlink:href="#sSpan383" value="event"/>
		<feat xlink:href="#sSpan384" value="object"/>
		<feat xlink:href="#sSpan385" value="abstract"/>
		<feat xlink:href="#sSpan386" value="abstract"/>
		<feat xlink:href="#sSpan388" value="person"/>
		<feat xlink:href="#sSpan392" value="object"/>
		<feat xlink:href="#sSpan395" value="person"/>
		<feat xlink:href="#sSpan397" value="person"/>
		<feat xlink:href="#sSpan399" value="object"/>
		<feat xlink:href="#sSpan401" value="abstract"/>
		<feat xlink:href="#sSpan403" value="abstract"/>
		<feat xlink:href="#sSpan405" value="abstract"/>
		<feat xlink:href="#sSpan406" value="abstract"/>
		<feat xlink:href="#sSpan408" value="abstract"/>
		<feat xlink:href="#sSpan410" value="abstract"/>
		<feat xlink:href="#sSpan411" value="abstract"/>
		<feat xlink:href="#sSpan413" value="abstract"/>
		<feat xlink:href="#sSpan414" value="abstract"/>
		<feat xlink:href="#sSpan416" value="abstract"/>
		<feat xlink:href="#sSpan421" value="abstract"/>
		<feat xlink:href="#sSpan423" value="abstract"/>
		<feat xlink:href="#sSpan425" value="abstract"/>
		<feat xlink:href="#sSpan426" value="person"/>
		<feat xlink:href="#sSpan427" value="abstract"/>
		<feat xlink:href="#sSpan429" value="abstract"/>
		<feat xlink:href="#sSpan432" value="abstract"/>
		<feat xlink:href="#sSpan434" value="abstract"/>
		<feat xlink:href="#sSpan435" value="person"/>
		<feat xlink:href="#sSpan436" value="abstract"/>
		<feat xlink:href="#sSpan437" value="abstract"/>
		<feat xlink:href="#sSpan438" value="person"/>
		<feat xlink:href="#sSpan440" value="person"/>
		<feat xlink:href="#sSpan442" value="place"/>
		<feat xlink:href="#sSpan444" value="abstract"/>
		<feat xlink:href="#sSpan445" value="person"/>
		<feat xlink:href="#sSpan446" value="person"/>
		<feat xlink:href="#sSpan449" value="abstract"/>
		<feat xlink:href="#sSpan451" value="abstract"/>
		<feat xlink:href="#sSpan452" value="object"/>
		<feat xlink:href="#sSpan453" value="object"/>
		<feat xlink:href="#sSpan454" value="object"/>
		<feat xlink:href="#sSpan455" value="person"/>
		<feat xlink:href="#sSpan456" value="person"/>
		<feat xlink:href="#sSpan457" value="abstract"/>
		<feat xlink:href="#sSpan458" value="object"/>
		<feat xlink:href="#sSpan459" value="person"/>
		<feat xlink:href="#sSpan464" value="abstract"/>
		<feat xlink:href="#sSpan465" value="person"/>
		<feat xlink:href="#sSpan467" value="person"/>
		<feat xlink:href="#sSpan468" value="person"/>
		<feat xlink:href="#sSpan469" value="person"/>
		<feat xlink:href="#sSpan471" value="abstract"/>
		<feat xlink:href="#sSpan473" value="person"/>
		<feat xlink:href="#sSpan474" value="person"/>
		<feat xlink:href="#sSpan475" value="person"/>
		<feat xlink:href="#sSpan476" value="abstract"/>
		<feat xlink:href="#sSpan477" value="abstract"/>
		<feat xlink:href="#sSpan478" value="abstract"/>
		<feat xlink:href="#sSpan479" value="organization"/>
		<feat xlink:href="#sSpan480" value="person"/>
		<feat xlink:href="#sSpan483" value="abstract"/>
		<feat xlink:href="#sSpan485" value="abstract"/>
		<feat xlink:href="#sSpan486" value="abstract"/>
		<feat xlink:href="#sSpan487" value="person"/>
		<feat xlink:href="#sSpan488" value="abstract"/>
		<feat xlink:href="#sSpan490" value="abstract"/>
		<feat xlink:href="#sSpan492" value="abstract"/>
		<feat xlink:href="#sSpan493" value="person"/>
		<feat xlink:href="#sSpan494" value="abstract"/>
		<feat xlink:href="#sSpan496" value="abstract"/>
		<feat xlink:href="#sSpan498" value="abstract"/>
		<feat xlink:href="#sSpan500" value="abstract"/>
		<feat xlink:href="#sSpan502" value="abstract"/>
		<feat xlink:href="#sSpan504" value="abstract"/>
		<feat xlink:href="#sSpan506" value="abstract"/>
		<feat xlink:href="#sSpan507" value="abstract"/>
		<feat xlink:href="#sSpan508" value="abstract"/>
		<feat xlink:href="#sSpan509" value="abstract"/>
		<feat xlink:href="#sSpan510" value="abstract"/>
		<feat xlink:href="#sSpan511" value="abstract"/>
		<feat xlink:href="#sSpan512" value="abstract"/>
		<feat xlink:href="#sSpan513" value="abstract"/>
		<feat xlink:href="#sSpan515" value="abstract"/>
		<feat xlink:href="#sSpan516" value="abstract"/>
		<feat xlink:href="#sSpan518" value="abstract"/>
		<feat xlink:href="#sSpan519" value="abstract"/>
		<feat xlink:href="#sSpan521" value="abstract"/>
		<feat xlink:href="#sSpan522" value="abstract"/>
		<feat xlink:href="#sSpan529" value="abstract"/>
		<feat xlink:href="#sSpan540" value="person"/>
		<feat xlink:href="#sSpan544" value="person"/>
		<feat xlink:href="#sSpan545" value="person"/>
		<feat xlink:href="#sSpan555" value="abstract"/>
		<feat xlink:href="#sSpan562" value="abstract"/>
		<feat xlink:href="#sSpan565" value="abstract"/>
		<feat xlink:href="#sSpan566" value="person"/>
		<feat xlink:href="#sSpan567" value="person"/>
		<feat xlink:href="#sSpan569" value="abstract"/>
		<feat xlink:href="#sSpan570" value="place"/>
		<feat xlink:href="#sSpan577" value="abstract"/>
		<feat xlink:href="#sSpan598" value="abstract"/>
		<feat xlink:href="#sSpan599" value="abstract"/>
		<feat xlink:href="#sSpan601" value="person"/>
		<feat xlink:href="#sSpan603" value="person"/>
		<feat xlink:href="#sSpan606" value="place"/>
		<feat xlink:href="#sSpan607" value="person"/>
		<feat xlink:href="#sSpan614" value="abstract"/>
		<feat xlink:href="#sSpan615" value="person"/>
		<feat xlink:href="#sSpan618" value="abstract"/>
		<feat xlink:href="#sSpan620" value="abstract"/>
		<feat xlink:href="#sSpan630" value="abstract"/>
		<feat xlink:href="#sSpan631" value="person"/>
		<feat xlink:href="#sSpan641" value="abstract"/>
		<feat xlink:href="#sSpan648" value="abstract"/>
		<feat xlink:href="#sSpan652" value="abstract"/>
		<feat xlink:href="#sSpan653" value="event"/>
		<feat xlink:href="#sSpan655" value="person"/>
		<feat xlink:href="#sSpan656" value="person"/>
		<feat xlink:href="#sSpan657" value="person"/>
		<feat xlink:href="#sSpan659" value="person"/>
		<feat xlink:href="#sSpan660" value="person"/>
		<feat xlink:href="#sSpan663" value="object"/>
		<feat xlink:href="#sSpan674" value="abstract"/>
		<feat xlink:href="#sSpan680" value="abstract"/>
		<feat xlink:href="#sSpan683" value="abstract"/>
		<feat xlink:href="#sSpan689" value="abstract"/>
		<feat xlink:href="#sSpan692" value="object"/>
		<feat xlink:href="#sSpan694" value="person"/>
		<feat xlink:href="#sSpan699" value="abstract"/>
		<feat xlink:href="#sSpan700" value="person"/>
		<feat xlink:href="#sSpan702" value="abstract"/>
		<feat xlink:href="#sSpan720" value="abstract"/>
		<feat xlink:href="#sSpan730" value="abstract"/>
		<feat xlink:href="#sSpan743" value="object"/>
		<feat xlink:href="#sSpan747" value="abstract"/>
		<feat xlink:href="#sSpan748" value="event"/>
		<feat xlink:href="#sSpan752" value="abstract"/>
		<feat xlink:href="#sSpan754" value="abstract"/>
		<feat xlink:href="#sSpan755" value="abstract"/>
		<feat xlink:href="#sSpan756" value="abstract"/>
		<feat xlink:href="#sSpan757" value="abstract"/>
		<feat xlink:href="#sSpan758" value="abstract"/>
		<feat xlink:href="#sSpan760" value="abstract"/>
		<feat xlink:href="#sSpan764" value="abstract"/>
		<feat xlink:href="#sSpan783" value="abstract"/>
		<feat xlink:href="#sSpan789" value="abstract"/></featList></paula>