<?xml version='1.0' encoding='UTF-8'?><!DOCTYPE paula SYSTEM "paula_feat.dtd">
<paula version="1.1">
	<header paula_id="ref.GENTLE_dictionary_trust.mark_infstat"/>
	<featList xmlns:xlink="http://www.w3.org/1999/xlink" type="infstat" xml:base="ref.GENTLE_dictionary_trust.mark.xml">
		<feat xlink:href="#sSpan171" value="new"/>
		<feat xlink:href="#sSpan172" value="new"/>
		<feat xlink:href="#sSpan173" value="new"/>
		<feat xlink:href="#sSpan175" value="new"/>
		<feat xlink:href="#sSpan176" value="new"/>
		<feat xlink:href="#sSpan177" value="new"/>
		<feat xlink:href="#sSpan178" value="new"/>
		<feat xlink:href="#sSpan179" value="new"/>
		<feat xlink:href="#sSpan183" value="new"/>
		<feat xlink:href="#sSpan184" value="new"/>
		<feat xlink:href="#sSpan185" value="new"/>
		<feat xlink:href="#sSpan186" value="new"/>
		<feat xlink:href="#sSpan187" value="new"/>
		<feat xlink:href="#sSpan188" value="giv:act"/>
		<feat xlink:href="#sSpan189" value="giv:act"/>
		<feat xlink:href="#sSpan190" value="new"/>
		<feat xlink:href="#sSpan191" value="new"/>
		<feat xlink:href="#sSpan194" value="new"/>
		<feat xlink:href="#sSpan195" value="new"/>
		<feat xlink:href="#sSpan201" value="giv:inact"/>
		<feat xlink:href="#sSpan204" value="new"/>
		<feat xlink:href="#sSpan205" value="giv:act"/>
		<feat xlink:href="#sSpan206" value="new"/>
		<feat xlink:href="#sSpan207" value="new"/>
		<feat xlink:href="#sSpan210" value="new"/>
		<feat xlink:href="#sSpan211" value="new"/>
		<feat xlink:href="#sSpan212" value="giv:act"/>
		<feat xlink:href="#sSpan213" value="giv:act"/>
		<feat xlink:href="#sSpan214" value="new"/>
		<feat xlink:href="#sSpan215" value="new"/>
		<feat xlink:href="#sSpan217" value="new"/>
		<feat xlink:href="#sSpan222" value="new"/>
		<feat xlink:href="#sSpan223" value="new"/>
		<feat xlink:href="#sSpan236" value="new"/>
		<feat xlink:href="#sSpan237" value="new"/>
		<feat xlink:href="#sSpan240" value="new"/>
		<feat xlink:href="#sSpan242" value="new"/>
		<feat xlink:href="#sSpan246" value="new"/>
		<feat xlink:href="#sSpan247" value="new"/>
		<feat xlink:href="#sSpan248" value="new"/>
		<feat xlink:href="#sSpan251" value="giv:act"/>
		<feat xlink:href="#sSpan253" value="giv:act"/>
		<feat xlink:href="#sSpan257" value="giv:inact"/>
		<feat xlink:href="#sSpan258" value="new"/>
		<feat xlink:href="#sSpan259" value="new"/>
		<feat xlink:href="#sSpan260" value="giv:act"/>
		<feat xlink:href="#sSpan261" value="giv:act"/>
		<feat xlink:href="#sSpan263" value="new"/>
		<feat xlink:href="#sSpan264" value="new"/>
		<feat xlink:href="#sSpan267" value="giv:act"/>
		<feat xlink:href="#sSpan269" value="new"/>
		<feat xlink:href="#sSpan273" value="new"/>
		<feat xlink:href="#sSpan274" value="new"/>
		<feat xlink:href="#sSpan277" value="giv:act"/>
		<feat xlink:href="#sSpan279" value="giv:act"/>
		<feat xlink:href="#sSpan283" value="new"/>
		<feat xlink:href="#sSpan284" value="new"/>
		<feat xlink:href="#sSpan286" value="new"/>
		<feat xlink:href="#sSpan289" value="new"/>
		<feat xlink:href="#sSpan291" value="new"/>
		<feat xlink:href="#sSpan295" value="new"/>
		<feat xlink:href="#sSpan296" value="new"/>
		<feat xlink:href="#sSpan300" value="new"/>
		<feat xlink:href="#sSpan302" value="new"/>
		<feat xlink:href="#sSpan304" value="new"/>
		<feat xlink:href="#sSpan305" value="new"/>
		<feat xlink:href="#sSpan307" value="giv:inact"/>
		<feat xlink:href="#sSpan309" value="new"/>
		<feat xlink:href="#sSpan311" value="new"/>
		<feat xlink:href="#sSpan314" value="giv:act"/>
		<feat xlink:href="#sSpan316" value="giv:act"/>
		<feat xlink:href="#sSpan318" value="giv:act"/>
		<feat xlink:href="#sSpan320" value="giv:act"/>
		<feat xlink:href="#sSpan322" value="new"/>
		<feat xlink:href="#sSpan324" value="giv:act"/>
		<feat xlink:href="#sSpan326" value="giv:act"/>
		<feat xlink:href="#sSpan329" value="giv:act"/>
		<feat xlink:href="#sSpan330" value="new"/>
		<feat xlink:href="#sSpan332" value="new"/>
		<feat xlink:href="#sSpan334" value="new"/>
		<feat xlink:href="#sSpan336" value="new"/>
		<feat xlink:href="#sSpan337" value="new"/>
		<feat xlink:href="#sSpan338" value="new"/>
		<feat xlink:href="#sSpan344" value="acc:inf"/>
		<feat xlink:href="#sSpan345" value="giv:act"/>
		<feat xlink:href="#sSpan347" value="new"/>
		<feat xlink:href="#sSpan348" value="new"/>
		<feat xlink:href="#sSpan349" value="new"/>
		<feat xlink:href="#sSpan351" value="new"/>
		<feat xlink:href="#sSpan355" value="new"/>
		<feat xlink:href="#sSpan356" value="acc:com"/>
		<feat xlink:href="#sSpan358" value="acc:com"/>
		<feat xlink:href="#sSpan364" value="giv:act"/>
		<feat xlink:href="#sSpan369" value="new"/>
		<feat xlink:href="#sSpan370" value="new"/>
		<feat xlink:href="#sSpan373" value="giv:inact"/>
		<feat xlink:href="#sSpan374" value="new"/>
		<feat xlink:href="#sSpan375" value="new"/>
		<feat xlink:href="#sSpan376" value="new"/>
		<feat xlink:href="#sSpan377" value="new"/>
		<feat xlink:href="#sSpan378" value="new"/>
		<feat xlink:href="#sSpan380" value="new"/>
		<feat xlink:href="#sSpan382" value="new"/>
		<feat xlink:href="#sSpan383" value="new"/>
		<feat xlink:href="#sSpan384" value="new"/>
		<feat xlink:href="#sSpan385" value="new"/>
		<feat xlink:href="#sSpan386" value="new"/>
		<feat xlink:href="#sSpan388" value="acc:com"/>
		<feat xlink:href="#sSpan392" value="new"/>
		<feat xlink:href="#sSpan395" value="acc:inf"/>
		<feat xlink:href="#sSpan397" value="giv:act"/>
		<feat xlink:href="#sSpan399" value="giv:act"/>
		<feat xlink:href="#sSpan401" value="new"/>
		<feat xlink:href="#sSpan403" value="new"/>
		<feat xlink:href="#sSpan405" value="new"/>
		<feat xlink:href="#sSpan406" value="new"/>
		<feat xlink:href="#sSpan408" value="new"/>
		<feat xlink:href="#sSpan410" value="new"/>
		<feat xlink:href="#sSpan411" value="new"/>
		<feat xlink:href="#sSpan413" value="new"/>
		<feat xlink:href="#sSpan414" value="new"/>
		<feat xlink:href="#sSpan416" value="giv:inact"/>
		<feat xlink:href="#sSpan421" value="new"/>
		<feat xlink:href="#sSpan423" value="new"/>
		<feat xlink:href="#sSpan425" value="new"/>
		<feat xlink:href="#sSpan426" value="new"/>
		<feat xlink:href="#sSpan427" value="new"/>
		<feat xlink:href="#sSpan429" value="new"/>
		<feat xlink:href="#sSpan432" value="new"/>
		<feat xlink:href="#sSpan434" value="new"/>
		<feat xlink:href="#sSpan435" value="new"/>
		<feat xlink:href="#sSpan436" value="new"/>
		<feat xlink:href="#sSpan437" value="new"/>
		<feat xlink:href="#sSpan438" value="acc:inf"/>
		<feat xlink:href="#sSpan440" value="new"/>
		<feat xlink:href="#sSpan442" value="new"/>
		<feat xlink:href="#sSpan444" value="new"/>
		<feat xlink:href="#sSpan445" value="new"/>
		<feat xlink:href="#sSpan446" value="giv:act"/>
		<feat xlink:href="#sSpan449" value="giv:inact"/>
		<feat xlink:href="#sSpan451" value="new"/>
		<feat xlink:href="#sSpan452" value="new"/>
		<feat xlink:href="#sSpan453" value="new"/>
		<feat xlink:href="#sSpan454" value="new"/>
		<feat xlink:href="#sSpan455" value="new"/>
		<feat xlink:href="#sSpan456" value="giv:act"/>
		<feat xlink:href="#sSpan457" value="new"/>
		<feat xlink:href="#sSpan458" value="giv:act"/>
		<feat xlink:href="#sSpan459" value="new"/>
		<feat xlink:href="#sSpan464" value="new"/>
		<feat xlink:href="#sSpan465" value="new"/>
		<feat xlink:href="#sSpan467" value="giv:act"/>
		<feat xlink:href="#sSpan468" value="new"/>
		<feat xlink:href="#sSpan469" value="new"/>
		<feat xlink:href="#sSpan471" value="new"/>
		<feat xlink:href="#sSpan473" value="new"/>
		<feat xlink:href="#sSpan474" value="new"/>
		<feat xlink:href="#sSpan475" value="new"/>
		<feat xlink:href="#sSpan476" value="new"/>
		<feat xlink:href="#sSpan477" value="new"/>
		<feat xlink:href="#sSpan478" value="new"/>
		<feat xlink:href="#sSpan479" value="new"/>
		<feat xlink:href="#sSpan480" value="new"/>
		<feat xlink:href="#sSpan483" value="new"/>
		<feat xlink:href="#sSpan485" value="new"/>
		<feat xlink:href="#sSpan486" value="new"/>
		<feat xlink:href="#sSpan487" value="new"/>
		<feat xlink:href="#sSpan488" value="new"/>
		<feat xlink:href="#sSpan490" value="new"/>
		<feat xlink:href="#sSpan492" value="new"/>
		<feat xlink:href="#sSpan493" value="new"/>
		<feat xlink:href="#sSpan494" value="new"/>
		<feat xlink:href="#sSpan496" value="new"/>
		<feat xlink:href="#sSpan498" value="giv:inact"/>
		<feat xlink:href="#sSpan500" value="new"/>
		<feat xlink:href="#sSpan502" value="giv:inact"/>
		<feat xlink:href="#sSpan504" value="new"/>
		<feat xlink:href="#sSpan506" value="giv:act"/>
		<feat xlink:href="#sSpan507" value="new"/>
		<feat xlink:href="#sSpan508" value="new"/>
		<feat xlink:href="#sSpan509" value="new"/>
		<feat xlink:href="#sSpan510" value="new"/>
		<feat xlink:href="#sSpan511" value="new"/>
		<feat xlink:href="#sSpan512" value="new"/>
		<feat xlink:href="#sSpan513" value="giv:act"/>
		<feat xlink:href="#sSpan515" value="new"/>
		<feat xlink:href="#sSpan516" value="giv:act"/>
		<feat xlink:href="#sSpan518" value="new"/>
		<feat xlink:href="#sSpan519" value="giv:act"/>
		<feat xlink:href="#sSpan521" value="new"/>
		<feat xlink:href="#sSpan522" value="giv:act"/>
		<feat xlink:href="#sSpan529" value="giv:inact"/>
		<feat xlink:href="#sSpan540" value="acc:com"/>
		<feat xlink:href="#sSpan544" value="new"/>
		<feat xlink:href="#sSpan545" value="giv:act"/>
		<feat xlink:href="#sSpan555" value="giv:inact"/>
		<feat xlink:href="#sSpan562" value="new"/>
		<feat xlink:href="#sSpan565" value="new"/>
		<feat xlink:href="#sSpan566" value="new"/>
		<feat xlink:href="#sSpan567" value="acc:com"/>
		<feat xlink:href="#sSpan569" value="giv:act"/>
		<feat xlink:href="#sSpan570" value="new"/>
		<feat xlink:href="#sSpan577" value="new"/>
		<feat xlink:href="#sSpan598" value="new"/>
		<feat xlink:href="#sSpan599" value="acc:inf"/>
		<feat xlink:href="#sSpan601" value="acc:com"/>
		<feat xlink:href="#sSpan603" value="acc:com"/>
		<feat xlink:href="#sSpan606" value="new"/>
		<feat xlink:href="#sSpan607" value="giv:act"/>
		<feat xlink:href="#sSpan614" value="new"/>
		<feat xlink:href="#sSpan615" value="new"/>
		<feat xlink:href="#sSpan618" value="new"/>
		<feat xlink:href="#sSpan620" value="giv:inact"/>
		<feat xlink:href="#sSpan630" value="new"/>
		<feat xlink:href="#sSpan631" value="new"/>
		<feat xlink:href="#sSpan641" value="giv:inact"/>
		<feat xlink:href="#sSpan648" value="giv:act"/>
		<feat xlink:href="#sSpan652" value="giv:inact"/>
		<feat xlink:href="#sSpan653" value="giv:inact"/>
		<feat xlink:href="#sSpan655" value="new"/>
		<feat xlink:href="#sSpan656" value="new"/>
		<feat xlink:href="#sSpan657" value="new"/>
		<feat xlink:href="#sSpan659" value="new"/>
		<feat xlink:href="#sSpan660" value="giv:act"/>
		<feat xlink:href="#sSpan663" value="new"/>
		<feat xlink:href="#sSpan674" value="giv:inact"/>
		<feat xlink:href="#sSpan680" value="giv:inact"/>
		<feat xlink:href="#sSpan683" value="giv:act"/>
		<feat xlink:href="#sSpan689" value="new"/>
		<feat xlink:href="#sSpan692" value="new"/>
		<feat xlink:href="#sSpan694" value="new"/>
		<feat xlink:href="#sSpan699" value="new"/>
		<feat xlink:href="#sSpan700" value="acc:com"/>
		<feat xlink:href="#sSpan702" value="new"/>
		<feat xlink:href="#sSpan720" value="giv:inact"/>
		<feat xlink:href="#sSpan730" value="giv:inact"/>
		<feat xlink:href="#sSpan743" value="new"/>
		<feat xlink:href="#sSpan747" value="new"/>
		<feat xlink:href="#sSpan748" value="giv:inact"/>
		<feat xlink:href="#sSpan752" value="giv:inact"/>
		<feat xlink:href="#sSpan754" value="new"/>
		<feat xlink:href="#sSpan755" value="new"/>
		<feat xlink:href="#sSpan756" value="new"/>
		<feat xlink:href="#sSpan757" value="new"/>
		<feat xlink:href="#sSpan758" value="giv:act"/>
		<feat xlink:href="#sSpan760" value="new"/>
		<feat xlink:href="#sSpan764" value="new"/>
		<feat xlink:href="#sSpan783" value="giv:inact"/>
		<feat xlink:href="#sSpan789" value="new"/></featList></paula>