<?xml version='1.0' encoding='UTF-8'?><!DOCTYPE paula SYSTEM "paula_mark.dtd">
<paula version="1.1">
	<header paula_id="ref.GENTLE_dictionary_trust.mark"/>
	<markList xmlns:xlink="http://www.w3.org/1999/xlink" type="ref" xml:base="GENTLE_dictionary_trust.tok.xml">
		<!--trust-->
		<mark id="sSpan171" xlink:href="#sTok1"/>
		<!--English-->
		<mark id="sSpan172" xlink:href="#sTok2"/>
		<!--Etymology-->
		<mark id="sSpan173" xlink:href="#sTok3"/>
		<!--From-->
		<mark id="sSpan174" xlink:href="#sTok4"/>
		<!--Middle English trust ( “ trust , protection ” )-->
		<mark id="sSpan175" xlink:href="#sTok5 #sTok6 #sTok7 #sTok8 #sTok9 #sTok10 #sTok11 #sTok12 #sTok13 #sTok14"/>
		<!--Middle English trust-->
		<mark id="sSpan176" xlink:href="#sTok5 #sTok6 #sTok7"/>
		<!--Middle English-->
		<mark id="sSpan177" xlink:href="#sTok5 #sTok6"/>
		<!--trust-->
		<mark id="sSpan178" xlink:href="#sTok10"/>
		<!--protection-->
		<mark id="sSpan179" xlink:href="#sTok12"/>
		<!--.-->
		<mark id="sSpan180" xlink:href="#sTok15"/>
		<!--Long-->
		<mark id="sSpan181" xlink:href="#sTok16"/>
		<!--considered-->
		<mark id="sSpan182" xlink:href="#sTok17"/>
		<!--a borrowing from Old Norse traust ( “ confidence , help , protection ” ) , itself from Proto - Germanic *traustą-->
		<mark id="sSpan183" xlink:href="#sTok18 #sTok19 #sTok20 #sTok21 #sTok22 #sTok23 #sTok24 #sTok25 #sTok26 #sTok27 #sTok28 #sTok29 #sTok30 #sTok31 #sTok32 #sTok33 #sTok34 #sTok35 #sTok36 #sTok37 #sTok38 #sTok39"/>
		<!--Old Norse traust-->
		<mark id="sSpan184" xlink:href="#sTok21 #sTok22 #sTok23"/>
		<!--Old Norse-->
		<mark id="sSpan185" xlink:href="#sTok21 #sTok22"/>
		<!--confidence-->
		<mark id="sSpan186" xlink:href="#sTok26"/>
		<!--help-->
		<mark id="sSpan187" xlink:href="#sTok28"/>
		<!--protection-->
		<mark id="sSpan188" xlink:href="#sTok30"/>
		<!--itself-->
		<mark id="sSpan189" xlink:href="#sTok34"/>
		<!--Proto - Germanic *traustą-->
		<mark id="sSpan190" xlink:href="#sTok36 #sTok37 #sTok38 #sTok39"/>
		<!--Proto - Germanic-->
		<mark id="sSpan191" xlink:href="#sTok36 #sTok37 #sTok38"/>
		<!--,-->
		<mark id="sSpan192" xlink:href="#sTok40"/>
		<!--but-->
		<mark id="sSpan193" xlink:href="#sTok41"/>
		<!--the root vocalism-->
		<mark id="sSpan194" xlink:href="#sTok42 #sTok43 #sTok44"/>
		<!--root-->
		<mark id="sSpan195" xlink:href="#sTok43"/>
		<!--is-->
		<mark id="sSpan196" xlink:href="#sTok45"/>
		<!--incompatible-->
		<mark id="sSpan197" xlink:href="#sTok46"/>
		<!--,-->
		<mark id="sSpan198" xlink:href="#sTok47"/>
		<!--and-->
		<mark id="sSpan199" xlink:href="#sTok48"/>
		<!--now-->
		<mark id="sSpan200" xlink:href="#sTok49"/>
		<!--it-->
		<mark id="sSpan201" xlink:href="#sTok50"/>
		<!--'s-->
		<mark id="sSpan202" xlink:href="#sTok51"/>
		<!--considered-->
		<mark id="sSpan203" xlink:href="#sTok52"/>
		<!--a reflex of an unattested Old English *trust-->
		<mark id="sSpan204" xlink:href="#sTok53 #sTok54 #sTok55 #sTok56 #sTok57 #sTok58 #sTok59 #sTok60"/>
		<!--an unattested Old English *trust-->
		<mark id="sSpan205" xlink:href="#sTok56 #sTok57 #sTok58 #sTok59 #sTok60"/>
		<!--Old English *trust-->
		<mark id="sSpan206" xlink:href="#sTok58 #sTok59 #sTok60"/>
		<!--Old English-->
		<mark id="sSpan207" xlink:href="#sTok58 #sTok59"/>
		<!--,-->
		<mark id="sSpan208" xlink:href="#sTok61"/>
		<!--from-->
		<mark id="sSpan209" xlink:href="#sTok62"/>
		<!--a rare zero - grade proto - Germanic variant of the same root also attested in Middle High German getrüste-->
		<mark id="sSpan210" xlink:href="#sTok63 #sTok64 #sTok65 #sTok66 #sTok67 #sTok68 #sTok69 #sTok70 #sTok71 #sTok72 #sTok73 #sTok74 #sTok75 #sTok76 #sTok77 #sTok78 #sTok79 #sTok80 #sTok81 #sTok82"/>
		<!--zero - grade-->
		<mark id="sSpan211" xlink:href="#sTok65 #sTok66 #sTok67"/>
		<!--proto - Germanic-->
		<mark id="sSpan212" xlink:href="#sTok68 #sTok69 #sTok70"/>
		<!--the same root-->
		<mark id="sSpan213" xlink:href="#sTok73 #sTok74 #sTok75"/>
		<!--Middle High German getrüste-->
		<mark id="sSpan214" xlink:href="#sTok79 #sTok80 #sTok81 #sTok82"/>
		<!--Middle High German-->
		<mark id="sSpan215" xlink:href="#sTok79 #sTok80 #sTok81"/>
		<!--(-->
		<mark id="sSpan216" xlink:href="#sTok83"/>
		<!--“ host ”-->
		<mark id="sSpan217" xlink:href="#sTok84 #sTok85 #sTok86"/>
		<!--)-->
		<mark id="sSpan218" xlink:href="#sTok87"/>
		<!--.-->
		<mark id="sSpan219" xlink:href="#sTok88"/>
		<!--Ultimately-->
		<mark id="sSpan220" xlink:href="#sTok89"/>
		<!--from-->
		<mark id="sSpan221" xlink:href="#sTok90"/>
		<!--Proto - Indo - European *deru- -->
		<mark id="sSpan222" xlink:href="#sTok91 #sTok92 #sTok93 #sTok94 #sTok95 #sTok96"/>
		<!--Proto - Indo - European-->
		<mark id="sSpan223" xlink:href="#sTok91 #sTok92 #sTok93 #sTok94 #sTok95"/>
		<!--(-->
		<mark id="sSpan224" xlink:href="#sTok97"/>
		<!--be-->
		<mark id="sSpan225" xlink:href="#sTok98"/>
		<!--firm-->
		<mark id="sSpan226" xlink:href="#sTok99"/>
		<!--,-->
		<mark id="sSpan227" xlink:href="#sTok100"/>
		<!--hard-->
		<mark id="sSpan228" xlink:href="#sTok101"/>
		<!--,-->
		<mark id="sSpan229" xlink:href="#sTok102"/>
		<!--solid-->
		<mark id="sSpan230" xlink:href="#sTok103"/>
		<!--”-->
		<mark id="sSpan231" xlink:href="#sTok104"/>
		<!--)-->
		<mark id="sSpan232" xlink:href="#sTok105"/>
		<!--.-->
		<mark id="sSpan233" xlink:href="#sTok106"/>
		<!--Akin-->
		<mark id="sSpan234" xlink:href="#sTok107"/>
		<!--to-->
		<mark id="sSpan235" xlink:href="#sTok108"/>
		<!--Danish trøst-->
		<mark id="sSpan236" xlink:href="#sTok109 #sTok110"/>
		<!--Danish-->
		<mark id="sSpan237" xlink:href="#sTok109"/>
		<!--(-->
		<mark id="sSpan238" xlink:href="#sTok111"/>
		<!--“-->
		<mark id="sSpan239" xlink:href="#sTok112"/>
		<!--comfort-->
		<mark id="sSpan240" xlink:href="#sTok113"/>
		<!--,-->
		<mark id="sSpan241" xlink:href="#sTok114"/>
		<!--solace-->
		<mark id="sSpan242" xlink:href="#sTok115"/>
		<!--”-->
		<mark id="sSpan243" xlink:href="#sTok116"/>
		<!--)-->
		<mark id="sSpan244" xlink:href="#sTok117"/>
		<!--,-->
		<mark id="sSpan245" xlink:href="#sTok118"/>
		<!--Saterland Frisian Traast-->
		<mark id="sSpan246" xlink:href="#sTok119 #sTok120 #sTok121"/>
		<!--Saterland Frisian-->
		<mark id="sSpan247" xlink:href="#sTok119 #sTok120"/>
		<!--Saterland-->
		<mark id="sSpan248" xlink:href="#sTok119"/>
		<!--(-->
		<mark id="sSpan249" xlink:href="#sTok122"/>
		<!--“-->
		<mark id="sSpan250" xlink:href="#sTok123"/>
		<!--comfort-->
		<mark id="sSpan251" xlink:href="#sTok124"/>
		<!--,-->
		<mark id="sSpan252" xlink:href="#sTok125"/>
		<!--solace-->
		<mark id="sSpan253" xlink:href="#sTok126"/>
		<!--”-->
		<mark id="sSpan254" xlink:href="#sTok127"/>
		<!--)-->
		<mark id="sSpan255" xlink:href="#sTok128"/>
		<!--,-->
		<mark id="sSpan256" xlink:href="#sTok129"/>
		<!--West Frisian treast ( “ comfort , solace ” )-->
		<mark id="sSpan257" xlink:href="#sTok130 #sTok131 #sTok132 #sTok133 #sTok134 #sTok135 #sTok136 #sTok137 #sTok138 #sTok139"/>
		<!--West Frisian treast-->
		<mark id="sSpan258" xlink:href="#sTok130 #sTok131 #sTok132"/>
		<!--West Frisian-->
		<mark id="sSpan259" xlink:href="#sTok130 #sTok131"/>
		<!--comfort-->
		<mark id="sSpan260" xlink:href="#sTok135"/>
		<!--solace-->
		<mark id="sSpan261" xlink:href="#sTok137"/>
		<!--,-->
		<mark id="sSpan262" xlink:href="#sTok140"/>
		<!--Dutch troost-->
		<mark id="sSpan263" xlink:href="#sTok141 #sTok142"/>
		<!--Dutch-->
		<mark id="sSpan264" xlink:href="#sTok141"/>
		<!--(-->
		<mark id="sSpan265" xlink:href="#sTok143"/>
		<!--“-->
		<mark id="sSpan266" xlink:href="#sTok144"/>
		<!--comfort-->
		<mark id="sSpan267" xlink:href="#sTok145"/>
		<!--,-->
		<mark id="sSpan268" xlink:href="#sTok146"/>
		<!--consolation-->
		<mark id="sSpan269" xlink:href="#sTok147"/>
		<!--”-->
		<mark id="sSpan270" xlink:href="#sTok148"/>
		<!--)-->
		<mark id="sSpan271" xlink:href="#sTok149"/>
		<!--,-->
		<mark id="sSpan272" xlink:href="#sTok150"/>
		<!--German Trost-->
		<mark id="sSpan273" xlink:href="#sTok151 #sTok152"/>
		<!--German-->
		<mark id="sSpan274" xlink:href="#sTok151"/>
		<!--(-->
		<mark id="sSpan275" xlink:href="#sTok153"/>
		<!--“-->
		<mark id="sSpan276" xlink:href="#sTok154"/>
		<!--comfort-->
		<mark id="sSpan277" xlink:href="#sTok155"/>
		<!--,-->
		<mark id="sSpan278" xlink:href="#sTok156"/>
		<!--consolation-->
		<mark id="sSpan279" xlink:href="#sTok157"/>
		<!--”-->
		<mark id="sSpan280" xlink:href="#sTok158"/>
		<!--)-->
		<mark id="sSpan281" xlink:href="#sTok159"/>
		<!--,-->
		<mark id="sSpan282" xlink:href="#sTok160"/>
		<!--Gothic trausti-->
		<mark id="sSpan283" xlink:href="#sTok161 #sTok162"/>
		<!--Gothic-->
		<mark id="sSpan284" xlink:href="#sTok161"/>
		<!--(-->
		<mark id="sSpan285" xlink:href="#sTok163"/>
		<!--trausti-->
		<mark id="sSpan286" xlink:href="#sTok164"/>
		<!--,-->
		<mark id="sSpan287" xlink:href="#sTok165"/>
		<!--“-->
		<mark id="sSpan288" xlink:href="#sTok166"/>
		<!--alliance-->
		<mark id="sSpan289" xlink:href="#sTok167"/>
		<!--,-->
		<mark id="sSpan290" xlink:href="#sTok168"/>
		<!--pact-->
		<mark id="sSpan291" xlink:href="#sTok169"/>
		<!--”-->
		<mark id="sSpan292" xlink:href="#sTok170"/>
		<!--)-->
		<mark id="sSpan293" xlink:href="#sTok171"/>
		<!--.-->
		<mark id="sSpan294" xlink:href="#sTok172"/>
		<!--Doublet of tryst-->
		<mark id="sSpan295" xlink:href="#sTok173 #sTok174 #sTok175"/>
		<!--tryst-->
		<mark id="sSpan296" xlink:href="#sTok175"/>
		<!--.-->
		<mark id="sSpan297" xlink:href="#sTok176"/>
		<!--More-->
		<mark id="sSpan298" xlink:href="#sTok177"/>
		<!--at-->
		<mark id="sSpan299" xlink:href="#sTok178"/>
		<!--true-->
		<mark id="sSpan300" xlink:href="#sTok179"/>
		<!--,-->
		<mark id="sSpan301" xlink:href="#sTok180"/>
		<!--tree-->
		<mark id="sSpan302" xlink:href="#sTok181"/>
		<!--.-->
		<mark id="sSpan303" xlink:href="#sTok182"/>
		<!--Pronunciation-->
		<mark id="sSpan304" xlink:href="#sTok183"/>
		<!--enPR-->
		<mark id="sSpan305" xlink:href="#sTok184"/>
		<!--:-->
		<mark id="sSpan306" xlink:href="#sTok185"/>
		<!--trŭst-->
		<mark id="sSpan307" xlink:href="#sTok186"/>
		<!--,-->
		<mark id="sSpan308" xlink:href="#sTok187"/>
		<!--IPA-->
		<mark id="sSpan309" xlink:href="#sTok188"/>
		<!--(-->
		<mark id="sSpan310" xlink:href="#sTok189"/>
		<!--key-->
		<mark id="sSpan311" xlink:href="#sTok190"/>
		<!--)-->
		<mark id="sSpan312" xlink:href="#sTok191"/>
		<!--:-->
		<mark id="sSpan313" xlink:href="#sTok192"/>
		<!--/trʌst/-->
		<mark id="sSpan314" xlink:href="#sTok193"/>
		<!--,-->
		<mark id="sSpan315" xlink:href="#sTok194"/>
		<!--[tɹʌst]-->
		<mark id="sSpan316" xlink:href="#sTok195"/>
		<!--,-->
		<mark id="sSpan317" xlink:href="#sTok196"/>
		<!--[tɹɐst]-->
		<mark id="sSpan318" xlink:href="#sTok197"/>
		<!--,-->
		<mark id="sSpan319" xlink:href="#sTok198"/>
		<!--[t͡ʃɹ-]-->
		<mark id="sSpan320" xlink:href="#sTok199"/>
		<!--(-->
		<mark id="sSpan321" xlink:href="#sTok200"/>
		<!--Northern England-->
		<mark id="sSpan322" xlink:href="#sTok201 #sTok202"/>
		<!--)-->
		<mark id="sSpan323" xlink:href="#sTok203"/>
		<!--IPA-->
		<mark id="sSpan324" xlink:href="#sTok204"/>
		<!--(-->
		<mark id="sSpan325" xlink:href="#sTok205"/>
		<!--key-->
		<mark id="sSpan326" xlink:href="#sTok206"/>
		<!--)-->
		<mark id="sSpan327" xlink:href="#sTok207"/>
		<!--:-->
		<mark id="sSpan328" xlink:href="#sTok208"/>
		<!--/trʊst/-->
		<mark id="sSpan329" xlink:href="#sTok209"/>
		<!--Audio-->
		<mark id="sSpan330" xlink:href="#sTok210"/>
		<!--(-->
		<mark id="sSpan331" xlink:href="#sTok211"/>
		<!--GA-->
		<mark id="sSpan332" xlink:href="#sTok212"/>
		<!--)-->
		<mark id="sSpan333" xlink:href="#sTok213"/>
		<!--Rhymes-->
		<mark id="sSpan334" xlink:href="#sTok214"/>
		<!--:-->
		<mark id="sSpan335" xlink:href="#sTok215"/>
		<!---ʌst-->
		<mark id="sSpan336" xlink:href="#sTok216"/>
		<!--Noun-->
		<mark id="sSpan337" xlink:href="#sTok217"/>
		<!--trust-->
		<mark id="sSpan338" xlink:href="#sTok218"/>
		<!--(-->
		<mark id="sSpan339" xlink:href="#sTok219"/>
		<!--countable-->
		<mark id="sSpan340" xlink:href="#sTok220"/>
		<!--and-->
		<mark id="sSpan341" xlink:href="#sTok221"/>
		<!--uncountable-->
		<mark id="sSpan342" xlink:href="#sTok222"/>
		<!--,-->
		<mark id="sSpan343" xlink:href="#sTok223"/>
		<!--plural-->
		<mark id="sSpan344" xlink:href="#sTok224"/>
		<!--trusts-->
		<mark id="sSpan345" xlink:href="#sTok225"/>
		<!--)-->
		<mark id="sSpan346" xlink:href="#sTok226"/>
		<!--Confidence in or reliance on some person or quality-->
		<mark id="sSpan347" xlink:href="#sTok227 #sTok228 #sTok229 #sTok230 #sTok231 #sTok232 #sTok233 #sTok234 #sTok235"/>
		<!--some person-->
		<mark id="sSpan348" xlink:href="#sTok232 #sTok233"/>
		<!--quality-->
		<mark id="sSpan349" xlink:href="#sTok235"/>
		<!--.-->
		<mark id="sSpan350" xlink:href="#sTok236"/>
		<!--He-->
		<mark id="sSpan351" xlink:href="#sTok237"/>
		<!--needs-->
		<mark id="sSpan352" xlink:href="#sTok238"/>
		<!--to-->
		<mark id="sSpan353" xlink:href="#sTok239"/>
		<!--regain-->
		<mark id="sSpan354" xlink:href="#sTok240"/>
		<!--her trust-->
		<mark id="sSpan355" xlink:href="#sTok241 #sTok242"/>
		<!--her-->
		<mark id="sSpan356" xlink:href="#sTok241"/>
		<!--if-->
		<mark id="sSpan357" xlink:href="#sTok243"/>
		<!--he-->
		<mark id="sSpan358" xlink:href="#sTok244"/>
		<!--is-->
		<mark id="sSpan359" xlink:href="#sTok245"/>
		<!--ever-->
		<mark id="sSpan360" xlink:href="#sTok246"/>
		<!--going-->
		<mark id="sSpan361" xlink:href="#sTok247"/>
		<!--to-->
		<mark id="sSpan362" xlink:href="#sTok248"/>
		<!--win-->
		<mark id="sSpan363" xlink:href="#sTok249"/>
		<!--her-->
		<mark id="sSpan364" xlink:href="#sTok250"/>
		<!--back-->
		<mark id="sSpan365" xlink:href="#sTok251"/>
		<!--.-->
		<mark id="sSpan366" xlink:href="#sTok252"/>
		<!--to-->
		<mark id="sSpan367" xlink:href="#sTok253"/>
		<!--lose-->
		<mark id="sSpan368" xlink:href="#sTok254"/>
		<!--trust in someone-->
		<mark id="sSpan369" xlink:href="#sTok255 #sTok256 #sTok257"/>
		<!--someone-->
		<mark id="sSpan370" xlink:href="#sTok257"/>
		<!--build-->
		<mark id="sSpan371" xlink:href="#sTok258"/>
		<!--up-->
		<mark id="sSpan372" xlink:href="#sTok259"/>
		<!--trust-->
		<mark id="sSpan373" xlink:href="#sTok260"/>
		<!--a relationship built on mutual trust-->
		<mark id="sSpan374" xlink:href="#sTok261 #sTok262 #sTok263 #sTok264 #sTok265 #sTok266"/>
		<!--mutual trust-->
		<mark id="sSpan375" xlink:href="#sTok265 #sTok266"/>
		<!--Dependence upon something in the future-->
		<mark id="sSpan376" xlink:href="#sTok267 #sTok268 #sTok269 #sTok270 #sTok271 #sTok272"/>
		<!--something-->
		<mark id="sSpan377" xlink:href="#sTok269"/>
		<!--the future-->
		<mark id="sSpan378" xlink:href="#sTok271 #sTok272"/>
		<!--;-->
		<mark id="sSpan379" xlink:href="#sTok273"/>
		<!--hope-->
		<mark id="sSpan380" xlink:href="#sTok274"/>
		<!--.-->
		<mark id="sSpan381" xlink:href="#sTok275"/>
		<!--Confidence in the future payment for goods or services supplied ; credit-->
		<mark id="sSpan382" xlink:href="#sTok276 #sTok277 #sTok278 #sTok279 #sTok280 #sTok281 #sTok282 #sTok283 #sTok284 #sTok285 #sTok286 #sTok287"/>
		<!--the future payment for goods or services supplied-->
		<mark id="sSpan383" xlink:href="#sTok278 #sTok279 #sTok280 #sTok281 #sTok282 #sTok283 #sTok284 #sTok285"/>
		<!--goods-->
		<mark id="sSpan384" xlink:href="#sTok282"/>
		<!--services supplied-->
		<mark id="sSpan385" xlink:href="#sTok284 #sTok285"/>
		<!--credit-->
		<mark id="sSpan386" xlink:href="#sTok287"/>
		<!--.-->
		<mark id="sSpan387" xlink:href="#sTok288"/>
		<!--I-->
		<mark id="sSpan388" xlink:href="#sTok289"/>
		<!--was-->
		<mark id="sSpan389" xlink:href="#sTok290"/>
		<!--out-->
		<mark id="sSpan390" xlink:href="#sTok291"/>
		<!--of-->
		<mark id="sSpan391" xlink:href="#sTok292"/>
		<!--cash-->
		<mark id="sSpan392" xlink:href="#sTok293"/>
		<!--,-->
		<mark id="sSpan393" xlink:href="#sTok294"/>
		<!--but-->
		<mark id="sSpan394" xlink:href="#sTok295"/>
		<!--the landlady-->
		<mark id="sSpan395" xlink:href="#sTok296 #sTok297"/>
		<!--let-->
		<mark id="sSpan396" xlink:href="#sTok298"/>
		<!--me-->
		<mark id="sSpan397" xlink:href="#sTok299"/>
		<!--have-->
		<mark id="sSpan398" xlink:href="#sTok300"/>
		<!--it-->
		<mark id="sSpan399" xlink:href="#sTok301"/>
		<!--on-->
		<mark id="sSpan400" xlink:href="#sTok302"/>
		<!--trust-->
		<mark id="sSpan401" xlink:href="#sTok303"/>
		<!--.-->
		<mark id="sSpan402" xlink:href="#sTok304"/>
		<!--That which is committed or entrusted-->
		<mark id="sSpan403" xlink:href="#sTok305 #sTok306 #sTok307 #sTok308 #sTok309 #sTok310"/>
		<!--;-->
		<mark id="sSpan404" xlink:href="#sTok311"/>
		<!--something received in confidence-->
		<mark id="sSpan405" xlink:href="#sTok312 #sTok313 #sTok314 #sTok315"/>
		<!--confidence-->
		<mark id="sSpan406" xlink:href="#sTok315"/>
		<!--;-->
		<mark id="sSpan407" xlink:href="#sTok316"/>
		<!--a charge-->
		<mark id="sSpan408" xlink:href="#sTok317 #sTok318"/>
		<!--.-->
		<mark id="sSpan409" xlink:href="#sTok319"/>
		<!--That upon which confidence is reposed-->
		<mark id="sSpan410" xlink:href="#sTok320 #sTok321 #sTok322 #sTok323 #sTok324 #sTok325"/>
		<!--confidence-->
		<mark id="sSpan411" xlink:href="#sTok323"/>
		<!--;-->
		<mark id="sSpan412" xlink:href="#sTok326"/>
		<!--ground of reliance-->
		<mark id="sSpan413" xlink:href="#sTok327 #sTok328 #sTok329"/>
		<!--reliance-->
		<mark id="sSpan414" xlink:href="#sTok329"/>
		<!--;-->
		<mark id="sSpan415" xlink:href="#sTok330"/>
		<!--hope-->
		<mark id="sSpan416" xlink:href="#sTok331"/>
		<!--.-->
		<mark id="sSpan417" xlink:href="#sTok332"/>
		<!--(-->
		<mark id="sSpan418" xlink:href="#sTok333"/>
		<!--rare-->
		<mark id="sSpan419" xlink:href="#sTok334"/>
		<!--)-->
		<mark id="sSpan420" xlink:href="#sTok335"/>
		<!--Trustworthiness-->
		<mark id="sSpan421" xlink:href="#sTok336"/>
		<!--,-->
		<mark id="sSpan422" xlink:href="#sTok337"/>
		<!--reliability-->
		<mark id="sSpan423" xlink:href="#sTok338"/>
		<!--.-->
		<mark id="sSpan424" xlink:href="#sTok339"/>
		<!--The condition or obligation of one to whom anything is confided-->
		<mark id="sSpan425" xlink:href="#sTok340 #sTok341 #sTok342 #sTok343 #sTok344 #sTok345 #sTok346 #sTok347 #sTok348 #sTok349 #sTok350"/>
		<!--one to whom anything is confided-->
		<mark id="sSpan426" xlink:href="#sTok345 #sTok346 #sTok347 #sTok348 #sTok349 #sTok350"/>
		<!--anything-->
		<mark id="sSpan427" xlink:href="#sTok348"/>
		<!--;-->
		<mark id="sSpan428" xlink:href="#sTok351"/>
		<!--responsible charge or office-->
		<mark id="sSpan429" xlink:href="#sTok352 #sTok353 #sTok354 #sTok355"/>
		<!--.-->
		<mark id="sSpan430" xlink:href="#sTok356"/>
		<!--(-->
		<mark id="sSpan431" xlink:href="#sTok357"/>
		<!--law-->
		<mark id="sSpan432" xlink:href="#sTok358"/>
		<!--)-->
		<mark id="sSpan433" xlink:href="#sTok359"/>
		<!--The confidence vested in a person who has legal ownership of a property to manage for the benefit of another-->
		<mark id="sSpan434" xlink:href="#sTok360 #sTok361 #sTok362 #sTok363 #sTok364 #sTok365 #sTok366 #sTok367 #sTok368 #sTok369 #sTok370 #sTok371 #sTok372 #sTok373 #sTok374 #sTok375 #sTok376 #sTok377 #sTok378 #sTok379"/>
		<!--a person who has legal ownership of a property to manage for the benefit of another-->
		<mark id="sSpan435" xlink:href="#sTok364 #sTok365 #sTok366 #sTok367 #sTok368 #sTok369 #sTok370 #sTok371 #sTok372 #sTok373 #sTok374 #sTok375 #sTok376 #sTok377 #sTok378 #sTok379"/>
		<!--legal ownership of a property to manage for the benefit of another-->
		<mark id="sSpan436" xlink:href="#sTok368 #sTok369 #sTok370 #sTok371 #sTok372 #sTok373 #sTok374 #sTok375 #sTok376 #sTok377 #sTok378 #sTok379"/>
		<!--the benefit of another-->
		<mark id="sSpan437" xlink:href="#sTok376 #sTok377 #sTok378 #sTok379"/>
		<!--another-->
		<mark id="sSpan438" xlink:href="#sTok379"/>
		<!--.-->
		<mark id="sSpan439" xlink:href="#sTok380"/>
		<!--I-->
		<mark id="sSpan440" xlink:href="#sTok381"/>
		<!--put-->
		<mark id="sSpan441" xlink:href="#sTok382"/>
		<!--the house-->
		<mark id="sSpan442" xlink:href="#sTok383 #sTok384"/>
		<!--into-->
		<mark id="sSpan443" xlink:href="#sTok385"/>
		<!--my sister 's trust-->
		<mark id="sSpan444" xlink:href="#sTok386 #sTok387 #sTok388 #sTok389"/>
		<!--my sister 's-->
		<mark id="sSpan445" xlink:href="#sTok386 #sTok387 #sTok388"/>
		<!--my-->
		<mark id="sSpan446" xlink:href="#sTok386"/>
		<!--.-->
		<mark id="sSpan447" xlink:href="#sTok390"/>
		<!--(-->
		<mark id="sSpan448" xlink:href="#sTok391"/>
		<!--law-->
		<mark id="sSpan449" xlink:href="#sTok392"/>
		<!--)-->
		<mark id="sSpan450" xlink:href="#sTok393"/>
		<!--An arrangement whereby property or money is given to be held by a third party ( a trustee ) , on the basis that it will be managed for the benefit of , or eventually transferred to , a stated beneficiary-->
		<mark id="sSpan451" xlink:href="#sTok394 #sTok395 #sTok396 #sTok397 #sTok398 #sTok399 #sTok400 #sTok401 #sTok402 #sTok403 #sTok404 #sTok405 #sTok406 #sTok407 #sTok408 #sTok409 #sTok410 #sTok411 #sTok412 #sTok413 #sTok414 #sTok415 #sTok416 #sTok417 #sTok418 #sTok419 #sTok420 #sTok421 #sTok422 #sTok423 #sTok424 #sTok425 #sTok426 #sTok427 #sTok428 #sTok429 #sTok430 #sTok431 #sTok432 #sTok433 #sTok434"/>
		<!--property or money-->
		<mark id="sSpan452" xlink:href="#sTok397 #sTok398 #sTok399"/>
		<!--property-->
		<mark id="sSpan453" xlink:href="#sTok397"/>
		<!--money-->
		<mark id="sSpan454" xlink:href="#sTok399"/>
		<!--a third party-->
		<mark id="sSpan455" xlink:href="#sTok406 #sTok407 #sTok408"/>
		<!--a trustee-->
		<mark id="sSpan456" xlink:href="#sTok410 #sTok411"/>
		<!--the basis that it will be managed for the benefit of , or eventually transferred to , a stated beneficiary-->
		<mark id="sSpan457" xlink:href="#sTok415 #sTok416 #sTok417 #sTok418 #sTok419 #sTok420 #sTok421 #sTok422 #sTok423 #sTok424 #sTok425 #sTok426 #sTok427 #sTok428 #sTok429 #sTok430 #sTok431 #sTok432 #sTok433 #sTok434"/>
		<!--it-->
		<mark id="sSpan458" xlink:href="#sTok418"/>
		<!--a stated beneficiary-->
		<mark id="sSpan459" xlink:href="#sTok432 #sTok433 #sTok434"/>
		<!--;-->
		<mark id="sSpan460" xlink:href="#sTok435"/>
		<!--for-->
		<mark id="sSpan461" xlink:href="#sTok436"/>
		<!--example-->
		<mark id="sSpan462" xlink:href="#sTok437"/>
		<!--,-->
		<mark id="sSpan463" xlink:href="#sTok438"/>
		<!--money to be given to a child-->
		<mark id="sSpan464" xlink:href="#sTok439 #sTok440 #sTok441 #sTok442 #sTok443 #sTok444 #sTok445"/>
		<!--a child-->
		<mark id="sSpan465" xlink:href="#sTok444 #sTok445"/>
		<!--when-->
		<mark id="sSpan466" xlink:href="#sTok446"/>
		<!--he or she-->
		<mark id="sSpan467" xlink:href="#sTok447 #sTok448 #sTok449"/>
		<!--he-->
		<mark id="sSpan468" xlink:href="#sTok447"/>
		<!--she-->
		<mark id="sSpan469" xlink:href="#sTok449"/>
		<!--reaches-->
		<mark id="sSpan470" xlink:href="#sTok450"/>
		<!--adulthood-->
		<mark id="sSpan471" xlink:href="#sTok451"/>
		<!--.-->
		<mark id="sSpan472" xlink:href="#sTok452"/>
		<!--A group of businessmen or traders organised for mutual benefit to produce and distribute specific commodities or services , and managed by a central body of trustees-->
		<mark id="sSpan473" xlink:href="#sTok453 #sTok454 #sTok455 #sTok456 #sTok457 #sTok458 #sTok459 #sTok460 #sTok461 #sTok462 #sTok463 #sTok464 #sTok465 #sTok466 #sTok467 #sTok468 #sTok469 #sTok470 #sTok471 #sTok472 #sTok473 #sTok474 #sTok475 #sTok476 #sTok477 #sTok478 #sTok479"/>
		<!--businessmen-->
		<mark id="sSpan474" xlink:href="#sTok456"/>
		<!--traders-->
		<mark id="sSpan475" xlink:href="#sTok458"/>
		<!--mutual benefit-->
		<mark id="sSpan476" xlink:href="#sTok461 #sTok462"/>
		<!--specific commodities-->
		<mark id="sSpan477" xlink:href="#sTok467 #sTok468"/>
		<!--services-->
		<mark id="sSpan478" xlink:href="#sTok470"/>
		<!--a central body of trustees-->
		<mark id="sSpan479" xlink:href="#sTok475 #sTok476 #sTok477 #sTok478 #sTok479"/>
		<!--trustees-->
		<mark id="sSpan480" xlink:href="#sTok479"/>
		<!--.-->
		<mark id="sSpan481" xlink:href="#sTok480"/>
		<!--(-->
		<mark id="sSpan482" xlink:href="#sTok481"/>
		<!--computing-->
		<mark id="sSpan483" xlink:href="#sTok482"/>
		<!--)-->
		<mark id="sSpan484" xlink:href="#sTok483"/>
		<!--Affirmation of the access rights of a user of a computer system-->
		<mark id="sSpan485" xlink:href="#sTok484 #sTok485 #sTok486 #sTok487 #sTok488 #sTok489 #sTok490 #sTok491 #sTok492 #sTok493 #sTok494 #sTok495"/>
		<!--the access rights of a user of a computer system-->
		<mark id="sSpan486" xlink:href="#sTok486 #sTok487 #sTok488 #sTok489 #sTok490 #sTok491 #sTok492 #sTok493 #sTok494 #sTok495"/>
		<!--a user of a computer system-->
		<mark id="sSpan487" xlink:href="#sTok490 #sTok491 #sTok492 #sTok493 #sTok494 #sTok495"/>
		<!--a computer system-->
		<mark id="sSpan488" xlink:href="#sTok493 #sTok494 #sTok495"/>
		<!--.-->
		<mark id="sSpan489" xlink:href="#sTok496"/>
		<!--Synonyms-->
		<mark id="sSpan490" xlink:href="#sTok497"/>
		<!--(-->
		<mark id="sSpan491" xlink:href="#sTok498"/>
		<!--confidence in a person or quality-->
		<mark id="sSpan492" xlink:href="#sTok499 #sTok500 #sTok501 #sTok502 #sTok503 #sTok504"/>
		<!--a person-->
		<mark id="sSpan493" xlink:href="#sTok501 #sTok502"/>
		<!--quality-->
		<mark id="sSpan494" xlink:href="#sTok504"/>
		<!--)-->
		<mark id="sSpan495" xlink:href="#sTok505"/>
		<!--belief-->
		<mark id="sSpan496" xlink:href="#sTok506"/>
		<!--,-->
		<mark id="sSpan497" xlink:href="#sTok507"/>
		<!--confidence-->
		<mark id="sSpan498" xlink:href="#sTok508"/>
		<!--,-->
		<mark id="sSpan499" xlink:href="#sTok509"/>
		<!--faith-->
		<mark id="sSpan500" xlink:href="#sTok510"/>
		<!--(-->
		<mark id="sSpan501" xlink:href="#sTok511"/>
		<!--hope-->
		<mark id="sSpan502" xlink:href="#sTok512"/>
		<!--)-->
		<mark id="sSpan503" xlink:href="#sTok513"/>
		<!--expectation-->
		<mark id="sSpan504" xlink:href="#sTok514"/>
		<!--,-->
		<mark id="sSpan505" xlink:href="#sTok515"/>
		<!--hope-->
		<mark id="sSpan506" xlink:href="#sTok516"/>
		<!--Antonyms-->
		<mark id="sSpan507" xlink:href="#sTok517"/>
		<!--distrust-->
		<mark id="sSpan508" xlink:href="#sTok518"/>
		<!--mistrust-->
		<mark id="sSpan509" xlink:href="#sTok519"/>
		<!--untrust-->
		<mark id="sSpan510" xlink:href="#sTok520"/>
		<!--wantrust-->
		<mark id="sSpan511" xlink:href="#sTok521"/>
		<!--Verb-->
		<mark id="sSpan512" xlink:href="#sTok522"/>
		<!--trust-->
		<mark id="sSpan513" xlink:href="#sTok523"/>
		<!--(-->
		<mark id="sSpan514" xlink:href="#sTok524"/>
		<!--third - person singular simple present-->
		<mark id="sSpan515" xlink:href="#sTok525 #sTok526 #sTok527 #sTok528 #sTok529 #sTok530"/>
		<!--trusts-->
		<mark id="sSpan516" xlink:href="#sTok531"/>
		<!--,-->
		<mark id="sSpan517" xlink:href="#sTok532"/>
		<!--present participle-->
		<mark id="sSpan518" xlink:href="#sTok533 #sTok534"/>
		<!--trusting-->
		<mark id="sSpan519" xlink:href="#sTok535"/>
		<!--,-->
		<mark id="sSpan520" xlink:href="#sTok536"/>
		<!--simple past and past participle-->
		<mark id="sSpan521" xlink:href="#sTok537 #sTok538 #sTok539 #sTok540 #sTok541"/>
		<!--trusted-->
		<mark id="sSpan522" xlink:href="#sTok542"/>
		<!--)-->
		<mark id="sSpan523" xlink:href="#sTok543"/>
		<!--(-->
		<mark id="sSpan524" xlink:href="#sTok544"/>
		<!--transitive-->
		<mark id="sSpan525" xlink:href="#sTok545"/>
		<!--)-->
		<mark id="sSpan526" xlink:href="#sTok546"/>
		<!--To-->
		<mark id="sSpan527" xlink:href="#sTok547"/>
		<!--place-->
		<mark id="sSpan528" xlink:href="#sTok548"/>
		<!--confidence-->
		<mark id="sSpan529" xlink:href="#sTok549"/>
		<!--in-->
		<mark id="sSpan530" xlink:href="#sTok550"/>
		<!--,-->
		<mark id="sSpan531" xlink:href="#sTok551"/>
		<!--to-->
		<mark id="sSpan532" xlink:href="#sTok552"/>
		<!--rely-->
		<mark id="sSpan533" xlink:href="#sTok553"/>
		<!--on-->
		<mark id="sSpan534" xlink:href="#sTok554"/>
		<!--,-->
		<mark id="sSpan535" xlink:href="#sTok555"/>
		<!--to-->
		<mark id="sSpan536" xlink:href="#sTok556"/>
		<!--confide-->
		<mark id="sSpan537" xlink:href="#sTok557"/>
		<!--in-->
		<mark id="sSpan538" xlink:href="#sTok558"/>
		<!--.-->
		<mark id="sSpan539" xlink:href="#sTok559"/>
		<!--We-->
		<mark id="sSpan540" xlink:href="#sTok560"/>
		<!--can-->
		<mark id="sSpan541" xlink:href="#sTok561"/>
		<!--not-->
		<mark id="sSpan542" xlink:href="#sTok562"/>
		<!--trust-->
		<mark id="sSpan543" xlink:href="#sTok563"/>
		<!--anyone who deceives us-->
		<mark id="sSpan544" xlink:href="#sTok564 #sTok565 #sTok566 #sTok567"/>
		<!--us-->
		<mark id="sSpan545" xlink:href="#sTok567"/>
		<!--.-->
		<mark id="sSpan546" xlink:href="#sTok568"/>
		<!--(-->
		<mark id="sSpan547" xlink:href="#sTok569"/>
		<!--intransitive-->
		<mark id="sSpan548" xlink:href="#sTok570"/>
		<!--,-->
		<mark id="sSpan549" xlink:href="#sTok571"/>
		<!--with-->
		<mark id="sSpan550" xlink:href="#sTok572"/>
		<!--in-->
		<mark id="sSpan551" xlink:href="#sTok573"/>
		<!--)-->
		<mark id="sSpan552" xlink:href="#sTok574"/>
		<!--To-->
		<mark id="sSpan553" xlink:href="#sTok575"/>
		<!--have-->
		<mark id="sSpan554" xlink:href="#sTok576"/>
		<!--faith-->
		<mark id="sSpan555" xlink:href="#sTok577"/>
		<!--in-->
		<mark id="sSpan556" xlink:href="#sTok578"/>
		<!--;-->
		<mark id="sSpan557" xlink:href="#sTok579"/>
		<!--to-->
		<mark id="sSpan558" xlink:href="#sTok580"/>
		<!--rely-->
		<mark id="sSpan559" xlink:href="#sTok581"/>
		<!--on-->
		<mark id="sSpan560" xlink:href="#sTok582"/>
		<!--for-->
		<mark id="sSpan561" xlink:href="#sTok583"/>
		<!--continuing support or aid-->
		<mark id="sSpan562" xlink:href="#sTok584 #sTok585 #sTok586 #sTok587"/>
		<!--.-->
		<mark id="sSpan563" xlink:href="#sTok588"/>
		<!--In-->
		<mark id="sSpan564" xlink:href="#sTok589"/>
		<!--God We Trust-->
		<mark id="sSpan565" xlink:href="#sTok590 #sTok591 #sTok592"/>
		<!--God-->
		<mark id="sSpan566" xlink:href="#sTok590"/>
		<!--We-->
		<mark id="sSpan567" xlink:href="#sTok591"/>
		<!--(-->
		<mark id="sSpan568" xlink:href="#sTok593"/>
		<!--official US motto-->
		<mark id="sSpan569" xlink:href="#sTok594 #sTok595 #sTok596"/>
		<!--US-->
		<mark id="sSpan570" xlink:href="#sTok595"/>
		<!--)-->
		<mark id="sSpan571" xlink:href="#sTok597"/>
		<!--(-->
		<mark id="sSpan572" xlink:href="#sTok598"/>
		<!--transitive-->
		<mark id="sSpan573" xlink:href="#sTok599"/>
		<!--)-->
		<mark id="sSpan574" xlink:href="#sTok600"/>
		<!--To-->
		<mark id="sSpan575" xlink:href="#sTok601"/>
		<!--give-->
		<mark id="sSpan576" xlink:href="#sTok602"/>
		<!--credence-->
		<mark id="sSpan577" xlink:href="#sTok603"/>
		<!--to-->
		<mark id="sSpan578" xlink:href="#sTok604"/>
		<!--;-->
		<mark id="sSpan579" xlink:href="#sTok605"/>
		<!--to-->
		<mark id="sSpan580" xlink:href="#sTok606"/>
		<!--believe-->
		<mark id="sSpan581" xlink:href="#sTok607"/>
		<!--;-->
		<mark id="sSpan582" xlink:href="#sTok608"/>
		<!--to-->
		<mark id="sSpan583" xlink:href="#sTok609"/>
		<!--credit-->
		<mark id="sSpan584" xlink:href="#sTok610"/>
		<!--.-->
		<mark id="sSpan585" xlink:href="#sTok611"/>
		<!--(-->
		<mark id="sSpan586" xlink:href="#sTok612"/>
		<!--transitive-->
		<mark id="sSpan587" xlink:href="#sTok613"/>
		<!--)-->
		<mark id="sSpan588" xlink:href="#sTok614"/>
		<!--To-->
		<mark id="sSpan589" xlink:href="#sTok615"/>
		<!--hope-->
		<mark id="sSpan590" xlink:href="#sTok616"/>
		<!--confidently-->
		<mark id="sSpan591" xlink:href="#sTok617"/>
		<!--;-->
		<mark id="sSpan592" xlink:href="#sTok618"/>
		<!--to-->
		<mark id="sSpan593" xlink:href="#sTok619"/>
		<!--believe-->
		<mark id="sSpan594" xlink:href="#sTok620"/>
		<!--(-->
		<mark id="sSpan595" xlink:href="#sTok621"/>
		<!--usually-->
		<mark id="sSpan596" xlink:href="#sTok622"/>
		<!--with-->
		<mark id="sSpan597" xlink:href="#sTok623"/>
		<!--a phrase or infinitive clause as the object-->
		<mark id="sSpan598" xlink:href="#sTok624 #sTok625 #sTok626 #sTok627 #sTok628 #sTok629 #sTok630 #sTok631"/>
		<!--the object-->
		<mark id="sSpan599" xlink:href="#sTok630 #sTok631"/>
		<!--)-->
		<mark id="sSpan600" xlink:href="#sTok632"/>
		<!--I-->
		<mark id="sSpan601" xlink:href="#sTok633"/>
		<!--trust-->
		<mark id="sSpan602" xlink:href="#sTok634"/>
		<!--you-->
		<mark id="sSpan603" xlink:href="#sTok635"/>
		<!--have-->
		<mark id="sSpan604" xlink:href="#sTok636"/>
		<!--cleaned-->
		<mark id="sSpan605" xlink:href="#sTok637"/>
		<!--your room-->
		<mark id="sSpan606" xlink:href="#sTok638 #sTok639"/>
		<!--your-->
		<mark id="sSpan607" xlink:href="#sTok638"/>
		<!--?-->
		<mark id="sSpan608" xlink:href="#sTok640"/>
		<!--(-->
		<mark id="sSpan609" xlink:href="#sTok641"/>
		<!--transitive-->
		<mark id="sSpan610" xlink:href="#sTok642"/>
		<!--)-->
		<mark id="sSpan611" xlink:href="#sTok643"/>
		<!--to-->
		<mark id="sSpan612" xlink:href="#sTok644"/>
		<!--show-->
		<mark id="sSpan613" xlink:href="#sTok645"/>
		<!--confidence in a person-->
		<mark id="sSpan614" xlink:href="#sTok646 #sTok647 #sTok648 #sTok649"/>
		<!--a person-->
		<mark id="sSpan615" xlink:href="#sTok648 #sTok649"/>
		<!--by-->
		<mark id="sSpan616" xlink:href="#sTok650"/>
		<!--entrusting-->
		<mark id="sSpan617" xlink:href="#sTok651"/>
		<!--them-->
		<mark id="sSpan618" xlink:href="#sTok652"/>
		<!--with-->
		<mark id="sSpan619" xlink:href="#sTok653"/>
		<!--something-->
		<mark id="sSpan620" xlink:href="#sTok654"/>
		<!--.-->
		<mark id="sSpan621" xlink:href="#sTok655"/>
		<!--(-->
		<mark id="sSpan622" xlink:href="#sTok656"/>
		<!--transitive-->
		<mark id="sSpan623" xlink:href="#sTok657"/>
		<!--)-->
		<mark id="sSpan624" xlink:href="#sTok658"/>
		<!--To-->
		<mark id="sSpan625" xlink:href="#sTok659"/>
		<!--commit-->
		<mark id="sSpan626" xlink:href="#sTok660"/>
		<!--,-->
		<mark id="sSpan627" xlink:href="#sTok661"/>
		<!--as-->
		<mark id="sSpan628" xlink:href="#sTok662"/>
		<!--to-->
		<mark id="sSpan629" xlink:href="#sTok663"/>
		<!--one 's care-->
		<mark id="sSpan630" xlink:href="#sTok664 #sTok665 #sTok666"/>
		<!--one 's-->
		<mark id="sSpan631" xlink:href="#sTok664 #sTok665"/>
		<!--;-->
		<mark id="sSpan632" xlink:href="#sTok667"/>
		<!--to-->
		<mark id="sSpan633" xlink:href="#sTok668"/>
		<!--entrust-->
		<mark id="sSpan634" xlink:href="#sTok669"/>
		<!--.-->
		<mark id="sSpan635" xlink:href="#sTok670"/>
		<!--(-->
		<mark id="sSpan636" xlink:href="#sTok671"/>
		<!--transitive-->
		<mark id="sSpan637" xlink:href="#sTok672"/>
		<!--)-->
		<mark id="sSpan638" xlink:href="#sTok673"/>
		<!--To-->
		<mark id="sSpan639" xlink:href="#sTok674"/>
		<!--give-->
		<mark id="sSpan640" xlink:href="#sTok675"/>
		<!--credit-->
		<mark id="sSpan641" xlink:href="#sTok676"/>
		<!--to-->
		<mark id="sSpan642" xlink:href="#sTok677"/>
		<!--;-->
		<mark id="sSpan643" xlink:href="#sTok678"/>
		<!--to-->
		<mark id="sSpan644" xlink:href="#sTok679"/>
		<!--sell-->
		<mark id="sSpan645" xlink:href="#sTok680"/>
		<!--to-->
		<mark id="sSpan646" xlink:href="#sTok681"/>
		<!--upon-->
		<mark id="sSpan647" xlink:href="#sTok682"/>
		<!--credit-->
		<mark id="sSpan648" xlink:href="#sTok683"/>
		<!--,-->
		<mark id="sSpan649" xlink:href="#sTok684"/>
		<!--or-->
		<mark id="sSpan650" xlink:href="#sTok685"/>
		<!--in-->
		<mark id="sSpan651" xlink:href="#sTok686"/>
		<!--confidence of future payment-->
		<mark id="sSpan652" xlink:href="#sTok687 #sTok688 #sTok689 #sTok690"/>
		<!--future payment-->
		<mark id="sSpan653" xlink:href="#sTok689 #sTok690"/>
		<!--.-->
		<mark id="sSpan654" xlink:href="#sTok691"/>
		<!--Merchants and manufacturers-->
		<mark id="sSpan655" xlink:href="#sTok692 #sTok693 #sTok694"/>
		<!--Merchants-->
		<mark id="sSpan656" xlink:href="#sTok692"/>
		<!--manufacturers-->
		<mark id="sSpan657" xlink:href="#sTok694"/>
		<!--trust-->
		<mark id="sSpan658" xlink:href="#sTok695"/>
		<!--their customers-->
		<mark id="sSpan659" xlink:href="#sTok696 #sTok697"/>
		<!--their-->
		<mark id="sSpan660" xlink:href="#sTok696"/>
		<!--annually-->
		<mark id="sSpan661" xlink:href="#sTok698"/>
		<!--with-->
		<mark id="sSpan662" xlink:href="#sTok699"/>
		<!--goods-->
		<mark id="sSpan663" xlink:href="#sTok700"/>
		<!--.-->
		<mark id="sSpan664" xlink:href="#sTok701"/>
		<!--(-->
		<mark id="sSpan665" xlink:href="#sTok702"/>
		<!--intransitive-->
		<mark id="sSpan666" xlink:href="#sTok703"/>
		<!--followed-->
		<mark id="sSpan667" xlink:href="#sTok704"/>
		<!--by-->
		<mark id="sSpan668" xlink:href="#sTok705"/>
		<!--to-->
		<mark id="sSpan669" xlink:href="#sTok706"/>
		<!--To-->
		<mark id="sSpan670" xlink:href="#sTok707"/>
		<!--rely-->
		<mark id="sSpan671" xlink:href="#sTok708"/>
		<!--on-->
		<mark id="sSpan672" xlink:href="#sTok709"/>
		<!--(-->
		<mark id="sSpan673" xlink:href="#sTok710"/>
		<!--something-->
		<mark id="sSpan674" xlink:href="#sTok711"/>
		<!--)-->
		<mark id="sSpan675" xlink:href="#sTok712"/>
		<!--,-->
		<mark id="sSpan676" xlink:href="#sTok713"/>
		<!--as-->
		<mark id="sSpan677" xlink:href="#sTok714"/>
		<!--though-->
		<mark id="sSpan678" xlink:href="#sTok715"/>
		<!--having-->
		<mark id="sSpan679" xlink:href="#sTok716"/>
		<!--trust-->
		<mark id="sSpan680" xlink:href="#sTok717"/>
		<!--(-->
		<mark id="sSpan681" xlink:href="#sTok718"/>
		<!--on-->
		<mark id="sSpan682" xlink:href="#sTok719"/>
		<!--it-->
		<mark id="sSpan683" xlink:href="#sTok720"/>
		<!--)-->
		<mark id="sSpan684" xlink:href="#sTok721"/>
		<!--.-->
		<mark id="sSpan685" xlink:href="#sTok722"/>
		<!--to-->
		<mark id="sSpan686" xlink:href="#sTok723"/>
		<!--trust-->
		<mark id="sSpan687" xlink:href="#sTok724"/>
		<!--to-->
		<mark id="sSpan688" xlink:href="#sTok725"/>
		<!--luck-->
		<mark id="sSpan689" xlink:href="#sTok726"/>
		<!--Having-->
		<mark id="sSpan690" xlink:href="#sTok727"/>
		<!--lost-->
		<mark id="sSpan691" xlink:href="#sTok728"/>
		<!--the book-->
		<mark id="sSpan692" xlink:href="#sTok729 #sTok730"/>
		<!--,-->
		<mark id="sSpan693" xlink:href="#sTok731"/>
		<!--he-->
		<mark id="sSpan694" xlink:href="#sTok732"/>
		<!--had-->
		<mark id="sSpan695" xlink:href="#sTok733"/>
		<!--to-->
		<mark id="sSpan696" xlink:href="#sTok734"/>
		<!--trust-->
		<mark id="sSpan697" xlink:href="#sTok735"/>
		<!--to-->
		<mark id="sSpan698" xlink:href="#sTok736"/>
		<!--his memory-->
		<mark id="sSpan699" xlink:href="#sTok737 #sTok738"/>
		<!--his-->
		<mark id="sSpan700" xlink:href="#sTok737"/>
		<!--for-->
		<mark id="sSpan701" xlink:href="#sTok739"/>
		<!--further details-->
		<mark id="sSpan702" xlink:href="#sTok740 #sTok741"/>
		<!--.-->
		<mark id="sSpan703" xlink:href="#sTok742"/>
		<!--(-->
		<mark id="sSpan704" xlink:href="#sTok743"/>
		<!--archaic-->
		<mark id="sSpan705" xlink:href="#sTok744"/>
		<!--,-->
		<mark id="sSpan706" xlink:href="#sTok745"/>
		<!--transitive-->
		<mark id="sSpan707" xlink:href="#sTok746"/>
		<!--To-->
		<mark id="sSpan708" xlink:href="#sTok747"/>
		<!--risk-->
		<mark id="sSpan709" xlink:href="#sTok748"/>
		<!--;-->
		<mark id="sSpan710" xlink:href="#sTok749"/>
		<!--to-->
		<mark id="sSpan711" xlink:href="#sTok750"/>
		<!--venture-->
		<mark id="sSpan712" xlink:href="#sTok751"/>
		<!--confidently-->
		<mark id="sSpan713" xlink:href="#sTok752"/>
		<!--.-->
		<mark id="sSpan714" xlink:href="#sTok753"/>
		<!--(-->
		<mark id="sSpan715" xlink:href="#sTok754"/>
		<!--intransitive-->
		<mark id="sSpan716" xlink:href="#sTok755"/>
		<!--)-->
		<mark id="sSpan717" xlink:href="#sTok756"/>
		<!--To-->
		<mark id="sSpan718" xlink:href="#sTok757"/>
		<!--have-->
		<mark id="sSpan719" xlink:href="#sTok758"/>
		<!--trust-->
		<mark id="sSpan720" xlink:href="#sTok759"/>
		<!--;-->
		<mark id="sSpan721" xlink:href="#sTok760"/>
		<!--to-->
		<mark id="sSpan722" xlink:href="#sTok761"/>
		<!--be-->
		<mark id="sSpan723" xlink:href="#sTok762"/>
		<!--credulous-->
		<mark id="sSpan724" xlink:href="#sTok763"/>
		<!--;-->
		<mark id="sSpan725" xlink:href="#sTok764"/>
		<!--to-->
		<mark id="sSpan726" xlink:href="#sTok765"/>
		<!--be-->
		<mark id="sSpan727" xlink:href="#sTok766"/>
		<!--won-->
		<mark id="sSpan728" xlink:href="#sTok767"/>
		<!--to-->
		<mark id="sSpan729" xlink:href="#sTok768"/>
		<!--confidence-->
		<mark id="sSpan730" xlink:href="#sTok769"/>
		<!--;-->
		<mark id="sSpan731" xlink:href="#sTok770"/>
		<!--to-->
		<mark id="sSpan732" xlink:href="#sTok771"/>
		<!--confide-->
		<mark id="sSpan733" xlink:href="#sTok772"/>
		<!--.-->
		<mark id="sSpan734" xlink:href="#sTok773"/>
		<!--(-->
		<mark id="sSpan735" xlink:href="#sTok774"/>
		<!--archaic-->
		<mark id="sSpan736" xlink:href="#sTok775"/>
		<!--,-->
		<mark id="sSpan737" xlink:href="#sTok776"/>
		<!--intransitive-->
		<mark id="sSpan738" xlink:href="#sTok777"/>
		<!--To-->
		<mark id="sSpan739" xlink:href="#sTok778"/>
		<!--sell-->
		<mark id="sSpan740" xlink:href="#sTok779"/>
		<!--or-->
		<mark id="sSpan741" xlink:href="#sTok780"/>
		<!--deliver-->
		<mark id="sSpan742" xlink:href="#sTok781"/>
		<!--anything-->
		<mark id="sSpan743" xlink:href="#sTok782"/>
		<!--in-->
		<mark id="sSpan744" xlink:href="#sTok783"/>
		<!--reliance-->
		<mark id="sSpan745" xlink:href="#sTok784"/>
		<!--upon-->
		<mark id="sSpan746" xlink:href="#sTok785"/>
		<!--a promise of payment-->
		<mark id="sSpan747" xlink:href="#sTok786 #sTok787 #sTok788 #sTok789"/>
		<!--payment-->
		<mark id="sSpan748" xlink:href="#sTok789"/>
		<!--;-->
		<mark id="sSpan749" xlink:href="#sTok790"/>
		<!--to-->
		<mark id="sSpan750" xlink:href="#sTok791"/>
		<!--give-->
		<mark id="sSpan751" xlink:href="#sTok792"/>
		<!--credit-->
		<mark id="sSpan752" xlink:href="#sTok793"/>
		<!--.-->
		<mark id="sSpan753" xlink:href="#sTok794"/>
		<!--Antonyms-->
		<mark id="sSpan754" xlink:href="#sTok795"/>
		<!--distrust-->
		<mark id="sSpan755" xlink:href="#sTok796"/>
		<!--mistrust-->
		<mark id="sSpan756" xlink:href="#sTok797"/>
		<!--Adjective-->
		<mark id="sSpan757" xlink:href="#sTok798"/>
		<!--trust-->
		<mark id="sSpan758" xlink:href="#sTok799"/>
		<!--(-->
		<mark id="sSpan759" xlink:href="#sTok800"/>
		<!--comparative-->
		<mark id="sSpan760" xlink:href="#sTok801"/>
		<!--more-->
		<mark id="sSpan761" xlink:href="#sTok802"/>
		<!--trust-->
		<mark id="sSpan762" xlink:href="#sTok803"/>
		<!--,-->
		<mark id="sSpan763" xlink:href="#sTok804"/>
		<!--superlative-->
		<mark id="sSpan764" xlink:href="#sTok805"/>
		<!--most-->
		<mark id="sSpan765" xlink:href="#sTok806"/>
		<!--trust-->
		<mark id="sSpan766" xlink:href="#sTok807"/>
		<!--)-->
		<mark id="sSpan767" xlink:href="#sTok808"/>
		<!--(-->
		<mark id="sSpan768" xlink:href="#sTok809"/>
		<!--obsolete-->
		<mark id="sSpan769" xlink:href="#sTok810"/>
		<!--)-->
		<mark id="sSpan770" xlink:href="#sTok811"/>
		<!--Secure-->
		<mark id="sSpan771" xlink:href="#sTok812"/>
		<!--,-->
		<mark id="sSpan772" xlink:href="#sTok813"/>
		<!--safe-->
		<mark id="sSpan773" xlink:href="#sTok814"/>
		<!--.-->
		<mark id="sSpan774" xlink:href="#sTok815"/>
		<!--(-->
		<mark id="sSpan775" xlink:href="#sTok816"/>
		<!--obsolete-->
		<mark id="sSpan776" xlink:href="#sTok817"/>
		<!--)-->
		<mark id="sSpan777" xlink:href="#sTok818"/>
		<!--Faithful-->
		<mark id="sSpan778" xlink:href="#sTok819"/>
		<!--,-->
		<mark id="sSpan779" xlink:href="#sTok820"/>
		<!--dependable-->
		<mark id="sSpan780" xlink:href="#sTok821"/>
		<!--.-->
		<mark id="sSpan781" xlink:href="#sTok822"/>
		<!--(-->
		<mark id="sSpan782" xlink:href="#sTok823"/>
		<!--law-->
		<mark id="sSpan783" xlink:href="#sTok824"/>
		<!--)-->
		<mark id="sSpan784" xlink:href="#sTok825"/>
		<!--of-->
		<mark id="sSpan785" xlink:href="#sTok826"/>
		<!--or-->
		<mark id="sSpan786" xlink:href="#sTok827"/>
		<!--relating-->
		<mark id="sSpan787" xlink:href="#sTok828"/>
		<!--to-->
		<mark id="sSpan788" xlink:href="#sTok829"/>
		<!--a trust-->
		<mark id="sSpan789" xlink:href="#sTok830 #sTok831"/>
		<!--.-->
		<mark id="sSpan790" xlink:href="#sTok832"/></markList></paula>