<?xml version='1.0' encoding='UTF-8'?><!DOCTYPE paula SYSTEM "paula_feat.dtd">
<paula version="1.1">
	<header paula_id="ref.GENTLE_dictionary_trust.mark_salience"/>
	<featList xmlns:xlink="http://www.w3.org/1999/xlink" type="salience" xml:base="ref.GENTLE_dictionary_trust.mark.xml">
		<feat xlink:href="#sSpan171" value="sal"/>
		<feat xlink:href="#sSpan172" value="nonsal"/>
		<feat xlink:href="#sSpan173" value="sal"/>
		<feat xlink:href="#sSpan174" value="sal"/>
		<feat xlink:href="#sSpan175" value="sal"/>
		<feat xlink:href="#sSpan176" value="sal"/>
		<feat xlink:href="#sSpan177" value="nonsal"/>
		<feat xlink:href="#sSpan178" value="nonsal"/>
		<feat xlink:href="#sSpan179" value="nonsal"/>
		<feat xlink:href="#sSpan180" value="nonsal"/>
		<feat xlink:href="#sSpan181" value="nonsal"/>
		<feat xlink:href="#sSpan182" value="nonsal"/>
		<feat xlink:href="#sSpan183" value="nonsal"/>
		<feat xlink:href="#sSpan184" value="nonsal"/>
		<feat xlink:href="#sSpan185" value="nonsal"/>
		<feat xlink:href="#sSpan186" value="nonsal"/>
		<feat xlink:href="#sSpan187" value="nonsal"/>
		<feat xlink:href="#sSpan188" value="nonsal"/>
		<feat xlink:href="#sSpan189" value="sal"/>
		<feat xlink:href="#sSpan190" value="nonsal"/>
		<feat xlink:href="#sSpan191" value="nonsal"/>
		<feat xlink:href="#sSpan192" value="nonsal"/>
		<feat xlink:href="#sSpan193" value="nonsal"/>
		<feat xlink:href="#sSpan194" value="nonsal"/>
		<feat xlink:href="#sSpan195" value="nonsal"/>
		<feat xlink:href="#sSpan196" value="nonsal"/>
		<feat xlink:href="#sSpan197" value="nonsal"/>
		<feat xlink:href="#sSpan198" value="nonsal"/>
		<feat xlink:href="#sSpan199" value="nonsal"/>
		<feat xlink:href="#sSpan200" value="sal"/>
		<feat xlink:href="#sSpan201" value="sal"/>
		<feat xlink:href="#sSpan202" value="sal"/>
		<feat xlink:href="#sSpan203" value="sal"/>
		<feat xlink:href="#sSpan204" value="nonsal"/>
		<feat xlink:href="#sSpan205" value="nonsal"/>
		<feat xlink:href="#sSpan206" value="nonsal"/>
		<feat xlink:href="#sSpan207" value="nonsal"/>
		<feat xlink:href="#sSpan208" value="nonsal"/>
		<feat xlink:href="#sSpan209" value="nonsal"/>
		<feat xlink:href="#sSpan210" value="nonsal"/>
		<feat xlink:href="#sSpan211" value="nonsal"/>
		<feat xlink:href="#sSpan212" value="nonsal"/>
		<feat xlink:href="#sSpan213" value="nonsal"/>
		<feat xlink:href="#sSpan214" value="nonsal"/>
		<feat xlink:href="#sSpan215" value="nonsal"/>
		<feat xlink:href="#sSpan216" value="nonsal"/>
		<feat xlink:href="#sSpan217" value="nonsal"/>
		<feat xlink:href="#sSpan218" value="nonsal"/>
		<feat xlink:href="#sSpan219" value="nonsal"/>
		<feat xlink:href="#sSpan220" value="nonsal"/>
		<feat xlink:href="#sSpan221" value="nonsal"/>
		<feat xlink:href="#sSpan222" value="nonsal"/>
		<feat xlink:href="#sSpan223" value="nonsal"/>
		<feat xlink:href="#sSpan224" value="nonsal"/>
		<feat xlink:href="#sSpan225" value="nonsal"/>
		<feat xlink:href="#sSpan226" value="nonsal"/>
		<feat xlink:href="#sSpan227" value="nonsal"/>
		<feat xlink:href="#sSpan228" value="nonsal"/>
		<feat xlink:href="#sSpan229" value="nonsal"/>
		<feat xlink:href="#sSpan230" value="nonsal"/>
		<feat xlink:href="#sSpan231" value="nonsal"/>
		<feat xlink:href="#sSpan232" value="sal"/>
		<feat xlink:href="#sSpan233" value="nonsal"/>
		<feat xlink:href="#sSpan234" value="sal"/>
		<feat xlink:href="#sSpan235" value="nonsal"/>
		<feat xlink:href="#sSpan236" value="nonsal"/>
		<feat xlink:href="#sSpan237" value="sal"/>
		<feat xlink:href="#sSpan238" value="sal"/>
		<feat xlink:href="#sSpan239" value="sal"/>
		<feat xlink:href="#sSpan240" value="sal"/>
		<feat xlink:href="#sSpan241" value="nonsal"/>
		<feat xlink:href="#sSpan242" value="nonsal"/>
		<feat xlink:href="#sSpan243" value="nonsal"/>
		<feat xlink:href="#sSpan244" value="sal"/>
		<feat xlink:href="#sSpan245" value="nonsal"/>
		<feat xlink:href="#sSpan246" value="nonsal"/>
		<feat xlink:href="#sSpan247" value="nonsal"/>
		<feat xlink:href="#sSpan248" value="nonsal"/>
		<feat xlink:href="#sSpan249" value="sal"/>
		<feat xlink:href="#sSpan250" value="sal"/>
		<feat xlink:href="#sSpan251" value="nonsal"/>
		<feat xlink:href="#sSpan252" value="nonsal"/>
		<feat xlink:href="#sSpan253" value="sal"/>
		<feat xlink:href="#sSpan254" value="nonsal"/>
		<feat xlink:href="#sSpan255" value="nonsal"/>
		<feat xlink:href="#sSpan256" value="nonsal"/>
		<feat xlink:href="#sSpan257" value="nonsal"/>
		<feat xlink:href="#sSpan258" value="nonsal"/>
		<feat xlink:href="#sSpan259" value="nonsal"/>
		<feat xlink:href="#sSpan260" value="nonsal"/>
		<feat xlink:href="#sSpan261" value="nonsal"/>
		<feat xlink:href="#sSpan262" value="nonsal"/>
		<feat xlink:href="#sSpan263" value="sal"/>
		<feat xlink:href="#sSpan264" value="nonsal"/>
		<feat xlink:href="#sSpan265" value="nonsal"/>
		<feat xlink:href="#sSpan266" value="nonsal"/>
		<feat xlink:href="#sSpan267" value="nonsal"/>
		<feat xlink:href="#sSpan268" value="nonsal"/>
		<feat xlink:href="#sSpan269" value="sal"/>
		<feat xlink:href="#sSpan270" value="sal"/>
		<feat xlink:href="#sSpan271" value="nonsal"/>
		<feat xlink:href="#sSpan272" value="nonsal"/>
		<feat xlink:href="#sSpan273" value="nonsal"/>
		<feat xlink:href="#sSpan274" value="nonsal"/>
		<feat xlink:href="#sSpan275" value="nonsal"/>
		<feat xlink:href="#sSpan276" value="nonsal"/>
		<feat xlink:href="#sSpan277" value="nonsal"/>
		<feat xlink:href="#sSpan278" value="nonsal"/>
		<feat xlink:href="#sSpan279" value="nonsal"/>
		<feat xlink:href="#sSpan280" value="nonsal"/>
		<feat xlink:href="#sSpan281" value="nonsal"/>
		<feat xlink:href="#sSpan282" value="nonsal"/>
		<feat xlink:href="#sSpan283" value="nonsal"/>
		<feat xlink:href="#sSpan284" value="nonsal"/>
		<feat xlink:href="#sSpan285" value="nonsal"/>
		<feat xlink:href="#sSpan286" value="nonsal"/>
		<feat xlink:href="#sSpan287" value="nonsal"/>
		<feat xlink:href="#sSpan288" value="nonsal"/>
		<feat xlink:href="#sSpan289" value="sal"/>
		<feat xlink:href="#sSpan290" value="nonsal"/>
		<feat xlink:href="#sSpan291" value="nonsal"/>
		<feat xlink:href="#sSpan292" value="nonsal"/>
		<feat xlink:href="#sSpan293" value="nonsal"/>
		<feat xlink:href="#sSpan294" value="nonsal"/>
		<feat xlink:href="#sSpan295" value="nonsal"/>
		<feat xlink:href="#sSpan296" value="sal"/>
		<feat xlink:href="#sSpan297" value="nonsal"/>
		<feat xlink:href="#sSpan298" value="nonsal"/>
		<feat xlink:href="#sSpan299" value="nonsal"/>
		<feat xlink:href="#sSpan300" value="nonsal"/>
		<feat xlink:href="#sSpan301" value="nonsal"/>
		<feat xlink:href="#sSpan302" value="nonsal"/>
		<feat xlink:href="#sSpan303" value="nonsal"/>
		<feat xlink:href="#sSpan304" value="nonsal"/>
		<feat xlink:href="#sSpan305" value="nonsal"/>
		<feat xlink:href="#sSpan306" value="nonsal"/>
		<feat xlink:href="#sSpan307" value="sal"/>
		<feat xlink:href="#sSpan308" value="nonsal"/>
		<feat xlink:href="#sSpan309" value="nonsal"/>
		<feat xlink:href="#sSpan310" value="nonsal"/>
		<feat xlink:href="#sSpan311" value="nonsal"/>
		<feat xlink:href="#sSpan312" value="nonsal"/>
		<feat xlink:href="#sSpan313" value="nonsal"/>
		<feat xlink:href="#sSpan314" value="nonsal"/>
		<feat xlink:href="#sSpan315" value="nonsal"/>
		<feat xlink:href="#sSpan316" value="nonsal"/>
		<feat xlink:href="#sSpan317" value="nonsal"/>
		<feat xlink:href="#sSpan318" value="nonsal"/>
		<feat xlink:href="#sSpan319" value="nonsal"/>
		<feat xlink:href="#sSpan320" value="nonsal"/>
		<feat xlink:href="#sSpan321" value="nonsal"/>
		<feat xlink:href="#sSpan322" value="nonsal"/>
		<feat xlink:href="#sSpan323" value="nonsal"/>
		<feat xlink:href="#sSpan324" value="nonsal"/>
		<feat xlink:href="#sSpan325" value="nonsal"/>
		<feat xlink:href="#sSpan326" value="nonsal"/>
		<feat xlink:href="#sSpan327" value="nonsal"/>
		<feat xlink:href="#sSpan328" value="nonsal"/>
		<feat xlink:href="#sSpan329" value="nonsal"/>
		<feat xlink:href="#sSpan330" value="nonsal"/>
		<feat xlink:href="#sSpan331" value="sal"/>
		<feat xlink:href="#sSpan332" value="nonsal"/>
		<feat xlink:href="#sSpan333" value="nonsal"/>
		<feat xlink:href="#sSpan334" value="nonsal"/>
		<feat xlink:href="#sSpan335" value="nonsal"/>
		<feat xlink:href="#sSpan336" value="sal"/>
		<feat xlink:href="#sSpan337" value="nonsal"/>
		<feat xlink:href="#sSpan338" value="nonsal"/>
		<feat xlink:href="#sSpan339" value="nonsal"/>
		<feat xlink:href="#sSpan340" value="nonsal"/>
		<feat xlink:href="#sSpan341" value="nonsal"/>
		<feat xlink:href="#sSpan342" value="sal"/>
		<feat xlink:href="#sSpan343" value="sal"/>
		<feat xlink:href="#sSpan344" value="nonsal"/>
		<feat xlink:href="#sSpan345" value="sal"/>
		<feat xlink:href="#sSpan346" value="sal"/>
		<feat xlink:href="#sSpan347" value="nonsal"/>
		<feat xlink:href="#sSpan348" value="nonsal"/>
		<feat xlink:href="#sSpan349" value="nonsal"/>
		<feat xlink:href="#sSpan350" value="nonsal"/>
		<feat xlink:href="#sSpan351" value="sal"/>
		<feat xlink:href="#sSpan352" value="sal"/>
		<feat xlink:href="#sSpan353" value="nonsal"/>
		<feat xlink:href="#sSpan354" value="nonsal"/>
		<feat xlink:href="#sSpan355" value="nonsal"/>
		<feat xlink:href="#sSpan356" value="nonsal"/>
		<feat xlink:href="#sSpan357" value="nonsal"/>
		<feat xlink:href="#sSpan358" value="nonsal"/>
		<feat xlink:href="#sSpan359" value="nonsal"/>
		<feat xlink:href="#sSpan360" value="nonsal"/>
		<feat xlink:href="#sSpan361" value="nonsal"/>
		<feat xlink:href="#sSpan362" value="nonsal"/>
		<feat xlink:href="#sSpan363" value="sal"/>
		<feat xlink:href="#sSpan364" value="nonsal"/>
		<feat xlink:href="#sSpan365" value="nonsal"/>
		<feat xlink:href="#sSpan366" value="nonsal"/>
		<feat xlink:href="#sSpan367" value="nonsal"/>
		<feat xlink:href="#sSpan368" value="nonsal"/>
		<feat xlink:href="#sSpan369" value="nonsal"/>
		<feat xlink:href="#sSpan370" value="nonsal"/>
		<feat xlink:href="#sSpan371" value="nonsal"/>
		<feat xlink:href="#sSpan372" value="nonsal"/>
		<feat xlink:href="#sSpan373" value="nonsal"/>
		<feat xlink:href="#sSpan374" value="nonsal"/>
		<feat xlink:href="#sSpan375" value="nonsal"/>
		<feat xlink:href="#sSpan376" value="nonsal"/>
		<feat xlink:href="#sSpan377" value="nonsal"/>
		<feat xlink:href="#sSpan378" value="nonsal"/>
		<feat xlink:href="#sSpan379" value="nonsal"/>
		<feat xlink:href="#sSpan380" value="nonsal"/>
		<feat xlink:href="#sSpan381" value="nonsal"/>
		<feat xlink:href="#sSpan382" value="nonsal"/>
		<feat xlink:href="#sSpan383" value="nonsal"/>
		<feat xlink:href="#sSpan384" value="nonsal"/>
		<feat xlink:href="#sSpan385" value="sal"/>
		<feat xlink:href="#sSpan386" value="nonsal"/>
		<feat xlink:href="#sSpan387" value="nonsal"/>
		<feat xlink:href="#sSpan388" value="nonsal"/>
		<feat xlink:href="#sSpan389" value="nonsal"/>
		<feat xlink:href="#sSpan390" value="nonsal"/>
		<feat xlink:href="#sSpan391" value="nonsal"/>
		<feat xlink:href="#sSpan392" value="nonsal"/>
		<feat xlink:href="#sSpan393" value="nonsal"/>
		<feat xlink:href="#sSpan394" value="sal"/>
		<feat xlink:href="#sSpan395" value="nonsal"/>
		<feat xlink:href="#sSpan396" value="nonsal"/>
		<feat xlink:href="#sSpan397" value="nonsal"/>
		<feat xlink:href="#sSpan398" value="nonsal"/>
		<feat xlink:href="#sSpan399" value="nonsal"/>
		<feat xlink:href="#sSpan400" value="nonsal"/>
		<feat xlink:href="#sSpan401" value="nonsal"/>
		<feat xlink:href="#sSpan402" value="sal"/>
		<feat xlink:href="#sSpan403" value="nonsal"/>
		<feat xlink:href="#sSpan404" value="nonsal"/>
		<feat xlink:href="#sSpan405" value="nonsal"/>
		<feat xlink:href="#sSpan406" value="nonsal"/>
		<feat xlink:href="#sSpan407" value="nonsal"/>
		<feat xlink:href="#sSpan408" value="nonsal"/>
		<feat xlink:href="#sSpan409" value="nonsal"/>
		<feat xlink:href="#sSpan410" value="nonsal"/>
		<feat xlink:href="#sSpan411" value="nonsal"/>
		<feat xlink:href="#sSpan412" value="nonsal"/>
		<feat xlink:href="#sSpan413" value="nonsal"/>
		<feat xlink:href="#sSpan414" value="nonsal"/>
		<feat xlink:href="#sSpan415" value="sal"/>
		<feat xlink:href="#sSpan416" value="nonsal"/></featList></paula>