<?xml version='1.0' encoding='UTF-8'?><!DOCTYPE paula SYSTEM "paula_feat.dtd">
<paula version="1.1">
	<header paula_id="ref.GENTLE_dictionary_trust.mark_identity"/>
	<featList xmlns:xlink="http://www.w3.org/1999/xlink" type="identity" xml:base="ref.GENTLE_dictionary_trust.mark.xml">
		<feat xlink:href="#sSpan172" value="English"/>
		<feat xlink:href="#sSpan177" value="Middle_English"/>
		<feat xlink:href="#sSpan185" value="Old_Norse"/>
		<feat xlink:href="#sSpan191" value="Proto%2DGermanic_language"/>
		<feat xlink:href="#sSpan207" value="Old_English"/>
		<feat xlink:href="#sSpan212" value="Proto%2DGermanic_language"/>
		<feat xlink:href="#sSpan215" value="Middle_High_German"/>
		<feat xlink:href="#sSpan223" value="Proto%2DIndo%2DEuropean_language"/>
		<feat xlink:href="#sSpan247" value="Saterland_Frisian_language"/>
		<feat xlink:href="#sSpan248" value="Saterland"/>
		<feat xlink:href="#sSpan259" value="West_Frisian_language"/>
		<feat xlink:href="#sSpan264" value="Dutch_language"/>
		<feat xlink:href="#sSpan274" value="German_language"/>
		<feat xlink:href="#sSpan309" value="International_Phonetic_Alphabet"/>
		<feat xlink:href="#sSpan322" value="Northern_England"/>
		<feat xlink:href="#sSpan324" value="International_Phonetic_Alphabet"/>
		<feat xlink:href="#sSpan332" value="General_American_English"/>
		<feat xlink:href="#sSpan507" value="Opposite_%28semantics%29"/>
		<feat xlink:href="#sSpan570" value="United_States"/></featList></paula>