<?xml version='1.0' encoding='UTF-8'?><!DOCTYPE paula SYSTEM "paula_feat.dtd">
<paula version="1.1">
	<header paula_id="rsd.GENTLE_dictionary_trust.mark_edu_tense"/>
	<featList xmlns:xlink="http://www.w3.org/1999/xlink" type="edu_tense" xml:base="rsd.GENTLE_dictionary_trust.mark.xml">
		<feat xlink:href="#sSpan1" value="None"/>
		<feat xlink:href="#sSpan2" value="None"/>
		<feat xlink:href="#sSpan3" value="None"/>
		<feat xlink:href="#sSpan4" value="None"/>
		<feat xlink:href="#sSpan5" value="None"/>
		<feat xlink:href="#sSpan6" value="None"/>
		<feat xlink:href="#sSpan7" value="None"/>
		<feat xlink:href="#sSpan8" value="None"/>
		<feat xlink:href="#sSpan9" value="Pres"/>
		<feat xlink:href="#sSpan10" value="None"/>
		<feat xlink:href="#sSpan11" value="None"/>
		<feat xlink:href="#sSpan12" value="None"/>
		<feat xlink:href="#sSpan13" value="None"/>
		<feat xlink:href="#sSpan14" value="None"/>
		<feat xlink:href="#sSpan15" value="None"/>
		<feat xlink:href="#sSpan16" value="None"/>
		<feat xlink:href="#sSpan17" value="None"/>
		<feat xlink:href="#sSpan18" value="None"/>
		<feat xlink:href="#sSpan19" value="None"/>
		<feat xlink:href="#sSpan20" value="None"/>
		<feat xlink:href="#sSpan21" value="None"/>
		<feat xlink:href="#sSpan22" value="None"/>
		<feat xlink:href="#sSpan23" value="None"/>
		<feat xlink:href="#sSpan24" value="None"/>
		<feat xlink:href="#sSpan25" value="None"/>
		<feat xlink:href="#sSpan26" value="None"/>
		<feat xlink:href="#sSpan27" value="None"/>
		<feat xlink:href="#sSpan28" value="None"/>
		<feat xlink:href="#sSpan29" value="None"/>
		<feat xlink:href="#sSpan30" value="None"/>
		<feat xlink:href="#sSpan31" value="None"/>
		<feat xlink:href="#sSpan32" value="None"/>
		<feat xlink:href="#sSpan33" value="None"/>
		<feat xlink:href="#sSpan34" value="None"/>
		<feat xlink:href="#sSpan35" value="None"/>
		<feat xlink:href="#sSpan36" value="None"/>
		<feat xlink:href="#sSpan37" value="None"/>
		<feat xlink:href="#sSpan38" value="None"/>
		<feat xlink:href="#sSpan39" value="None"/>
		<feat xlink:href="#sSpan40" value="None"/>
		<feat xlink:href="#sSpan41" value="None"/>
		<feat xlink:href="#sSpan42" value="None"/>
		<feat xlink:href="#sSpan43" value="None"/>
		<feat xlink:href="#sSpan44" value="None"/>
		<feat xlink:href="#sSpan45" value="None"/>
		<feat xlink:href="#sSpan46" value="None"/>
		<feat xlink:href="#sSpan47" value="Pres"/>
		<feat xlink:href="#sSpan48" value="PresProg"/>
		<feat xlink:href="#sSpan49" value="None"/>
		<feat xlink:href="#sSpan50" value="None"/>
		<feat xlink:href="#sSpan51" value="None"/>
		<feat xlink:href="#sSpan52" value="None"/>
		<feat xlink:href="#sSpan53" value="None"/>
		<feat xlink:href="#sSpan54" value="None"/>
		<feat xlink:href="#sSpan55" value="None"/>
		<feat xlink:href="#sSpan56" value="None"/>
		<feat xlink:href="#sSpan57" value="PastSimp"/>
		<feat xlink:href="#sSpan58" value="PastSimp"/>
		<feat xlink:href="#sSpan59" value="None"/>
		<feat xlink:href="#sSpan60" value="None"/>
		<feat xlink:href="#sSpan61" value="None"/>
		<feat xlink:href="#sSpan62" value="None"/>
		<feat xlink:href="#sSpan63" value="None"/>
		<feat xlink:href="#sSpan64" value="None"/>
		<feat xlink:href="#sSpan65" value="None"/>
		<feat xlink:href="#sSpan66" value="None"/>
		<feat xlink:href="#sSpan67" value="None"/>
		<feat xlink:href="#sSpan68" value="None"/>
		<feat xlink:href="#sSpan69" value="None"/>
		<feat xlink:href="#sSpan70" value="None"/>
		<feat xlink:href="#sSpan71" value="None"/>
		<feat xlink:href="#sSpan72" value="None"/>
		<feat xlink:href="#sSpan73" value="None"/>
		<feat xlink:href="#sSpan74" value="None"/>
		<feat xlink:href="#sSpan75" value="Pres"/>
		<feat xlink:href="#sSpan76" value="None"/>
		<feat xlink:href="#sSpan77" value="PastSimp"/>
		<feat xlink:href="#sSpan78" value="None"/>
		<feat xlink:href="#sSpan79" value="None"/>
		<feat xlink:href="#sSpan80" value="None"/>
		<feat xlink:href="#sSpan81" value="None"/>
		<feat xlink:href="#sSpan82" value="None"/>
		<feat xlink:href="#sSpan83" value="None"/>
		<feat xlink:href="#sSpan84" value="None"/>
		<feat xlink:href="#sSpan85" value="None"/>
		<feat xlink:href="#sSpan86" value="None"/>
		<feat xlink:href="#sSpan87" value="Pres"/>
		<feat xlink:href="#sSpan88" value="None"/>
		<feat xlink:href="#sSpan89" value="None"/>
		<feat xlink:href="#sSpan90" value="None"/>
		<feat xlink:href="#sSpan91" value="None"/>
		<feat xlink:href="#sSpan92" value="None"/>
		<feat xlink:href="#sSpan93" value="None"/>
		<feat xlink:href="#sSpan94" value="None"/>
		<feat xlink:href="#sSpan95" value="None"/>
		<feat xlink:href="#sSpan96" value="None"/>
		<feat xlink:href="#sSpan97" value="None"/>
		<feat xlink:href="#sSpan98" value="None"/>
		<feat xlink:href="#sSpan99" value="None"/>
		<feat xlink:href="#sSpan100" value="None"/>
		<feat xlink:href="#sSpan101" value="None"/>
		<feat xlink:href="#sSpan102" value="None"/>
		<feat xlink:href="#sSpan103" value="None"/>
		<feat xlink:href="#sSpan104" value="None"/>
		<feat xlink:href="#sSpan105" value="None"/>
		<feat xlink:href="#sSpan106" value="None"/>
		<feat xlink:href="#sSpan107" value="None"/>
		<feat xlink:href="#sSpan108" value="None"/>
		<feat xlink:href="#sSpan109" value="None"/>
		<feat xlink:href="#sSpan110" value="None"/>
		<feat xlink:href="#sSpan111" value="None"/>
		<feat xlink:href="#sSpan112" value="None"/>
		<feat xlink:href="#sSpan113" value="Modal"/>
		<feat xlink:href="#sSpan114" value="Pres"/>
		<feat xlink:href="#sSpan115" value="None"/>
		<feat xlink:href="#sSpan116" value="None"/>
		<feat xlink:href="#sSpan117" value="None"/>
		<feat xlink:href="#sSpan118" value="Pres"/>
		<feat xlink:href="#sSpan119" value="None"/>
		<feat xlink:href="#sSpan120" value="None"/>
		<feat xlink:href="#sSpan121" value="None"/>
		<feat xlink:href="#sSpan122" value="None"/>
		<feat xlink:href="#sSpan123" value="None"/>
		<feat xlink:href="#sSpan124" value="None"/>
		<feat xlink:href="#sSpan125" value="None"/>
		<feat xlink:href="#sSpan126" value="None"/>
		<feat xlink:href="#sSpan127" value="None"/>
		<feat xlink:href="#sSpan128" value="Pres"/>
		<feat xlink:href="#sSpan129" value="PresPerf"/>
		<feat xlink:href="#sSpan130" value="None"/>
		<feat xlink:href="#sSpan131" value="None"/>
		<feat xlink:href="#sSpan132" value="None"/>
		<feat xlink:href="#sSpan133" value="None"/>
		<feat xlink:href="#sSpan134" value="None"/>
		<feat xlink:href="#sSpan135" value="None"/>
		<feat xlink:href="#sSpan136" value="None"/>
		<feat xlink:href="#sSpan137" value="None"/>
		<feat xlink:href="#sSpan138" value="None"/>
		<feat xlink:href="#sSpan139" value="Pres"/>
		<feat xlink:href="#sSpan140" value="None"/>
		<feat xlink:href="#sSpan141" value="None"/>
		<feat xlink:href="#sSpan142" value="None"/>
		<feat xlink:href="#sSpan143" value="None"/>
		<feat xlink:href="#sSpan144" value="None"/>
		<feat xlink:href="#sSpan145" value="PresPerf"/>
		<feat xlink:href="#sSpan146" value="PastSimp"/>
		<feat xlink:href="#sSpan147" value="None"/>
		<feat xlink:href="#sSpan148" value="None"/>
		<feat xlink:href="#sSpan149" value="None"/>
		<feat xlink:href="#sSpan150" value="None"/>
		<feat xlink:href="#sSpan151" value="None"/>
		<feat xlink:href="#sSpan152" value="None"/>
		<feat xlink:href="#sSpan153" value="None"/>
		<feat xlink:href="#sSpan154" value="None"/>
		<feat xlink:href="#sSpan155" value="None"/>
		<feat xlink:href="#sSpan156" value="None"/>
		<feat xlink:href="#sSpan157" value="None"/>
		<feat xlink:href="#sSpan158" value="None"/>
		<feat xlink:href="#sSpan159" value="None"/>
		<feat xlink:href="#sSpan160" value="None"/>
		<feat xlink:href="#sSpan161" value="None"/>
		<feat xlink:href="#sSpan162" value="None"/>
		<feat xlink:href="#sSpan163" value="None"/>
		<feat xlink:href="#sSpan164" value="None"/>
		<feat xlink:href="#sSpan165" value="None"/>
		<feat xlink:href="#sSpan166" value="None"/>
		<feat xlink:href="#sSpan167" value="None"/>
		<feat xlink:href="#sSpan168" value="None"/>
		<feat xlink:href="#sSpan169" value="None"/>
		<feat xlink:href="#sSpan170" value="None"/></featList></paula>