<?xml version='1.0' encoding='UTF-8'?><!DOCTYPE paula SYSTEM "paula_feat.dtd">
<paula version="1.1">
	<header paula_id="rsd.GENTLE_dictionary_trust.mark_parent_pos"/>
	<featList xmlns:xlink="http://www.w3.org/1999/xlink" type="parent_pos" xml:base="rsd.GENTLE_dictionary_trust.mark.xml">
		<feat xlink:href="#sSpan621" value="_"/>
		<feat xlink:href="#sSpan622" value="_"/>
		<feat xlink:href="#sSpan623" value="_"/>
		<feat xlink:href="#sSpan624" value="_"/>
		<feat xlink:href="#sSpan626" value="_"/>
		<feat xlink:href="#sSpan633" value="_"/>
		<feat xlink:href="#sSpan635" value="_"/>
		<feat xlink:href="#sSpan647" value="_"/>
		<feat xlink:href="#sSpan648" value="_"/>
		<feat xlink:href="#sSpan649" value="_"/>
		<feat xlink:href="#sSpan651" value="_"/>
		<feat xlink:href="#sSpan658" value="_"/>
		<feat xlink:href="#sSpan659" value="_"/>
		<feat xlink:href="#sSpan662" value="_"/>
		<feat xlink:href="#sSpan663" value="_"/>
		<feat xlink:href="#sSpan664" value="_"/>
		<feat xlink:href="#sSpan666" value="_"/>
		<feat xlink:href="#sSpan667" value="_"/>
		<feat xlink:href="#sSpan669" value="_"/>
		<feat xlink:href="#sSpan670" value="_"/>
		<feat xlink:href="#sSpan671" value="_"/>
		<feat xlink:href="#sSpan673" value="_"/>
		<feat xlink:href="#sSpan674" value="_"/>
		<feat xlink:href="#sSpan677" value="_"/>
		<feat xlink:href="#sSpan679" value="_"/>
		<feat xlink:href="#sSpan684" value="_"/>
		<feat xlink:href="#sSpan687" value="_"/>
		<feat xlink:href="#sSpan688" value="_"/>
		<feat xlink:href="#sSpan689" value="_"/>
		<feat xlink:href="#sSpan692" value="_"/>
		<feat xlink:href="#sSpan693" value="_"/>
		<feat xlink:href="#sSpan697" value="_"/>
		<feat xlink:href="#sSpan698" value="_"/>
		<feat xlink:href="#sSpan699" value="_"/>
		<feat xlink:href="#sSpan708" value="_"/>
		<feat xlink:href="#sSpan712" value="_"/>
		<feat xlink:href="#sSpan713" value="_"/>
		<feat xlink:href="#sSpan714" value="_"/>
		<feat xlink:href="#sSpan716" value="_"/>
		<feat xlink:href="#sSpan718" value="_"/>
		<feat xlink:href="#sSpan719" value="_"/>
		<feat xlink:href="#sSpan720" value="_"/>
		<feat xlink:href="#sSpan721" value="_"/>
		<feat xlink:href="#sSpan722" value="_"/>
		<feat xlink:href="#sSpan723" value="_"/>
		<feat xlink:href="#sSpan724" value="_"/>
		<feat xlink:href="#sSpan725" value="_"/>
		<feat xlink:href="#sSpan729" value="_"/>
		<feat xlink:href="#sSpan730" value="_"/>
		<feat xlink:href="#sSpan733" value="_"/>
		<feat xlink:href="#sSpan735" value="_"/>
		<feat xlink:href="#sSpan736" value="_"/>
		<feat xlink:href="#sSpan738" value="_"/>
		<feat xlink:href="#sSpan740" value="_"/>
		<feat xlink:href="#sSpan741" value="_"/>
		<feat xlink:href="#sSpan744" value="_"/>
		<feat xlink:href="#sSpan745" value="_"/>
		<feat xlink:href="#sSpan748" value="_"/>
		<feat xlink:href="#sSpan750" value="_"/>
		<feat xlink:href="#sSpan751" value="_"/>
		<feat xlink:href="#sSpan753" value="_"/>
		<feat xlink:href="#sSpan754" value="_"/>
		<feat xlink:href="#sSpan756" value="_"/>
		<feat xlink:href="#sSpan757" value="_"/>
		<feat xlink:href="#sSpan759" value="_"/>
		<feat xlink:href="#sSpan760" value="_"/>
		<feat xlink:href="#sSpan761" value="_"/>
		<feat xlink:href="#sSpan764" value="_"/>
		<feat xlink:href="#sSpan766" value="_"/>
		<feat xlink:href="#sSpan767" value="_"/>
		<feat xlink:href="#sSpan768" value="_"/>
		<feat xlink:href="#sSpan770" value="_"/>
		<feat xlink:href="#sSpan771" value="_"/>
		<feat xlink:href="#sSpan775" value="_"/>
		<feat xlink:href="#sSpan776" value="_"/>
		<feat xlink:href="#sSpan778" value="_"/>
		<feat xlink:href="#sSpan779" value="_"/>
		<feat xlink:href="#sSpan780" value="_"/>
		<feat xlink:href="#sSpan781" value="_"/>
		<feat xlink:href="#sSpan782" value="_"/>
		<feat xlink:href="#sSpan785" value="_"/>
		<feat xlink:href="#sSpan786" value="_"/>
		<feat xlink:href="#sSpan787" value="_"/>
		<feat xlink:href="#sSpan788" value="_"/>
		<feat xlink:href="#sSpan789" value="_"/>
		<feat xlink:href="#sSpan790" value="_"/></featList></paula>