<?xml version='1.0' encoding='UTF-8'?><!DOCTYPE paula SYSTEM "paula_feat.dtd">
<paula version="1.1">
	<header paula_id="rsd.GENTLE_dictionary_trust.rsd_func"/>
	<featList xmlns:xlink="http://www.w3.org/1999/xlink" type="func" xml:base="rsd.GENTLE_dictionary_trust.rsd.xml">
		<feat xlink:href="#sPointingRel887" value="organization-heading_r"/>
		<feat xlink:href="#sPointingRel888" value="organization-heading_r"/>
		<feat xlink:href="#sPointingRel889" value="organization-heading_r"/>
		<feat xlink:href="#sPointingRel890" value="elaboration-additional_r"/>
		<feat xlink:href="#sPointingRel891" value="elaboration-additional_r"/>
		<feat xlink:href="#sPointingRel892" value="elaboration-additional_r"/>
		<feat xlink:href="#sPointingRel893" value="elaboration-additional_r"/>
		<feat xlink:href="#sPointingRel894" value="adversative-contrast_m"/>
		<feat xlink:href="#sPointingRel895" value="adversative-contrast_m"/>
		<feat xlink:href="#sPointingRel896" value="elaboration-attribute_r"/>
		<feat xlink:href="#sPointingRel897" value="elaboration-additional_r"/>
		<feat xlink:href="#sPointingRel898" value="joint-list_m"/>
		<feat xlink:href="#sPointingRel899" value="elaboration-additional_r"/>
		<feat xlink:href="#sPointingRel900" value="joint-other_m"/>
		<feat xlink:href="#sPointingRel901" value="elaboration-additional_r"/>
		<feat xlink:href="#sPointingRel902" value="same-unit_m"/>
		<feat xlink:href="#sPointingRel903" value="elaboration-additional_r"/>
		<feat xlink:href="#sPointingRel904" value="same-unit_m"/>
		<feat xlink:href="#sPointingRel905" value="elaboration-additional_r"/>
		<feat xlink:href="#sPointingRel906" value="same-unit_m"/>
		<feat xlink:href="#sPointingRel907" value="elaboration-additional_r"/>
		<feat xlink:href="#sPointingRel908" value="same-unit_m"/>
		<feat xlink:href="#sPointingRel909" value="elaboration-additional_r"/>
		<feat xlink:href="#sPointingRel910" value="same-unit_m"/>
		<feat xlink:href="#sPointingRel911" value="elaboration-additional_r"/>
		<feat xlink:href="#sPointingRel912" value="joint-other_m"/>
		<feat xlink:href="#sPointingRel913" value="joint-other_m"/>
		<feat xlink:href="#sPointingRel914" value="organization-heading_r"/>
		<feat xlink:href="#sPointingRel915" value="organization-preparation_r"/>
		<feat xlink:href="#sPointingRel916" value="joint-other_m"/>
		<feat xlink:href="#sPointingRel917" value="organization-preparation_r"/>
		<feat xlink:href="#sPointingRel918" value="elaboration-additional_r"/>
		<feat xlink:href="#sPointingRel919" value="joint-list_m"/>
		<feat xlink:href="#sPointingRel920" value="context-circumstance_r"/>
		<feat xlink:href="#sPointingRel921" value="organization-preparation_r"/>
		<feat xlink:href="#sPointingRel922" value="elaboration-additional_r"/>
		<feat xlink:href="#sPointingRel923" value="joint-other_m"/>
		<feat xlink:href="#sPointingRel924" value="joint-other_m"/>
		<feat xlink:href="#sPointingRel925" value="elaboration-additional_r"/>
		<feat xlink:href="#sPointingRel926" value="organization-preparation_r"/>
		<feat xlink:href="#sPointingRel927" value="joint-other_m"/>
		<feat xlink:href="#sPointingRel928" value="organization-heading_r"/>
		<feat xlink:href="#sPointingRel929" value="organization-heading_r"/>
		<feat xlink:href="#sPointingRel930" value="elaboration-additional_r"/>
		<feat xlink:href="#sPointingRel931" value="joint-other_m"/>
		<feat xlink:href="#sPointingRel932" value="explanation-evidence_r"/>
		<feat xlink:href="#sPointingRel933" value="contingency-condition_r"/>
		<feat xlink:href="#sPointingRel934" value="joint-list_m"/>
		<feat xlink:href="#sPointingRel935" value="joint-list_m"/>
		<feat xlink:href="#sPointingRel936" value="joint-list_m"/>
		<feat xlink:href="#sPointingRel937" value="elaboration-attribute_r"/>
		<feat xlink:href="#sPointingRel938" value="joint-disjunction_m"/>
		<feat xlink:href="#sPointingRel939" value="joint-disjunction_m"/>
		<feat xlink:href="#sPointingRel940" value="elaboration-attribute_r"/>
		<feat xlink:href="#sPointingRel941" value="same-unit_m"/>
		<feat xlink:href="#sPointingRel942" value="adversative-concession_r"/>
		<feat xlink:href="#sPointingRel943" value="explanation-evidence_r"/>
		<feat xlink:href="#sPointingRel944" value="joint-disjunction_m"/>
		<feat xlink:href="#sPointingRel945" value="elaboration-attribute_r"/>
		<feat xlink:href="#sPointingRel946" value="same-unit_m"/>
		<feat xlink:href="#sPointingRel947" value="elaboration-attribute_r"/>
		<feat xlink:href="#sPointingRel948" value="same-unit_m"/>
		<feat xlink:href="#sPointingRel949" value="joint-disjunction_m"/>
		<feat xlink:href="#sPointingRel950" value="elaboration-attribute_r"/>
		<feat xlink:href="#sPointingRel951" value="same-unit_m"/>
		<feat xlink:href="#sPointingRel952" value="evaluation-comment_r"/>
		<feat xlink:href="#sPointingRel953" value="joint-disjunction_m"/>
		<feat xlink:href="#sPointingRel954" value="joint-disjunction_m"/>
		<feat xlink:href="#sPointingRel955" value="elaboration-attribute_r"/>
		<feat xlink:href="#sPointingRel956" value="same-unit_m"/>
		<feat xlink:href="#sPointingRel957" value="context-circumstance_r"/>
		<feat xlink:href="#sPointingRel958" value="joint-disjunction_m"/>
		<feat xlink:href="#sPointingRel959" value="elaboration-attribute_r"/>
		<feat xlink:href="#sPointingRel960" value="elaboration-attribute_r"/>
		<feat xlink:href="#sPointingRel961" value="purpose-goal_r"/>
		<feat xlink:href="#sPointingRel962" value="explanation-evidence_r"/>
		<feat xlink:href="#sPointingRel963" value="context-circumstance_r"/>
		<feat xlink:href="#sPointingRel964" value="joint-disjunction_m"/>
		<feat xlink:href="#sPointingRel965" value="elaboration-attribute_r"/>
		<feat xlink:href="#sPointingRel966" value="purpose-attribute_r"/>
		<feat xlink:href="#sPointingRel967" value="elaboration-attribute_r"/>
		<feat xlink:href="#sPointingRel968" value="same-unit_m"/>
		<feat xlink:href="#sPointingRel969" value="elaboration-attribute_r"/>
		<feat xlink:href="#sPointingRel970" value="same-unit_m"/>
		<feat xlink:href="#sPointingRel971" value="purpose-attribute_r"/>
		<feat xlink:href="#sPointingRel972" value="context-circumstance_r"/>
		<feat xlink:href="#sPointingRel973" value="joint-disjunction_m"/>
		<feat xlink:href="#sPointingRel974" value="elaboration-attribute_r"/>
		<feat xlink:href="#sPointingRel975" value="purpose-goal_r"/>
		<feat xlink:href="#sPointingRel976" value="joint-list_m"/>
		<feat xlink:href="#sPointingRel977" value="context-circumstance_r"/>
		<feat xlink:href="#sPointingRel978" value="joint-disjunction_m"/>
		<feat xlink:href="#sPointingRel979" value="organization-heading_r"/>
		<feat xlink:href="#sPointingRel980" value="context-circumstance_r"/>
		<feat xlink:href="#sPointingRel981" value="elaboration-additional_r"/>
		<feat xlink:href="#sPointingRel982" value="context-circumstance_r"/>
		<feat xlink:href="#sPointingRel983" value="joint-list_m"/>
		<feat xlink:href="#sPointingRel984" value="organization-heading_r"/>
		<feat xlink:href="#sPointingRel985" value="joint-list_m"/>
		<feat xlink:href="#sPointingRel986" value="joint-list_m"/>
		<feat xlink:href="#sPointingRel987" value="joint-list_m"/>
		<feat xlink:href="#sPointingRel988" value="joint-list_m"/>
		<feat xlink:href="#sPointingRel989" value="organization-heading_r"/>
		<feat xlink:href="#sPointingRel990" value="organization-heading_r"/>
		<feat xlink:href="#sPointingRel991" value="elaboration-additional_r"/>
		<feat xlink:href="#sPointingRel992" value="joint-list_m"/>
		<feat xlink:href="#sPointingRel993" value="joint-list_m"/>
		<feat xlink:href="#sPointingRel994" value="context-background_r"/>
		<feat xlink:href="#sPointingRel995" value="joint-list_m"/>
		<feat xlink:href="#sPointingRel996" value="restatement-repetition_m"/>
		<feat xlink:href="#sPointingRel997" value="restatement-repetition_m"/>
		<feat xlink:href="#sPointingRel998" value="explanation-evidence_r"/>
		<feat xlink:href="#sPointingRel999" value="elaboration-attribute_r"/>
		<feat xlink:href="#sPointingRel1000" value="context-background_r"/>
		<feat xlink:href="#sPointingRel1001" value="joint-disjunction_m"/>
		<feat xlink:href="#sPointingRel1002" value="joint-list_m"/>
		<feat xlink:href="#sPointingRel1003" value="explanation-evidence_r"/>
		<feat xlink:href="#sPointingRel1004" value="elaboration-additional_r"/>
		<feat xlink:href="#sPointingRel1005" value="context-background_r"/>
		<feat xlink:href="#sPointingRel1006" value="joint-disjunction_m"/>
		<feat xlink:href="#sPointingRel1007" value="restatement-repetition_m"/>
		<feat xlink:href="#sPointingRel1008" value="restatement-repetition_m"/>
		<feat xlink:href="#sPointingRel1009" value="context-background_r"/>
		<feat xlink:href="#sPointingRel1010" value="joint-disjunction_m"/>
		<feat xlink:href="#sPointingRel1011" value="restatement-repetition_m"/>
		<feat xlink:href="#sPointingRel1012" value="context-circumstance_r"/>
		<feat xlink:href="#sPointingRel1013" value="attribution-positive_r"/>
		<feat xlink:href="#sPointingRel1014" value="explanation-evidence_r"/>
		<feat xlink:href="#sPointingRel1015" value="context-background_r"/>
		<feat xlink:href="#sPointingRel1016" value="joint-disjunction_m"/>
		<feat xlink:href="#sPointingRel1017" value="mode-means_r"/>
		<feat xlink:href="#sPointingRel1018" value="context-background_r"/>
		<feat xlink:href="#sPointingRel1019" value="joint-disjunction_m"/>
		<feat xlink:href="#sPointingRel1020" value="restatement-repetition_m"/>
		<feat xlink:href="#sPointingRel1021" value="context-background_r"/>
		<feat xlink:href="#sPointingRel1022" value="joint-disjunction_m"/>
		<feat xlink:href="#sPointingRel1023" value="joint-disjunction_m"/>
		<feat xlink:href="#sPointingRel1024" value="explanation-evidence_r"/>
		<feat xlink:href="#sPointingRel1025" value="context-background_r"/>
		<feat xlink:href="#sPointingRel1026" value="joint-disjunction_m"/>
		<feat xlink:href="#sPointingRel1027" value="mode-manner_r"/>
		<feat xlink:href="#sPointingRel1028" value="elaboration-additional_r"/>
		<feat xlink:href="#sPointingRel1029" value="explanation-evidence_r"/>
		<feat xlink:href="#sPointingRel1030" value="causal-cause_r"/>
		<feat xlink:href="#sPointingRel1031" value="joint-list_m"/>
		<feat xlink:href="#sPointingRel1032" value="context-background_r"/>
		<feat xlink:href="#sPointingRel1033" value="joint-disjunction_m"/>
		<feat xlink:href="#sPointingRel1034" value="joint-disjunction_m"/>
		<feat xlink:href="#sPointingRel1035" value="context-background_r"/>
		<feat xlink:href="#sPointingRel1036" value="joint-disjunction_m"/>
		<feat xlink:href="#sPointingRel1037" value="restatement-repetition_m"/>
		<feat xlink:href="#sPointingRel1038" value="restatement-repetition_m"/>
		<feat xlink:href="#sPointingRel1039" value="restatement-repetition_m"/>
		<feat xlink:href="#sPointingRel1040" value="context-background_r"/>
		<feat xlink:href="#sPointingRel1041" value="joint-disjunction_m"/>
		<feat xlink:href="#sPointingRel1042" value="joint-disjunction_m"/>
		<feat xlink:href="#sPointingRel1043" value="organization-heading_r"/>
		<feat xlink:href="#sPointingRel1044" value="elaboration-additional_r"/>
		<feat xlink:href="#sPointingRel1045" value="joint-list_m"/>
		<feat xlink:href="#sPointingRel1046" value="organization-heading_r"/>
		<feat xlink:href="#sPointingRel1047" value="organization-heading_r"/>
		<feat xlink:href="#sPointingRel1048" value="elaboration-additional_r"/>
		<feat xlink:href="#sPointingRel1049" value="joint-list_m"/>
		<feat xlink:href="#sPointingRel1050" value="context-background_r"/>
		<feat xlink:href="#sPointingRel1051" value="joint-list_m"/>
		<feat xlink:href="#sPointingRel1052" value="context-background_r"/>
		<feat xlink:href="#sPointingRel1053" value="joint-disjunction_m"/>
		<feat xlink:href="#sPointingRel1054" value="context-circumstance_r"/>
		<feat xlink:href="#sPointingRel1055" value="joint-disjunction_m"/></featList></paula>