<?xml version='1.0' encoding='UTF-8'?><!DOCTYPE paula SYSTEM "paula_feat.dtd">
<paula version="1.1">
	<header paula_id="rsd.GENTLE_dictionary_trust.mark_subord"/>
	<featList xmlns:xlink="http://www.w3.org/1999/xlink" type="subord" xml:base="rsd.GENTLE_dictionary_trust.mark.xml">
		<feat xlink:href="#sSpan5" value="LEFT"/>
		<feat xlink:href="#sSpan7" value="RIGHT"/>
		<feat xlink:href="#sSpan8" value="RIGHT"/>
		<feat xlink:href="#sSpan9" value="RIGHT"/>
		<feat xlink:href="#sSpan10" value="LEFT"/>
		<feat xlink:href="#sSpan11" value="LEFT"/>
		<feat xlink:href="#sSpan12" value="LEFT"/>
		<feat xlink:href="#sSpan14" value="LEFT"/>
		<feat xlink:href="#sSpan16" value="RIGHT"/>
		<feat xlink:href="#sSpan17" value="LEFT"/>
		<feat xlink:href="#sSpan18" value="RIGHT"/>
		<feat xlink:href="#sSpan19" value="LEFT"/>
		<feat xlink:href="#sSpan20" value="RIGHT"/>
		<feat xlink:href="#sSpan21" value="LEFT"/>
		<feat xlink:href="#sSpan22" value="RIGHT"/>
		<feat xlink:href="#sSpan23" value="LEFT"/>
		<feat xlink:href="#sSpan24" value="RIGHT"/>
		<feat xlink:href="#sSpan25" value="LEFT"/>
		<feat xlink:href="#sSpan26" value="LEFT"/>
		<feat xlink:href="#sSpan30" value="RIGHT"/>
		<feat xlink:href="#sSpan31" value="RIGHT"/>
		<feat xlink:href="#sSpan32" value="RIGHT"/>
		<feat xlink:href="#sSpan33" value="RIGHT"/>
		<feat xlink:href="#sSpan34" value="LEFT"/>
		<feat xlink:href="#sSpan35" value="RIGHT"/>
		<feat xlink:href="#sSpan36" value="RIGHT"/>
		<feat xlink:href="#sSpan37" value="RIGHT"/>
		<feat xlink:href="#sSpan40" value="LEFT"/>
		<feat xlink:href="#sSpan41" value="RIGHT"/>
		<feat xlink:href="#sSpan45" value="LEFT"/>
		<feat xlink:href="#sSpan48" value="LEFT"/>
		<feat xlink:href="#sSpan52" value="LEFT"/>
		<feat xlink:href="#sSpan55" value="RIGHT"/>
		<feat xlink:href="#sSpan56" value="LEFT"/>
		<feat xlink:href="#sSpan57" value="RIGHT"/>
		<feat xlink:href="#sSpan58" value="LEFT"/>
		<feat xlink:href="#sSpan60" value="RIGHT"/>
		<feat xlink:href="#sSpan61" value="LEFT"/>
		<feat xlink:href="#sSpan62" value="RIGHT"/>
		<feat xlink:href="#sSpan63" value="LEFT"/>
		<feat xlink:href="#sSpan65" value="RIGHT"/>
		<feat xlink:href="#sSpan66" value="LEFT"/>
		<feat xlink:href="#sSpan70" value="RIGHT"/>
		<feat xlink:href="#sSpan71" value="LEFT"/>
		<feat xlink:href="#sSpan74" value="LEFT"/>
		<feat xlink:href="#sSpan75" value="LEFT"/>
		<feat xlink:href="#sSpan76" value="LEFT"/>
		<feat xlink:href="#sSpan80" value="LEFT"/>
		<feat xlink:href="#sSpan81" value="LEFT"/>
		<feat xlink:href="#sSpan82" value="RIGHT"/>
		<feat xlink:href="#sSpan83" value="LEFT"/>
		<feat xlink:href="#sSpan84" value="RIGHT"/>
		<feat xlink:href="#sSpan85" value="LEFT"/>
		<feat xlink:href="#sSpan86" value="LEFT"/>
		<feat xlink:href="#sSpan87" value="LEFT"/>
		<feat xlink:href="#sSpan89" value="LEFT"/>
		<feat xlink:href="#sSpan90" value="RIGHT"/>
		<feat xlink:href="#sSpan91" value="LEFT"/>
		<feat xlink:href="#sSpan95" value="RIGHT"/>
		<feat xlink:href="#sSpan97" value="RIGHT"/>
		<feat xlink:href="#sSpan106" value="RIGHT"/>
		<feat xlink:href="#sSpan107" value="RIGHT"/>
		<feat xlink:href="#sSpan108" value="LEFT"/>
		<feat xlink:href="#sSpan110" value="RIGHT"/>
		<feat xlink:href="#sSpan111" value="RIGHT"/>
		<feat xlink:href="#sSpan112" value="LEFT"/>
		<feat xlink:href="#sSpan114" value="LEFT"/>
		<feat xlink:href="#sSpan116" value="RIGHT"/>
		<feat xlink:href="#sSpan117" value="LEFT"/>
		<feat xlink:href="#sSpan119" value="LEFT"/>
		<feat xlink:href="#sSpan121" value="RIGHT"/>
		<feat xlink:href="#sSpan122" value="RIGHT"/>
		<feat xlink:href="#sSpan123" value="LEFT"/>
		<feat xlink:href="#sSpan125" value="RIGHT"/>
		<feat xlink:href="#sSpan126" value="LEFT"/>
		<feat xlink:href="#sSpan127" value="LEFT"/>
		<feat xlink:href="#sSpan129" value="LEFT"/>
		<feat xlink:href="#sSpan132" value="LEFT"/>
		<feat xlink:href="#sSpan134" value="RIGHT"/>
		<feat xlink:href="#sSpan135" value="LEFT"/>
		<feat xlink:href="#sSpan137" value="RIGHT"/>
		<feat xlink:href="#sSpan138" value="LEFT"/>
		<feat xlink:href="#sSpan141" value="RIGHT"/>
		<feat xlink:href="#sSpan142" value="LEFT"/>
		<feat xlink:href="#sSpan143" value="LEFT"/>
		<feat xlink:href="#sSpan145" value="RIGHT"/>
		<feat xlink:href="#sSpan148" value="RIGHT"/>
		<feat xlink:href="#sSpan149" value="LEFT"/>
		<feat xlink:href="#sSpan151" value="RIGHT"/>
		<feat xlink:href="#sSpan152" value="RIGHT"/>
		<feat xlink:href="#sSpan153" value="RIGHT"/>
		<feat xlink:href="#sSpan154" value="LEFT"/>
		<feat xlink:href="#sSpan156" value="RIGHT"/>
		<feat xlink:href="#sSpan157" value="LEFT"/>
		<feat xlink:href="#sSpan163" value="RIGHT"/>
		<feat xlink:href="#sSpan164" value="LEFT"/></featList></paula>