<?xml version='1.0' encoding='UTF-8'?><!DOCTYPE paula SYSTEM "paula_rel.dtd">
<paula version="1.1">
	<header paula_id="rsd.GENTLE_dictionary_trust.rsd"/>
	<relList xmlns:xlink="http://www.w3.org/1999/xlink" type="rsd">
		<rel id="sPointingRel887" xlink:href="rsd.GENTLE_dictionary_trust.mark.xml#sSpan1" target="rsd.GENTLE_dictionary_trust.mark.xml#sSpan4"/>
		<rel id="sPointingRel888" xlink:href="rsd.GENTLE_dictionary_trust.mark.xml#sSpan2" target="rsd.GENTLE_dictionary_trust.mark.xml#sSpan4"/>
		<rel id="sPointingRel889" xlink:href="rsd.GENTLE_dictionary_trust.mark.xml#sSpan3" target="rsd.GENTLE_dictionary_trust.mark.xml#sSpan4"/>
		<rel id="sPointingRel890" xlink:href="rsd.GENTLE_dictionary_trust.mark.xml#sSpan5" target="rsd.GENTLE_dictionary_trust.mark.xml#sSpan4"/>
		<rel id="sPointingRel891" xlink:href="rsd.GENTLE_dictionary_trust.mark.xml#sSpan6" target="rsd.GENTLE_dictionary_trust.mark.xml#sSpan4"/>
		<rel id="sPointingRel892" xlink:href="rsd.GENTLE_dictionary_trust.mark.xml#sSpan7" target="rsd.GENTLE_dictionary_trust.mark.xml#sSpan6"/>
		<rel id="sPointingRel893" xlink:href="rsd.GENTLE_dictionary_trust.mark.xml#sSpan8" target="rsd.GENTLE_dictionary_trust.mark.xml#sSpan6"/>
		<rel id="sPointingRel894" xlink:href="rsd.GENTLE_dictionary_trust.mark.xml#sSpan9" target="rsd.GENTLE_dictionary_trust.mark.xml#sSpan8"/>
		<rel id="sPointingRel895" xlink:href="rsd.GENTLE_dictionary_trust.mark.xml#sSpan10" target="rsd.GENTLE_dictionary_trust.mark.xml#sSpan6"/>
		<rel id="sPointingRel896" xlink:href="rsd.GENTLE_dictionary_trust.mark.xml#sSpan11" target="rsd.GENTLE_dictionary_trust.mark.xml#sSpan10"/>
		<rel id="sPointingRel897" xlink:href="rsd.GENTLE_dictionary_trust.mark.xml#sSpan12" target="rsd.GENTLE_dictionary_trust.mark.xml#sSpan11"/>
		<rel id="sPointingRel898" xlink:href="rsd.GENTLE_dictionary_trust.mark.xml#sSpan13" target="rsd.GENTLE_dictionary_trust.mark.xml#sSpan10"/>
		<rel id="sPointingRel899" xlink:href="rsd.GENTLE_dictionary_trust.mark.xml#sSpan14" target="rsd.GENTLE_dictionary_trust.mark.xml#sSpan13"/>
		<rel id="sPointingRel900" xlink:href="rsd.GENTLE_dictionary_trust.mark.xml#sSpan15" target="rsd.GENTLE_dictionary_trust.mark.xml#sSpan4"/>
		<rel id="sPointingRel901" xlink:href="rsd.GENTLE_dictionary_trust.mark.xml#sSpan16" target="rsd.GENTLE_dictionary_trust.mark.xml#sSpan15"/>
		<rel id="sPointingRel902" xlink:href="rsd.GENTLE_dictionary_trust.mark.xml#sSpan17" target="rsd.GENTLE_dictionary_trust.mark.xml#sSpan15"/>
		<rel id="sPointingRel903" xlink:href="rsd.GENTLE_dictionary_trust.mark.xml#sSpan18" target="rsd.GENTLE_dictionary_trust.mark.xml#sSpan17"/>
		<rel id="sPointingRel904" xlink:href="rsd.GENTLE_dictionary_trust.mark.xml#sSpan19" target="rsd.GENTLE_dictionary_trust.mark.xml#sSpan15"/>
		<rel id="sPointingRel905" xlink:href="rsd.GENTLE_dictionary_trust.mark.xml#sSpan20" target="rsd.GENTLE_dictionary_trust.mark.xml#sSpan19"/>
		<rel id="sPointingRel906" xlink:href="rsd.GENTLE_dictionary_trust.mark.xml#sSpan21" target="rsd.GENTLE_dictionary_trust.mark.xml#sSpan15"/>
		<rel id="sPointingRel907" xlink:href="rsd.GENTLE_dictionary_trust.mark.xml#sSpan22" target="rsd.GENTLE_dictionary_trust.mark.xml#sSpan21"/>
		<rel id="sPointingRel908" xlink:href="rsd.GENTLE_dictionary_trust.mark.xml#sSpan23" target="rsd.GENTLE_dictionary_trust.mark.xml#sSpan15"/>
		<rel id="sPointingRel909" xlink:href="rsd.GENTLE_dictionary_trust.mark.xml#sSpan24" target="rsd.GENTLE_dictionary_trust.mark.xml#sSpan23"/>
		<rel id="sPointingRel910" xlink:href="rsd.GENTLE_dictionary_trust.mark.xml#sSpan25" target="rsd.GENTLE_dictionary_trust.mark.xml#sSpan15"/>
		<rel id="sPointingRel911" xlink:href="rsd.GENTLE_dictionary_trust.mark.xml#sSpan26" target="rsd.GENTLE_dictionary_trust.mark.xml#sSpan25"/>
		<rel id="sPointingRel912" xlink:href="rsd.GENTLE_dictionary_trust.mark.xml#sSpan27" target="rsd.GENTLE_dictionary_trust.mark.xml#sSpan4"/>
		<rel id="sPointingRel913" xlink:href="rsd.GENTLE_dictionary_trust.mark.xml#sSpan28" target="rsd.GENTLE_dictionary_trust.mark.xml#sSpan4"/>
		<rel id="sPointingRel914" xlink:href="rsd.GENTLE_dictionary_trust.mark.xml#sSpan29" target="rsd.GENTLE_dictionary_trust.mark.xml#sSpan31"/>
		<rel id="sPointingRel915" xlink:href="rsd.GENTLE_dictionary_trust.mark.xml#sSpan30" target="rsd.GENTLE_dictionary_trust.mark.xml#sSpan31"/>
		<rel id="sPointingRel916" xlink:href="rsd.GENTLE_dictionary_trust.mark.xml#sSpan31" target="rsd.GENTLE_dictionary_trust.mark.xml#sSpan4"/>
		<rel id="sPointingRel917" xlink:href="rsd.GENTLE_dictionary_trust.mark.xml#sSpan32" target="rsd.GENTLE_dictionary_trust.mark.xml#sSpan34"/>
		<rel id="sPointingRel918" xlink:href="rsd.GENTLE_dictionary_trust.mark.xml#sSpan33" target="rsd.GENTLE_dictionary_trust.mark.xml#sSpan32"/>
		<rel id="sPointingRel919" xlink:href="rsd.GENTLE_dictionary_trust.mark.xml#sSpan34" target="rsd.GENTLE_dictionary_trust.mark.xml#sSpan31"/>
		<rel id="sPointingRel920" xlink:href="rsd.GENTLE_dictionary_trust.mark.xml#sSpan35" target="rsd.GENTLE_dictionary_trust.mark.xml#sSpan38"/>
		<rel id="sPointingRel921" xlink:href="rsd.GENTLE_dictionary_trust.mark.xml#sSpan36" target="rsd.GENTLE_dictionary_trust.mark.xml#sSpan38"/>
		<rel id="sPointingRel922" xlink:href="rsd.GENTLE_dictionary_trust.mark.xml#sSpan37" target="rsd.GENTLE_dictionary_trust.mark.xml#sSpan36"/>
		<rel id="sPointingRel923" xlink:href="rsd.GENTLE_dictionary_trust.mark.xml#sSpan38" target="rsd.GENTLE_dictionary_trust.mark.xml#sSpan31"/>
		<rel id="sPointingRel924" xlink:href="rsd.GENTLE_dictionary_trust.mark.xml#sSpan39" target="rsd.GENTLE_dictionary_trust.mark.xml#sSpan31"/>
		<rel id="sPointingRel925" xlink:href="rsd.GENTLE_dictionary_trust.mark.xml#sSpan40" target="rsd.GENTLE_dictionary_trust.mark.xml#sSpan39"/>
		<rel id="sPointingRel926" xlink:href="rsd.GENTLE_dictionary_trust.mark.xml#sSpan41" target="rsd.GENTLE_dictionary_trust.mark.xml#sSpan42"/>
		<rel id="sPointingRel927" xlink:href="rsd.GENTLE_dictionary_trust.mark.xml#sSpan42" target="rsd.GENTLE_dictionary_trust.mark.xml#sSpan31"/>
		<rel id="sPointingRel928" xlink:href="rsd.GENTLE_dictionary_trust.mark.xml#sSpan43" target="rsd.GENTLE_dictionary_trust.mark.xml#sSpan46"/>
		<rel id="sPointingRel929" xlink:href="rsd.GENTLE_dictionary_trust.mark.xml#sSpan44" target="rsd.GENTLE_dictionary_trust.mark.xml#sSpan46"/>
		<rel id="sPointingRel930" xlink:href="rsd.GENTLE_dictionary_trust.mark.xml#sSpan45" target="rsd.GENTLE_dictionary_trust.mark.xml#sSpan44"/>
		<rel id="sPointingRel931" xlink:href="rsd.GENTLE_dictionary_trust.mark.xml#sSpan46" target="rsd.GENTLE_dictionary_trust.mark.xml#sSpan4"/>
		<rel id="sPointingRel932" xlink:href="rsd.GENTLE_dictionary_trust.mark.xml#sSpan47" target="rsd.GENTLE_dictionary_trust.mark.xml#sSpan46"/>
		<rel id="sPointingRel933" xlink:href="rsd.GENTLE_dictionary_trust.mark.xml#sSpan48" target="rsd.GENTLE_dictionary_trust.mark.xml#sSpan47"/>
		<rel id="sPointingRel934" xlink:href="rsd.GENTLE_dictionary_trust.mark.xml#sSpan49" target="rsd.GENTLE_dictionary_trust.mark.xml#sSpan47"/>
		<rel id="sPointingRel935" xlink:href="rsd.GENTLE_dictionary_trust.mark.xml#sSpan50" target="rsd.GENTLE_dictionary_trust.mark.xml#sSpan47"/>
		<rel id="sPointingRel936" xlink:href="rsd.GENTLE_dictionary_trust.mark.xml#sSpan51" target="rsd.GENTLE_dictionary_trust.mark.xml#sSpan47"/>
		<rel id="sPointingRel937" xlink:href="rsd.GENTLE_dictionary_trust.mark.xml#sSpan52" target="rsd.GENTLE_dictionary_trust.mark.xml#sSpan51"/>
		<rel id="sPointingRel938" xlink:href="rsd.GENTLE_dictionary_trust.mark.xml#sSpan53" target="rsd.GENTLE_dictionary_trust.mark.xml#sSpan46"/>
		<rel id="sPointingRel939" xlink:href="rsd.GENTLE_dictionary_trust.mark.xml#sSpan54" target="rsd.GENTLE_dictionary_trust.mark.xml#sSpan46"/>
		<rel id="sPointingRel940" xlink:href="rsd.GENTLE_dictionary_trust.mark.xml#sSpan55" target="rsd.GENTLE_dictionary_trust.mark.xml#sSpan54"/>
		<rel id="sPointingRel941" xlink:href="rsd.GENTLE_dictionary_trust.mark.xml#sSpan56" target="rsd.GENTLE_dictionary_trust.mark.xml#sSpan54"/>
		<rel id="sPointingRel942" xlink:href="rsd.GENTLE_dictionary_trust.mark.xml#sSpan57" target="rsd.GENTLE_dictionary_trust.mark.xml#sSpan58"/>
		<rel id="sPointingRel943" xlink:href="rsd.GENTLE_dictionary_trust.mark.xml#sSpan58" target="rsd.GENTLE_dictionary_trust.mark.xml#sSpan54"/>
		<rel id="sPointingRel944" xlink:href="rsd.GENTLE_dictionary_trust.mark.xml#sSpan59" target="rsd.GENTLE_dictionary_trust.mark.xml#sSpan46"/>
		<rel id="sPointingRel945" xlink:href="rsd.GENTLE_dictionary_trust.mark.xml#sSpan60" target="rsd.GENTLE_dictionary_trust.mark.xml#sSpan59"/>
		<rel id="sPointingRel946" xlink:href="rsd.GENTLE_dictionary_trust.mark.xml#sSpan61" target="rsd.GENTLE_dictionary_trust.mark.xml#sSpan59"/>
		<rel id="sPointingRel947" xlink:href="rsd.GENTLE_dictionary_trust.mark.xml#sSpan62" target="rsd.GENTLE_dictionary_trust.mark.xml#sSpan61"/>
		<rel id="sPointingRel948" xlink:href="rsd.GENTLE_dictionary_trust.mark.xml#sSpan63" target="rsd.GENTLE_dictionary_trust.mark.xml#sSpan59"/>
		<rel id="sPointingRel949" xlink:href="rsd.GENTLE_dictionary_trust.mark.xml#sSpan64" target="rsd.GENTLE_dictionary_trust.mark.xml#sSpan46"/>
		<rel id="sPointingRel950" xlink:href="rsd.GENTLE_dictionary_trust.mark.xml#sSpan65" target="rsd.GENTLE_dictionary_trust.mark.xml#sSpan64"/>
		<rel id="sPointingRel951" xlink:href="rsd.GENTLE_dictionary_trust.mark.xml#sSpan66" target="rsd.GENTLE_dictionary_trust.mark.xml#sSpan64"/>
		<rel id="sPointingRel952" xlink:href="rsd.GENTLE_dictionary_trust.mark.xml#sSpan67" target="rsd.GENTLE_dictionary_trust.mark.xml#sSpan68"/>
		<rel id="sPointingRel953" xlink:href="rsd.GENTLE_dictionary_trust.mark.xml#sSpan68" target="rsd.GENTLE_dictionary_trust.mark.xml#sSpan46"/>
		<rel id="sPointingRel954" xlink:href="rsd.GENTLE_dictionary_trust.mark.xml#sSpan69" target="rsd.GENTLE_dictionary_trust.mark.xml#sSpan46"/>
		<rel id="sPointingRel955" xlink:href="rsd.GENTLE_dictionary_trust.mark.xml#sSpan70" target="rsd.GENTLE_dictionary_trust.mark.xml#sSpan69"/>
		<rel id="sPointingRel956" xlink:href="rsd.GENTLE_dictionary_trust.mark.xml#sSpan71" target="rsd.GENTLE_dictionary_trust.mark.xml#sSpan69"/>
		<rel id="sPointingRel957" xlink:href="rsd.GENTLE_dictionary_trust.mark.xml#sSpan72" target="rsd.GENTLE_dictionary_trust.mark.xml#sSpan73"/>
		<rel id="sPointingRel958" xlink:href="rsd.GENTLE_dictionary_trust.mark.xml#sSpan73" target="rsd.GENTLE_dictionary_trust.mark.xml#sSpan46"/>
		<rel id="sPointingRel959" xlink:href="rsd.GENTLE_dictionary_trust.mark.xml#sSpan74" target="rsd.GENTLE_dictionary_trust.mark.xml#sSpan73"/>
		<rel id="sPointingRel960" xlink:href="rsd.GENTLE_dictionary_trust.mark.xml#sSpan75" target="rsd.GENTLE_dictionary_trust.mark.xml#sSpan74"/>
		<rel id="sPointingRel961" xlink:href="rsd.GENTLE_dictionary_trust.mark.xml#sSpan76" target="rsd.GENTLE_dictionary_trust.mark.xml#sSpan75"/>
		<rel id="sPointingRel962" xlink:href="rsd.GENTLE_dictionary_trust.mark.xml#sSpan77" target="rsd.GENTLE_dictionary_trust.mark.xml#sSpan73"/>
		<rel id="sPointingRel963" xlink:href="rsd.GENTLE_dictionary_trust.mark.xml#sSpan78" target="rsd.GENTLE_dictionary_trust.mark.xml#sSpan79"/>
		<rel id="sPointingRel964" xlink:href="rsd.GENTLE_dictionary_trust.mark.xml#sSpan79" target="rsd.GENTLE_dictionary_trust.mark.xml#sSpan46"/>
		<rel id="sPointingRel965" xlink:href="rsd.GENTLE_dictionary_trust.mark.xml#sSpan80" target="rsd.GENTLE_dictionary_trust.mark.xml#sSpan79"/>
		<rel id="sPointingRel966" xlink:href="rsd.GENTLE_dictionary_trust.mark.xml#sSpan81" target="rsd.GENTLE_dictionary_trust.mark.xml#sSpan80"/>
		<rel id="sPointingRel967" xlink:href="rsd.GENTLE_dictionary_trust.mark.xml#sSpan82" target="rsd.GENTLE_dictionary_trust.mark.xml#sSpan81"/>
		<rel id="sPointingRel968" xlink:href="rsd.GENTLE_dictionary_trust.mark.xml#sSpan83" target="rsd.GENTLE_dictionary_trust.mark.xml#sSpan81"/>
		<rel id="sPointingRel969" xlink:href="rsd.GENTLE_dictionary_trust.mark.xml#sSpan84" target="rsd.GENTLE_dictionary_trust.mark.xml#sSpan83"/>
		<rel id="sPointingRel970" xlink:href="rsd.GENTLE_dictionary_trust.mark.xml#sSpan85" target="rsd.GENTLE_dictionary_trust.mark.xml#sSpan79"/>
		<rel id="sPointingRel971" xlink:href="rsd.GENTLE_dictionary_trust.mark.xml#sSpan86" target="rsd.GENTLE_dictionary_trust.mark.xml#sSpan85"/>
		<rel id="sPointingRel972" xlink:href="rsd.GENTLE_dictionary_trust.mark.xml#sSpan87" target="rsd.GENTLE_dictionary_trust.mark.xml#sSpan86"/>
		<rel id="sPointingRel973" xlink:href="rsd.GENTLE_dictionary_trust.mark.xml#sSpan88" target="rsd.GENTLE_dictionary_trust.mark.xml#sSpan46"/>
		<rel id="sPointingRel974" xlink:href="rsd.GENTLE_dictionary_trust.mark.xml#sSpan89" target="rsd.GENTLE_dictionary_trust.mark.xml#sSpan88"/>
		<rel id="sPointingRel975" xlink:href="rsd.GENTLE_dictionary_trust.mark.xml#sSpan90" target="rsd.GENTLE_dictionary_trust.mark.xml#sSpan89"/>
		<rel id="sPointingRel976" xlink:href="rsd.GENTLE_dictionary_trust.mark.xml#sSpan91" target="rsd.GENTLE_dictionary_trust.mark.xml#sSpan89"/>
		<rel id="sPointingRel977" xlink:href="rsd.GENTLE_dictionary_trust.mark.xml#sSpan92" target="rsd.GENTLE_dictionary_trust.mark.xml#sSpan93"/>
		<rel id="sPointingRel978" xlink:href="rsd.GENTLE_dictionary_trust.mark.xml#sSpan93" target="rsd.GENTLE_dictionary_trust.mark.xml#sSpan46"/>
		<rel id="sPointingRel979" xlink:href="rsd.GENTLE_dictionary_trust.mark.xml#sSpan94" target="rsd.GENTLE_dictionary_trust.mark.xml#sSpan96"/>
		<rel id="sPointingRel980" xlink:href="rsd.GENTLE_dictionary_trust.mark.xml#sSpan95" target="rsd.GENTLE_dictionary_trust.mark.xml#sSpan96"/>
		<rel id="sPointingRel981" xlink:href="rsd.GENTLE_dictionary_trust.mark.xml#sSpan96" target="rsd.GENTLE_dictionary_trust.mark.xml#sSpan46"/>
		<rel id="sPointingRel982" xlink:href="rsd.GENTLE_dictionary_trust.mark.xml#sSpan97" target="rsd.GENTLE_dictionary_trust.mark.xml#sSpan98"/>
		<rel id="sPointingRel983" xlink:href="rsd.GENTLE_dictionary_trust.mark.xml#sSpan98" target="rsd.GENTLE_dictionary_trust.mark.xml#sSpan96"/>
		<rel id="sPointingRel984" xlink:href="rsd.GENTLE_dictionary_trust.mark.xml#sSpan99" target="rsd.GENTLE_dictionary_trust.mark.xml#sSpan100"/>
		<rel id="sPointingRel985" xlink:href="rsd.GENTLE_dictionary_trust.mark.xml#sSpan100" target="rsd.GENTLE_dictionary_trust.mark.xml#sSpan96"/>
		<rel id="sPointingRel986" xlink:href="rsd.GENTLE_dictionary_trust.mark.xml#sSpan101" target="rsd.GENTLE_dictionary_trust.mark.xml#sSpan100"/>
		<rel id="sPointingRel987" xlink:href="rsd.GENTLE_dictionary_trust.mark.xml#sSpan102" target="rsd.GENTLE_dictionary_trust.mark.xml#sSpan100"/>
		<rel id="sPointingRel988" xlink:href="rsd.GENTLE_dictionary_trust.mark.xml#sSpan103" target="rsd.GENTLE_dictionary_trust.mark.xml#sSpan100"/>
		<rel id="sPointingRel989" xlink:href="rsd.GENTLE_dictionary_trust.mark.xml#sSpan104" target="rsd.GENTLE_dictionary_trust.mark.xml#sSpan110"/>
		<rel id="sPointingRel990" xlink:href="rsd.GENTLE_dictionary_trust.mark.xml#sSpan105" target="rsd.GENTLE_dictionary_trust.mark.xml#sSpan110"/>
		<rel id="sPointingRel991" xlink:href="rsd.GENTLE_dictionary_trust.mark.xml#sSpan106" target="rsd.GENTLE_dictionary_trust.mark.xml#sSpan105"/>
		<rel id="sPointingRel992" xlink:href="rsd.GENTLE_dictionary_trust.mark.xml#sSpan107" target="rsd.GENTLE_dictionary_trust.mark.xml#sSpan106"/>
		<rel id="sPointingRel993" xlink:href="rsd.GENTLE_dictionary_trust.mark.xml#sSpan108" target="rsd.GENTLE_dictionary_trust.mark.xml#sSpan106"/>
		<rel id="sPointingRel994" xlink:href="rsd.GENTLE_dictionary_trust.mark.xml#sSpan109" target="rsd.GENTLE_dictionary_trust.mark.xml#sSpan110"/>
		<rel id="sPointingRel995" xlink:href="rsd.GENTLE_dictionary_trust.mark.xml#sSpan110" target="rsd.GENTLE_dictionary_trust.mark.xml#sSpan4"/>
		<rel id="sPointingRel996" xlink:href="rsd.GENTLE_dictionary_trust.mark.xml#sSpan111" target="rsd.GENTLE_dictionary_trust.mark.xml#sSpan110"/>
		<rel id="sPointingRel997" xlink:href="rsd.GENTLE_dictionary_trust.mark.xml#sSpan112" target="rsd.GENTLE_dictionary_trust.mark.xml#sSpan110"/>
		<rel id="sPointingRel998" xlink:href="rsd.GENTLE_dictionary_trust.mark.xml#sSpan113" target="rsd.GENTLE_dictionary_trust.mark.xml#sSpan110"/>
		<rel id="sPointingRel999" xlink:href="rsd.GENTLE_dictionary_trust.mark.xml#sSpan114" target="rsd.GENTLE_dictionary_trust.mark.xml#sSpan113"/>
		<rel id="sPointingRel1000" xlink:href="rsd.GENTLE_dictionary_trust.mark.xml#sSpan115" target="rsd.GENTLE_dictionary_trust.mark.xml#sSpan116"/>
		<rel id="sPointingRel1001" xlink:href="rsd.GENTLE_dictionary_trust.mark.xml#sSpan116" target="rsd.GENTLE_dictionary_trust.mark.xml#sSpan110"/>
		<rel id="sPointingRel1002" xlink:href="rsd.GENTLE_dictionary_trust.mark.xml#sSpan117" target="rsd.GENTLE_dictionary_trust.mark.xml#sSpan116"/>
		<rel id="sPointingRel1003" xlink:href="rsd.GENTLE_dictionary_trust.mark.xml#sSpan118" target="rsd.GENTLE_dictionary_trust.mark.xml#sSpan116"/>
		<rel id="sPointingRel1004" xlink:href="rsd.GENTLE_dictionary_trust.mark.xml#sSpan119" target="rsd.GENTLE_dictionary_trust.mark.xml#sSpan118"/>
		<rel id="sPointingRel1005" xlink:href="rsd.GENTLE_dictionary_trust.mark.xml#sSpan120" target="rsd.GENTLE_dictionary_trust.mark.xml#sSpan121"/>
		<rel id="sPointingRel1006" xlink:href="rsd.GENTLE_dictionary_trust.mark.xml#sSpan121" target="rsd.GENTLE_dictionary_trust.mark.xml#sSpan110"/>
		<rel id="sPointingRel1007" xlink:href="rsd.GENTLE_dictionary_trust.mark.xml#sSpan122" target="rsd.GENTLE_dictionary_trust.mark.xml#sSpan121"/>
		<rel id="sPointingRel1008" xlink:href="rsd.GENTLE_dictionary_trust.mark.xml#sSpan123" target="rsd.GENTLE_dictionary_trust.mark.xml#sSpan121"/>
		<rel id="sPointingRel1009" xlink:href="rsd.GENTLE_dictionary_trust.mark.xml#sSpan124" target="rsd.GENTLE_dictionary_trust.mark.xml#sSpan125"/>
		<rel id="sPointingRel1010" xlink:href="rsd.GENTLE_dictionary_trust.mark.xml#sSpan125" target="rsd.GENTLE_dictionary_trust.mark.xml#sSpan110"/>
		<rel id="sPointingRel1011" xlink:href="rsd.GENTLE_dictionary_trust.mark.xml#sSpan126" target="rsd.GENTLE_dictionary_trust.mark.xml#sSpan125"/>
		<rel id="sPointingRel1012" xlink:href="rsd.GENTLE_dictionary_trust.mark.xml#sSpan127" target="rsd.GENTLE_dictionary_trust.mark.xml#sSpan125"/>
		<rel id="sPointingRel1013" xlink:href="rsd.GENTLE_dictionary_trust.mark.xml#sSpan128" target="rsd.GENTLE_dictionary_trust.mark.xml#sSpan129"/>
		<rel id="sPointingRel1014" xlink:href="rsd.GENTLE_dictionary_trust.mark.xml#sSpan129" target="rsd.GENTLE_dictionary_trust.mark.xml#sSpan125"/>
		<rel id="sPointingRel1015" xlink:href="rsd.GENTLE_dictionary_trust.mark.xml#sSpan130" target="rsd.GENTLE_dictionary_trust.mark.xml#sSpan131"/>
		<rel id="sPointingRel1016" xlink:href="rsd.GENTLE_dictionary_trust.mark.xml#sSpan131" target="rsd.GENTLE_dictionary_trust.mark.xml#sSpan110"/>
		<rel id="sPointingRel1017" xlink:href="rsd.GENTLE_dictionary_trust.mark.xml#sSpan132" target="rsd.GENTLE_dictionary_trust.mark.xml#sSpan131"/>
		<rel id="sPointingRel1018" xlink:href="rsd.GENTLE_dictionary_trust.mark.xml#sSpan133" target="rsd.GENTLE_dictionary_trust.mark.xml#sSpan134"/>
		<rel id="sPointingRel1019" xlink:href="rsd.GENTLE_dictionary_trust.mark.xml#sSpan134" target="rsd.GENTLE_dictionary_trust.mark.xml#sSpan110"/>
		<rel id="sPointingRel1020" xlink:href="rsd.GENTLE_dictionary_trust.mark.xml#sSpan135" target="rsd.GENTLE_dictionary_trust.mark.xml#sSpan134"/>
		<rel id="sPointingRel1021" xlink:href="rsd.GENTLE_dictionary_trust.mark.xml#sSpan136" target="rsd.GENTLE_dictionary_trust.mark.xml#sSpan137"/>
		<rel id="sPointingRel1022" xlink:href="rsd.GENTLE_dictionary_trust.mark.xml#sSpan137" target="rsd.GENTLE_dictionary_trust.mark.xml#sSpan110"/>
		<rel id="sPointingRel1023" xlink:href="rsd.GENTLE_dictionary_trust.mark.xml#sSpan138" target="rsd.GENTLE_dictionary_trust.mark.xml#sSpan137"/>
		<rel id="sPointingRel1024" xlink:href="rsd.GENTLE_dictionary_trust.mark.xml#sSpan139" target="rsd.GENTLE_dictionary_trust.mark.xml#sSpan137"/>
		<rel id="sPointingRel1025" xlink:href="rsd.GENTLE_dictionary_trust.mark.xml#sSpan140" target="rsd.GENTLE_dictionary_trust.mark.xml#sSpan141"/>
		<rel id="sPointingRel1026" xlink:href="rsd.GENTLE_dictionary_trust.mark.xml#sSpan141" target="rsd.GENTLE_dictionary_trust.mark.xml#sSpan110"/>
		<rel id="sPointingRel1027" xlink:href="rsd.GENTLE_dictionary_trust.mark.xml#sSpan142" target="rsd.GENTLE_dictionary_trust.mark.xml#sSpan141"/>
		<rel id="sPointingRel1028" xlink:href="rsd.GENTLE_dictionary_trust.mark.xml#sSpan143" target="rsd.GENTLE_dictionary_trust.mark.xml#sSpan142"/>
		<rel id="sPointingRel1029" xlink:href="rsd.GENTLE_dictionary_trust.mark.xml#sSpan144" target="rsd.GENTLE_dictionary_trust.mark.xml#sSpan141"/>
		<rel id="sPointingRel1030" xlink:href="rsd.GENTLE_dictionary_trust.mark.xml#sSpan145" target="rsd.GENTLE_dictionary_trust.mark.xml#sSpan146"/>
		<rel id="sPointingRel1031" xlink:href="rsd.GENTLE_dictionary_trust.mark.xml#sSpan146" target="rsd.GENTLE_dictionary_trust.mark.xml#sSpan144"/>
		<rel id="sPointingRel1032" xlink:href="rsd.GENTLE_dictionary_trust.mark.xml#sSpan147" target="rsd.GENTLE_dictionary_trust.mark.xml#sSpan148"/>
		<rel id="sPointingRel1033" xlink:href="rsd.GENTLE_dictionary_trust.mark.xml#sSpan148" target="rsd.GENTLE_dictionary_trust.mark.xml#sSpan110"/>
		<rel id="sPointingRel1034" xlink:href="rsd.GENTLE_dictionary_trust.mark.xml#sSpan149" target="rsd.GENTLE_dictionary_trust.mark.xml#sSpan148"/>
		<rel id="sPointingRel1035" xlink:href="rsd.GENTLE_dictionary_trust.mark.xml#sSpan150" target="rsd.GENTLE_dictionary_trust.mark.xml#sSpan151"/>
		<rel id="sPointingRel1036" xlink:href="rsd.GENTLE_dictionary_trust.mark.xml#sSpan151" target="rsd.GENTLE_dictionary_trust.mark.xml#sSpan110"/>
		<rel id="sPointingRel1037" xlink:href="rsd.GENTLE_dictionary_trust.mark.xml#sSpan152" target="rsd.GENTLE_dictionary_trust.mark.xml#sSpan151"/>
		<rel id="sPointingRel1038" xlink:href="rsd.GENTLE_dictionary_trust.mark.xml#sSpan153" target="rsd.GENTLE_dictionary_trust.mark.xml#sSpan151"/>
		<rel id="sPointingRel1039" xlink:href="rsd.GENTLE_dictionary_trust.mark.xml#sSpan154" target="rsd.GENTLE_dictionary_trust.mark.xml#sSpan151"/>
		<rel id="sPointingRel1040" xlink:href="rsd.GENTLE_dictionary_trust.mark.xml#sSpan155" target="rsd.GENTLE_dictionary_trust.mark.xml#sSpan156"/>
		<rel id="sPointingRel1041" xlink:href="rsd.GENTLE_dictionary_trust.mark.xml#sSpan156" target="rsd.GENTLE_dictionary_trust.mark.xml#sSpan110"/>
		<rel id="sPointingRel1042" xlink:href="rsd.GENTLE_dictionary_trust.mark.xml#sSpan157" target="rsd.GENTLE_dictionary_trust.mark.xml#sSpan156"/>
		<rel id="sPointingRel1043" xlink:href="rsd.GENTLE_dictionary_trust.mark.xml#sSpan158" target="rsd.GENTLE_dictionary_trust.mark.xml#sSpan159"/>
		<rel id="sPointingRel1044" xlink:href="rsd.GENTLE_dictionary_trust.mark.xml#sSpan159" target="rsd.GENTLE_dictionary_trust.mark.xml#sSpan110"/>
		<rel id="sPointingRel1045" xlink:href="rsd.GENTLE_dictionary_trust.mark.xml#sSpan160" target="rsd.GENTLE_dictionary_trust.mark.xml#sSpan159"/>
		<rel id="sPointingRel1046" xlink:href="rsd.GENTLE_dictionary_trust.mark.xml#sSpan161" target="rsd.GENTLE_dictionary_trust.mark.xml#sSpan166"/>
		<rel id="sPointingRel1047" xlink:href="rsd.GENTLE_dictionary_trust.mark.xml#sSpan162" target="rsd.GENTLE_dictionary_trust.mark.xml#sSpan166"/>
		<rel id="sPointingRel1048" xlink:href="rsd.GENTLE_dictionary_trust.mark.xml#sSpan163" target="rsd.GENTLE_dictionary_trust.mark.xml#sSpan162"/>
		<rel id="sPointingRel1049" xlink:href="rsd.GENTLE_dictionary_trust.mark.xml#sSpan164" target="rsd.GENTLE_dictionary_trust.mark.xml#sSpan163"/>
		<rel id="sPointingRel1050" xlink:href="rsd.GENTLE_dictionary_trust.mark.xml#sSpan165" target="rsd.GENTLE_dictionary_trust.mark.xml#sSpan166"/>
		<rel id="sPointingRel1051" xlink:href="rsd.GENTLE_dictionary_trust.mark.xml#sSpan166" target="rsd.GENTLE_dictionary_trust.mark.xml#sSpan4"/>
		<rel id="sPointingRel1052" xlink:href="rsd.GENTLE_dictionary_trust.mark.xml#sSpan167" target="rsd.GENTLE_dictionary_trust.mark.xml#sSpan168"/>
		<rel id="sPointingRel1053" xlink:href="rsd.GENTLE_dictionary_trust.mark.xml#sSpan168" target="rsd.GENTLE_dictionary_trust.mark.xml#sSpan166"/>
		<rel id="sPointingRel1054" xlink:href="rsd.GENTLE_dictionary_trust.mark.xml#sSpan169" target="rsd.GENTLE_dictionary_trust.mark.xml#sSpan170"/>
		<rel id="sPointingRel1055" xlink:href="rsd.GENTLE_dictionary_trust.mark.xml#sSpan170" target="rsd.GENTLE_dictionary_trust.mark.xml#sSpan166"/></relList></paula>