<?xml version='1.0' encoding='UTF-8'?><!DOCTYPE paula SYSTEM "paula_mark.dtd">
<paula version="1.1">
	<header paula_id="rsd.GENTLE_dictionary_trust.mark"/>
	<markList xmlns:xlink="http://www.w3.org/1999/xlink" type="rsd" xml:base="GENTLE_dictionary_trust.tok.xml">
		<!--trust-->
		<mark id="sSpan621" xlink:href="#sTok1"/>
		<!--English-->
		<mark id="sSpan622" xlink:href="#sTok2"/>
		<!--Etymology-->
		<mark id="sSpan623" xlink:href="#sTok3"/>
		<!--From Middle English trust-->
		<mark id="sSpan624" xlink:href="#sTok4 #sTok5 #sTok6 #sTok7"/>
		<!--( “ trust , protection ” ) .-->
		<mark id="sSpan625" xlink:href="#sTok8 #sTok9 #sTok10 #sTok11 #sTok12 #sTok13 #sTok14 #sTok15"/>
		<!--Long considered a borrowing from Old Norse traust-->
		<mark id="sSpan626" xlink:href="#sTok16 #sTok17 #sTok18 #sTok19 #sTok20 #sTok21 #sTok22 #sTok23"/>
		<!--( “ confidence , help , protection ” ) ,-->
		<mark id="sSpan627" xlink:href="#sTok24 #sTok25 #sTok26 #sTok27 #sTok28 #sTok29 #sTok30 #sTok31 #sTok32 #sTok33"/>
		<!--itself from Proto - Germanic *traustą ,-->
		<mark id="sSpan628" xlink:href="#sTok34 #sTok35 #sTok36 #sTok37 #sTok38 #sTok39 #sTok40"/>
		<!--but the root vocalism is incompatible ,-->
		<mark id="sSpan629" xlink:href="#sTok41 #sTok42 #sTok43 #sTok44 #sTok45 #sTok46 #sTok47"/>
		<!--and now it 's considered a reflex of an unattested Old English *trust , from a rare zero - grade proto - Germanic variant of the same root-->
		<mark id="sSpan630" xlink:href="#sTok48 #sTok49 #sTok50 #sTok51 #sTok52 #sTok53 #sTok54 #sTok55 #sTok56 #sTok57 #sTok58 #sTok59 #sTok60 #sTok61 #sTok62 #sTok63 #sTok64 #sTok65 #sTok66 #sTok67 #sTok68 #sTok69 #sTok70 #sTok71 #sTok72 #sTok73 #sTok74 #sTok75"/>
		<!--also attested in Middle High German getrüste-->
		<mark id="sSpan631" xlink:href="#sTok76 #sTok77 #sTok78 #sTok79 #sTok80 #sTok81 #sTok82"/>
		<!--( “ host ” ) .-->
		<mark id="sSpan632" xlink:href="#sTok83 #sTok84 #sTok85 #sTok86 #sTok87 #sTok88"/>
		<!--Ultimately from Proto - Indo - European *deru- -->
		<mark id="sSpan633" xlink:href="#sTok89 #sTok90 #sTok91 #sTok92 #sTok93 #sTok94 #sTok95 #sTok96"/>
		<!--( be firm , hard , solid ” ) .-->
		<mark id="sSpan634" xlink:href="#sTok97 #sTok98 #sTok99 #sTok100 #sTok101 #sTok102 #sTok103 #sTok104 #sTok105 #sTok106"/>
		<!--Akin to Danish trøst-->
		<mark id="sSpan635" xlink:href="#sTok107 #sTok108 #sTok109 #sTok110"/>
		<!--( “ comfort , solace ” ) ,-->
		<mark id="sSpan636" xlink:href="#sTok111 #sTok112 #sTok113 #sTok114 #sTok115 #sTok116 #sTok117 #sTok118"/>
		<!--Saterland Frisian Traast-->
		<mark id="sSpan637" xlink:href="#sTok119 #sTok120 #sTok121"/>
		<!--( “ comfort , solace ” ) ,-->
		<mark id="sSpan638" xlink:href="#sTok122 #sTok123 #sTok124 #sTok125 #sTok126 #sTok127 #sTok128 #sTok129"/>
		<!--West Frisian treast-->
		<mark id="sSpan639" xlink:href="#sTok130 #sTok131 #sTok132"/>
		<!--( “ comfort , solace ” ) ,-->
		<mark id="sSpan640" xlink:href="#sTok133 #sTok134 #sTok135 #sTok136 #sTok137 #sTok138 #sTok139 #sTok140"/>
		<!--Dutch troost-->
		<mark id="sSpan641" xlink:href="#sTok141 #sTok142"/>
		<!--( “ comfort , consolation ” ) ,-->
		<mark id="sSpan642" xlink:href="#sTok143 #sTok144 #sTok145 #sTok146 #sTok147 #sTok148 #sTok149 #sTok150"/>
		<!--German Trost-->
		<mark id="sSpan643" xlink:href="#sTok151 #sTok152"/>
		<!--( “ comfort , consolation ” ) ,-->
		<mark id="sSpan644" xlink:href="#sTok153 #sTok154 #sTok155 #sTok156 #sTok157 #sTok158 #sTok159 #sTok160"/>
		<!--Gothic trausti-->
		<mark id="sSpan645" xlink:href="#sTok161 #sTok162"/>
		<!--( trausti , “ alliance , pact ” ) .-->
		<mark id="sSpan646" xlink:href="#sTok163 #sTok164 #sTok165 #sTok166 #sTok167 #sTok168 #sTok169 #sTok170 #sTok171 #sTok172"/>
		<!--Doublet of tryst .-->
		<mark id="sSpan647" xlink:href="#sTok173 #sTok174 #sTok175 #sTok176"/>
		<!--More at true , tree .-->
		<mark id="sSpan648" xlink:href="#sTok177 #sTok178 #sTok179 #sTok180 #sTok181 #sTok182"/>
		<!--Pronunciation-->
		<mark id="sSpan649" xlink:href="#sTok183"/>
		<!--enPR :-->
		<mark id="sSpan650" xlink:href="#sTok184 #sTok185"/>
		<!--trŭst ,-->
		<mark id="sSpan651" xlink:href="#sTok186 #sTok187"/>
		<!--IPA-->
		<mark id="sSpan652" xlink:href="#sTok188"/>
		<!--( key ) :-->
		<mark id="sSpan653" xlink:href="#sTok189 #sTok190 #sTok191 #sTok192"/>
		<!--/trʌst/ , [tɹʌst] , [tɹɐst] , [t͡ʃɹ-]-->
		<mark id="sSpan654" xlink:href="#sTok193 #sTok194 #sTok195 #sTok196 #sTok197 #sTok198 #sTok199"/>
		<!--( Northern England )-->
		<mark id="sSpan655" xlink:href="#sTok200 #sTok201 #sTok202 #sTok203"/>
		<!--IPA-->
		<mark id="sSpan656" xlink:href="#sTok204"/>
		<!--( key ) :-->
		<mark id="sSpan657" xlink:href="#sTok205 #sTok206 #sTok207 #sTok208"/>
		<!--/trʊst/-->
		<mark id="sSpan658" xlink:href="#sTok209"/>
		<!--Audio-->
		<mark id="sSpan659" xlink:href="#sTok210"/>
		<!--( GA )-->
		<mark id="sSpan660" xlink:href="#sTok211 #sTok212 #sTok213"/>
		<!--Rhymes :-->
		<mark id="sSpan661" xlink:href="#sTok214 #sTok215"/>
		<!---ʌst-->
		<mark id="sSpan662" xlink:href="#sTok216"/>
		<!--Noun-->
		<mark id="sSpan663" xlink:href="#sTok217"/>
		<!--trust-->
		<mark id="sSpan664" xlink:href="#sTok218"/>
		<!--( countable and uncountable , plural trusts )-->
		<mark id="sSpan665" xlink:href="#sTok219 #sTok220 #sTok221 #sTok222 #sTok223 #sTok224 #sTok225 #sTok226"/>
		<!--Confidence in or reliance on some person or quality .-->
		<mark id="sSpan666" xlink:href="#sTok227 #sTok228 #sTok229 #sTok230 #sTok231 #sTok232 #sTok233 #sTok234 #sTok235 #sTok236"/>
		<!--He needs to regain her trust-->
		<mark id="sSpan667" xlink:href="#sTok237 #sTok238 #sTok239 #sTok240 #sTok241 #sTok242"/>
		<!--if he is ever going to win her back .-->
		<mark id="sSpan668" xlink:href="#sTok243 #sTok244 #sTok245 #sTok246 #sTok247 #sTok248 #sTok249 #sTok250 #sTok251 #sTok252"/>
		<!--to lose trust in someone-->
		<mark id="sSpan669" xlink:href="#sTok253 #sTok254 #sTok255 #sTok256 #sTok257"/>
		<!--build up trust-->
		<mark id="sSpan670" xlink:href="#sTok258 #sTok259 #sTok260"/>
		<!--a relationship-->
		<mark id="sSpan671" xlink:href="#sTok261 #sTok262"/>
		<!--built on mutual trust-->
		<mark id="sSpan672" xlink:href="#sTok263 #sTok264 #sTok265 #sTok266"/>
		<!--Dependence upon something in the future ; hope .-->
		<mark id="sSpan673" xlink:href="#sTok267 #sTok268 #sTok269 #sTok270 #sTok271 #sTok272 #sTok273 #sTok274 #sTok275"/>
		<!--Confidence in the future payment for goods or services-->
		<mark id="sSpan674" xlink:href="#sTok276 #sTok277 #sTok278 #sTok279 #sTok280 #sTok281 #sTok282 #sTok283 #sTok284"/>
		<!--supplied ;-->
		<mark id="sSpan675" xlink:href="#sTok285 #sTok286"/>
		<!--credit .-->
		<mark id="sSpan676" xlink:href="#sTok287 #sTok288"/>
		<!--I was out of cash ,-->
		<mark id="sSpan677" xlink:href="#sTok289 #sTok290 #sTok291 #sTok292 #sTok293 #sTok294"/>
		<!--but the landlady let me have it on trust .-->
		<mark id="sSpan678" xlink:href="#sTok295 #sTok296 #sTok297 #sTok298 #sTok299 #sTok300 #sTok301 #sTok302 #sTok303 #sTok304"/>
		<!--That-->
		<mark id="sSpan679" xlink:href="#sTok305"/>
		<!--which is committed or entrusted ;-->
		<mark id="sSpan680" xlink:href="#sTok306 #sTok307 #sTok308 #sTok309 #sTok310 #sTok311"/>
		<!--something-->
		<mark id="sSpan681" xlink:href="#sTok312"/>
		<!--received in confidence ;-->
		<mark id="sSpan682" xlink:href="#sTok313 #sTok314 #sTok315 #sTok316"/>
		<!--a charge .-->
		<mark id="sSpan683" xlink:href="#sTok317 #sTok318 #sTok319"/>
		<!--That-->
		<mark id="sSpan684" xlink:href="#sTok320"/>
		<!--upon which confidence is reposed ;-->
		<mark id="sSpan685" xlink:href="#sTok321 #sTok322 #sTok323 #sTok324 #sTok325 #sTok326"/>
		<!--ground of reliance ; hope .-->
		<mark id="sSpan686" xlink:href="#sTok327 #sTok328 #sTok329 #sTok330 #sTok331 #sTok332"/>
		<!--( rare )-->
		<mark id="sSpan687" xlink:href="#sTok333 #sTok334 #sTok335"/>
		<!--Trustworthiness , reliability .-->
		<mark id="sSpan688" xlink:href="#sTok336 #sTok337 #sTok338 #sTok339"/>
		<!--The condition or obligation of one-->
		<mark id="sSpan689" xlink:href="#sTok340 #sTok341 #sTok342 #sTok343 #sTok344 #sTok345"/>
		<!--to whom anything is confided ;-->
		<mark id="sSpan690" xlink:href="#sTok346 #sTok347 #sTok348 #sTok349 #sTok350 #sTok351"/>
		<!--responsible charge or office .-->
		<mark id="sSpan691" xlink:href="#sTok352 #sTok353 #sTok354 #sTok355 #sTok356"/>
		<!--( law )-->
		<mark id="sSpan692" xlink:href="#sTok357 #sTok358 #sTok359"/>
		<!--The confidence-->
		<mark id="sSpan693" xlink:href="#sTok360 #sTok361"/>
		<!--vested in a person-->
		<mark id="sSpan694" xlink:href="#sTok362 #sTok363 #sTok364 #sTok365"/>
		<!--who has legal ownership of a property-->
		<mark id="sSpan695" xlink:href="#sTok366 #sTok367 #sTok368 #sTok369 #sTok370 #sTok371 #sTok372"/>
		<!--to manage for the benefit of another .-->
		<mark id="sSpan696" xlink:href="#sTok373 #sTok374 #sTok375 #sTok376 #sTok377 #sTok378 #sTok379 #sTok380"/>
		<!--I put the house into my sister 's trust .-->
		<mark id="sSpan697" xlink:href="#sTok381 #sTok382 #sTok383 #sTok384 #sTok385 #sTok386 #sTok387 #sTok388 #sTok389 #sTok390"/>
		<!--( law )-->
		<mark id="sSpan698" xlink:href="#sTok391 #sTok392 #sTok393"/>
		<!--An arrangement-->
		<mark id="sSpan699" xlink:href="#sTok394 #sTok395"/>
		<!--whereby property or money is given-->
		<mark id="sSpan700" xlink:href="#sTok396 #sTok397 #sTok398 #sTok399 #sTok400 #sTok401"/>
		<!--to be held by a third party-->
		<mark id="sSpan701" xlink:href="#sTok402 #sTok403 #sTok404 #sTok405 #sTok406 #sTok407 #sTok408"/>
		<!--( a trustee ) ,-->
		<mark id="sSpan702" xlink:href="#sTok409 #sTok410 #sTok411 #sTok412 #sTok413"/>
		<!--on the basis-->
		<mark id="sSpan703" xlink:href="#sTok414 #sTok415 #sTok416"/>
		<!--that it will be managed for the benefit of , or eventually transferred to , a stated beneficiary ;-->
		<mark id="sSpan704" xlink:href="#sTok417 #sTok418 #sTok419 #sTok420 #sTok421 #sTok422 #sTok423 #sTok424 #sTok425 #sTok426 #sTok427 #sTok428 #sTok429 #sTok430 #sTok431 #sTok432 #sTok433 #sTok434 #sTok435"/>
		<!--for example , money-->
		<mark id="sSpan705" xlink:href="#sTok436 #sTok437 #sTok438 #sTok439"/>
		<!--to be given to a child-->
		<mark id="sSpan706" xlink:href="#sTok440 #sTok441 #sTok442 #sTok443 #sTok444 #sTok445"/>
		<!--when he or she reaches adulthood .-->
		<mark id="sSpan707" xlink:href="#sTok446 #sTok447 #sTok448 #sTok449 #sTok450 #sTok451 #sTok452"/>
		<!--A group of businessmen or traders-->
		<mark id="sSpan708" xlink:href="#sTok453 #sTok454 #sTok455 #sTok456 #sTok457 #sTok458"/>
		<!--organised for mutual benefit-->
		<mark id="sSpan709" xlink:href="#sTok459 #sTok460 #sTok461 #sTok462"/>
		<!--to produce and distribute specific commodities or services ,-->
		<mark id="sSpan710" xlink:href="#sTok463 #sTok464 #sTok465 #sTok466 #sTok467 #sTok468 #sTok469 #sTok470 #sTok471"/>
		<!--and managed by a central body of trustees .-->
		<mark id="sSpan711" xlink:href="#sTok472 #sTok473 #sTok474 #sTok475 #sTok476 #sTok477 #sTok478 #sTok479 #sTok480"/>
		<!--( computing )-->
		<mark id="sSpan712" xlink:href="#sTok481 #sTok482 #sTok483"/>
		<!--Affirmation of the access rights of a user of a computer system .-->
		<mark id="sSpan713" xlink:href="#sTok484 #sTok485 #sTok486 #sTok487 #sTok488 #sTok489 #sTok490 #sTok491 #sTok492 #sTok493 #sTok494 #sTok495 #sTok496"/>
		<!--Synonyms-->
		<mark id="sSpan714" xlink:href="#sTok497"/>
		<!--( confidence in a person or quality )-->
		<mark id="sSpan715" xlink:href="#sTok498 #sTok499 #sTok500 #sTok501 #sTok502 #sTok503 #sTok504 #sTok505"/>
		<!--belief , confidence , faith-->
		<mark id="sSpan716" xlink:href="#sTok506 #sTok507 #sTok508 #sTok509 #sTok510"/>
		<!--( hope )-->
		<mark id="sSpan717" xlink:href="#sTok511 #sTok512 #sTok513"/>
		<!--expectation , hope-->
		<mark id="sSpan718" xlink:href="#sTok514 #sTok515 #sTok516"/>
		<!--Antonyms-->
		<mark id="sSpan719" xlink:href="#sTok517"/>
		<!--distrust-->
		<mark id="sSpan720" xlink:href="#sTok518"/>
		<!--mistrust-->
		<mark id="sSpan721" xlink:href="#sTok519"/>
		<!--untrust-->
		<mark id="sSpan722" xlink:href="#sTok520"/>
		<!--wantrust-->
		<mark id="sSpan723" xlink:href="#sTok521"/>
		<!--Verb-->
		<mark id="sSpan724" xlink:href="#sTok522"/>
		<!--trust-->
		<mark id="sSpan725" xlink:href="#sTok523"/>
		<!--( third - person singular simple present trusts ,-->
		<mark id="sSpan726" xlink:href="#sTok524 #sTok525 #sTok526 #sTok527 #sTok528 #sTok529 #sTok530 #sTok531 #sTok532"/>
		<!--present participle trusting ,-->
		<mark id="sSpan727" xlink:href="#sTok533 #sTok534 #sTok535 #sTok536"/>
		<!--simple past and past participle trusted )-->
		<mark id="sSpan728" xlink:href="#sTok537 #sTok538 #sTok539 #sTok540 #sTok541 #sTok542 #sTok543"/>
		<!--( transitive )-->
		<mark id="sSpan729" xlink:href="#sTok544 #sTok545 #sTok546"/>
		<!--To place confidence in ,-->
		<mark id="sSpan730" xlink:href="#sTok547 #sTok548 #sTok549 #sTok550 #sTok551"/>
		<!--to rely on ,-->
		<mark id="sSpan731" xlink:href="#sTok552 #sTok553 #sTok554 #sTok555"/>
		<!--to confide in .-->
		<mark id="sSpan732" xlink:href="#sTok556 #sTok557 #sTok558 #sTok559"/>
		<!--We can not trust anyone-->
		<mark id="sSpan733" xlink:href="#sTok560 #sTok561 #sTok562 #sTok563 #sTok564"/>
		<!--who deceives us .-->
		<mark id="sSpan734" xlink:href="#sTok565 #sTok566 #sTok567 #sTok568"/>
		<!--( intransitive , with in )-->
		<mark id="sSpan735" xlink:href="#sTok569 #sTok570 #sTok571 #sTok572 #sTok573 #sTok574"/>
		<!--To have faith in ;-->
		<mark id="sSpan736" xlink:href="#sTok575 #sTok576 #sTok577 #sTok578 #sTok579"/>
		<!--to rely on for continuing support or aid .-->
		<mark id="sSpan737" xlink:href="#sTok580 #sTok581 #sTok582 #sTok583 #sTok584 #sTok585 #sTok586 #sTok587 #sTok588"/>
		<!--In God We Trust-->
		<mark id="sSpan738" xlink:href="#sTok589 #sTok590 #sTok591 #sTok592"/>
		<!--( official US motto )-->
		<mark id="sSpan739" xlink:href="#sTok593 #sTok594 #sTok595 #sTok596 #sTok597"/>
		<!--( transitive )-->
		<mark id="sSpan740" xlink:href="#sTok598 #sTok599 #sTok600"/>
		<!--To give credence to ;-->
		<mark id="sSpan741" xlink:href="#sTok601 #sTok602 #sTok603 #sTok604 #sTok605"/>
		<!--to believe ;-->
		<mark id="sSpan742" xlink:href="#sTok606 #sTok607 #sTok608"/>
		<!--to credit .-->
		<mark id="sSpan743" xlink:href="#sTok609 #sTok610 #sTok611"/>
		<!--( transitive )-->
		<mark id="sSpan744" xlink:href="#sTok612 #sTok613 #sTok614"/>
		<!--To hope confidently ;-->
		<mark id="sSpan745" xlink:href="#sTok615 #sTok616 #sTok617 #sTok618"/>
		<!--to believe-->
		<mark id="sSpan746" xlink:href="#sTok619 #sTok620"/>
		<!--( usually with a phrase or infinitive clause as the object )-->
		<mark id="sSpan747" xlink:href="#sTok621 #sTok622 #sTok623 #sTok624 #sTok625 #sTok626 #sTok627 #sTok628 #sTok629 #sTok630 #sTok631 #sTok632"/>
		<!--I trust-->
		<mark id="sSpan748" xlink:href="#sTok633 #sTok634"/>
		<!--you have cleaned your room ?-->
		<mark id="sSpan749" xlink:href="#sTok635 #sTok636 #sTok637 #sTok638 #sTok639 #sTok640"/>
		<!--( transitive )-->
		<mark id="sSpan750" xlink:href="#sTok641 #sTok642 #sTok643"/>
		<!--to show confidence in a person-->
		<mark id="sSpan751" xlink:href="#sTok644 #sTok645 #sTok646 #sTok647 #sTok648 #sTok649"/>
		<!--by entrusting them with something .-->
		<mark id="sSpan752" xlink:href="#sTok650 #sTok651 #sTok652 #sTok653 #sTok654 #sTok655"/>
		<!--( transitive )-->
		<mark id="sSpan753" xlink:href="#sTok656 #sTok657 #sTok658"/>
		<!--To commit , as to one 's care ;-->
		<mark id="sSpan754" xlink:href="#sTok659 #sTok660 #sTok661 #sTok662 #sTok663 #sTok664 #sTok665 #sTok666 #sTok667"/>
		<!--to entrust .-->
		<mark id="sSpan755" xlink:href="#sTok668 #sTok669 #sTok670"/>
		<!--( transitive )-->
		<mark id="sSpan756" xlink:href="#sTok671 #sTok672 #sTok673"/>
		<!--To give credit to ;-->
		<mark id="sSpan757" xlink:href="#sTok674 #sTok675 #sTok676 #sTok677 #sTok678"/>
		<!--to sell to upon credit , or in confidence of future payment .-->
		<mark id="sSpan758" xlink:href="#sTok679 #sTok680 #sTok681 #sTok682 #sTok683 #sTok684 #sTok685 #sTok686 #sTok687 #sTok688 #sTok689 #sTok690 #sTok691"/>
		<!--Merchants and manufacturers trust their customers annually with goods .-->
		<mark id="sSpan759" xlink:href="#sTok692 #sTok693 #sTok694 #sTok695 #sTok696 #sTok697 #sTok698 #sTok699 #sTok700 #sTok701"/>
		<!--( intransitive followed by to-->
		<mark id="sSpan760" xlink:href="#sTok702 #sTok703 #sTok704 #sTok705 #sTok706"/>
		<!--To rely on ( something ) ,-->
		<mark id="sSpan761" xlink:href="#sTok707 #sTok708 #sTok709 #sTok710 #sTok711 #sTok712 #sTok713"/>
		<!--as though having trust-->
		<mark id="sSpan762" xlink:href="#sTok714 #sTok715 #sTok716 #sTok717"/>
		<!--( on it ) .-->
		<mark id="sSpan763" xlink:href="#sTok718 #sTok719 #sTok720 #sTok721 #sTok722"/>
		<!--to trust to luck-->
		<mark id="sSpan764" xlink:href="#sTok723 #sTok724 #sTok725 #sTok726"/>
		<!--Having lost the book ,-->
		<mark id="sSpan765" xlink:href="#sTok727 #sTok728 #sTok729 #sTok730 #sTok731"/>
		<!--he had to trust to his memory for further details .-->
		<mark id="sSpan766" xlink:href="#sTok732 #sTok733 #sTok734 #sTok735 #sTok736 #sTok737 #sTok738 #sTok739 #sTok740 #sTok741 #sTok742"/>
		<!--( archaic , transitive-->
		<mark id="sSpan767" xlink:href="#sTok743 #sTok744 #sTok745 #sTok746"/>
		<!--To risk ;-->
		<mark id="sSpan768" xlink:href="#sTok747 #sTok748 #sTok749"/>
		<!--to venture confidently .-->
		<mark id="sSpan769" xlink:href="#sTok750 #sTok751 #sTok752 #sTok753"/>
		<!--( intransitive )-->
		<mark id="sSpan770" xlink:href="#sTok754 #sTok755 #sTok756"/>
		<!--To have trust ;-->
		<mark id="sSpan771" xlink:href="#sTok757 #sTok758 #sTok759 #sTok760"/>
		<!--to be credulous ;-->
		<mark id="sSpan772" xlink:href="#sTok761 #sTok762 #sTok763 #sTok764"/>
		<!--to be won to confidence ;-->
		<mark id="sSpan773" xlink:href="#sTok765 #sTok766 #sTok767 #sTok768 #sTok769 #sTok770"/>
		<!--to confide .-->
		<mark id="sSpan774" xlink:href="#sTok771 #sTok772 #sTok773"/>
		<!--( archaic , intransitive-->
		<mark id="sSpan775" xlink:href="#sTok774 #sTok775 #sTok776 #sTok777"/>
		<!--To sell or deliver anything in reliance upon a promise of payment ;-->
		<mark id="sSpan776" xlink:href="#sTok778 #sTok779 #sTok780 #sTok781 #sTok782 #sTok783 #sTok784 #sTok785 #sTok786 #sTok787 #sTok788 #sTok789 #sTok790"/>
		<!--to give credit .-->
		<mark id="sSpan777" xlink:href="#sTok791 #sTok792 #sTok793 #sTok794"/>
		<!--Antonyms-->
		<mark id="sSpan778" xlink:href="#sTok795"/>
		<!--distrust-->
		<mark id="sSpan779" xlink:href="#sTok796"/>
		<!--mistrust-->
		<mark id="sSpan780" xlink:href="#sTok797"/>
		<!--Adjective-->
		<mark id="sSpan781" xlink:href="#sTok798"/>
		<!--trust-->
		<mark id="sSpan782" xlink:href="#sTok799"/>
		<!--( comparative more trust ,-->
		<mark id="sSpan783" xlink:href="#sTok800 #sTok801 #sTok802 #sTok803 #sTok804"/>
		<!--superlative most trust )-->
		<mark id="sSpan784" xlink:href="#sTok805 #sTok806 #sTok807 #sTok808"/>
		<!--( obsolete )-->
		<mark id="sSpan785" xlink:href="#sTok809 #sTok810 #sTok811"/>
		<!--Secure , safe .-->
		<mark id="sSpan786" xlink:href="#sTok812 #sTok813 #sTok814 #sTok815"/>
		<!--( obsolete )-->
		<mark id="sSpan787" xlink:href="#sTok816 #sTok817 #sTok818"/>
		<!--Faithful , dependable .-->
		<mark id="sSpan788" xlink:href="#sTok819 #sTok820 #sTok821 #sTok822"/>
		<!--( law )-->
		<mark id="sSpan789" xlink:href="#sTok823 #sTok824 #sTok825"/>
		<!--of or relating to a trust .-->
		<mark id="sSpan790" xlink:href="#sTok826 #sTok827 #sTok828 #sTok829 #sTok830 #sTok831 #sTok832"/></markList></paula>