<?xml version='1.0' encoding='UTF-8'?><!DOCTYPE paula SYSTEM "paula_feat.dtd">
<paula version="1.1">
	<header paula_id="tei.GENTLE_dictionary_trust.mark_w"/>
	<featList xmlns:xlink="http://www.w3.org/1999/xlink" type="w" xml:base="tei.GENTLE_dictionary_trust.mark.xml">
		<feat xlink:href="#sSpan804" value="w"/>
		<feat xlink:href="#sSpan809" value="w"/>
		<feat xlink:href="#sSpan810" value="w"/>
		<feat xlink:href="#sSpan814" value="w"/>
		<feat xlink:href="#sSpan844" value="w"/>
		<feat xlink:href="#sSpan850" value="w"/>
		<feat xlink:href="#sSpan953" value="w"/>
		<feat xlink:href="#sSpan966" value="w"/></featList></paula>