<?xml version='1.0' encoding='UTF-8'?><!DOCTYPE paula SYSTEM "paula_feat.dtd">
<paula version="1.1">
	<header paula_id="tei.GENTLE_dictionary_trust.mark_ref_target"/>
	<featList xmlns:xlink="http://www.w3.org/1999/xlink" type="ref_target" xml:base="tei.GENTLE_dictionary_trust.mark.xml">
		<feat xlink:href="#sSpan428" value="https://en.wikipedia.org/wiki/Middle_English"/>
		<feat xlink:href="#sSpan429" value="https://en.wiktionary.org/wiki/trust#Middle_English"/>
		<feat xlink:href="#sSpan431" value="https://en.wikipedia.org/wiki/Old_Norse"/>
		<feat xlink:href="#sSpan432" value="https://en.wiktionary.org/wiki/traust#Old_Norse"/>
		<feat xlink:href="#sSpan434" value="https://en.wikipedia.org/wiki/Proto-Germanic_language"/>
		<feat xlink:href="#sSpan435" value="https://en.wiktionary.org/wiki/Reconstruction:Proto-Germanic/traust%C4%85"/>
		<feat xlink:href="#sSpan436" value="https://en.wikipedia.org/wiki/Old_English"/>
		<feat xlink:href="#sSpan437" value="https://en.wiktionary.org/w/index.php?title=Reconstruction:Old_English/trust&amp;action=edit&amp;redlink=1"/>
		<feat xlink:href="#sSpan440" value="https://en.wikipedia.org/wiki/Middle_High_German"/>
		<feat xlink:href="#sSpan441" value="https://en.wiktionary.org/w/index.php?title=getr%C3%BCste&amp;action=edit&amp;redlink=1"/>
		<feat xlink:href="#sSpan444" value="https://en.wikipedia.org/wiki/Proto-Indo-European_language"/>
		<feat xlink:href="#sSpan445" value="https://en.wiktionary.org/w/index.php?title=Reconstruction:Proto-Indo-European/deru-&amp;action=edit&amp;redlink=1"/>
		<feat xlink:href="#sSpan448" value="https://en.wikipedia.org/wiki/Danish_language"/>
		<feat xlink:href="#sSpan449" value="https://en.wiktionary.org/wiki/tr%C3%B8st#Danish"/>
		<feat xlink:href="#sSpan450" value="https://en.wikipedia.org/wiki/Saterland_Frisian_language"/>
		<feat xlink:href="#sSpan451" value="https://en.wiktionary.org/wiki/Traast#Saterland_Frisian"/>
		<feat xlink:href="#sSpan452" value="https://en.wikipedia.org/wiki/West_Frisian_language"/>
		<feat xlink:href="#sSpan453" value="https://en.wiktionary.org/wiki/treast#West_Frisian"/>
		<feat xlink:href="#sSpan454" value="https://en.wikipedia.org/wiki/Dutch_language"/>
		<feat xlink:href="#sSpan455" value="https://en.wiktionary.org/wiki/troost#Dutch"/>
		<feat xlink:href="#sSpan456" value="https://en.wikipedia.org/wiki/German_language"/>
		<feat xlink:href="#sSpan457" value="https://en.wiktionary.org/wiki/Trost#German"/>
		<feat xlink:href="#sSpan458" value="https://en.wikipedia.org/wiki/Gothic_language"/>
		<feat xlink:href="#sSpan459" value="https://en.wiktionary.org/wiki/trausti#Gothic"/>
		<feat xlink:href="#sSpan460" value="https://en.wiktionary.org/wiki/Appendix:Glossary#doublet"/>
		<feat xlink:href="#sSpan462" value="https://en.wiktionary.org/wiki/tryst#English"/>
		<feat xlink:href="#sSpan464" value="https://en.wiktionary.org/wiki/true"/>
		<feat xlink:href="#sSpan465" value="https://en.wiktionary.org/wiki/tree"/>
		<feat xlink:href="#sSpan468" value="https://en.wiktionary.org/wiki/Appendix:English_pronunciation"/>
		<feat xlink:href="#sSpan472" value="https://en.wiktionary.org/wiki/Wiktionary:International_Phonetic_Alphabet"/>
		<feat xlink:href="#sSpan474" value="https://en.wiktionary.org/wiki/Appendix:English_pronunciation"/>
		<feat xlink:href="#sSpan477" value="https://en.wikipedia.org/wiki/English_language_in_Northern_England"/>
		<feat xlink:href="#sSpan478" value="https://en.wiktionary.org/wiki/Wiktionary:International_Phonetic_Alphabet"/>
		<feat xlink:href="#sSpan480" value="https://en.wiktionary.org/wiki/Appendix:English_pronunciation"/>
		<feat xlink:href="#sSpan485" value="https://en.wiktionary.org/wiki/Rhymes:English/%CA%8Cst"/>
		<feat xlink:href="#sSpan490" value="https://en.wiktionary.org/wiki/Appendix:Glossary#countable"/>
		<feat xlink:href="#sSpan492" value="https://en.wiktionary.org/wiki/Appendix:Glossary#uncountable"/>
		<feat xlink:href="#sSpan493" value="https://en.wiktionary.org/wiki/trusts#English"/>
		<feat xlink:href="#sSpan494" value="https://en.wiktionary.org/wiki/confidence"/>
		<feat xlink:href="#sSpan498" value="https://en.wiktionary.org/wiki/reliance"/>
		<feat xlink:href="#sSpan506" value="https://en.wiktionary.org/wiki/dependence"/>
		<feat xlink:href="#sSpan509" value="https://en.wiktionary.org/wiki/hope"/>
		<feat xlink:href="#sSpan512" value="https://en.wiktionary.org/wiki/credit"/>
		<feat xlink:href="#sSpan521" value="https://en.wiktionary.org/wiki/Appendix:Glossary#rare"/>
		<feat xlink:href="#sSpan522" value="https://en.wiktionary.org/wiki/trustworthiness"/>
		<feat xlink:href="#sSpan524" value="https://en.wiktionary.org/wiki/reliability"/>
		<feat xlink:href="#sSpan529" value="https://en.wiktionary.org/wiki/law#English"/>
		<feat xlink:href="#sSpan531" value="https://en.wiktionary.org/wiki/confidence"/>
		<feat xlink:href="#sSpan536" value="https://en.wiktionary.org/wiki/law#English"/>
		<feat xlink:href="#sSpan538" value="https://en.wiktionary.org/wiki/trustee"/>
		<feat xlink:href="#sSpan541" value="https://en.wiktionary.org/wiki/trustees"/>
		<feat xlink:href="#sSpan544" value="https://en.wiktionary.org/wiki/computing#Noun"/>
		<feat xlink:href="#sSpan546" value="https://en.wiktionary.org/wiki/access"/>
		<feat xlink:href="#sSpan547" value="https://en.wiktionary.org/wiki/right"/>
		<feat xlink:href="#sSpan548" value="https://en.wiktionary.org/wiki/user"/>
		<feat xlink:href="#sSpan555" value="https://en.wiktionary.org/wiki/belief#English"/>
		<feat xlink:href="#sSpan556" value="https://en.wiktionary.org/wiki/confidence#English"/>
		<feat xlink:href="#sSpan557" value="https://en.wiktionary.org/wiki/faith#English"/>
		<feat xlink:href="#sSpan561" value="https://en.wiktionary.org/wiki/expectation#English"/>
		<feat xlink:href="#sSpan562" value="https://en.wiktionary.org/wiki/hope#English"/>
		<feat xlink:href="#sSpan565" value="https://en.wiktionary.org/wiki/distrust#English"/>
		<feat xlink:href="#sSpan569" value="https://en.wiktionary.org/wiki/mistrust#English"/>
		<feat xlink:href="#sSpan572" value="https://en.wiktionary.org/wiki/untrust#English"/>
		<feat xlink:href="#sSpan575" value="https://en.wiktionary.org/wiki/wantrust#English"/>
		<feat xlink:href="#sSpan584" value="https://en.wiktionary.org/wiki/trusts#English"/>
		<feat xlink:href="#sSpan586" value="https://en.wiktionary.org/wiki/trusting#English"/>
		<feat xlink:href="#sSpan588" value="https://en.wiktionary.org/wiki/trusted#English"/>
		<feat xlink:href="#sSpan592" value="https://en.wiktionary.org/wiki/Appendix:Glossary#transitive"/>
		<feat xlink:href="#sSpan599" value="https://en.wiktionary.org/wiki/Appendix:Glossary#intransitive"/>
		<feat xlink:href="#sSpan600" value="https://en.wiktionary.org/wiki/in#English"/>
		<feat xlink:href="#sSpan602" value="https://en.wikipedia.org/wiki/In_God_We_Trust"/>
		<feat xlink:href="#sSpan607" value="https://en.wiktionary.org/wiki/Appendix:Glossary#transitive"/>
		<feat xlink:href="#sSpan609" value="https://en.wiktionary.org/wiki/credence"/>
		<feat xlink:href="#sSpan612" value="https://en.wiktionary.org/wiki/Appendix:Glossary#transitive"/>
		<feat xlink:href="#sSpan618" value="https://en.wiktionary.org/wiki/Appendix:Glossary#transitive"/>
		<feat xlink:href="#sSpan622" value="https://en.wiktionary.org/wiki/Appendix:Glossary#transitive"/>
		<feat xlink:href="#sSpan626" value="https://en.wiktionary.org/wiki/Appendix:Glossary#transitive"/>
		<feat xlink:href="#sSpan632" value="https://en.wiktionary.org/wiki/Appendix:Glossary#intransitive"/>
		<feat xlink:href="#sSpan633" value="https://en.wiktionary.org/wiki/to#English"/>
		<feat xlink:href="#sSpan641" value="https://en.wiktionary.org/wiki/Appendix:Glossary#archaic"/>
		<feat xlink:href="#sSpan642" value="https://en.wiktionary.org/wiki/Appendix:Glossary#transitive"/>
		<feat xlink:href="#sSpan646" value="https://en.wiktionary.org/wiki/Appendix:Glossary#intransitive"/>
		<feat xlink:href="#sSpan650" value="https://en.wiktionary.org/wiki/Appendix:Glossary#archaic"/>
		<feat xlink:href="#sSpan651" value="https://en.wiktionary.org/wiki/Appendix:Glossary#intransitive"/>
		<feat xlink:href="#sSpan655" value="https://en.wiktionary.org/wiki/distrust#English"/>
		<feat xlink:href="#sSpan659" value="https://en.wiktionary.org/wiki/mistrust#English"/>
		<feat xlink:href="#sSpan666" value="https://en.wiktionary.org/wiki/Appendix:Glossary#comparative"/>
		<feat xlink:href="#sSpan668" value="https://en.wiktionary.org/wiki/more#English"/>
		<feat xlink:href="#sSpan670" value="https://en.wiktionary.org/wiki/Appendix:Glossary#superlative"/>
		<feat xlink:href="#sSpan672" value="https://en.wiktionary.org/wiki/most#English"/>
		<feat xlink:href="#sSpan677" value="https://en.wiktionary.org/wiki/Appendix:Glossary#obsolete"/>
		<feat xlink:href="#sSpan679" value="https://en.wiktionary.org/wiki/secure"/>
		<feat xlink:href="#sSpan681" value="https://en.wiktionary.org/wiki/safe"/>
		<feat xlink:href="#sSpan684" value="https://en.wiktionary.org/wiki/Appendix:Glossary#obsolete"/>
		<feat xlink:href="#sSpan686" value="https://en.wiktionary.org/wiki/faithful"/>
		<feat xlink:href="#sSpan688" value="https://en.wiktionary.org/wiki/dependable"/>
		<feat xlink:href="#sSpan691" value="https://en.wiktionary.org/wiki/law#English"/></featList></paula>