<?xml version='1.0' encoding='UTF-8'?><!DOCTYPE paula SYSTEM "paula_feat.dtd">
<paula version="1.1">
	<header paula_id="tei.GENTLE_dictionary_trust.mark_s_transition"/>
	<featList xmlns:xlink="http://www.w3.org/1999/xlink" type="s_transition" xml:base="tei.GENTLE_dictionary_trust.mark.xml">
		<feat xlink:href="#sSpan791" value="establishment"/>
		<feat xlink:href="#sSpan793" value="null"/>
		<feat xlink:href="#sSpan796" value="null"/>
		<feat xlink:href="#sSpan797" value="null"/>
		<feat xlink:href="#sSpan801" value="establishment"/>
		<feat xlink:href="#sSpan813" value="zero"/>
		<feat xlink:href="#sSpan817" value="null"/>
		<feat xlink:href="#sSpan832" value="null"/>
		<feat xlink:href="#sSpan834" value="null"/>
		<feat xlink:href="#sSpan838" value="null"/>
		<feat xlink:href="#sSpan840" value="null"/>
		<feat xlink:href="#sSpan846" value="establishment"/>
		<feat xlink:href="#sSpan852" value="zero"/>
		<feat xlink:href="#sSpan854" value="null"/>
		<feat xlink:href="#sSpan858" value="null"/>
		<feat xlink:href="#sSpan860" value="null"/>
		<feat xlink:href="#sSpan866" value="null"/>
		<feat xlink:href="#sSpan870" value="null"/>
		<feat xlink:href="#sSpan872" value="null"/>
		<feat xlink:href="#sSpan874" value="null"/>
		<feat xlink:href="#sSpan876" value="null"/>
		<feat xlink:href="#sSpan878" value="null"/>
		<feat xlink:href="#sSpan881" value="null"/>
		<feat xlink:href="#sSpan884" value="null"/>
		<feat xlink:href="#sSpan886" value="null"/>
		<feat xlink:href="#sSpan888" value="null"/>
		<feat xlink:href="#sSpan890" value="null"/>
		<feat xlink:href="#sSpan894" value="null"/>
		<feat xlink:href="#sSpan896" value="null"/>
		<feat xlink:href="#sSpan898" value="null"/>
		<feat xlink:href="#sSpan901" value="null"/>
		<feat xlink:href="#sSpan903" value="null"/>
		<feat xlink:href="#sSpan905" value="null"/>
		<feat xlink:href="#sSpan908" value="null"/>
		<feat xlink:href="#sSpan910" value="null"/>
		<feat xlink:href="#sSpan913" value="null"/>
		<feat xlink:href="#sSpan916" value="null"/>
		<feat xlink:href="#sSpan921" value="null"/>
		<feat xlink:href="#sSpan922" value="null"/>
		<feat xlink:href="#sSpan929" value="null"/>
		<feat xlink:href="#sSpan935" value="null"/>
		<feat xlink:href="#sSpan937" value="null"/>
		<feat xlink:href="#sSpan941" value="null"/>
		<feat xlink:href="#sSpan944" value="null"/>
		<feat xlink:href="#sSpan947" value="null"/>
		<feat xlink:href="#sSpan950" value="null"/>
		<feat xlink:href="#sSpan952" value="establishment"/>
		<feat xlink:href="#sSpan960" value="zero"/>
		<feat xlink:href="#sSpan964" value="zero"/>
		<feat xlink:href="#sSpan965" value="null"/>
		<feat xlink:href="#sSpan968" value="null"/>
		<feat xlink:href="#sSpan972" value="null"/>
		<feat xlink:href="#sSpan974" value="null"/>
		<feat xlink:href="#sSpan976" value="null"/>
		<feat xlink:href="#sSpan979" value="null"/>
		<feat xlink:href="#sSpan981" value="null"/>
		<feat xlink:href="#sSpan984" value="null"/>
		<feat xlink:href="#sSpan985" value="null"/>
		<feat xlink:href="#sSpan987" value="null"/>
		<feat xlink:href="#sSpan990" value="null"/>
		<feat xlink:href="#sSpan991" value="null"/>
		<feat xlink:href="#sSpan994" value="null"/>
		<feat xlink:href="#sSpan995" value="null"/>
		<feat xlink:href="#sSpan998" value="null"/>
		<feat xlink:href="#sSpan999" value="null"/>
		<feat xlink:href="#sSpan1001" value="null"/>
		<feat xlink:href="#sSpan1005" value="null"/>
		<feat xlink:href="#sSpan1006" value="null"/>
		<feat xlink:href="#sSpan1008" value="null"/>
		<feat xlink:href="#sSpan1010" value="null"/>
		<feat xlink:href="#sSpan1014" value="null"/>
		<feat xlink:href="#sSpan1015" value="null"/>
		<feat xlink:href="#sSpan1018" value="null"/>
		<feat xlink:href="#sSpan1019" value="null"/>
		<feat xlink:href="#sSpan1023" value="null"/>
		<feat xlink:href="#sSpan1025" value="null"/>
		<feat xlink:href="#sSpan1027" value="null"/>
		<feat xlink:href="#sSpan1031" value="null"/>
		<feat xlink:href="#sSpan1034" value="null"/>
		<feat xlink:href="#sSpan1036" value="establishment"/>
		<feat xlink:href="#sSpan1045" value="zero"/>
		<feat xlink:href="#sSpan1051" value="null"/>
		<feat xlink:href="#sSpan1053" value="null"/>
		<feat xlink:href="#sSpan1058" value="null"/>
		<feat xlink:href="#sSpan1060" value="zero"/>
		<feat xlink:href="#sSpan1064" value="null"/></featList></paula>