<?xml version='1.0' encoding='UTF-8'?><!DOCTYPE paula SYSTEM "paula_feat.dtd">
<paula version="1.1">
	<header paula_id="tei.GENTLE_dictionary_trust.mark_list_type"/>
	<featList xmlns:xlink="http://www.w3.org/1999/xlink" type="list_type" xml:base="tei.GENTLE_dictionary_trust.mark.xml">
		<feat xlink:href="#sSpan468" value="unordered"/>
		<feat xlink:href="#sSpan494" value="ordered"/>
		<feat xlink:href="#sSpan550" value="unordered"/>
		<feat xlink:href="#sSpan565" value="unordered"/>
		<feat xlink:href="#sSpan588" value="ordered"/>
		<feat xlink:href="#sSpan655" value="unordered"/>
		<feat xlink:href="#sSpan673" value="ordered"/></featList></paula>