<?xml version='1.0' encoding='UTF-8'?><!DOCTYPE paula SYSTEM "paula_feat.dtd">
<paula version="1.1">
	<header paula_id="tei.GENTLE_dictionary_trust.mark_item"/>
	<featList xmlns:xlink="http://www.w3.org/1999/xlink" type="item" xml:base="tei.GENTLE_dictionary_trust.mark.xml">
		<feat xlink:href="#sSpan470" value="item"/>
		<feat xlink:href="#sSpan476" value="item"/>
		<feat xlink:href="#sSpan482" value="item"/>
		<feat xlink:href="#sSpan484" value="item"/>
		<feat xlink:href="#sSpan496" value="item"/>
		<feat xlink:href="#sSpan508" value="item"/>
		<feat xlink:href="#sSpan511" value="item"/>
		<feat xlink:href="#sSpan516" value="item"/>
		<feat xlink:href="#sSpan518" value="item"/>
		<feat xlink:href="#sSpan520" value="item"/>
		<feat xlink:href="#sSpan526" value="item"/>
		<feat xlink:href="#sSpan528" value="item"/>
		<feat xlink:href="#sSpan535" value="item"/>
		<feat xlink:href="#sSpan540" value="item"/>
		<feat xlink:href="#sSpan543" value="item"/>
		<feat xlink:href="#sSpan552" value="item"/>
		<feat xlink:href="#sSpan559" value="item"/>
		<feat xlink:href="#sSpan567" value="item"/>
		<feat xlink:href="#sSpan571" value="item"/>
		<feat xlink:href="#sSpan574" value="item"/>
		<feat xlink:href="#sSpan577" value="item"/>
		<feat xlink:href="#sSpan590" value="item"/>
		<feat xlink:href="#sSpan598" value="item"/>
		<feat xlink:href="#sSpan606" value="item"/>
		<feat xlink:href="#sSpan611" value="item"/>
		<feat xlink:href="#sSpan617" value="item"/>
		<feat xlink:href="#sSpan621" value="item"/>
		<feat xlink:href="#sSpan625" value="item"/>
		<feat xlink:href="#sSpan631" value="item"/>
		<feat xlink:href="#sSpan640" value="item"/>
		<feat xlink:href="#sSpan645" value="item"/>
		<feat xlink:href="#sSpan649" value="item"/>
		<feat xlink:href="#sSpan657" value="item"/>
		<feat xlink:href="#sSpan661" value="item"/>
		<feat xlink:href="#sSpan675" value="item"/>
		<feat xlink:href="#sSpan683" value="item"/>
		<feat xlink:href="#sSpan690" value="item"/></featList></paula>