<?xml version='1.0' encoding='UTF-8'?><!DOCTYPE paula SYSTEM "paula_feat.dtd">
<paula version="1.1">
	<header paula_id="tei.GENTLE_dictionary_trust.mark_ref_target"/>
	<featList xmlns:xlink="http://www.w3.org/1999/xlink" type="ref_target" xml:base="tei.GENTLE_dictionary_trust.mark.xml">
		<feat xlink:href="#sSpan799" value="https://en.wikipedia.org/wiki/Middle_English"/>
		<feat xlink:href="#sSpan800" value="https://en.wiktionary.org/wiki/trust#Middle_English"/>
		<feat xlink:href="#sSpan802" value="https://en.wikipedia.org/wiki/Old_Norse"/>
		<feat xlink:href="#sSpan803" value="https://en.wiktionary.org/wiki/traust#Old_Norse"/>
		<feat xlink:href="#sSpan805" value="https://en.wikipedia.org/wiki/Proto-Germanic_language"/>
		<feat xlink:href="#sSpan806" value="https://en.wiktionary.org/wiki/Reconstruction:Proto-Germanic/traust%C4%85"/>
		<feat xlink:href="#sSpan807" value="https://en.wikipedia.org/wiki/Old_English"/>
		<feat xlink:href="#sSpan808" value="https://en.wiktionary.org/w/index.php?title=Reconstruction:Old_English/trust&amp;action=edit&amp;redlink=1"/>
		<feat xlink:href="#sSpan811" value="https://en.wikipedia.org/wiki/Middle_High_German"/>
		<feat xlink:href="#sSpan812" value="https://en.wiktionary.org/w/index.php?title=getr%C3%BCste&amp;action=edit&amp;redlink=1"/>
		<feat xlink:href="#sSpan815" value="https://en.wikipedia.org/wiki/Proto-Indo-European_language"/>
		<feat xlink:href="#sSpan816" value="https://en.wiktionary.org/w/index.php?title=Reconstruction:Proto-Indo-European/deru-&amp;action=edit&amp;redlink=1"/>
		<feat xlink:href="#sSpan819" value="https://en.wikipedia.org/wiki/Danish_language"/>
		<feat xlink:href="#sSpan820" value="https://en.wiktionary.org/wiki/tr%C3%B8st#Danish"/>
		<feat xlink:href="#sSpan821" value="https://en.wikipedia.org/wiki/Saterland_Frisian_language"/>
		<feat xlink:href="#sSpan822" value="https://en.wiktionary.org/wiki/Traast#Saterland_Frisian"/>
		<feat xlink:href="#sSpan823" value="https://en.wikipedia.org/wiki/West_Frisian_language"/>
		<feat xlink:href="#sSpan824" value="https://en.wiktionary.org/wiki/treast#West_Frisian"/>
		<feat xlink:href="#sSpan825" value="https://en.wikipedia.org/wiki/Dutch_language"/>
		<feat xlink:href="#sSpan826" value="https://en.wiktionary.org/wiki/troost#Dutch"/>
		<feat xlink:href="#sSpan827" value="https://en.wikipedia.org/wiki/German_language"/>
		<feat xlink:href="#sSpan828" value="https://en.wiktionary.org/wiki/Trost#German"/>
		<feat xlink:href="#sSpan829" value="https://en.wikipedia.org/wiki/Gothic_language"/>
		<feat xlink:href="#sSpan830" value="https://en.wiktionary.org/wiki/trausti#Gothic"/>
		<feat xlink:href="#sSpan831" value="https://en.wiktionary.org/wiki/Appendix:Glossary#doublet"/>
		<feat xlink:href="#sSpan833" value="https://en.wiktionary.org/wiki/tryst#English"/>
		<feat xlink:href="#sSpan835" value="https://en.wiktionary.org/wiki/true"/>
		<feat xlink:href="#sSpan836" value="https://en.wiktionary.org/wiki/tree"/>
		<feat xlink:href="#sSpan839" value="https://en.wiktionary.org/wiki/Appendix:English_pronunciation"/>
		<feat xlink:href="#sSpan843" value="https://en.wiktionary.org/wiki/Wiktionary:International_Phonetic_Alphabet"/>
		<feat xlink:href="#sSpan845" value="https://en.wiktionary.org/wiki/Appendix:English_pronunciation"/>
		<feat xlink:href="#sSpan848" value="https://en.wikipedia.org/wiki/English_language_in_Northern_England"/>
		<feat xlink:href="#sSpan849" value="https://en.wiktionary.org/wiki/Wiktionary:International_Phonetic_Alphabet"/>
		<feat xlink:href="#sSpan851" value="https://en.wiktionary.org/wiki/Appendix:English_pronunciation"/>
		<feat xlink:href="#sSpan856" value="https://en.wiktionary.org/wiki/Rhymes:English/%CA%8Cst"/>
		<feat xlink:href="#sSpan861" value="https://en.wiktionary.org/wiki/Appendix:Glossary#countable"/>
		<feat xlink:href="#sSpan863" value="https://en.wiktionary.org/wiki/Appendix:Glossary#uncountable"/>
		<feat xlink:href="#sSpan864" value="https://en.wiktionary.org/wiki/trusts#English"/>
		<feat xlink:href="#sSpan865" value="https://en.wiktionary.org/wiki/confidence"/>
		<feat xlink:href="#sSpan869" value="https://en.wiktionary.org/wiki/reliance"/>
		<feat xlink:href="#sSpan877" value="https://en.wiktionary.org/wiki/dependence"/>
		<feat xlink:href="#sSpan880" value="https://en.wiktionary.org/wiki/hope"/>
		<feat xlink:href="#sSpan883" value="https://en.wiktionary.org/wiki/credit"/>
		<feat xlink:href="#sSpan892" value="https://en.wiktionary.org/wiki/Appendix:Glossary#rare"/>
		<feat xlink:href="#sSpan893" value="https://en.wiktionary.org/wiki/trustworthiness"/>
		<feat xlink:href="#sSpan895" value="https://en.wiktionary.org/wiki/reliability"/>
		<feat xlink:href="#sSpan900" value="https://en.wiktionary.org/wiki/law#English"/>
		<feat xlink:href="#sSpan902" value="https://en.wiktionary.org/wiki/confidence"/>
		<feat xlink:href="#sSpan907" value="https://en.wiktionary.org/wiki/law#English"/>
		<feat xlink:href="#sSpan909" value="https://en.wiktionary.org/wiki/trustee"/>
		<feat xlink:href="#sSpan912" value="https://en.wiktionary.org/wiki/trustees"/>
		<feat xlink:href="#sSpan915" value="https://en.wiktionary.org/wiki/computing#Noun"/>
		<feat xlink:href="#sSpan917" value="https://en.wiktionary.org/wiki/access"/>
		<feat xlink:href="#sSpan918" value="https://en.wiktionary.org/wiki/right"/>
		<feat xlink:href="#sSpan919" value="https://en.wiktionary.org/wiki/user"/>
		<feat xlink:href="#sSpan926" value="https://en.wiktionary.org/wiki/belief#English"/>
		<feat xlink:href="#sSpan927" value="https://en.wiktionary.org/wiki/confidence#English"/>
		<feat xlink:href="#sSpan928" value="https://en.wiktionary.org/wiki/faith#English"/>
		<feat xlink:href="#sSpan932" value="https://en.wiktionary.org/wiki/expectation#English"/>
		<feat xlink:href="#sSpan933" value="https://en.wiktionary.org/wiki/hope#English"/>
		<feat xlink:href="#sSpan936" value="https://en.wiktionary.org/wiki/distrust#English"/>
		<feat xlink:href="#sSpan940" value="https://en.wiktionary.org/wiki/mistrust#English"/>
		<feat xlink:href="#sSpan943" value="https://en.wiktionary.org/wiki/untrust#English"/>
		<feat xlink:href="#sSpan946" value="https://en.wiktionary.org/wiki/wantrust#English"/>
		<feat xlink:href="#sSpan955" value="https://en.wiktionary.org/wiki/trusts#English"/>
		<feat xlink:href="#sSpan957" value="https://en.wiktionary.org/wiki/trusting#English"/>
		<feat xlink:href="#sSpan959" value="https://en.wiktionary.org/wiki/trusted#English"/>
		<feat xlink:href="#sSpan963" value="https://en.wiktionary.org/wiki/Appendix:Glossary#transitive"/>
		<feat xlink:href="#sSpan970" value="https://en.wiktionary.org/wiki/Appendix:Glossary#intransitive"/>
		<feat xlink:href="#sSpan971" value="https://en.wiktionary.org/wiki/in#English"/>
		<feat xlink:href="#sSpan973" value="https://en.wikipedia.org/wiki/In_God_We_Trust"/>
		<feat xlink:href="#sSpan978" value="https://en.wiktionary.org/wiki/Appendix:Glossary#transitive"/>
		<feat xlink:href="#sSpan980" value="https://en.wiktionary.org/wiki/credence"/>
		<feat xlink:href="#sSpan983" value="https://en.wiktionary.org/wiki/Appendix:Glossary#transitive"/>
		<feat xlink:href="#sSpan989" value="https://en.wiktionary.org/wiki/Appendix:Glossary#transitive"/>
		<feat xlink:href="#sSpan993" value="https://en.wiktionary.org/wiki/Appendix:Glossary#transitive"/>
		<feat xlink:href="#sSpan997" value="https://en.wiktionary.org/wiki/Appendix:Glossary#transitive"/>
		<feat xlink:href="#sSpan1003" value="https://en.wiktionary.org/wiki/Appendix:Glossary#intransitive"/>
		<feat xlink:href="#sSpan1004" value="https://en.wiktionary.org/wiki/to#English"/>
		<feat xlink:href="#sSpan1012" value="https://en.wiktionary.org/wiki/Appendix:Glossary#archaic"/>
		<feat xlink:href="#sSpan1013" value="https://en.wiktionary.org/wiki/Appendix:Glossary#transitive"/>
		<feat xlink:href="#sSpan1017" value="https://en.wiktionary.org/wiki/Appendix:Glossary#intransitive"/>
		<feat xlink:href="#sSpan1021" value="https://en.wiktionary.org/wiki/Appendix:Glossary#archaic"/>
		<feat xlink:href="#sSpan1022" value="https://en.wiktionary.org/wiki/Appendix:Glossary#intransitive"/>
		<feat xlink:href="#sSpan1026" value="https://en.wiktionary.org/wiki/distrust#English"/>
		<feat xlink:href="#sSpan1030" value="https://en.wiktionary.org/wiki/mistrust#English"/>
		<feat xlink:href="#sSpan1037" value="https://en.wiktionary.org/wiki/Appendix:Glossary#comparative"/>
		<feat xlink:href="#sSpan1039" value="https://en.wiktionary.org/wiki/more#English"/>
		<feat xlink:href="#sSpan1041" value="https://en.wiktionary.org/wiki/Appendix:Glossary#superlative"/>
		<feat xlink:href="#sSpan1043" value="https://en.wiktionary.org/wiki/most#English"/>
		<feat xlink:href="#sSpan1048" value="https://en.wiktionary.org/wiki/Appendix:Glossary#obsolete"/>
		<feat xlink:href="#sSpan1050" value="https://en.wiktionary.org/wiki/secure"/>
		<feat xlink:href="#sSpan1052" value="https://en.wiktionary.org/wiki/safe"/>
		<feat xlink:href="#sSpan1055" value="https://en.wiktionary.org/wiki/Appendix:Glossary#obsolete"/>
		<feat xlink:href="#sSpan1057" value="https://en.wiktionary.org/wiki/faithful"/>
		<feat xlink:href="#sSpan1059" value="https://en.wiktionary.org/wiki/dependable"/>
		<feat xlink:href="#sSpan1062" value="https://en.wiktionary.org/wiki/law#English"/></featList></paula>