<?xml version='1.0' encoding='UTF-8'?><!DOCTYPE paula SYSTEM "paula_feat.dtd">
<paula version="1.1">
	<header paula_id="tei.GENTLE_dictionary_trust.mark_item"/>
	<featList xmlns:xlink="http://www.w3.org/1999/xlink" type="item" xml:base="tei.GENTLE_dictionary_trust.mark.xml">
		<feat xlink:href="#sSpan467" value="item"/>
		<feat xlink:href="#sSpan473" value="item"/>
		<feat xlink:href="#sSpan479" value="item"/>
		<feat xlink:href="#sSpan481" value="item"/>
		<feat xlink:href="#sSpan493" value="item"/>
		<feat xlink:href="#sSpan505" value="item"/>
		<feat xlink:href="#sSpan508" value="item"/>
		<feat xlink:href="#sSpan513" value="item"/>
		<feat xlink:href="#sSpan515" value="item"/>
		<feat xlink:href="#sSpan517" value="item"/>
		<feat xlink:href="#sSpan523" value="item"/>
		<feat xlink:href="#sSpan525" value="item"/>
		<feat xlink:href="#sSpan532" value="item"/>
		<feat xlink:href="#sSpan537" value="item"/>
		<feat xlink:href="#sSpan540" value="item"/>
		<feat xlink:href="#sSpan549" value="item"/>
		<feat xlink:href="#sSpan556" value="item"/>
		<feat xlink:href="#sSpan564" value="item"/>
		<feat xlink:href="#sSpan568" value="item"/>
		<feat xlink:href="#sSpan571" value="item"/>
		<feat xlink:href="#sSpan574" value="item"/>
		<feat xlink:href="#sSpan587" value="item"/>
		<feat xlink:href="#sSpan595" value="item"/>
		<feat xlink:href="#sSpan603" value="item"/>
		<feat xlink:href="#sSpan608" value="item"/>
		<feat xlink:href="#sSpan614" value="item"/>
		<feat xlink:href="#sSpan618" value="item"/>
		<feat xlink:href="#sSpan622" value="item"/>
		<feat xlink:href="#sSpan628" value="item"/>
		<feat xlink:href="#sSpan637" value="item"/>
		<feat xlink:href="#sSpan642" value="item"/>
		<feat xlink:href="#sSpan646" value="item"/>
		<feat xlink:href="#sSpan654" value="item"/>
		<feat xlink:href="#sSpan658" value="item"/>
		<feat xlink:href="#sSpan672" value="item"/>
		<feat xlink:href="#sSpan680" value="item"/>
		<feat xlink:href="#sSpan687" value="item"/></featList></paula>