<?xml version='1.0' encoding='UTF-8'?><!DOCTYPE paula SYSTEM "paula_feat.dtd">
<paula version="1.1">
	<header paula_id="const.GENTLE_esports_fifa.struct_func"/>
	<featList xmlns:xlink="http://www.w3.org/1999/xlink" type="func" xml:base="const.GENTLE_esports_fifa.struct.xml">
		<feat xlink:href="#sDomRel27" value="TMP"/>
		<feat xlink:href="#sDomRel29" value="SBJ"/>
		<feat xlink:href="#sDomRel44" value="DTV"/>
		<feat xlink:href="#sDomRel45" value="TMP"/>
		<feat xlink:href="#sDomRel46" value="SBJ"/>
		<feat xlink:href="#sDomRel48" value="TMP"/>
		<feat xlink:href="#sDomRel61" value="TMP"/>
		<feat xlink:href="#sDomRel63" value="DIR"/>
		<feat xlink:href="#sDomRel97" value="SBJ"/>
		<feat xlink:href="#sDomRel105" value="PRD"/>
		<feat xlink:href="#sDomRel114" value="SBJ"/>
		<feat xlink:href="#sDomRel116" value="SBJ"/>
		<feat xlink:href="#sDomRel137" value="TMP"/>
		<feat xlink:href="#sDomRel171" value="SBJ"/>
		<feat xlink:href="#sDomRel189" value="SBJ"/>
		<feat xlink:href="#sDomRel198" value="SBJ"/>
		<feat xlink:href="#sDomRel206" value="SBJ"/>
		<feat xlink:href="#sDomRel211" value="MNR"/>
		<feat xlink:href="#sDomRel215" value="PRD"/>
		<feat xlink:href="#sDomRel216" value="SBJ"/>
		<feat xlink:href="#sDomRel228" value="PRD"/>
		<feat xlink:href="#sDomRel229" value="ADV"/>
		<feat xlink:href="#sDomRel238" value="SBJ"/>
		<feat xlink:href="#sDomRel242" value="TMP"/>
		<feat xlink:href="#sDomRel245" value="TMP"/>
		<feat xlink:href="#sDomRel247" value="SBJ"/>
		<feat xlink:href="#sDomRel252" value="TMP"/>
		<feat xlink:href="#sDomRel256" value="TMP"/>
		<feat xlink:href="#sDomRel259" value="SBJ"/>
		<feat xlink:href="#sDomRel290" value="SBJ"/>
		<feat xlink:href="#sDomRel311" value="ADV"/>
		<feat xlink:href="#sDomRel314" value="NOM"/>
		<feat xlink:href="#sDomRel327" value="PRP"/>
		<feat xlink:href="#sDomRel335" value="SBJ"/>
		<feat xlink:href="#sDomRel347" value="SBJ"/>
		<feat xlink:href="#sDomRel364" value="SBJ"/>
		<feat xlink:href="#sDomRel375" value="SBJ"/>
		<feat xlink:href="#sDomRel387" value="SBJ"/>
		<feat xlink:href="#sDomRel416" value="TMP"/>
		<feat xlink:href="#sDomRel417" value="SBJ"/>
		<feat xlink:href="#sDomRel421" value="MNR"/>
		<feat xlink:href="#sDomRel432" value="PRD"/>
		<feat xlink:href="#sDomRel434" value="SBJ"/>
		<feat xlink:href="#sDomRel445" value="SBJ"/>
		<feat xlink:href="#sDomRel456" value="PRD"/>
		<feat xlink:href="#sDomRel464" value="PRD"/>
		<feat xlink:href="#sDomRel465" value="SBJ"/>
		<feat xlink:href="#sDomRel477" value="SBJ"/>
		<feat xlink:href="#sDomRel491" value="PRD"/>
		<feat xlink:href="#sDomRel492" value="SBJ"/>
		<feat xlink:href="#sDomRel502" value="LOC-PRD"/>
		<feat xlink:href="#sDomRel503" value="SBJ"/>
		<feat xlink:href="#sDomRel519" value="SBJ"/>
		<feat xlink:href="#sDomRel551" value="SBJ"/>
		<feat xlink:href="#sDomRel563" value="SBJ"/>
		<feat xlink:href="#sDomRel574" value="MNR"/>
		<feat xlink:href="#sDomRel584" value="SBJ"/>
		<feat xlink:href="#sDomRel594" value="PRD"/>
		<feat xlink:href="#sDomRel601" value="SBJ"/>
		<feat xlink:href="#sDomRel612" value="MNR"/>
		<feat xlink:href="#sDomRel623" value="TMP"/>
		<feat xlink:href="#sDomRel625" value="SBJ"/>
		<feat xlink:href="#sDomRel634" value="SBJ"/>
		<feat xlink:href="#sDomRel646" value="PRD"/>
		<feat xlink:href="#sDomRel654" value="SBJ"/>
		<feat xlink:href="#sDomRel659" value="SBJ"/>
		<feat xlink:href="#sDomRel665" value="TMP"/>
		<feat xlink:href="#sDomRel666" value="PRD"/>
		<feat xlink:href="#sDomRel667" value="SBJ"/>
		<feat xlink:href="#sDomRel682" value="SBJ"/>
		<feat xlink:href="#sDomRel724" value="SBJ"/>
		<feat xlink:href="#sDomRel735" value="LOC"/>
		<feat xlink:href="#sDomRel736" value="SBJ"/>
		<feat xlink:href="#sDomRel745" value="SBJ"/>
		<feat xlink:href="#sDomRel755" value="PRD"/>
		<feat xlink:href="#sDomRel764" value="SBJ"/>
		<feat xlink:href="#sDomRel782" value="TMP"/>
		<feat xlink:href="#sDomRel785" value="ADV"/>
		<feat xlink:href="#sDomRel788" value="ADV"/>
		<feat xlink:href="#sDomRel790" value="SBJ"/>
		<feat xlink:href="#sDomRel813" value="TMP"/>
		<feat xlink:href="#sDomRel831" value="SBJ"/>
		<feat xlink:href="#sDomRel836" value="SBJ"/>
		<feat xlink:href="#sDomRel847" value="PRD"/>
		<feat xlink:href="#sDomRel850" value="SBJ"/>
		<feat xlink:href="#sDomRel856" value="SBJ"/>
		<feat xlink:href="#sDomRel872" value="ADV"/>
		<feat xlink:href="#sDomRel873" value="SBJ"/>
		<feat xlink:href="#sDomRel885" value="PRD"/>
		<feat xlink:href="#sDomRel886" value="SBJ"/>
		<feat xlink:href="#sDomRel904" value="TMP"/>
		<feat xlink:href="#sDomRel906" value="PRD"/>
		<feat xlink:href="#sDomRel908" value="SBJ"/>
		<feat xlink:href="#sDomRel917" value="PRD"/>
		<feat xlink:href="#sDomRel918" value="SBJ"/>
		<feat xlink:href="#sDomRel920" value="PRD"/>
		<feat xlink:href="#sDomRel942" value="SBJ"/>
		<feat xlink:href="#sDomRel953" value="SBJ"/>
		<feat xlink:href="#sDomRel955" value="ADV"/>
		<feat xlink:href="#sDomRel992" value="SBJ"/>
		<feat xlink:href="#sDomRel1001" value="SBJ"/>
		<feat xlink:href="#sDomRel1011" value="ADV"/>
		<feat xlink:href="#sDomRel1016" value="LOC"/>
		<feat xlink:href="#sDomRel1022" value="SBJ"/>
		<feat xlink:href="#sDomRel1028" value="SBJ"/>
		<feat xlink:href="#sDomRel1037" value="SBJ"/>
		<feat xlink:href="#sDomRel1050" value="SBJ"/>
		<feat xlink:href="#sDomRel1055" value="SBJ"/>
		<feat xlink:href="#sDomRel1077" value="SBJ"/>
		<feat xlink:href="#sDomRel1084" value="SBJ"/>
		<feat xlink:href="#sDomRel1099" value="LOC"/>
		<feat xlink:href="#sDomRel1100" value="SBJ"/>
		<feat xlink:href="#sDomRel1107" value="VOC"/>
		<feat xlink:href="#sDomRel1141" value="SBJ"/>
		<feat xlink:href="#sDomRel1147" value="SBJ"/>
		<feat xlink:href="#sDomRel1161" value="PRD"/>
		<feat xlink:href="#sDomRel1169" value="SBJ"/>
		<feat xlink:href="#sDomRel1174" value="ADV"/>
		<feat xlink:href="#sDomRel1175" value="EXT"/>
		<feat xlink:href="#sDomRel1176" value="SBJ"/>
		<feat xlink:href="#sDomRel1187" value="SBJ"/>
		<feat xlink:href="#sDomRel1194" value="ADV"/>
		<feat xlink:href="#sDomRel1197" value="PRD"/>
		<feat xlink:href="#sDomRel1198" value="SBJ"/>
		<feat xlink:href="#sDomRel1219" value="SBJ"/>
		<feat xlink:href="#sDomRel1227" value="SBJ"/>
		<feat xlink:href="#sDomRel1245" value="NOM"/>
		<feat xlink:href="#sDomRel1248" value="ADV"/>
		<feat xlink:href="#sDomRel1265" value="TMP"/>
		<feat xlink:href="#sDomRel1277" value="DIR"/>
		<feat xlink:href="#sDomRel1280" value="TMP"/>
		<feat xlink:href="#sDomRel1282" value="SBJ"/>
		<feat xlink:href="#sDomRel1309" value="SBJ"/>
		<feat xlink:href="#sDomRel1330" value="DIR"/>
		<feat xlink:href="#sDomRel1342" value="LOC"/>
		<feat xlink:href="#sDomRel1355" value="SBJ"/>
		<feat xlink:href="#sDomRel1368" value="SBJ"/>
		<feat xlink:href="#sDomRel1383" value="NOM"/>
		<feat xlink:href="#sDomRel1397" value="SBJ"/>
		<feat xlink:href="#sDomRel1407" value="SBJ"/>
		<feat xlink:href="#sDomRel1411" value="SBJ"/>
		<feat xlink:href="#sDomRel1424" value="SBJ"/>
		<feat xlink:href="#sDomRel1425" value="PRD"/>
		<feat xlink:href="#sDomRel1448" value="PRD"/>
		<feat xlink:href="#sDomRel1449" value="SBJ"/>
		<feat xlink:href="#sDomRel1452" value="PRD"/>
		<feat xlink:href="#sDomRel1466" value="PRD"/>
		<feat xlink:href="#sDomRel1467" value="SBJ"/>
		<feat xlink:href="#sDomRel1474" value="SBJ"/>
		<feat xlink:href="#sDomRel1486" value="PRP"/>
		<feat xlink:href="#sDomRel1487" value="SBJ"/>
		<feat xlink:href="#sDomRel1500" value="SBJ"/>
		<feat xlink:href="#sDomRel1511" value="SBJ"/>
		<feat xlink:href="#sDomRel1514" value="PRD"/>
		<feat xlink:href="#sDomRel1522" value="ADV"/>
		<feat xlink:href="#sDomRel1524" value="SBJ"/>
		<feat xlink:href="#sDomRel1567" value="SBJ"/>
		<feat xlink:href="#sDomRel1572" value="SBJ"/>
		<feat xlink:href="#sDomRel1593" value="SBJ"/>
		<feat xlink:href="#sDomRel1602" value="SBJ"/>
		<feat xlink:href="#sDomRel1607" value="PRD"/>
		<feat xlink:href="#sDomRel1615" value="SBJ"/>
		<feat xlink:href="#sDomRel1627" value="SBJ"/>
		<feat xlink:href="#sDomRel1630" value="SBJ"/>
		<feat xlink:href="#sDomRel1642" value="PRD"/>
		<feat xlink:href="#sDomRel1643" value="SBJ"/>
		<feat xlink:href="#sDomRel1650" value="PRD"/>
		<feat xlink:href="#sDomRel1651" value="SBJ"/>
		<feat xlink:href="#sDomRel1670" value="DTV"/>
		<feat xlink:href="#sDomRel1671" value="SBJ"/>
		<feat xlink:href="#sDomRel1677" value="SBJ"/>
		<feat xlink:href="#sDomRel1697" value="SBJ"/>
		<feat xlink:href="#sDomRel1709" value="SBJ"/>
		<feat xlink:href="#sDomRel1718" value="SBJ"/>
		<feat xlink:href="#sDomRel1727" value="SBJ"/>
		<feat xlink:href="#sDomRel1745" value="DTV"/>
		<feat xlink:href="#sDomRel1751" value="SBJ"/>
		<feat xlink:href="#sDomRel1757" value="SBJ"/>
		<feat xlink:href="#sDomRel1762" value="SBJ"/>
		<feat xlink:href="#sDomRel1770" value="SBJ"/>
		<feat xlink:href="#sDomRel1781" value="SBJ"/></featList></paula>