<?xml version='1.0' encoding='UTF-8'?><!DOCTYPE paula SYSTEM "paula_feat.dtd">
<paula version="1.1">
	<header paula_id="const.GENTLE_esports_fifa.struct_func"/>
	<featList xmlns:xlink="http://www.w3.org/1999/xlink" type="func" xml:base="const.GENTLE_esports_fifa.struct.xml">
		<feat xlink:href="#sDomRel1187" value="TMP"/>
		<feat xlink:href="#sDomRel1189" value="SBJ"/>
		<feat xlink:href="#sDomRel1204" value="DTV"/>
		<feat xlink:href="#sDomRel1205" value="TMP"/>
		<feat xlink:href="#sDomRel1206" value="SBJ"/>
		<feat xlink:href="#sDomRel1208" value="TMP"/>
		<feat xlink:href="#sDomRel1221" value="TMP"/>
		<feat xlink:href="#sDomRel1223" value="DIR"/>
		<feat xlink:href="#sDomRel1257" value="SBJ"/>
		<feat xlink:href="#sDomRel1265" value="PRD"/>
		<feat xlink:href="#sDomRel1274" value="SBJ"/>
		<feat xlink:href="#sDomRel1276" value="SBJ"/>
		<feat xlink:href="#sDomRel1297" value="TMP"/>
		<feat xlink:href="#sDomRel1331" value="SBJ"/>
		<feat xlink:href="#sDomRel1349" value="SBJ"/>
		<feat xlink:href="#sDomRel1358" value="SBJ"/>
		<feat xlink:href="#sDomRel1366" value="SBJ"/>
		<feat xlink:href="#sDomRel1371" value="MNR"/>
		<feat xlink:href="#sDomRel1375" value="PRD"/>
		<feat xlink:href="#sDomRel1376" value="SBJ"/>
		<feat xlink:href="#sDomRel1388" value="PRD"/>
		<feat xlink:href="#sDomRel1389" value="ADV"/>
		<feat xlink:href="#sDomRel1398" value="SBJ"/>
		<feat xlink:href="#sDomRel1402" value="TMP"/>
		<feat xlink:href="#sDomRel1405" value="TMP"/>
		<feat xlink:href="#sDomRel1407" value="SBJ"/>
		<feat xlink:href="#sDomRel1412" value="TMP"/>
		<feat xlink:href="#sDomRel1416" value="TMP"/>
		<feat xlink:href="#sDomRel1419" value="SBJ"/>
		<feat xlink:href="#sDomRel1450" value="SBJ"/>
		<feat xlink:href="#sDomRel1471" value="ADV"/>
		<feat xlink:href="#sDomRel1474" value="NOM"/>
		<feat xlink:href="#sDomRel1487" value="PRP"/>
		<feat xlink:href="#sDomRel1495" value="SBJ"/>
		<feat xlink:href="#sDomRel1507" value="SBJ"/>
		<feat xlink:href="#sDomRel1524" value="SBJ"/>
		<feat xlink:href="#sDomRel1535" value="SBJ"/>
		<feat xlink:href="#sDomRel1547" value="SBJ"/>
		<feat xlink:href="#sDomRel1576" value="TMP"/>
		<feat xlink:href="#sDomRel1577" value="SBJ"/>
		<feat xlink:href="#sDomRel1581" value="MNR"/>
		<feat xlink:href="#sDomRel1592" value="PRD"/>
		<feat xlink:href="#sDomRel1594" value="SBJ"/>
		<feat xlink:href="#sDomRel1605" value="SBJ"/>
		<feat xlink:href="#sDomRel1624" value="SBJ"/>
		<feat xlink:href="#sDomRel1627" value="ADV"/>
		<feat xlink:href="#sDomRel1630" value="PRD"/>
		<feat xlink:href="#sDomRel1639" value="SBJ"/>
		<feat xlink:href="#sDomRel1653" value="PRD"/>
		<feat xlink:href="#sDomRel1654" value="SBJ"/>
		<feat xlink:href="#sDomRel1664" value="LOC-PRD"/>
		<feat xlink:href="#sDomRel1665" value="SBJ"/>
		<feat xlink:href="#sDomRel1681" value="SBJ"/>
		<feat xlink:href="#sDomRel1713" value="SBJ"/>
		<feat xlink:href="#sDomRel1724" value="ADV"/>
		<feat xlink:href="#sDomRel1725" value="SBJ"/>
		<feat xlink:href="#sDomRel1736" value="MNR"/>
		<feat xlink:href="#sDomRel1746" value="SBJ"/>
		<feat xlink:href="#sDomRel1756" value="PRD"/>
		<feat xlink:href="#sDomRel1763" value="SBJ"/>
		<feat xlink:href="#sDomRel1774" value="MNR"/>
		<feat xlink:href="#sDomRel1785" value="TMP"/>
		<feat xlink:href="#sDomRel1787" value="SBJ"/>
		<feat xlink:href="#sDomRel1796" value="SBJ"/>
		<feat xlink:href="#sDomRel1808" value="PRD"/>
		<feat xlink:href="#sDomRel1816" value="SBJ"/>
		<feat xlink:href="#sDomRel1821" value="SBJ"/>
		<feat xlink:href="#sDomRel1827" value="TMP"/>
		<feat xlink:href="#sDomRel1828" value="PRD"/>
		<feat xlink:href="#sDomRel1829" value="SBJ"/>
		<feat xlink:href="#sDomRel1844" value="SBJ"/>
		<feat xlink:href="#sDomRel1886" value="SBJ"/>
		<feat xlink:href="#sDomRel1897" value="LOC"/>
		<feat xlink:href="#sDomRel1898" value="SBJ"/>
		<feat xlink:href="#sDomRel1907" value="SBJ"/>
		<feat xlink:href="#sDomRel1917" value="PRD"/>
		<feat xlink:href="#sDomRel1926" value="SBJ"/>
		<feat xlink:href="#sDomRel1944" value="TMP"/>
		<feat xlink:href="#sDomRel1947" value="ADV"/>
		<feat xlink:href="#sDomRel1950" value="ADV"/>
		<feat xlink:href="#sDomRel1952" value="SBJ"/>
		<feat xlink:href="#sDomRel1975" value="TMP"/>
		<feat xlink:href="#sDomRel1993" value="SBJ"/>
		<feat xlink:href="#sDomRel1998" value="SBJ"/>
		<feat xlink:href="#sDomRel2009" value="PRD"/>
		<feat xlink:href="#sDomRel2012" value="SBJ"/>
		<feat xlink:href="#sDomRel2018" value="SBJ"/>
		<feat xlink:href="#sDomRel2034" value="ADV"/>
		<feat xlink:href="#sDomRel2035" value="SBJ"/>
		<feat xlink:href="#sDomRel2047" value="PRD"/>
		<feat xlink:href="#sDomRel2048" value="SBJ"/>
		<feat xlink:href="#sDomRel2066" value="TMP"/>
		<feat xlink:href="#sDomRel2068" value="PRD"/>
		<feat xlink:href="#sDomRel2070" value="SBJ"/>
		<feat xlink:href="#sDomRel2079" value="PRD"/>
		<feat xlink:href="#sDomRel2080" value="SBJ"/>
		<feat xlink:href="#sDomRel2082" value="PRD"/>
		<feat xlink:href="#sDomRel2104" value="SBJ"/>
		<feat xlink:href="#sDomRel2115" value="SBJ"/>
		<feat xlink:href="#sDomRel2154" value="SBJ"/>
		<feat xlink:href="#sDomRel2163" value="SBJ"/>
		<feat xlink:href="#sDomRel2173" value="ADV"/>
		<feat xlink:href="#sDomRel2178" value="LOC"/>
		<feat xlink:href="#sDomRel2184" value="SBJ"/>
		<feat xlink:href="#sDomRel2190" value="SBJ"/>
		<feat xlink:href="#sDomRel2199" value="SBJ"/>
		<feat xlink:href="#sDomRel2212" value="SBJ"/>
		<feat xlink:href="#sDomRel2217" value="SBJ"/>
		<feat xlink:href="#sDomRel2239" value="SBJ"/>
		<feat xlink:href="#sDomRel2246" value="SBJ"/>
		<feat xlink:href="#sDomRel2261" value="LOC"/>
		<feat xlink:href="#sDomRel2262" value="SBJ"/>
		<feat xlink:href="#sDomRel2269" value="SBJ"/>
		<feat xlink:href="#sDomRel2302" value="SBJ"/>
		<feat xlink:href="#sDomRel2308" value="SBJ"/>
		<feat xlink:href="#sDomRel2322" value="PRD"/>
		<feat xlink:href="#sDomRel2330" value="SBJ"/>
		<feat xlink:href="#sDomRel2335" value="ADV"/>
		<feat xlink:href="#sDomRel2336" value="TMP"/>
		<feat xlink:href="#sDomRel2337" value="SBJ"/>
		<feat xlink:href="#sDomRel2348" value="SBJ"/>
		<feat xlink:href="#sDomRel2350" value="TMP"/>
		<feat xlink:href="#sDomRel2355" value="ADV"/>
		<feat xlink:href="#sDomRel2358" value="PRD"/>
		<feat xlink:href="#sDomRel2359" value="SBJ"/>
		<feat xlink:href="#sDomRel2380" value="SBJ"/>
		<feat xlink:href="#sDomRel2388" value="SBJ"/>
		<feat xlink:href="#sDomRel2403" value="TMP"/>
		<feat xlink:href="#sDomRel2406" value="NOM"/>
		<feat xlink:href="#sDomRel2409" value="ADV"/>
		<feat xlink:href="#sDomRel2426" value="TMP"/>
		<feat xlink:href="#sDomRel2438" value="DIR"/>
		<feat xlink:href="#sDomRel2441" value="TMP"/>
		<feat xlink:href="#sDomRel2443" value="SBJ"/>
		<feat xlink:href="#sDomRel2470" value="SBJ"/>
		<feat xlink:href="#sDomRel2491" value="DIR"/>
		<feat xlink:href="#sDomRel2503" value="LOC"/>
		<feat xlink:href="#sDomRel2509" value="TMP"/>
		<feat xlink:href="#sDomRel2516" value="SBJ"/>
		<feat xlink:href="#sDomRel2529" value="SBJ"/>
		<feat xlink:href="#sDomRel2544" value="NOM"/>
		<feat xlink:href="#sDomRel2552" value="PRD"/>
		<feat xlink:href="#sDomRel2561" value="SBJ"/>
		<feat xlink:href="#sDomRel2571" value="SBJ"/>
		<feat xlink:href="#sDomRel2575" value="SBJ"/>
		<feat xlink:href="#sDomRel2586" value="SBJ"/>
		<feat xlink:href="#sDomRel2587" value="PRD"/>
		<feat xlink:href="#sDomRel2599" value="TMP"/>
		<feat xlink:href="#sDomRel2610" value="PRD"/>
		<feat xlink:href="#sDomRel2611" value="SBJ"/>
		<feat xlink:href="#sDomRel2614" value="PRD"/>
		<feat xlink:href="#sDomRel2628" value="PRD"/>
		<feat xlink:href="#sDomRel2629" value="SBJ"/>
		<feat xlink:href="#sDomRel2636" value="SBJ"/>
		<feat xlink:href="#sDomRel2648" value="PRP"/>
		<feat xlink:href="#sDomRel2649" value="SBJ"/>
		<feat xlink:href="#sDomRel2662" value="SBJ"/>
		<feat xlink:href="#sDomRel2673" value="SBJ"/>
		<feat xlink:href="#sDomRel2676" value="PRD"/>
		<feat xlink:href="#sDomRel2684" value="ADV"/>
		<feat xlink:href="#sDomRel2686" value="SBJ"/>
		<feat xlink:href="#sDomRel2729" value="SBJ"/>
		<feat xlink:href="#sDomRel2734" value="SBJ"/>
		<feat xlink:href="#sDomRel2755" value="SBJ"/>
		<feat xlink:href="#sDomRel2764" value="SBJ"/>
		<feat xlink:href="#sDomRel2769" value="PRD"/>
		<feat xlink:href="#sDomRel2777" value="SBJ"/>
		<feat xlink:href="#sDomRel2789" value="SBJ"/>
		<feat xlink:href="#sDomRel2792" value="SBJ"/>
		<feat xlink:href="#sDomRel2804" value="PRD"/>
		<feat xlink:href="#sDomRel2805" value="SBJ"/>
		<feat xlink:href="#sDomRel2812" value="PRD"/>
		<feat xlink:href="#sDomRel2813" value="SBJ"/>
		<feat xlink:href="#sDomRel2832" value="DTV"/>
		<feat xlink:href="#sDomRel2833" value="SBJ"/>
		<feat xlink:href="#sDomRel2839" value="SBJ"/>
		<feat xlink:href="#sDomRel2858" value="TMP"/>
		<feat xlink:href="#sDomRel2859" value="SBJ"/>
		<feat xlink:href="#sDomRel2871" value="SBJ"/>
		<feat xlink:href="#sDomRel2880" value="SBJ"/>
		<feat xlink:href="#sDomRel2889" value="SBJ"/>
		<feat xlink:href="#sDomRel2907" value="DTV"/>
		<feat xlink:href="#sDomRel2913" value="SBJ"/>
		<feat xlink:href="#sDomRel2919" value="SBJ"/>
		<feat xlink:href="#sDomRel2924" value="SBJ"/>
		<feat xlink:href="#sDomRel2932" value="SBJ"/>
		<feat xlink:href="#sDomRel2943" value="SBJ"/></featList></paula>