<?xml version='1.0' encoding='UTF-8'?><!DOCTYPE paula SYSTEM "paula_feat.dtd">
<paula version="1.1">
	<header paula_id="dep.GENTLE_esports_fifa.dep_func"/>
	<featList xmlns:xlink="http://www.w3.org/1999/xlink" type="func" xml:base="dep.GENTLE_esports_fifa.dep.xml">
		<feat xlink:href="#sPointingRel1" value="advmod"/>
		<feat xlink:href="#sPointingRel2" value="case"/>
		<feat xlink:href="#sPointingRel3" value="amod"/>
		<feat xlink:href="#sPointingRel4" value="nmod:poss"/>
		<feat xlink:href="#sPointingRel5" value="case"/>
		<feat xlink:href="#sPointingRel6" value="amod"/>
		<feat xlink:href="#sPointingRel7" value="obl"/>
		<feat xlink:href="#sPointingRel10" value="advmod"/>
		<feat xlink:href="#sPointingRel12" value="dislocated"/>
		<feat xlink:href="#sPointingRel13" value="nsubj"/>
		<feat xlink:href="#sPointingRel15" value="acl:relcl"/>
		<feat xlink:href="#sPointingRel16" value="obj"/>
		<feat xlink:href="#sPointingRel17" value="case"/>
		<feat xlink:href="#sPointingRel18" value="det"/>
		<feat xlink:href="#sPointingRel19" value="amod"/>
		<feat xlink:href="#sPointingRel20" value="obl"/>
		<feat xlink:href="#sPointingRel22" value="case"/>
		<feat xlink:href="#sPointingRel23" value="det"/>
		<feat xlink:href="#sPointingRel24" value="compound"/>
		<feat xlink:href="#sPointingRel25" value="compound"/>
		<feat xlink:href="#sPointingRel26" value="nmod"/>
		<feat xlink:href="#sPointingRel28" value="cc"/>
		<feat xlink:href="#sPointingRel29" value="advmod"/>
		<feat xlink:href="#sPointingRel30" value="nsubj"/>
		<feat xlink:href="#sPointingRel31" value="conj"/>
		<feat xlink:href="#sPointingRel34" value="obj"/>
		<feat xlink:href="#sPointingRel35" value="case"/>
		<feat xlink:href="#sPointingRel36" value="obl"/>
		<feat xlink:href="#sPointingRel38" value="case"/>
		<feat xlink:href="#sPointingRel39" value="det"/>
		<feat xlink:href="#sPointingRel40" value="amod"/>
		<feat xlink:href="#sPointingRel41" value="obl"/>
		<feat xlink:href="#sPointingRel43" value="punct"/>
		<feat xlink:href="#sPointingRel44" value="cc"/>
		<feat xlink:href="#sPointingRel45" value="advmod"/>
		<feat xlink:href="#sPointingRel46" value="conj"/>
		<feat xlink:href="#sPointingRel49" value="case"/>
		<feat xlink:href="#sPointingRel50" value="det"/>
		<feat xlink:href="#sPointingRel51" value="obl"/>
		<feat xlink:href="#sPointingRel53" value="case"/>
		<feat xlink:href="#sPointingRel54" value="compound"/>
		<feat xlink:href="#sPointingRel55" value="nmod"/>
		<feat xlink:href="#sPointingRel57" value="punct"/>
		<feat xlink:href="#sPointingRel58" value="nmod:poss"/>
		<feat xlink:href="#sPointingRel59" value="case"/>
		<feat xlink:href="#sPointingRel60" value="nsubj"/>
		<feat xlink:href="#sPointingRel62" value="aux"/>
		<feat xlink:href="#sPointingRel63" value="mark"/>
		<feat xlink:href="#sPointingRel64" value="xcomp"/>
		<feat xlink:href="#sPointingRel65" value="compound:prt"/>
		<feat xlink:href="#sPointingRel66" value="case"/>
		<feat xlink:href="#sPointingRel67" value="nummod"/>
		<feat xlink:href="#sPointingRel68" value="obl"/>
		<feat xlink:href="#sPointingRel71" value="nsubj"/>
		<feat xlink:href="#sPointingRel73" value="nsubj"/>
		<feat xlink:href="#sPointingRel74" value="parataxis"/>
		<feat xlink:href="#sPointingRel75" value="cop"/>
		<feat xlink:href="#sPointingRel76" value="advmod"/>
		<feat xlink:href="#sPointingRel77" value="advmod"/>
		<feat xlink:href="#sPointingRel78" value="acl:relcl"/>
		<feat xlink:href="#sPointingRel79" value="case"/>
		<feat xlink:href="#sPointingRel80" value="det"/>
		<feat xlink:href="#sPointingRel81" value="amod"/>
		<feat xlink:href="#sPointingRel82" value="obl"/>
		<feat xlink:href="#sPointingRel84" value="case"/>
		<feat xlink:href="#sPointingRel85" value="nmod"/>
		<feat xlink:href="#sPointingRel87" value="nsubj"/>
		<feat xlink:href="#sPointingRel88" value="aux"/>
		<feat xlink:href="#sPointingRel89" value="acl:relcl"/>
		<feat xlink:href="#sPointingRel90" value="punct"/>
		<feat xlink:href="#sPointingRel91" value="cc"/>
		<feat xlink:href="#sPointingRel92" value="advmod"/>
		<feat xlink:href="#sPointingRel93" value="case"/>
		<feat xlink:href="#sPointingRel94" value="discourse"/>
		<feat xlink:href="#sPointingRel95" value="obl"/>
		<feat xlink:href="#sPointingRel97" value="case"/>
		<feat xlink:href="#sPointingRel98" value="obl"/>
		<feat xlink:href="#sPointingRel100" value="punct"/>
		<feat xlink:href="#sPointingRel101" value="nsubj"/>
		<feat xlink:href="#sPointingRel102" value="conj"/>
		<feat xlink:href="#sPointingRel105" value="compound"/>
		<feat xlink:href="#sPointingRel106" value="obj"/>
		<feat xlink:href="#sPointingRel107" value="case"/>
		<feat xlink:href="#sPointingRel108" value="det"/>
		<feat xlink:href="#sPointingRel109" value="amod"/>
		<feat xlink:href="#sPointingRel110" value="obl"/>
		<feat xlink:href="#sPointingRel112" value="case"/>
		<feat xlink:href="#sPointingRel113" value="det"/>
		<feat xlink:href="#sPointingRel114" value="nmod"/>
		<feat xlink:href="#sPointingRel116" value="punct"/>
		<feat xlink:href="#sPointingRel117" value="nsubj"/>
		<feat xlink:href="#sPointingRel120" value="aux"/>
		<feat xlink:href="#sPointingRel121" value="advcl:relcl"/>
		<feat xlink:href="#sPointingRel122" value="mark"/>
		<feat xlink:href="#sPointingRel123" value="cop"/>
		<feat xlink:href="#sPointingRel124" value="advmod"/>
		<feat xlink:href="#sPointingRel125" value="xcomp"/>
		<feat xlink:href="#sPointingRel126" value="case"/>
		<feat xlink:href="#sPointingRel127" value="det"/>
		<feat xlink:href="#sPointingRel128" value="amod"/>
		<feat xlink:href="#sPointingRel129" value="nmod"/>
		<feat xlink:href="#sPointingRel131" value="nsubj"/>
		<feat xlink:href="#sPointingRel133" value="aux"/>
		<feat xlink:href="#sPointingRel134" value="advcl:relcl"/>
		<feat xlink:href="#sPointingRel135" value="mark"/>
		<feat xlink:href="#sPointingRel136" value="aux"/>
		<feat xlink:href="#sPointingRel137" value="xcomp"/>
		<feat xlink:href="#sPointingRel138" value="mark"/>
		<feat xlink:href="#sPointingRel139" value="nsubj"/>
		<feat xlink:href="#sPointingRel140" value="aux"/>
		<feat xlink:href="#sPointingRel141" value="advcl"/>
		<feat xlink:href="#sPointingRel143" value="iobj"/>
		<feat xlink:href="#sPointingRel144" value="nmod:poss"/>
		<feat xlink:href="#sPointingRel145" value="obj"/>
		<feat xlink:href="#sPointingRel146" value="cc"/>
		<feat xlink:href="#sPointingRel147" value="compound"/>
		<feat xlink:href="#sPointingRel148" value="dislocated"/>
		<feat xlink:href="#sPointingRel149" value="nsubj"/>
		<feat xlink:href="#sPointingRel150" value="conj"/>
		<feat xlink:href="#sPointingRel153" value="det"/>
		<feat xlink:href="#sPointingRel154" value="obj"/>
		<feat xlink:href="#sPointingRel155" value="nsubj"/>
		<feat xlink:href="#sPointingRel156" value="acl:relcl"/>
		<feat xlink:href="#sPointingRel157" value="punct"/>
		<feat xlink:href="#sPointingRel158" value="nsubj"/>
		<feat xlink:href="#sPointingRel159" value="cop"/>
		<feat xlink:href="#sPointingRel160" value="advmod"/>
		<feat xlink:href="#sPointingRel161" value="case"/>
		<feat xlink:href="#sPointingRel162" value="parataxis"/>
		<feat xlink:href="#sPointingRel163" value="punct"/>
		<feat xlink:href="#sPointingRel164" value="discourse"/>
		<feat xlink:href="#sPointingRel165" value="nsubj"/>
		<feat xlink:href="#sPointingRel167" value="aux"/>
		<feat xlink:href="#sPointingRel168" value="advmod"/>
		<feat xlink:href="#sPointingRel169" value="reparandum"/>
		<feat xlink:href="#sPointingRel170" value="xcomp"/>
		<feat xlink:href="#sPointingRel171" value="compound:prt"/>
		<feat xlink:href="#sPointingRel172" value="advmod"/>
		<feat xlink:href="#sPointingRel173" value="case"/>
		<feat xlink:href="#sPointingRel174" value="det"/>
		<feat xlink:href="#sPointingRel175" value="amod"/>
		<feat xlink:href="#sPointingRel176" value="obl"/>
		<feat xlink:href="#sPointingRel178" value="case"/>
		<feat xlink:href="#sPointingRel179" value="nmod"/>
		<feat xlink:href="#sPointingRel181" value="punct"/>
		<feat xlink:href="#sPointingRel182" value="nsubj"/>
		<feat xlink:href="#sPointingRel184" value="aux"/>
		<feat xlink:href="#sPointingRel185" value="mark"/>
		<feat xlink:href="#sPointingRel186" value="xcomp"/>
		<feat xlink:href="#sPointingRel187" value="obj"/>
		<feat xlink:href="#sPointingRel188" value="case"/>
		<feat xlink:href="#sPointingRel189" value="det"/>
		<feat xlink:href="#sPointingRel190" value="nummod"/>
		<feat xlink:href="#sPointingRel191" value="nmod"/>
		<feat xlink:href="#sPointingRel193" value="advmod"/>
		<feat xlink:href="#sPointingRel194" value="mark"/>
		<feat xlink:href="#sPointingRel195" value="advcl"/>
		<feat xlink:href="#sPointingRel197" value="case"/>
		<feat xlink:href="#sPointingRel198" value="det"/>
		<feat xlink:href="#sPointingRel199" value="obl"/>
		<feat xlink:href="#sPointingRel201" value="mark"/>
		<feat xlink:href="#sPointingRel202" value="acl"/>
		<feat xlink:href="#sPointingRel204" value="obj"/>
		<feat xlink:href="#sPointingRel205" value="det"/>
		<feat xlink:href="#sPointingRel206" value="obl:unmarked"/>
		<feat xlink:href="#sPointingRel207" value="punct"/>
		<feat xlink:href="#sPointingRel208" value="nsubj"/>
		<feat xlink:href="#sPointingRel209" value="aux"/>
		<feat xlink:href="#sPointingRel210" value="det"/>
		<feat xlink:href="#sPointingRel211" value="advmod"/>
		<feat xlink:href="#sPointingRel212" value="amod"/>
		<feat xlink:href="#sPointingRel213" value="obj"/>
		<feat xlink:href="#sPointingRel214" value="nsubj"/>
		<feat xlink:href="#sPointingRel215" value="parataxis"/>
		<feat xlink:href="#sPointingRel216" value="punct"/>
		<feat xlink:href="#sPointingRel217" value="nsubj"/>
		<feat xlink:href="#sPointingRel218" value="flat"/>
		<feat xlink:href="#sPointingRel219" value="flat"/>
		<feat xlink:href="#sPointingRel220" value="cc"/>
		<feat xlink:href="#sPointingRel221" value="conj"/>
		<feat xlink:href="#sPointingRel224" value="parataxis"/>
		<feat xlink:href="#sPointingRel225" value="case"/>
		<feat xlink:href="#sPointingRel226" value="compound"/>
		<feat xlink:href="#sPointingRel227" value="case"/>
		<feat xlink:href="#sPointingRel228" value="nmod"/>
		<feat xlink:href="#sPointingRel230" value="obl"/>
		<feat xlink:href="#sPointingRel232" value="punct"/>
		<feat xlink:href="#sPointingRel233" value="nsubj"/>
		<feat xlink:href="#sPointingRel234" value="iobj"/>
		<feat xlink:href="#sPointingRel235" value="det"/>
		<feat xlink:href="#sPointingRel236" value="amod"/>
		<feat xlink:href="#sPointingRel237" value="obj"/>
		<feat xlink:href="#sPointingRel238" value="punct"/>
		<feat xlink:href="#sPointingRel239" value="discourse"/>
		<feat xlink:href="#sPointingRel240" value="nsubj"/>
		<feat xlink:href="#sPointingRel241" value="aux"/>
		<feat xlink:href="#sPointingRel242" value="mark"/>
		<feat xlink:href="#sPointingRel243" value="advmod"/>
		<feat xlink:href="#sPointingRel244" value="case"/>
		<feat xlink:href="#sPointingRel245" value="det"/>
		<feat xlink:href="#sPointingRel246" value="obl"/>
		<feat xlink:href="#sPointingRel248" value="dep"/>
		<feat xlink:href="#sPointingRel249" value="nsubj"/>
		<feat xlink:href="#sPointingRel250" value="aux"/>
		<feat xlink:href="#sPointingRel251" value="advmod"/>
		<feat xlink:href="#sPointingRel252" value="ccomp"/>
		<feat xlink:href="#sPointingRel253" value="advmod"/>
		<feat xlink:href="#sPointingRel254" value="case"/>
		<feat xlink:href="#sPointingRel255" value="det"/>
		<feat xlink:href="#sPointingRel256" value="obl"/>
		<feat xlink:href="#sPointingRel258" value="nummod"/>
		<feat xlink:href="#sPointingRel259" value="parataxis"/>
		<feat xlink:href="#sPointingRel260" value="cc"/>
		<feat xlink:href="#sPointingRel261" value="advmod"/>
		<feat xlink:href="#sPointingRel262" value="case"/>
		<feat xlink:href="#sPointingRel263" value="conj"/>
		<feat xlink:href="#sPointingRel266" value="cop"/>
		<feat xlink:href="#sPointingRel267" value="nsubj"/>
		<feat xlink:href="#sPointingRel268" value="conj"/>
		<feat xlink:href="#sPointingRel270" value="case"/>
		<feat xlink:href="#sPointingRel271" value="nmod"/>
		<feat xlink:href="#sPointingRel273" value="punct"/>
		<feat xlink:href="#sPointingRel274" value="det"/>
		<feat xlink:href="#sPointingRel275" value="nsubj"/>
		<feat xlink:href="#sPointingRel277" value="aux"/>
		<feat xlink:href="#sPointingRel278" value="mark"/>
		<feat xlink:href="#sPointingRel279" value="cop"/>
		<feat xlink:href="#sPointingRel280" value="xcomp"/>
		<feat xlink:href="#sPointingRel281" value="det:predet"/>
		<feat xlink:href="#sPointingRel282" value="det"/>
		<feat xlink:href="#sPointingRel283" value="obl:unmarked"/>
		<feat xlink:href="#sPointingRel284" value="nsubj"/>
		<feat xlink:href="#sPointingRel285" value="cop"/>
		<feat xlink:href="#sPointingRel286" value="advmod"/>
		<feat xlink:href="#sPointingRel287" value="advmod"/>
		<feat xlink:href="#sPointingRel288" value="advmod"/>
		<feat xlink:href="#sPointingRel289" value="parataxis"/>
		<feat xlink:href="#sPointingRel290" value="punct"/>
		<feat xlink:href="#sPointingRel291" value="nsubj"/>
		<feat xlink:href="#sPointingRel292" value="cop"/>
		<feat xlink:href="#sPointingRel293" value="det"/>
		<feat xlink:href="#sPointingRel294" value="amod"/>
		<feat xlink:href="#sPointingRel295" value="acl"/>
		<feat xlink:href="#sPointingRel296" value="compound:prt"/>
		<feat xlink:href="#sPointingRel297" value="cc"/>
		<feat xlink:href="#sPointingRel298" value="nsubj"/>
		<feat xlink:href="#sPointingRel300" value="aux"/>
		<feat xlink:href="#sPointingRel301" value="conj"/>
		<feat xlink:href="#sPointingRel303" value="mark"/>
		<feat xlink:href="#sPointingRel304" value="aux"/>
		<feat xlink:href="#sPointingRel305" value="xcomp"/>
		<feat xlink:href="#sPointingRel306" value="det"/>
		<feat xlink:href="#sPointingRel307" value="obj"/>
		<feat xlink:href="#sPointingRel308" value="mark"/>
		<feat xlink:href="#sPointingRel309" value="nsubj"/>
		<feat xlink:href="#sPointingRel310" value="cop"/>
		<feat xlink:href="#sPointingRel311" value="case"/>
		<feat xlink:href="#sPointingRel312" value="advcl"/>
		<feat xlink:href="#sPointingRel314" value="punct"/>
		<feat xlink:href="#sPointingRel315" value="nsubj"/>
		<feat xlink:href="#sPointingRel317" value="aux"/>
		<feat xlink:href="#sPointingRel318" value="mark"/>
		<feat xlink:href="#sPointingRel319" value="advmod"/>
		<feat xlink:href="#sPointingRel320" value="xcomp"/>
		<feat xlink:href="#sPointingRel321" value="obj"/>
		<feat xlink:href="#sPointingRel322" value="case"/>
		<feat xlink:href="#sPointingRel323" value="nmod:poss"/>
		<feat xlink:href="#sPointingRel324" value="compound"/>
		<feat xlink:href="#sPointingRel325" value="nmod"/>
		<feat xlink:href="#sPointingRel327" value="case"/>
		<feat xlink:href="#sPointingRel328" value="det"/>
		<feat xlink:href="#sPointingRel329" value="obl"/>
		<feat xlink:href="#sPointingRel331" value="punct"/>
		<feat xlink:href="#sPointingRel332" value="det"/>
		<feat xlink:href="#sPointingRel333" value="amod"/>
		<feat xlink:href="#sPointingRel334" value="obl:unmarked"/>
		<feat xlink:href="#sPointingRel335" value="nsubj"/>
		<feat xlink:href="#sPointingRel336" value="obj"/>
		<feat xlink:href="#sPointingRel337" value="advmod"/>
		<feat xlink:href="#sPointingRel338" value="nsubj"/>
		<feat xlink:href="#sPointingRel340" value="aux"/>
		<feat xlink:href="#sPointingRel341" value="parataxis"/>
		<feat xlink:href="#sPointingRel342" value="mark"/>
		<feat xlink:href="#sPointingRel343" value="xcomp"/>
		<feat xlink:href="#sPointingRel344" value="advmod"/>
		<feat xlink:href="#sPointingRel345" value="nmod:poss"/>
		<feat xlink:href="#sPointingRel346" value="obj"/>
		<feat xlink:href="#sPointingRel347" value="case"/>
		<feat xlink:href="#sPointingRel348" value="det"/>
		<feat xlink:href="#sPointingRel349" value="obl"/>
		<feat xlink:href="#sPointingRel351" value="punct"/>
		<feat xlink:href="#sPointingRel352" value="nsubj"/>
		<feat xlink:href="#sPointingRel353" value="cop"/>
		<feat xlink:href="#sPointingRel354" value="advmod"/>
		<feat xlink:href="#sPointingRel355" value="case"/>
		<feat xlink:href="#sPointingRel356" value="obl"/>
		<feat xlink:href="#sPointingRel358" value="punct"/>
		<feat xlink:href="#sPointingRel359" value="nsubj"/>
		<feat xlink:href="#sPointingRel360" value="compound:prt"/>
		<feat xlink:href="#sPointingRel361" value="advmod"/>
		<feat xlink:href="#sPointingRel362" value="nummod"/>
		<feat xlink:href="#sPointingRel363" value="parataxis"/>
		<feat xlink:href="#sPointingRel364" value="cc"/>
		<feat xlink:href="#sPointingRel365" value="advmod"/>
		<feat xlink:href="#sPointingRel366" value="advmod"/>
		<feat xlink:href="#sPointingRel367" value="aux"/>
		<feat xlink:href="#sPointingRel368" value="advmod"/>
		<feat xlink:href="#sPointingRel369" value="conj"/>
		<feat xlink:href="#sPointingRel371" value="punct"/>
		<feat xlink:href="#sPointingRel372" value="nsubj"/>
		<feat xlink:href="#sPointingRel373" value="aux"/>
		<feat xlink:href="#sPointingRel374" value="advmod"/>
		<feat xlink:href="#sPointingRel375" value="punct"/>
		<feat xlink:href="#sPointingRel376" value="nsubj"/>
		<feat xlink:href="#sPointingRel377" value="nsubj"/>
		<feat xlink:href="#sPointingRel379" value="aux"/>
		<feat xlink:href="#sPointingRel380" value="ccomp"/>
		<feat xlink:href="#sPointingRel381" value="mark"/>
		<feat xlink:href="#sPointingRel382" value="cop"/>
		<feat xlink:href="#sPointingRel383" value="det:predet"/>
		<feat xlink:href="#sPointingRel384" value="det"/>
		<feat xlink:href="#sPointingRel385" value="amod"/>
		<feat xlink:href="#sPointingRel386" value="amod"/>
		<feat xlink:href="#sPointingRel387" value="xcomp"/>
		<feat xlink:href="#sPointingRel388" value="cc"/>
		<feat xlink:href="#sPointingRel389" value="nsubj"/>
		<feat xlink:href="#sPointingRel390" value="cop"/>
		<feat xlink:href="#sPointingRel391" value="advmod"/>
		<feat xlink:href="#sPointingRel392" value="conj"/>
		<feat xlink:href="#sPointingRel394" value="advmod"/>
		<feat xlink:href="#sPointingRel395" value="advmod"/>
		<feat xlink:href="#sPointingRel396" value="nsubj"/>
		<feat xlink:href="#sPointingRel397" value="aux"/>
		<feat xlink:href="#sPointingRel398" value="parataxis"/>
		<feat xlink:href="#sPointingRel399" value="iobj"/>
		<feat xlink:href="#sPointingRel400" value="det"/>
		<feat xlink:href="#sPointingRel401" value="obj"/>
		<feat xlink:href="#sPointingRel402" value="advmod"/>
		<feat xlink:href="#sPointingRel403" value="punct"/>
		<feat xlink:href="#sPointingRel404" value="reparandum"/>
		<feat xlink:href="#sPointingRel405" value="conj"/>
		<feat xlink:href="#sPointingRel407" value="advmod"/>
		<feat xlink:href="#sPointingRel408" value="parataxis"/>
		<feat xlink:href="#sPointingRel409" value="case"/>
		<feat xlink:href="#sPointingRel410" value="nmod"/>
		<feat xlink:href="#sPointingRel412" value="conj"/>
		<feat xlink:href="#sPointingRel413" value="flat"/>
		<feat xlink:href="#sPointingRel414" value="flat"/>
		<feat xlink:href="#sPointingRel415" value="punct"/>
		<feat xlink:href="#sPointingRel416" value="conj"/>
		<feat xlink:href="#sPointingRel417" value="punct"/>
		<feat xlink:href="#sPointingRel418" value="nsubj"/>
		<feat xlink:href="#sPointingRel419" value="obj"/>
		<feat xlink:href="#sPointingRel420" value="punct"/>
		<feat xlink:href="#sPointingRel421" value="conj"/>
		<feat xlink:href="#sPointingRel423" value="case"/>
		<feat xlink:href="#sPointingRel424" value="obl"/>
		<feat xlink:href="#sPointingRel426" value="cc"/>
		<feat xlink:href="#sPointingRel427" value="advmod"/>
		<feat xlink:href="#sPointingRel428" value="case"/>
		<feat xlink:href="#sPointingRel429" value="obl"/>
		<feat xlink:href="#sPointingRel431" value="nsubj"/>
		<feat xlink:href="#sPointingRel432" value="conj"/>
		<feat xlink:href="#sPointingRel434" value="obj"/>
		<feat xlink:href="#sPointingRel435" value="punct"/>
		<feat xlink:href="#sPointingRel436" value="mark"/>
		<feat xlink:href="#sPointingRel437" value="nsubj"/>
		<feat xlink:href="#sPointingRel438" value="advcl"/>
		<feat xlink:href="#sPointingRel440" value="punct"/>
		<feat xlink:href="#sPointingRel441" value="det"/>
		<feat xlink:href="#sPointingRel442" value="dislocated"/>
		<feat xlink:href="#sPointingRel443" value="mark"/>
		<feat xlink:href="#sPointingRel444" value="nsubj"/>
		<feat xlink:href="#sPointingRel446" value="aux"/>
		<feat xlink:href="#sPointingRel447" value="advmod"/>
		<feat xlink:href="#sPointingRel448" value="advcl"/>
		<feat xlink:href="#sPointingRel450" value="mark"/>
		<feat xlink:href="#sPointingRel451" value="cop"/>
		<feat xlink:href="#sPointingRel452" value="det"/>
		<feat xlink:href="#sPointingRel453" value="xcomp"/>
		<feat xlink:href="#sPointingRel454" value="punct"/>
		<feat xlink:href="#sPointingRel455" value="nsubj"/>
		<feat xlink:href="#sPointingRel456" value="aux"/>
		<feat xlink:href="#sPointingRel457" value="obj"/>
		<feat xlink:href="#sPointingRel458" value="case"/>
		<feat xlink:href="#sPointingRel459" value="amod"/>
		<feat xlink:href="#sPointingRel460" value="obl"/>
		<feat xlink:href="#sPointingRel462" value="case"/>
		<feat xlink:href="#sPointingRel463" value="det"/>
		<feat xlink:href="#sPointingRel464" value="compound"/>
		<feat xlink:href="#sPointingRel465" value="nmod"/>
		<feat xlink:href="#sPointingRel467" value="punct"/>
		<feat xlink:href="#sPointingRel468" value="nsubj"/>
		<feat xlink:href="#sPointingRel469" value="nsubj"/>
		<feat xlink:href="#sPointingRel472" value="aux"/>
		<feat xlink:href="#sPointingRel473" value="ccomp"/>
		<feat xlink:href="#sPointingRel474" value="mark"/>
		<feat xlink:href="#sPointingRel475" value="xcomp"/>
		<feat xlink:href="#sPointingRel476" value="mark"/>
		<feat xlink:href="#sPointingRel477" value="advmod"/>
		<feat xlink:href="#sPointingRel478" value="xcomp"/>
		<feat xlink:href="#sPointingRel479" value="cc"/>
		<feat xlink:href="#sPointingRel480" value="conj"/>
		<feat xlink:href="#sPointingRel483" value="advmod"/>
		<feat xlink:href="#sPointingRel484" value="punct"/>
		<feat xlink:href="#sPointingRel485" value="obl:unmarked"/>
		<feat xlink:href="#sPointingRel486" value="cc"/>
		<feat xlink:href="#sPointingRel487" value="conj"/>
		<feat xlink:href="#sPointingRel490" value="obj"/>
		<feat xlink:href="#sPointingRel491" value="case"/>
		<feat xlink:href="#sPointingRel492" value="nmod:poss"/>
		<feat xlink:href="#sPointingRel493" value="amod"/>
		<feat xlink:href="#sPointingRel494" value="obl"/>
		<feat xlink:href="#sPointingRel496" value="advmod"/>
		<feat xlink:href="#sPointingRel497" value="punct"/>
		<feat xlink:href="#sPointingRel498" value="nsubj"/>
		<feat xlink:href="#sPointingRel499" value="aux"/>
		<feat xlink:href="#sPointingRel500" value="cop"/>
		<feat xlink:href="#sPointingRel501" value="advmod"/>
		<feat xlink:href="#sPointingRel502" value="amod"/>
		<feat xlink:href="#sPointingRel503" value="punct"/>
		<feat xlink:href="#sPointingRel504" value="cc"/>
		<feat xlink:href="#sPointingRel505" value="mark"/>
		<feat xlink:href="#sPointingRel506" value="nsubj"/>
		<feat xlink:href="#sPointingRel507" value="advcl"/>
		<feat xlink:href="#sPointingRel509" value="obj"/>
		<feat xlink:href="#sPointingRel510" value="nsubj"/>
		<feat xlink:href="#sPointingRel512" value="conj"/>
		<feat xlink:href="#sPointingRel514" value="mark"/>
		<feat xlink:href="#sPointingRel515" value="xcomp"/>
		<feat xlink:href="#sPointingRel516" value="case"/>
		<feat xlink:href="#sPointingRel517" value="compound"/>
		<feat xlink:href="#sPointingRel518" value="obl"/>
		<feat xlink:href="#sPointingRel520" value="cc"/>
		<feat xlink:href="#sPointingRel521" value="nsubj"/>
		<feat xlink:href="#sPointingRel522" value="cop"/>
		<feat xlink:href="#sPointingRel523" value="det"/>
		<feat xlink:href="#sPointingRel524" value="amod"/>
		<feat xlink:href="#sPointingRel525" value="conj"/>
		<feat xlink:href="#sPointingRel528" value="case"/>
		<feat xlink:href="#sPointingRel529" value="nmod"/>
		<feat xlink:href="#sPointingRel531" value="punct"/>
		<feat xlink:href="#sPointingRel532" value="cop"/>
		<feat xlink:href="#sPointingRel533" value="nsubj"/>
		<feat xlink:href="#sPointingRel534" value="advmod"/>
		<feat xlink:href="#sPointingRel535" value="advcl"/>
		<feat xlink:href="#sPointingRel536" value="obj"/>
		<feat xlink:href="#sPointingRel537" value="punct"/>
		<feat xlink:href="#sPointingRel538" value="nsubj"/>
		<feat xlink:href="#sPointingRel539" value="cop"/>
		<feat xlink:href="#sPointingRel540" value="advmod"/>
		<feat xlink:href="#sPointingRel541" value="parataxis"/>
		<feat xlink:href="#sPointingRel542" value="nsubj"/>
		<feat xlink:href="#sPointingRel543" value="cop"/>
		<feat xlink:href="#sPointingRel544" value="amod"/>
		<feat xlink:href="#sPointingRel545" value="parataxis"/>
		<feat xlink:href="#sPointingRel546" value="obj"/>
		<feat xlink:href="#sPointingRel547" value="reparandum"/>
		<feat xlink:href="#sPointingRel548" value="advmod"/>
		<feat xlink:href="#sPointingRel549" value="aux"/>
		<feat xlink:href="#sPointingRel550" value="aux"/>
		<feat xlink:href="#sPointingRel551" value="parataxis"/>
		<feat xlink:href="#sPointingRel552" value="case"/>
		<feat xlink:href="#sPointingRel553" value="obl"/>
		<feat xlink:href="#sPointingRel555" value="nsubj"/>
		<feat xlink:href="#sPointingRel556" value="case"/>
		<feat xlink:href="#sPointingRel557" value="parataxis"/>
		<feat xlink:href="#sPointingRel558" value="amod"/>
		<feat xlink:href="#sPointingRel559" value="parataxis"/>
		<feat xlink:href="#sPointingRel560" value="case"/>
		<feat xlink:href="#sPointingRel561" value="nmod"/>
		<feat xlink:href="#sPointingRel563" value="punct"/>
		<feat xlink:href="#sPointingRel564" value="flat"/>
		<feat xlink:href="#sPointingRel565" value="punct"/>
		<feat xlink:href="#sPointingRel566" value="conj"/>
		<feat xlink:href="#sPointingRel567" value="flat"/>
		<feat xlink:href="#sPointingRel568" value="punct"/>
		<feat xlink:href="#sPointingRel569" value="nsubj"/>
		<feat xlink:href="#sPointingRel572" value="aux"/>
		<feat xlink:href="#sPointingRel573" value="parataxis"/>
		<feat xlink:href="#sPointingRel574" value="mark"/>
		<feat xlink:href="#sPointingRel575" value="xcomp"/>
		<feat xlink:href="#sPointingRel576" value="obj"/>
		<feat xlink:href="#sPointingRel577" value="cc"/>
		<feat xlink:href="#sPointingRel578" value="conj"/>
		<feat xlink:href="#sPointingRel581" value="mark"/>
		<feat xlink:href="#sPointingRel582" value="xcomp"/>
		<feat xlink:href="#sPointingRel583" value="obj"/>
		<feat xlink:href="#sPointingRel584" value="punct"/>
		<feat xlink:href="#sPointingRel585" value="nsubj"/>
		<feat xlink:href="#sPointingRel586" value="reparandum"/>
		<feat xlink:href="#sPointingRel587" value="advmod"/>
		<feat xlink:href="#sPointingRel588" value="discourse"/>
		<feat xlink:href="#sPointingRel589" value="punct"/>
		<feat xlink:href="#sPointingRel590" value="nsubj"/>
		<feat xlink:href="#sPointingRel591" value="aux"/>
		<feat xlink:href="#sPointingRel592" value="aux"/>
		<feat xlink:href="#sPointingRel593" value="advmod"/>
		<feat xlink:href="#sPointingRel594" value="obj"/>
		<feat xlink:href="#sPointingRel595" value="det"/>
		<feat xlink:href="#sPointingRel596" value="amod"/>
		<feat xlink:href="#sPointingRel597" value="obl:unmarked"/>
		<feat xlink:href="#sPointingRel598" value="case"/>
		<feat xlink:href="#sPointingRel599" value="det"/>
		<feat xlink:href="#sPointingRel600" value="obl"/>
		<feat xlink:href="#sPointingRel602" value="punct"/>
		<feat xlink:href="#sPointingRel603" value="cc"/>
		<feat xlink:href="#sPointingRel604" value="nsubj"/>
		<feat xlink:href="#sPointingRel605" value="parataxis"/>
		<feat xlink:href="#sPointingRel606" value="obj"/>
		<feat xlink:href="#sPointingRel607" value="punct"/>
		<feat xlink:href="#sPointingRel608" value="nsubj"/>
		<feat xlink:href="#sPointingRel609" value="conj"/>
		<feat xlink:href="#sPointingRel611" value="case"/>
		<feat xlink:href="#sPointingRel612" value="det"/>
		<feat xlink:href="#sPointingRel613" value="obl"/>
		<feat xlink:href="#sPointingRel615" value="cc"/>
		<feat xlink:href="#sPointingRel616" value="nsubj"/>
		<feat xlink:href="#sPointingRel617" value="conj"/>
		<feat xlink:href="#sPointingRel620" value="nsubj"/>
		<feat xlink:href="#sPointingRel621" value="aux"/>
		<feat xlink:href="#sPointingRel622" value="ccomp"/>
		<feat xlink:href="#sPointingRel623" value="obj"/>
		<feat xlink:href="#sPointingRel624" value="case"/>
		<feat xlink:href="#sPointingRel625" value="obl"/>
		<feat xlink:href="#sPointingRel627" value="punct"/>
		<feat xlink:href="#sPointingRel628" value="nsubj"/>
		<feat xlink:href="#sPointingRel629" value="punct"/>
		<feat xlink:href="#sPointingRel630" value="punct"/>
		<feat xlink:href="#sPointingRel631" value="nsubj"/>
		<feat xlink:href="#sPointingRel632" value="flat"/>
		<feat xlink:href="#sPointingRel633" value="flat"/>
		<feat xlink:href="#sPointingRel634" value="punct"/>
		<feat xlink:href="#sPointingRel635" value="parataxis"/>
		<feat xlink:href="#sPointingRel636" value="case"/>
		<feat xlink:href="#sPointingRel637" value="obl"/>
		<feat xlink:href="#sPointingRel639" value="punct"/>
		<feat xlink:href="#sPointingRel640" value="nsubj"/>
		<feat xlink:href="#sPointingRel641" value="obj"/>
		<feat xlink:href="#sPointingRel642" value="case"/>
		<feat xlink:href="#sPointingRel643" value="det"/>
		<feat xlink:href="#sPointingRel644" value="obl"/>
		<feat xlink:href="#sPointingRel646" value="punct"/>
		<feat xlink:href="#sPointingRel647" value="vocative"/>
		<feat xlink:href="#sPointingRel648" value="parataxis"/>
		<feat xlink:href="#sPointingRel649" value="det"/>
		<feat xlink:href="#sPointingRel650" value="obj"/>
		<feat xlink:href="#sPointingRel651" value="punct"/>
		<feat xlink:href="#sPointingRel652" value="discourse"/>
		<feat xlink:href="#sPointingRel653" value="reparandum"/>
		<feat xlink:href="#sPointingRel654" value="cc"/>
		<feat xlink:href="#sPointingRel655" value="conj"/>
		<feat xlink:href="#sPointingRel658" value="punct"/>
		<feat xlink:href="#sPointingRel659" value="punct"/>
		<feat xlink:href="#sPointingRel660" value="reparandum"/>
		<feat xlink:href="#sPointingRel661" value="punct"/>
		<feat xlink:href="#sPointingRel662" value="reparandum"/>
		<feat xlink:href="#sPointingRel663" value="discourse"/>
		<feat xlink:href="#sPointingRel664" value="reparandum"/>
		<feat xlink:href="#sPointingRel665" value="advmod"/>
		<feat xlink:href="#sPointingRel666" value="expl"/>
		<feat xlink:href="#sPointingRel667" value="det"/>
		<feat xlink:href="#sPointingRel668" value="nsubj"/>
		<feat xlink:href="#sPointingRel669" value="nsubj"/>
		<feat xlink:href="#sPointingRel670" value="advmod"/>
		<feat xlink:href="#sPointingRel671" value="parataxis"/>
		<feat xlink:href="#sPointingRel672" value="punct"/>
		<feat xlink:href="#sPointingRel673" value="nummod"/>
		<feat xlink:href="#sPointingRel674" value="obl:unmarked"/>
		<feat xlink:href="#sPointingRel675" value="nsubj"/>
		<feat xlink:href="#sPointingRel676" value="mark"/>
		<feat xlink:href="#sPointingRel677" value="nsubj"/>
		<feat xlink:href="#sPointingRel679" value="aux"/>
		<feat xlink:href="#sPointingRel680" value="advcl"/>
		<feat xlink:href="#sPointingRel682" value="mark"/>
		<feat xlink:href="#sPointingRel683" value="cop"/>
		<feat xlink:href="#sPointingRel684" value="det"/>
		<feat xlink:href="#sPointingRel685" value="xcomp"/>
		<feat xlink:href="#sPointingRel686" value="punct"/>
		<feat xlink:href="#sPointingRel687" value="det"/>
		<feat xlink:href="#sPointingRel688" value="obl:unmarked"/>
		<feat xlink:href="#sPointingRel689" value="nsubj"/>
		<feat xlink:href="#sPointingRel690" value="aux"/>
		<feat xlink:href="#sPointingRel691" value="parataxis"/>
		<feat xlink:href="#sPointingRel692" value="det"/>
		<feat xlink:href="#sPointingRel693" value="obj"/>
		<feat xlink:href="#sPointingRel694" value="cc"/>
		<feat xlink:href="#sPointingRel695" value="nsubj"/>
		<feat xlink:href="#sPointingRel696" value="cop"/>
		<feat xlink:href="#sPointingRel697" value="obl:unmarked"/>
		<feat xlink:href="#sPointingRel698" value="dep"/>
		<feat xlink:href="#sPointingRel699" value="conj"/>
		<feat xlink:href="#sPointingRel701" value="punct"/>
		<feat xlink:href="#sPointingRel702" value="nsubj:pass"/>
		<feat xlink:href="#sPointingRel703" value="aux:pass"/>
		<feat xlink:href="#sPointingRel704" value="advmod"/>
		<feat xlink:href="#sPointingRel705" value="discourse"/>
		<feat xlink:href="#sPointingRel706" value="discourse"/>
		<feat xlink:href="#sPointingRel707" value="goeswith"/>
		<feat xlink:href="#sPointingRel708" value="advmod"/>
		<feat xlink:href="#sPointingRel709" value="nsubj"/>
		<feat xlink:href="#sPointingRel710" value="parataxis"/>
		<feat xlink:href="#sPointingRel711" value="obj"/>
		<feat xlink:href="#sPointingRel712" value="punct"/>
		<feat xlink:href="#sPointingRel713" value="discourse"/>
		<feat xlink:href="#sPointingRel714" value="det"/>
		<feat xlink:href="#sPointingRel715" value="obj"/>
		<feat xlink:href="#sPointingRel716" value="obl:unmarked"/>
		<feat xlink:href="#sPointingRel717" value="dep"/>
		<feat xlink:href="#sPointingRel718" value="mark"/>
		<feat xlink:href="#sPointingRel719" value="advcl"/>
		<feat xlink:href="#sPointingRel721" value="advmod"/>
		<feat xlink:href="#sPointingRel722" value="obj"/>
		<feat xlink:href="#sPointingRel723" value="det"/>
		<feat xlink:href="#sPointingRel724" value="obl:unmarked"/>
		<feat xlink:href="#sPointingRel725" value="punct"/>
		<feat xlink:href="#sPointingRel726" value="flat"/>
		<feat xlink:href="#sPointingRel727" value="flat"/>
		<feat xlink:href="#sPointingRel728" value="punct"/>
		<feat xlink:href="#sPointingRel729" value="parataxis"/>
		<feat xlink:href="#sPointingRel730" value="punct"/>
		<feat xlink:href="#sPointingRel731" value="advmod"/>
		<feat xlink:href="#sPointingRel732" value="reparandum"/>
		<feat xlink:href="#sPointingRel733" value="punct"/>
		<feat xlink:href="#sPointingRel734" value="nsubj"/>
		<feat xlink:href="#sPointingRel735" value="aux"/>
		<feat xlink:href="#sPointingRel736" value="advmod"/>
		<feat xlink:href="#sPointingRel737" value="parataxis"/>
		<feat xlink:href="#sPointingRel738" value="case"/>
		<feat xlink:href="#sPointingRel739" value="det"/>
		<feat xlink:href="#sPointingRel740" value="compound"/>
		<feat xlink:href="#sPointingRel741" value="obl"/>
		<feat xlink:href="#sPointingRel743" value="advmod"/>
		<feat xlink:href="#sPointingRel744" value="punct"/>
		<feat xlink:href="#sPointingRel745" value="cc"/>
		<feat xlink:href="#sPointingRel746" value="discourse"/>
		<feat xlink:href="#sPointingRel747" value="advmod"/>
		<feat xlink:href="#sPointingRel748" value="amod"/>
		<feat xlink:href="#sPointingRel749" value="reparandum"/>
		<feat xlink:href="#sPointingRel750" value="advmod"/>
		<feat xlink:href="#sPointingRel751" value="amod"/>
		<feat xlink:href="#sPointingRel752" value="obl:unmarked"/>
		<feat xlink:href="#sPointingRel753" value="aux"/>
		<feat xlink:href="#sPointingRel754" value="nsubj"/>
		<feat xlink:href="#sPointingRel757" value="conj"/>
		<feat xlink:href="#sPointingRel759" value="mark"/>
		<feat xlink:href="#sPointingRel760" value="xcomp"/>
		<feat xlink:href="#sPointingRel761" value="det"/>
		<feat xlink:href="#sPointingRel762" value="amod"/>
		<feat xlink:href="#sPointingRel763" value="obj"/>
		<feat xlink:href="#sPointingRel764" value="cc"/>
		<feat xlink:href="#sPointingRel765" value="conj"/>
		<feat xlink:href="#sPointingRel768" value="punct"/>
		<feat xlink:href="#sPointingRel769" value="det"/>
		<feat xlink:href="#sPointingRel770" value="nsubj"/>
		<feat xlink:href="#sPointingRel772" value="aux"/>
		<feat xlink:href="#sPointingRel773" value="amod"/>
		<feat xlink:href="#sPointingRel774" value="obj"/>
		<feat xlink:href="#sPointingRel775" value="case"/>
		<feat xlink:href="#sPointingRel776" value="nmod:poss"/>
		<feat xlink:href="#sPointingRel777" value="obl"/>
		<feat xlink:href="#sPointingRel779" value="cc"/>
		<feat xlink:href="#sPointingRel780" value="aux"/>
		<feat xlink:href="#sPointingRel781" value="advmod"/>
		<feat xlink:href="#sPointingRel782" value="conj"/>
		<feat xlink:href="#sPointingRel784" value="det"/>
		<feat xlink:href="#sPointingRel785" value="amod"/>
		<feat xlink:href="#sPointingRel786" value="compound"/>
		<feat xlink:href="#sPointingRel787" value="obj"/>
		<feat xlink:href="#sPointingRel788" value="case"/>
		<feat xlink:href="#sPointingRel789" value="det"/>
		<feat xlink:href="#sPointingRel790" value="obl"/>
		<feat xlink:href="#sPointingRel792" value="advmod"/>
		<feat xlink:href="#sPointingRel793" value="det"/>
		<feat xlink:href="#sPointingRel794" value="obl:unmarked"/>
		<feat xlink:href="#sPointingRel795" value="punct"/>
		<feat xlink:href="#sPointingRel796" value="nsubj"/>
		<feat xlink:href="#sPointingRel798" value="aux"/>
		<feat xlink:href="#sPointingRel799" value="parataxis"/>
		<feat xlink:href="#sPointingRel800" value="mark"/>
		<feat xlink:href="#sPointingRel801" value="xcomp"/>
		<feat xlink:href="#sPointingRel802" value="obj"/>
		<feat xlink:href="#sPointingRel803" value="punct"/>
		<feat xlink:href="#sPointingRel804" value="mark"/>
		<feat xlink:href="#sPointingRel805" value="nsubj"/>
		<feat xlink:href="#sPointingRel807" value="advcl"/>
		<feat xlink:href="#sPointingRel809" value="xcomp"/>
		<feat xlink:href="#sPointingRel810" value="mark"/>
		<feat xlink:href="#sPointingRel811" value="advcl"/>
		<feat xlink:href="#sPointingRel813" value="case"/>
		<feat xlink:href="#sPointingRel814" value="obl"/>
		<feat xlink:href="#sPointingRel816" value="punct"/>
		<feat xlink:href="#sPointingRel817" value="obl:unmarked"/>
		<feat xlink:href="#sPointingRel818" value="dep"/>
		<feat xlink:href="#sPointingRel819" value="amod"/>
		<feat xlink:href="#sPointingRel820" value="parataxis"/>
		<feat xlink:href="#sPointingRel821" value="punct"/>
		<feat xlink:href="#sPointingRel822" value="nsubj"/>
		<feat xlink:href="#sPointingRel823" value="nsubj"/>
		<feat xlink:href="#sPointingRel824" value="aux"/>
		<feat xlink:href="#sPointingRel825" value="advmod"/>
		<feat xlink:href="#sPointingRel826" value="acl:relcl"/>
		<feat xlink:href="#sPointingRel827" value="punct"/>
		<feat xlink:href="#sPointingRel828" value="conj"/>
		<feat xlink:href="#sPointingRel830" value="nsubj"/>
		<feat xlink:href="#sPointingRel831" value="acl:relcl"/>
		<feat xlink:href="#sPointingRel832" value="det"/>
		<feat xlink:href="#sPointingRel833" value="obj"/>
		<feat xlink:href="#sPointingRel834" value="punct"/>
		<feat xlink:href="#sPointingRel835" value="mark"/>
		<feat xlink:href="#sPointingRel836" value="advcl"/>
		<feat xlink:href="#sPointingRel838" value="obj"/>
		<feat xlink:href="#sPointingRel840" value="xcomp"/>
		<feat xlink:href="#sPointingRel841" value="nsubj"/>
		<feat xlink:href="#sPointingRel843" value="parataxis"/>
		<feat xlink:href="#sPointingRel844" value="mark"/>
		<feat xlink:href="#sPointingRel845" value="xcomp"/>
		<feat xlink:href="#sPointingRel846" value="compound"/>
		<feat xlink:href="#sPointingRel847" value="obj"/>
		<feat xlink:href="#sPointingRel849" value="punct"/>
		<feat xlink:href="#sPointingRel850" value="nsubj"/>
		<feat xlink:href="#sPointingRel852" value="obl:unmarked"/>
		<feat xlink:href="#sPointingRel853" value="reparandum"/>
		<feat xlink:href="#sPointingRel854" value="discourse"/>
		<feat xlink:href="#sPointingRel855" value="cop"/>
		<feat xlink:href="#sPointingRel856" value="acl:relcl"/>
		<feat xlink:href="#sPointingRel857" value="nsubj"/>
		<feat xlink:href="#sPointingRel858" value="cop"/>
		<feat xlink:href="#sPointingRel859" value="parataxis"/>
		<feat xlink:href="#sPointingRel860" value="case"/>
		<feat xlink:href="#sPointingRel861" value="amod"/>
		<feat xlink:href="#sPointingRel862" value="obl"/>
		<feat xlink:href="#sPointingRel864" value="cc"/>
		<feat xlink:href="#sPointingRel865" value="dislocated"/>
		<feat xlink:href="#sPointingRel866" value="det"/>
		<feat xlink:href="#sPointingRel867" value="nsubj"/>
		<feat xlink:href="#sPointingRel868" value="cop"/>
		<feat xlink:href="#sPointingRel869" value="case"/>
		<feat xlink:href="#sPointingRel870" value="amod"/>
		<feat xlink:href="#sPointingRel871" value="conj"/>
		<feat xlink:href="#sPointingRel874" value="punct"/>
		<feat xlink:href="#sPointingRel875" value="cc"/>
		<feat xlink:href="#sPointingRel876" value="mark"/>
		<feat xlink:href="#sPointingRel877" value="nsubj"/>
		<feat xlink:href="#sPointingRel879" value="aux"/>
		<feat xlink:href="#sPointingRel880" value="advcl"/>
		<feat xlink:href="#sPointingRel882" value="mark"/>
		<feat xlink:href="#sPointingRel883" value="xcomp"/>
		<feat xlink:href="#sPointingRel884" value="obj"/>
		<feat xlink:href="#sPointingRel885" value="punct"/>
		<feat xlink:href="#sPointingRel886" value="nsubj"/>
		<feat xlink:href="#sPointingRel889" value="aux"/>
		<feat xlink:href="#sPointingRel890" value="conj"/>
		<feat xlink:href="#sPointingRel892" value="mark"/>
		<feat xlink:href="#sPointingRel893" value="xcomp"/>
		<feat xlink:href="#sPointingRel894" value="obj"/>
		<feat xlink:href="#sPointingRel896" value="xcomp"/>
		<feat xlink:href="#sPointingRel897" value="case"/>
		<feat xlink:href="#sPointingRel898" value="obl"/>
		<feat xlink:href="#sPointingRel900" value="punct"/>
		<feat xlink:href="#sPointingRel901" value="det"/>
		<feat xlink:href="#sPointingRel902" value="case"/>
		<feat xlink:href="#sPointingRel903" value="nmod"/>
		<feat xlink:href="#sPointingRel905" value="punct"/>
		<feat xlink:href="#sPointingRel906" value="conj"/>
		<feat xlink:href="#sPointingRel908" value="punct"/>
		<feat xlink:href="#sPointingRel909" value="conj"/>
		<feat xlink:href="#sPointingRel911" value="punct"/>
		<feat xlink:href="#sPointingRel912" value="conj"/>
		<feat xlink:href="#sPointingRel914" value="punct"/>
		<feat xlink:href="#sPointingRel915" value="advmod"/>
		<feat xlink:href="#sPointingRel916" value="advmod"/>
		<feat xlink:href="#sPointingRel917" value="det"/>
		<feat xlink:href="#sPointingRel918" value="amod"/>
		<feat xlink:href="#sPointingRel919" value="compound"/>
		<feat xlink:href="#sPointingRel920" value="parataxis"/>
		<feat xlink:href="#sPointingRel921" value="cc"/>
		<feat xlink:href="#sPointingRel922" value="nsubj"/>
		<feat xlink:href="#sPointingRel923" value="cop"/>
		<feat xlink:href="#sPointingRel924" value="conj"/>
		<feat xlink:href="#sPointingRel926" value="nsubj"/>
		<feat xlink:href="#sPointingRel927" value="aux"/>
		<feat xlink:href="#sPointingRel928" value="acl:relcl"/>
		<feat xlink:href="#sPointingRel929" value="obl"/>
		<feat xlink:href="#sPointingRel930" value="punct"/>
		<feat xlink:href="#sPointingRel931" value="nsubj"/>
		<feat xlink:href="#sPointingRel932" value="obj"/>
		<feat xlink:href="#sPointingRel933" value="nsubj"/>
		<feat xlink:href="#sPointingRel934" value="parataxis"/>
		<feat xlink:href="#sPointingRel935" value="obj"/>
		<feat xlink:href="#sPointingRel936" value="advmod"/>
		<feat xlink:href="#sPointingRel937" value="parataxis"/>
		<feat xlink:href="#sPointingRel938" value="nsubj"/>
		<feat xlink:href="#sPointingRel939" value="advcl"/>
		<feat xlink:href="#sPointingRel940" value="obj"/>
		<feat xlink:href="#sPointingRel941" value="compound:prt"/>
		<feat xlink:href="#sPointingRel942" value="cc"/>
		<feat xlink:href="#sPointingRel943" value="nsubj"/>
		<feat xlink:href="#sPointingRel944" value="conj"/>
		<feat xlink:href="#sPointingRel946" value="compound:prt"/>
		<feat xlink:href="#sPointingRel947" value="obj"/>
		<feat xlink:href="#sPointingRel948" value="advmod"/>
		<feat xlink:href="#sPointingRel949" value="nsubj"/>
		<feat xlink:href="#sPointingRel951" value="aux"/>
		<feat xlink:href="#sPointingRel952" value="parataxis"/>
		<feat xlink:href="#sPointingRel953" value="mark"/>
		<feat xlink:href="#sPointingRel954" value="cop"/>
		<feat xlink:href="#sPointingRel955" value="xcomp"/>
		<feat xlink:href="#sPointingRel956" value="punct"/>
		<feat xlink:href="#sPointingRel957" value="nsubj"/>
		<feat xlink:href="#sPointingRel958" value="cop"/>
		<feat xlink:href="#sPointingRel959" value="det"/>
		<feat xlink:href="#sPointingRel960" value="compound"/>
		<feat xlink:href="#sPointingRel961" value="case"/>
		<feat xlink:href="#sPointingRel962" value="nmod"/>
		<feat xlink:href="#sPointingRel964" value="punct"/>
		<feat xlink:href="#sPointingRel965" value="nsubj"/>
		<feat xlink:href="#sPointingRel966" value="cop"/>
		<feat xlink:href="#sPointingRel967" value="advmod"/>
		<feat xlink:href="#sPointingRel968" value="det"/>
		<feat xlink:href="#sPointingRel969" value="parataxis"/>
		<feat xlink:href="#sPointingRel970" value="punct"/>
		<feat xlink:href="#sPointingRel971" value="nsubj"/>
		<feat xlink:href="#sPointingRel972" value="obj"/>
		<feat xlink:href="#sPointingRel973" value="nsubj"/>
		<feat xlink:href="#sPointingRel974" value="parataxis"/>
		<feat xlink:href="#sPointingRel975" value="obj"/>
		<feat xlink:href="#sPointingRel976" value="case"/>
		<feat xlink:href="#sPointingRel977" value="det"/>
		<feat xlink:href="#sPointingRel978" value="compound"/>
		<feat xlink:href="#sPointingRel979" value="punct"/>
		<feat xlink:href="#sPointingRel980" value="obl"/>
		<feat xlink:href="#sPointingRel982" value="cc"/>
		<feat xlink:href="#sPointingRel983" value="nsubj"/>
		<feat xlink:href="#sPointingRel985" value="advmod"/>
		<feat xlink:href="#sPointingRel986" value="mark"/>
		<feat xlink:href="#sPointingRel987" value="xcomp"/>
		<feat xlink:href="#sPointingRel988" value="compound:prt"/>
		<feat xlink:href="#sPointingRel989" value="ccomp"/>
		<feat xlink:href="#sPointingRel990" value="det"/>
		<feat xlink:href="#sPointingRel991" value="compound"/>
		<feat xlink:href="#sPointingRel992" value="nsubj"/>
		<feat xlink:href="#sPointingRel993" value="cop"/>
		<feat xlink:href="#sPointingRel994" value="case"/>
		<feat xlink:href="#sPointingRel995" value="det"/>
		<feat xlink:href="#sPointingRel996" value="compound"/>
		<feat xlink:href="#sPointingRel997" value="obl"/>
		<feat xlink:href="#sPointingRel999" value="det"/>
		<feat xlink:href="#sPointingRel1000" value="obl:unmarked"/>
		<feat xlink:href="#sPointingRel1001" value="nsubj"/>
		<feat xlink:href="#sPointingRel1002" value="parataxis"/>
		<feat xlink:href="#sPointingRel1003" value="obj"/>
		<feat xlink:href="#sPointingRel1005" value="mark"/>
		<feat xlink:href="#sPointingRel1006" value="xcomp"/>
		<feat xlink:href="#sPointingRel1007" value="det"/>
		<feat xlink:href="#sPointingRel1008" value="obj"/>
		<feat xlink:href="#sPointingRel1009" value="nsubj"/>
		<feat xlink:href="#sPointingRel1010" value="parataxis"/>
		<feat xlink:href="#sPointingRel1011" value="mark"/>
		<feat xlink:href="#sPointingRel1012" value="case"/>
		<feat xlink:href="#sPointingRel1013" value="det"/>
		<feat xlink:href="#sPointingRel1014" value="obl"/>
		<feat xlink:href="#sPointingRel1016" value="nsubj"/>
		<feat xlink:href="#sPointingRel1017" value="acl:relcl"/>
		<feat xlink:href="#sPointingRel1018" value="cc"/>
		<feat xlink:href="#sPointingRel1019" value="det"/>
		<feat xlink:href="#sPointingRel1020" value="conj"/>
		<feat xlink:href="#sPointingRel1023" value="nsubj"/>
		<feat xlink:href="#sPointingRel1024" value="acl:relcl"/>
		<feat xlink:href="#sPointingRel1025" value="nsubj"/>
		<feat xlink:href="#sPointingRel1026" value="aux"/>
		<feat xlink:href="#sPointingRel1027" value="aux"/>
		<feat xlink:href="#sPointingRel1028" value="ccomp"/>
		<feat xlink:href="#sPointingRel1029" value="obj"/>
		<feat xlink:href="#sPointingRel1030" value="case"/>
		<feat xlink:href="#sPointingRel1031" value="det"/>
		<feat xlink:href="#sPointingRel1032" value="obl"/>
		<feat xlink:href="#sPointingRel1034" value="cc"/>
		<feat xlink:href="#sPointingRel1035" value="nsubj"/>
		<feat xlink:href="#sPointingRel1036" value="conj"/>
		<feat xlink:href="#sPointingRel1038" value="punct"/></featList></paula>