<?xml version='1.0' encoding='UTF-8'?><!DOCTYPE paula SYSTEM "paula_feat.dtd">
<paula version="1.1">
	<header paula_id="GENTLE_esports_fifa.tok_MSeg"/>
	<featList xmlns:xlink="http://www.w3.org/1999/xlink" type="MSeg" xml:base="GENTLE_esports_fifa.tok.xml">
		<feat xlink:href="#sTok4" value="episode-s"/>
		<feat xlink:href="#sTok6" value="amaz-ing"/>
		<feat xlink:href="#sTok7" value="conclus-ion"/>
		<feat xlink:href="#sTok36" value="advanc-ing"/>
		<feat xlink:href="#sTok37" value="in-to"/>
		<feat xlink:href="#sTok40" value="a-gainst"/>
		<feat xlink:href="#sTok44" value="to-day"/>
		<feat xlink:href="#sTok54" value="game-s"/>
		<feat xlink:href="#sTok67" value="matche-s"/>
		<feat xlink:href="#sTok94" value="go-ing"/>
		<feat xlink:href="#sTok97" value="possib-ly"/>
		<feat xlink:href="#sTok101" value="hard-est"/>
		<feat xlink:href="#sTok102" value="game-s"/>
		<feat xlink:href="#sTok108" value="play-ing"/>
		<feat xlink:href="#sTok111" value="ha-s"/>
		<feat xlink:href="#sTok112" value="giv-en"/>
		<feat xlink:href="#sTok128" value="exact-ly"/>
		<feat xlink:href="#sTok145" value="a-gainst"/>
		<feat xlink:href="#sTok157" value="game-s"/>
		<feat xlink:href="#sTok165" value="play-ing"/>
		<feat xlink:href="#sTok166" value="game-s"/>
		<feat xlink:href="#sTok175" value="rotat-ed"/>
		<feat xlink:href="#sTok178" value="scor-ing"/>
		<feat xlink:href="#sTok185" value="com-ing"/>
		<feat xlink:href="#sTok190" value="victor-y"/>
		<feat xlink:href="#sTok193" value="gett-ing"/>
		<feat xlink:href="#sTok194" value="him-self"/>
		<feat xlink:href="#sTok202" value="mention-ed"/>
		<feat xlink:href="#sTok204" value="earli-er"/>
		<feat xlink:href="#sTok210" value="ha-s"/>
		<feat xlink:href="#sTok213" value="a-way"/>
		<feat xlink:href="#sTok218" value="point-s"/>
		<feat xlink:href="#sTok221" value="be-hind"/>
		<feat xlink:href="#sTok252" value="com-ing"/>
		<feat xlink:href="#sTok257" value="go-ing"/>
		<feat xlink:href="#sTok260" value="play-ing"/>
		<feat xlink:href="#sTok273" value="may-be"/>
		<feat xlink:href="#sTok279" value="play-er-s"/>
		<feat xlink:href="#sTok288" value="scor-ed"/>
		<feat xlink:href="#sTok296" value="hope-ful-ly"/>
		<feat xlink:href="#sTok311" value="start-ed"/>
		<feat xlink:href="#sTok315" value="goal-s"/>
		<feat xlink:href="#sTok319" value="ha-s"/>
		<feat xlink:href="#sTok321" value="scor-ed"/>
		<feat xlink:href="#sTok346" value="may-be"/>
		<feat xlink:href="#sTok350" value="him-self"/>
		<feat xlink:href="#sTok352" value="goal-s"/>
		<feat xlink:href="#sTok357" value="al-most"/>
		<feat xlink:href="#sTok358" value="start-ing"/>
		<feat xlink:href="#sTok372" value="Alderweireld"/>
		<feat xlink:href="#sTok376" value="obvious-ly"/>
		<feat xlink:href="#sTok385" value="sai-d"/>
		<feat xlink:href="#sTok401" value="push-ing"/>
		<feat xlink:href="#sTok427" value="w-in"/>
		<feat xlink:href="#sTok439" value="incredib-ly"/>
		<feat xlink:href="#sTok467" value="find-ing"/>
		<feat xlink:href="#sTok473" value="be-hind"/>
		<feat xlink:href="#sTok480" value="may-be"/>
		<feat xlink:href="#sTok486" value="opportun-ity"/>
		<feat xlink:href="#sTok520" value="may-be"/>
		<feat xlink:href="#sTok521" value="tak-en"/>
		<feat xlink:href="#sTok526" value="in-side"/>
		<feat xlink:href="#sTok536" value="result-ed"/>
		<feat xlink:href="#sTok548" value="corner-s"/>
		<feat xlink:href="#sTok552" value="turn-ed"/>
		<feat xlink:href="#sTok558" value="look-ing"/>
		<feat xlink:href="#sTok563" value="find-s"/>
		<feat xlink:href="#sTok569" value="some-body"/>
		<feat xlink:href="#sTok583" value="sorr-y"/>
		<feat xlink:href="#sTok592" value="happen-ed"/>
		<feat xlink:href="#sTok597" value="look-ed"/>
		<feat xlink:href="#sTok611" value="scor-ing"/>
		<feat xlink:href="#sTok622" value="get-s"/>
		<feat xlink:href="#sTok623" value="play-ed"/>
		<feat xlink:href="#sTok628" value="apparent-ly"/>
		<feat xlink:href="#sTok629" value="Alderweireld"/>
		<feat xlink:href="#sTok640" value="do-ing"/>
		<feat xlink:href="#sTok641" value="absolute-ly"/>
		<feat xlink:href="#sTok657" value="final-ly"/>
		<feat xlink:href="#sTok669" value="time-s"/>
		<feat xlink:href="#sTok672" value="time-s"/>
		<feat xlink:href="#sTok686" value="ha-s"/>
		<feat xlink:href="#sTok687" value="scor-ed"/>
		<feat xlink:href="#sTok710" value="go-ing"/>
		<feat xlink:href="#sTok712" value="release"/>
		<feat xlink:href="#sTok718" value="get-s"/>
		<feat xlink:href="#sTok721" value="los-ing"/>
		<feat xlink:href="#sTok722" value="a-gainst"/>
		<feat xlink:href="#sTok744" value="thing-s"/>
		<feat xlink:href="#sTok754" value="to-day"/>
		<feat xlink:href="#sTok763" value="4-th"/>
		<feat xlink:href="#sTok789" value="w-in"/>
		<feat xlink:href="#sTok794" value="re-mark"/>
		<feat xlink:href="#sTok804" value="probab-ly"/>
		<feat xlink:href="#sTok807" value="be-st"/>
		<feat xlink:href="#sTok816" value="go-ing"/>
		<feat xlink:href="#sTok820" value="scor-ing"/>
		<feat xlink:href="#sTok823" value="scor-ing"/>
		<feat xlink:href="#sTok826" value="happ-y"/>
		<feat xlink:href="#sTok842" value="tir-ed"/>
		<feat xlink:href="#sTok850" value="victor-y"/>
		<feat xlink:href="#sTok868" value="final-s"/>
		<feat xlink:href="#sTok879" value="object-ive"/>
		<feat xlink:href="#sTok888" value="want-ed"/>
		<feat xlink:href="#sTok904" value="play-er-s"/></featList></paula>