<?xml version='1.0' encoding='UTF-8'?><!DOCTYPE paula SYSTEM "paula_feat.dtd">
<paula version="1.1">
	<header paula_id="GENTLE_esports_fifa.tok_claws5"/>
	<featList xmlns:xlink="http://www.w3.org/1999/xlink" type="claws5" xml:base="GENTLE_esports_fifa.tok.xml">
		<feat xlink:href="#sTok1" value="AV0"/>
		<feat xlink:href="#sTok2" value="PRP"/>
		<feat xlink:href="#sTok3" value="ORD"/>
		<feat xlink:href="#sTok4" value="NN2"/>
		<feat xlink:href="#sTok5" value="POS"/>
		<feat xlink:href="#sTok6" value="AJ0"/>
		<feat xlink:href="#sTok7" value="NN1"/>
		<feat xlink:href="#sTok8" value="CJS"/>
		<feat xlink:href="#sTok9" value="NP0"/>
		<feat xlink:href="#sTok10" value="PNP"/>
		<feat xlink:href="#sTok11" value="VVD"/>
		<feat xlink:href="#sTok12" value="PNP"/>
		<feat xlink:href="#sTok13" value="PRP"/>
		<feat xlink:href="#sTok14" value="AT0"/>
		<feat xlink:href="#sTok15" value="ORD"/>
		<feat xlink:href="#sTok16" value="NN1"/>
		<feat xlink:href="#sTok17" value="PRF"/>
		<feat xlink:href="#sTok18" value="AT0"/>
		<feat xlink:href="#sTok19" value="NP0"/>
		<feat xlink:href="#sTok20" value="NP0"/>
		<feat xlink:href="#sTok21" value="NN2"/>
		<feat xlink:href="#sTok22" value="CJC"/>
		<feat xlink:href="#sTok23" value="AV0"/>
		<feat xlink:href="#sTok24" value="PNP"/>
		<feat xlink:href="#sTok25" value="VVD"/>
		<feat xlink:href="#sTok26" value="PNP"/>
		<feat xlink:href="#sTok27" value="PRP"/>
		<feat xlink:href="#sTok28" value="PNP"/>
		<feat xlink:href="#sTok29" value="PRP"/>
		<feat xlink:href="#sTok30" value="AT0"/>
		<feat xlink:href="#sTok31" value="ORD"/>
		<feat xlink:href="#sTok32" value="NN1"/>
		<feat xlink:href="#sTok33" value="PUN"/>
		<feat xlink:href="#sTok34" value="CJC"/>
		<feat xlink:href="#sTok35" value="AV0"/>
		<feat xlink:href="#sTok36" value="VVG"/>
		<feat xlink:href="#sTok37" value="PRP"/>
		<feat xlink:href="#sTok38" value="AT0"/>
		<feat xlink:href="#sTok39" value="NN2"/>
		<feat xlink:href="#sTok40" value="PRP"/>
		<feat xlink:href="#sTok41" value="NP0"/>
		<feat xlink:href="#sTok42" value="NP0"/>
		<feat xlink:href="#sTok43" value="PUN"/>
		<feat xlink:href="#sTok44" value="NN1"/>
		<feat xlink:href="#sTok45" value="POS"/>
		<feat xlink:href="#sTok46" value="NN1"/>
		<feat xlink:href="#sTok47" value="VBZ"/>
		<feat xlink:href="#sTok48" value="VVG"/>
		<feat xlink:href="#sTok49" value="TO0"/>
		<feat xlink:href="#sTok50" value="VVI"/>
		<feat xlink:href="#sTok51" value="AVP"/>
		<feat xlink:href="#sTok52" value="PRP"/>
		<feat xlink:href="#sTok53" value="CRD"/>
		<feat xlink:href="#sTok54" value="NN2"/>
		<feat xlink:href="#sTok55" value="CJT"/>
		<feat xlink:href="#sTok56" value="PNP"/>
		<feat xlink:href="#sTok57" value="VVB"/>
		<feat xlink:href="#sTok58" value="VBB"/>
		<feat xlink:href="#sTok59" value="XX0"/>
		<feat xlink:href="#sTok60" value="AV0"/>
		<feat xlink:href="#sTok61" value="AJ0"/>
		<feat xlink:href="#sTok62" value="CJS"/>
		<feat xlink:href="#sTok63" value="AT0"/>
		<feat xlink:href="#sTok64" value="ORD"/>
		<feat xlink:href="#sTok65" value="NN1"/>
		<feat xlink:href="#sTok66" value="PRF"/>
		<feat xlink:href="#sTok67" value="NN2"/>
		<feat xlink:href="#sTok68" value="PNP"/>
		<feat xlink:href="#sTok69" value="VHB"/>
		<feat xlink:href="#sTok70" value="VHN"/>
		<feat xlink:href="#sTok71" value="PUN"/>
		<feat xlink:href="#sTok72" value="CJC"/>
		<feat xlink:href="#sTok73" value="AV0"/>
		<feat xlink:href="#sTok74" value="PRP"/>
		<feat xlink:href="#sTok75" value="ITJ"/>
		<feat xlink:href="#sTok76" value="ORD"/>
		<feat xlink:href="#sTok77" value="PRF"/>
		<feat xlink:href="#sTok78" value="NP0"/>
		<feat xlink:href="#sTok79" value="PUN"/>
		<feat xlink:href="#sTok80" value="PNP"/>
		<feat xlink:href="#sTok81" value="VHB"/>
		<feat xlink:href="#sTok82" value="NP0"/>
		<feat xlink:href="#sTok83" value="NP0"/>
		<feat xlink:href="#sTok84" value="PRP"/>
		<feat xlink:href="#sTok85" value="AT0"/>
		<feat xlink:href="#sTok86" value="ORD"/>
		<feat xlink:href="#sTok87" value="NN1"/>
		<feat xlink:href="#sTok88" value="PRF"/>
		<feat xlink:href="#sTok89" value="AT0"/>
		<feat xlink:href="#sTok90" value="NN2"/>
		<feat xlink:href="#sTok91" value="PUN"/>
		<feat xlink:href="#sTok92" value="DTQ"/>
		<feat xlink:href="#sTok93" value="VBZ"/>
		<feat xlink:href="#sTok94" value="VVG"/>
		<feat xlink:href="#sTok95" value="TO0"/>
		<feat xlink:href="#sTok96" value="VBI"/>
		<feat xlink:href="#sTok97" value="AV0"/>
		<feat xlink:href="#sTok98" value="CRD"/>
		<feat xlink:href="#sTok99" value="PRF"/>
		<feat xlink:href="#sTok100" value="AT0"/>
		<feat xlink:href="#sTok101" value="AJS"/>
		<feat xlink:href="#sTok102" value="NN2"/>
		<feat xlink:href="#sTok103" value="PNP"/>
		<feat xlink:href="#sTok104" value="VBB"/>
		<feat xlink:href="#sTok105" value="VVG"/>
		<feat xlink:href="#sTok106" value="TO0"/>
		<feat xlink:href="#sTok107" value="VBI"/>
		<feat xlink:href="#sTok108" value="VVG"/>
		<feat xlink:href="#sTok109" value="CJS"/>
		<feat xlink:href="#sTok110" value="NP0"/>
		<feat xlink:href="#sTok111" value="VHZ"/>
		<feat xlink:href="#sTok112" value="VVN"/>
		<feat xlink:href="#sTok113" value="PNP"/>
		<feat xlink:href="#sTok114" value="DPS"/>
		<feat xlink:href="#sTok115" value="NN1"/>
		<feat xlink:href="#sTok116" value="CJC"/>
		<feat xlink:href="#sTok117" value="NP0"/>
		<feat xlink:href="#sTok118" value="NP0"/>
		<feat xlink:href="#sTok119" value="PNP"/>
		<feat xlink:href="#sTok120" value="VVB"/>
		<feat xlink:href="#sTok121" value="AT0"/>
		<feat xlink:href="#sTok122" value="NN1"/>
		<feat xlink:href="#sTok123" value="PNP"/>
		<feat xlink:href="#sTok124" value="VVB"/>
		<feat xlink:href="#sTok125" value="PUN"/>
		<feat xlink:href="#sTok126" value="PNP"/>
		<feat xlink:href="#sTok127" value="VBB"/>
		<feat xlink:href="#sTok128" value="AV0"/>
		<feat xlink:href="#sTok129" value="PRP"/>
		<feat xlink:href="#sTok130" value="NP0"/>
		<feat xlink:href="#sTok131" value="PUN"/>
		<feat xlink:href="#sTok132" value="ITJ"/>
		<feat xlink:href="#sTok133" value="PNP"/>
		<feat xlink:href="#sTok134" value="VBB"/>
		<feat xlink:href="#sTok135" value="AV0"/>
		<feat xlink:href="#sTok136" value="VVG"/>
		<feat xlink:href="#sTok137" value="TO0"/>
		<feat xlink:href="#sTok138" value="VVI"/>
		<feat xlink:href="#sTok139" value="AVP"/>
		<feat xlink:href="#sTok140" value="AV0"/>
		<feat xlink:href="#sTok141" value="PRP"/>
		<feat xlink:href="#sTok142" value="AT0"/>
		<feat xlink:href="#sTok143" value="VVN"/>
		<feat xlink:href="#sTok144" value="NN1"/>
		<feat xlink:href="#sTok145" value="PRP"/>
		<feat xlink:href="#sTok146" value="NP0"/>
		<feat xlink:href="#sTok147" value="PUN"/>
		<feat xlink:href="#sTok148" value="PNP"/>
		<feat xlink:href="#sTok149" value="VBB"/>
		<feat xlink:href="#sTok150" value="VVG"/>
		<feat xlink:href="#sTok151" value="TO0"/>
		<feat xlink:href="#sTok152" value="VVI"/>
		<feat xlink:href="#sTok153" value="PNI"/>
		<feat xlink:href="#sTok154" value="PRF"/>
		<feat xlink:href="#sTok155" value="DT0"/>
		<feat xlink:href="#sTok156" value="CRD"/>
		<feat xlink:href="#sTok157" value="NN2"/>
		<feat xlink:href="#sTok158" value="AV0"/>
		<feat xlink:href="#sTok159" value="TO0"/>
		<feat xlink:href="#sTok160" value="VVI"/>
		<feat xlink:href="#sTok161" value="PRP"/>
		<feat xlink:href="#sTok162" value="AT0"/>
		<feat xlink:href="#sTok163" value="NN1"/>
		<feat xlink:href="#sTok164" value="PRF"/>
		<feat xlink:href="#sTok165" value="VVG"/>
		<feat xlink:href="#sTok166" value="NN2"/>
		<feat xlink:href="#sTok167" value="DT0"/>
		<feat xlink:href="#sTok168" value="NN1"/>
		<feat xlink:href="#sTok169" value="PUN"/>
		<feat xlink:href="#sTok170" value="PNP"/>
		<feat xlink:href="#sTok171" value="VHB"/>
		<feat xlink:href="#sTok172" value="VVN"/>
		<feat xlink:href="#sTok173" value="AT0"/>
		<feat xlink:href="#sTok174" value="AV0"/>
		<feat xlink:href="#sTok175" value="VVN"/>
		<feat xlink:href="#sTok176" value="NN1"/>
		<feat xlink:href="#sTok177" value="NP0"/>
		<feat xlink:href="#sTok178" value="VVG"/>
		<feat xlink:href="#sTok179" value="PUN"/>
		<feat xlink:href="#sTok180" value="NP0"/>
		<feat xlink:href="#sTok181" value="NP0"/>
		<feat xlink:href="#sTok182" value="NP0"/>
		<feat xlink:href="#sTok183" value="CJC"/>
		<feat xlink:href="#sTok184" value="NP0"/>
		<feat xlink:href="#sTok185" value="VVG"/>
		<feat xlink:href="#sTok186" value="PRP"/>
		<feat xlink:href="#sTok187" value="CRD"/>
		<feat xlink:href="#sTok188" value="PUN"/>
		<feat xlink:href="#sTok189" value="CRD"/>
		<feat xlink:href="#sTok190" value="NN1"/>
		<feat xlink:href="#sTok191" value="PUN"/>
		<feat xlink:href="#sTok192" value="NP0"/>
		<feat xlink:href="#sTok193" value="VVG"/>
		<feat xlink:href="#sTok194" value="PNP"/>
		<feat xlink:href="#sTok195" value="AT0"/>
		<feat xlink:href="#sTok196" value="AJ0"/>
		<feat xlink:href="#sTok197" value="NN1"/>
		<feat xlink:href="#sTok198" value="PUN"/>
		<feat xlink:href="#sTok199" value="ITJ"/>
		<feat xlink:href="#sTok200" value="PNP"/>
		<feat xlink:href="#sTok201" value="VHB"/>
		<feat xlink:href="#sTok202" value="VVN"/>
		<feat xlink:href="#sTok203" value="CJT"/>
		<feat xlink:href="#sTok204" value="AV0"/>
		<feat xlink:href="#sTok205" value="PRP"/>
		<feat xlink:href="#sTok206" value="AT0"/>
		<feat xlink:href="#sTok207" value="NP0"/>
		<feat xlink:href="#sTok208" value="NP0"/>
		<feat xlink:href="#sTok209" value="NP0"/>
		<feat xlink:href="#sTok210" value="VHZ"/>
		<feat xlink:href="#sTok211" value="AV0"/>
		<feat xlink:href="#sTok212" value="VVN"/>
		<feat xlink:href="#sTok213" value="AV0"/>
		<feat xlink:href="#sTok214" value="PRP"/>
		<feat xlink:href="#sTok215" value="AT0"/>
		<feat xlink:href="#sTok216" value="NP0"/>
		<feat xlink:href="#sTok217" value="CRD"/>
		<feat xlink:href="#sTok218" value="NN2"/>
		<feat xlink:href="#sTok219" value="CJC"/>
		<feat xlink:href="#sTok220" value="AV0"/>
		<feat xlink:href="#sTok221" value="PRP"/>
		<feat xlink:href="#sTok222" value="PNP"/>
		<feat xlink:href="#sTok223" value="VBZ"/>
		<feat xlink:href="#sTok224" value="NP0"/>
		<feat xlink:href="#sTok225" value="PNP"/>
		<feat xlink:href="#sTok226" value="PRP"/>
		<feat xlink:href="#sTok227" value="CRD"/>
		<feat xlink:href="#sTok228" value="PUN"/>
		<feat xlink:href="#sTok229" value="AT0"/>
		<feat xlink:href="#sTok230" value="NP0"/>
		<feat xlink:href="#sTok231" value="VBD"/>
		<feat xlink:href="#sTok232" value="VVG"/>
		<feat xlink:href="#sTok233" value="TO0"/>
		<feat xlink:href="#sTok234" value="VBI"/>
		<feat xlink:href="#sTok235" value="AJ0"/>
		<feat xlink:href="#sTok236" value="DT0"/>
		<feat xlink:href="#sTok237" value="AT0"/>
		<feat xlink:href="#sTok238" value="NN1"/>
		<feat xlink:href="#sTok239" value="NP0"/>
		<feat xlink:href="#sTok240" value="POS"/>
		<feat xlink:href="#sTok241" value="AJ0"/>
		<feat xlink:href="#sTok242" value="NN1"/>
		<feat xlink:href="#sTok243" value="AV0"/>
		<feat xlink:href="#sTok244" value="AJ0"/>
		<feat xlink:href="#sTok245" value="PUN"/>
		<feat xlink:href="#sTok246" value="NP0"/>
		<feat xlink:href="#sTok247" value="VBZ"/>
		<feat xlink:href="#sTok248" value="AT0"/>
		<feat xlink:href="#sTok249" value="ORD"/>
		<feat xlink:href="#sTok250" value="NN1"/>
		<feat xlink:href="#sTok251" value="VVG"/>
		<feat xlink:href="#sTok252" value="AVP"/>
		<feat xlink:href="#sTok253" value="CJC"/>
		<feat xlink:href="#sTok254" value="PNP"/>
		<feat xlink:href="#sTok255" value="VBB"/>
		<feat xlink:href="#sTok256" value="VVG"/>
		<feat xlink:href="#sTok257" value="TO0"/>
		<feat xlink:href="#sTok258" value="VBI"/>
		<feat xlink:href="#sTok259" value="VVG"/>
		<feat xlink:href="#sTok260" value="DT0"/>
		<feat xlink:href="#sTok261" value="NN1"/>
		<feat xlink:href="#sTok262" value="CJS"/>
		<feat xlink:href="#sTok263" value="PNP"/>
		<feat xlink:href="#sTok264" value="VBZ"/>
		<feat xlink:href="#sTok265" value="PRP"/>
		<feat xlink:href="#sTok266" value="NN1"/>
		<feat xlink:href="#sTok267" value="PUN"/>
		<feat xlink:href="#sTok268" value="PNP"/>
		<feat xlink:href="#sTok269" value="VM0"/>
		<feat xlink:href="#sTok270" value="VVI"/>
		<feat xlink:href="#sTok271" value="TO0"/>
		<feat xlink:href="#sTok272" value="AV0"/>
		<feat xlink:href="#sTok273" value="VVI"/>
		<feat xlink:href="#sTok274" value="DT0"/>
		<feat xlink:href="#sTok275" value="PRF"/>
		<feat xlink:href="#sTok276" value="DPS"/>
		<feat xlink:href="#sTok277" value="NP0"/>
		<feat xlink:href="#sTok278" value="NN2"/>
		<feat xlink:href="#sTok279" value="PRP"/>
		<feat xlink:href="#sTok280" value="DT0"/>
		<feat xlink:href="#sTok281" value="NN1"/>
		<feat xlink:href="#sTok282" value="PUN"/>
		<feat xlink:href="#sTok283" value="AT0"/>
		<feat xlink:href="#sTok284" value="ORD"/>
		<feat xlink:href="#sTok285" value="NN1"/>
		<feat xlink:href="#sTok286" value="PNP"/>
		<feat xlink:href="#sTok287" value="VVD"/>
		<feat xlink:href="#sTok288" value="NP0"/>
		<feat xlink:href="#sTok289" value="CJS"/>
		<feat xlink:href="#sTok290" value="PNP"/>
		<feat xlink:href="#sTok291" value="VBB"/>
		<feat xlink:href="#sTok292" value="VVG"/>
		<feat xlink:href="#sTok293" value="TO0"/>
		<feat xlink:href="#sTok294" value="VVI"/>
		<feat xlink:href="#sTok295" value="AV0"/>
		<feat xlink:href="#sTok296" value="DPS"/>
		<feat xlink:href="#sTok297" value="NN1"/>
		<feat xlink:href="#sTok298" value="PRP"/>
		<feat xlink:href="#sTok299" value="DT0"/>
		<feat xlink:href="#sTok300" value="NN1"/>
		<feat xlink:href="#sTok301" value="PUN"/>
		<feat xlink:href="#sTok302" value="PNP"/>
		<feat xlink:href="#sTok303" value="VBZ"/>
		<feat xlink:href="#sTok304" value="AV0"/>
		<feat xlink:href="#sTok305" value="NN1"/>
		<feat xlink:href="#sTok306" value="PRP"/>
		<feat xlink:href="#sTok307" value="NP0"/>
		<feat xlink:href="#sTok308" value="PUN"/>
		<feat xlink:href="#sTok309" value="NP0"/>
		<feat xlink:href="#sTok310" value="VVD"/>
		<feat xlink:href="#sTok311" value="AVP"/>
		<feat xlink:href="#sTok312" value="AV0"/>
		<feat xlink:href="#sTok313" value="CRD"/>
		<feat xlink:href="#sTok314" value="NN2"/>
		<feat xlink:href="#sTok315" value="CJC"/>
		<feat xlink:href="#sTok316" value="AV0"/>
		<feat xlink:href="#sTok317" value="AV0"/>
		<feat xlink:href="#sTok318" value="VHZ"/>
		<feat xlink:href="#sTok319" value="XX0"/>
		<feat xlink:href="#sTok320" value="VVN"/>
		<feat xlink:href="#sTok321" value="PUN"/>
		<feat xlink:href="#sTok322" value="PNP"/>
		<feat xlink:href="#sTok323" value="VD"/>
		<feat xlink:href="#sTok324" value="XX0"/>
		<feat xlink:href="#sTok325" value="VVI"/>
		<feat xlink:href="#sTok326" value="PUN"/>
		<feat xlink:href="#sTok327" value="PNP"/>
		<feat xlink:href="#sTok328" value="VVD"/>
		<feat xlink:href="#sTok329" value="PNP"/>
		<feat xlink:href="#sTok330" value="VBD"/>
		<feat xlink:href="#sTok331" value="VVG"/>
		<feat xlink:href="#sTok332" value="TO0"/>
		<feat xlink:href="#sTok333" value="VBI"/>
		<feat xlink:href="#sTok334" value="PRP"/>
		<feat xlink:href="#sTok335" value="AT0"/>
		<feat xlink:href="#sTok336" value="AJ0"/>
		<feat xlink:href="#sTok337" value="AJ0"/>
		<feat xlink:href="#sTok338" value="NN1"/>
		<feat xlink:href="#sTok339" value="CJC"/>
		<feat xlink:href="#sTok340" value="PNP"/>
		<feat xlink:href="#sTok341" value="VBZ"/>
		<feat xlink:href="#sTok342" value="AV0"/>
		<feat xlink:href="#sTok343" value="AJ0"/>
		<feat xlink:href="#sTok344" value="CJS"/>
		<feat xlink:href="#sTok345" value="AV0"/>
		<feat xlink:href="#sTok346" value="PNP"/>
		<feat xlink:href="#sTok347" value="VM0"/>
		<feat xlink:href="#sTok348" value="VVI"/>
		<feat xlink:href="#sTok349" value="PNP"/>
		<feat xlink:href="#sTok350" value="DT0"/>
		<feat xlink:href="#sTok351" value="NN2"/>
		<feat xlink:href="#sTok352" value="AV0"/>
		<feat xlink:href="#sTok353" value="PUN"/>
		<feat xlink:href="#sTok354" value="NP0"/>
		<feat xlink:href="#sTok355" value="CJC"/>
		<feat xlink:href="#sTok356" value="AV0"/>
		<feat xlink:href="#sTok357" value="VVG"/>
		<feat xlink:href="#sTok358" value="NP0"/>
		<feat xlink:href="#sTok359" value="PRP"/>
		<feat xlink:href="#sTok360" value="NP0"/>
		<feat xlink:href="#sTok361" value="NP0"/>
		<feat xlink:href="#sTok362" value="NP0"/>
		<feat xlink:href="#sTok363" value="NP0"/>
		<feat xlink:href="#sTok364" value="PUN"/>
		<feat xlink:href="#sTok365" value="NP0"/>
		<feat xlink:href="#sTok366" value="PUN"/>
		<feat xlink:href="#sTok367" value="PNP"/>
		<feat xlink:href="#sTok368" value="VHB"/>
		<feat xlink:href="#sTok369" value="NP0"/>
		<feat xlink:href="#sTok370" value="PUN"/>
		<feat xlink:href="#sTok371" value="NP0"/>
		<feat xlink:href="#sTok372" value="PRP"/>
		<feat xlink:href="#sTok373" value="NN1"/>
		<feat xlink:href="#sTok374" value="CJC"/>
		<feat xlink:href="#sTok375" value="AV0"/>
		<feat xlink:href="#sTok376" value="PRP"/>
		<feat xlink:href="#sTok377" value="NN1"/>
		<feat xlink:href="#sTok378" value="PNP"/>
		<feat xlink:href="#sTok379" value="VHB"/>
		<feat xlink:href="#sTok380" value="NP0"/>
		<feat xlink:href="#sTok381" value="PUN"/>
		<feat xlink:href="#sTok382" value="CJS"/>
		<feat xlink:href="#sTok383" value="PNP"/>
		<feat xlink:href="#sTok384" value="VVD"/>
		<feat xlink:href="#sTok385" value="PUN"/>
		<feat xlink:href="#sTok386" value="AT0"/>
		<feat xlink:href="#sTok387" value="NP0"/>
		<feat xlink:href="#sTok388" value="CJS"/>
		<feat xlink:href="#sTok389" value="PNP"/>
		<feat xlink:href="#sTok390" value="VBD"/>
		<feat xlink:href="#sTok391" value="XX0"/>
		<feat xlink:href="#sTok392" value="VVG"/>
		<feat xlink:href="#sTok393" value="TO0"/>
		<feat xlink:href="#sTok394" value="VBI"/>
		<feat xlink:href="#sTok395" value="DT0"/>
		<feat xlink:href="#sTok396" value="NN1"/>
		<feat xlink:href="#sTok397" value="PUN"/>
		<feat xlink:href="#sTok398" value="PNP"/>
		<feat xlink:href="#sTok399" value="VBB"/>
		<feat xlink:href="#sTok400" value="VVG"/>
		<feat xlink:href="#sTok401" value="DT0"/>
		<feat xlink:href="#sTok402" value="PRP"/>
		<feat xlink:href="#sTok403" value="ORD"/>
		<feat xlink:href="#sTok404" value="NN1"/>
		<feat xlink:href="#sTok405" value="PRP"/>
		<feat xlink:href="#sTok406" value="AT0"/>
		<feat xlink:href="#sTok407" value="NP0"/>
		<feat xlink:href="#sTok408" value="NP0"/>
		<feat xlink:href="#sTok409" value="PUN"/>
		<feat xlink:href="#sTok410" value="PNP"/>
		<feat xlink:href="#sTok411" value="VVB"/>
		<feat xlink:href="#sTok412" value="PNP"/>
		<feat xlink:href="#sTok413" value="VBB"/>
		<feat xlink:href="#sTok414" value="VVG"/>
		<feat xlink:href="#sTok415" value="TO0"/>
		<feat xlink:href="#sTok416" value="VHI"/>
		<feat xlink:href="#sTok417" value="TO0"/>
		<feat xlink:href="#sTok418" value="AV0"/>
		<feat xlink:href="#sTok419" value="VVI"/>
		<feat xlink:href="#sTok420" value="CJC"/>
		<feat xlink:href="#sTok421" value="VVB"/>
		<feat xlink:href="#sTok422" value="DT0"/>
		<feat xlink:href="#sTok423" value="PUN"/>
		<feat xlink:href="#sTok424" value="AJ0"/>
		<feat xlink:href="#sTok425" value="CJC"/>
		<feat xlink:href="#sTok426" value="VVI"/>
		<feat xlink:href="#sTok427" value="PNP"/>
		<feat xlink:href="#sTok428" value="PRP"/>
		<feat xlink:href="#sTok429" value="DPS"/>
		<feat xlink:href="#sTok430" value="ORD"/>
		<feat xlink:href="#sTok431" value="NN1"/>
		<feat xlink:href="#sTok432" value="AVP"/>
		<feat xlink:href="#sTok433" value="PUN"/>
		<feat xlink:href="#sTok434" value="DT0"/>
		<feat xlink:href="#sTok435" value="VM0"/>
		<feat xlink:href="#sTok436" value="VBI"/>
		<feat xlink:href="#sTok437" value="NN1"/>
		<feat xlink:href="#sTok438" value="AV0"/>
		<feat xlink:href="#sTok439" value="AJ0"/>
		<feat xlink:href="#sTok440" value="PUN"/>
		<feat xlink:href="#sTok441" value="CJC"/>
		<feat xlink:href="#sTok442" value="CJS"/>
		<feat xlink:href="#sTok443" value="PNP"/>
		<feat xlink:href="#sTok444" value="VD"/>
		<feat xlink:href="#sTok445" value="DT0"/>
		<feat xlink:href="#sTok446" value="PNP"/>
		<feat xlink:href="#sTok447" value="VVB"/>
		<feat xlink:href="#sTok448" value="TO0"/>
		<feat xlink:href="#sTok449" value="VVI"/>
		<feat xlink:href="#sTok450" value="PRP"/>
		<feat xlink:href="#sTok451" value="NP0"/>
		<feat xlink:href="#sTok452" value="NP0"/>
		<feat xlink:href="#sTok453" value="CJC"/>
		<feat xlink:href="#sTok454" value="DT0"/>
		<feat xlink:href="#sTok455" value="VBZ"/>
		<feat xlink:href="#sTok456" value="AT0"/>
		<feat xlink:href="#sTok457" value="AJ0"/>
		<feat xlink:href="#sTok458" value="NN1"/>
		<feat xlink:href="#sTok459" value="PRP"/>
		<feat xlink:href="#sTok460" value="NP0"/>
		<feat xlink:href="#sTok461" value="PUN"/>
		<feat xlink:href="#sTok462" value="AV0"/>
		<feat xlink:href="#sTok463" value="POS"/>
		<feat xlink:href="#sTok464" value="NP0"/>
		<feat xlink:href="#sTok465" value="AV0"/>
		<feat xlink:href="#sTok466" value="VVG"/>
		<feat xlink:href="#sTok467" value="NP0"/>
		<feat xlink:href="#sTok468" value="PUN"/>
		<feat xlink:href="#sTok469" value="NP0"/>
		<feat xlink:href="#sTok470" value="VBZ"/>
		<feat xlink:href="#sTok471" value="AVP"/>
		<feat xlink:href="#sTok472" value="PRP"/>
		<feat xlink:href="#sTok473" value="DT0"/>
		<feat xlink:href="#sTok474" value="VBZ"/>
		<feat xlink:href="#sTok475" value="AJ0"/>
		<feat xlink:href="#sTok476" value="NN1"/>
		<feat xlink:href="#sTok477" value="NP0"/>
		<feat xlink:href="#sTok478" value="CJC"/>
		<feat xlink:href="#sTok479" value="AV0"/>
		<feat xlink:href="#sTok480" value="VM0"/>
		<feat xlink:href="#sTok481" value="VHI"/>
		<feat xlink:href="#sTok482" value="VVN"/>
		<feat xlink:href="#sTok483" value="PRP"/>
		<feat xlink:href="#sTok484" value="NN1"/>
		<feat xlink:href="#sTok485" value="NN1"/>
		<feat xlink:href="#sTok486" value="PRP"/>
		<feat xlink:href="#sTok487" value="PNP"/>
		<feat xlink:href="#sTok488" value="AJ0"/>
		<feat xlink:href="#sTok489" value="NN1"/>
		<feat xlink:href="#sTok490" value="PRP"/>
		<feat xlink:href="#sTok491" value="NP0"/>
		<feat xlink:href="#sTok492" value="PUN"/>
		<feat xlink:href="#sTok493" value="NP0"/>
		<feat xlink:href="#sTok494" value="NP0"/>
		<feat xlink:href="#sTok495" value="PUN"/>
		<feat xlink:href="#sTok496" value="NP0"/>
		<feat xlink:href="#sTok497" value="NP0"/>
		<feat xlink:href="#sTok498" value="PUN"/>
		<feat xlink:href="#sTok499" value="PNP"/>
		<feat xlink:href="#sTok500" value="VBZ"/>
		<feat xlink:href="#sTok501" value="VVG"/>
		<feat xlink:href="#sTok502" value="TO0"/>
		<feat xlink:href="#sTok503" value="VVI"/>
		<feat xlink:href="#sTok504" value="PNP"/>
		<feat xlink:href="#sTok505" value="CJC"/>
		<feat xlink:href="#sTok506" value="VVB"/>
		<feat xlink:href="#sTok507" value="TO0"/>
		<feat xlink:href="#sTok508" value="VVI"/>
		<feat xlink:href="#sTok509" value="PNP"/>
		<feat xlink:href="#sTok510" value="PUN"/>
		<feat xlink:href="#sTok511" value="PNP"/>
		<feat xlink:href="#sTok512" value="VDD"/>
		<feat xlink:href="#sTok513" value="XX0"/>
		<feat xlink:href="#sTok514" value="ITJ"/>
		<feat xlink:href="#sTok515" value="PUN"/>
		<feat xlink:href="#sTok516" value="PNP"/>
		<feat xlink:href="#sTok517" value="VM0"/>
		<feat xlink:href="#sTok518" value="VHI"/>
		<feat xlink:href="#sTok519" value="AV0"/>
		<feat xlink:href="#sTok520" value="VVN"/>
		<feat xlink:href="#sTok521" value="PNP"/>
		<feat xlink:href="#sTok522" value="AT0"/>
		<feat xlink:href="#sTok523" value="AJ0"/>
		<feat xlink:href="#sTok524" value="NN1"/>
		<feat xlink:href="#sTok525" value="PRP"/>
		<feat xlink:href="#sTok526" value="AT0"/>
		<feat xlink:href="#sTok527" value="NN1"/>
		<feat xlink:href="#sTok528" value="PUN"/>
		<feat xlink:href="#sTok529" value="CJC"/>
		<feat xlink:href="#sTok530" value="PNP"/>
		<feat xlink:href="#sTok531" value="VVB"/>
		<feat xlink:href="#sTok532" value="PNQ"/>
		<feat xlink:href="#sTok533" value="PUN"/>
		<feat xlink:href="#sTok534" value="DT0"/>
		<feat xlink:href="#sTok535" value="VVD"/>
		<feat xlink:href="#sTok536" value="PRP"/>
		<feat xlink:href="#sTok537" value="AT0"/>
		<feat xlink:href="#sTok538" value="NN1"/>
		<feat xlink:href="#sTok539" value="CJC"/>
		<feat xlink:href="#sTok540" value="NP0"/>
		<feat xlink:href="#sTok541" value="VVB"/>
		<feat xlink:href="#sTok542" value="PNP"/>
		<feat xlink:href="#sTok543" value="VM0"/>
		<feat xlink:href="#sTok544" value="VVI"/>
		<feat xlink:href="#sTok545" value="NN1"/>
		<feat xlink:href="#sTok546" value="PRP"/>
		<feat xlink:href="#sTok547" value="NN2"/>
		<feat xlink:href="#sTok548" value="PUN"/>
		<feat xlink:href="#sTok549" value="NP0"/>
		<feat xlink:href="#sTok550" value="PUN"/>
		<feat xlink:href="#sTok551" value="VVD"/>
		<feat xlink:href="#sTok552" value="PUN"/>
		<feat xlink:href="#sTok553" value="NP0"/>
		<feat xlink:href="#sTok554" value="NP0"/>
		<feat xlink:href="#sTok555" value="NP0"/>
		<feat xlink:href="#sTok556" value="PUN"/>
		<feat xlink:href="#sTok557" value="VVG"/>
		<feat xlink:href="#sTok558" value="PRP"/>
		<feat xlink:href="#sTok559" value="NN1"/>
		<feat xlink:href="#sTok560" value="PUN"/>
		<feat xlink:href="#sTok561" value="PNP"/>
		<feat xlink:href="#sTok562" value="VVZ"/>
		<feat xlink:href="#sTok563" value="NP0"/>
		<feat xlink:href="#sTok564" value="PRP"/>
		<feat xlink:href="#sTok565" value="DT0"/>
		<feat xlink:href="#sTok566" value="NN1"/>
		<feat xlink:href="#sTok567" value="PUN"/>
		<feat xlink:href="#sTok568" value="NN1"/>
		<feat xlink:href="#sTok569" value="VVI"/>
		<feat xlink:href="#sTok570" value="AT0"/>
		<feat xlink:href="#sTok571" value="NN1"/>
		<feat xlink:href="#sTok572" value="PUN"/>
		<feat xlink:href="#sTok573" value="ITJ"/>
		<feat xlink:href="#sTok574" value="NP0"/>
		<feat xlink:href="#sTok575" value="CJC"/>
		<feat xlink:href="#sTok576" value="PRF"/>
		<feat xlink:href="#sTok577" value="UNC"/>
		<feat xlink:href="#sTok578" value="PNQ"/>
		<feat xlink:href="#sTok579" value="PUN"/>
		<feat xlink:href="#sTok580" value="AVQ"/>
		<feat xlink:href="#sTok581" value="PUN"/>
		<feat xlink:href="#sTok582" value="PNQ"/>
		<feat xlink:href="#sTok583" value="AJ0"/>
		<feat xlink:href="#sTok584" value="PNQ"/>
		<feat xlink:href="#sTok585" value="AVQ"/>
		<feat xlink:href="#sTok586" value="VBZ"/>
		<feat xlink:href="#sTok587" value="AV0"/>
		<feat xlink:href="#sTok588" value="AT0"/>
		<feat xlink:href="#sTok589" value="NN1"/>
		<feat xlink:href="#sTok590" value="PNQ"/>
		<feat xlink:href="#sTok591" value="AV0"/>
		<feat xlink:href="#sTok592" value="VVD"/>
		<feat xlink:href="#sTok593" value="PUN"/>
		<feat xlink:href="#sTok594" value="CRD"/>
		<feat xlink:href="#sTok595" value="NN1"/>
		<feat xlink:href="#sTok596" value="PNP"/>
		<feat xlink:href="#sTok597" value="VVD"/>
		<feat xlink:href="#sTok598" value="PRP"/>
		<feat xlink:href="#sTok599" value="PNP"/>
		<feat xlink:href="#sTok600" value="VBD"/>
		<feat xlink:href="#sTok601" value="VVG"/>
		<feat xlink:href="#sTok602" value="TO0"/>
		<feat xlink:href="#sTok603" value="VBI"/>
		<feat xlink:href="#sTok604" value="AT0"/>
		<feat xlink:href="#sTok605" value="NN1"/>
		<feat xlink:href="#sTok606" value="PUN"/>
		<feat xlink:href="#sTok607" value="AT0"/>
		<feat xlink:href="#sTok608" value="ORD"/>
		<feat xlink:href="#sTok609" value="NP0"/>
		<feat xlink:href="#sTok610" value="VBZ"/>
		<feat xlink:href="#sTok611" value="VVG"/>
		<feat xlink:href="#sTok612" value="AT0"/>
		<feat xlink:href="#sTok613" value="NN1"/>
		<feat xlink:href="#sTok614" value="CJC"/>
		<feat xlink:href="#sTok615" value="PNP"/>
		<feat xlink:href="#sTok616" value="VBB"/>
		<feat xlink:href="#sTok617" value="PNI"/>
		<feat xlink:href="#sTok618" value="PNI"/>
		<feat xlink:href="#sTok619" value="AJ0"/>
		<feat xlink:href="#sTok620" value="PUN"/>
		<feat xlink:href="#sTok621" value="NN1"/>
		<feat xlink:href="#sTok622" value="VVZ"/>
		<feat xlink:href="#sTok623" value="VVN"/>
		<feat xlink:href="#sTok624" value="PRP"/>
		<feat xlink:href="#sTok625" value="ITJ"/>
		<feat xlink:href="#sTok626" value="DT0"/>
		<feat xlink:href="#sTok627" value="NN1"/>
		<feat xlink:href="#sTok628" value="AV0"/>
		<feat xlink:href="#sTok629" value="NP0"/>
		<feat xlink:href="#sTok630" value="VVD"/>
		<feat xlink:href="#sTok631" value="NP0"/>
		<feat xlink:href="#sTok632" value="PUN"/>
		<feat xlink:href="#sTok633" value="NP0"/>
		<feat xlink:href="#sTok634" value="VVB"/>
		<feat xlink:href="#sTok635" value="AT0"/>
		<feat xlink:href="#sTok636" value="NN1"/>
		<feat xlink:href="#sTok637" value="PNX"/>
		<feat xlink:href="#sTok638" value="PNI"/>
		<feat xlink:href="#sTok639" value="PRP"/>
		<feat xlink:href="#sTok640" value="VDG"/>
		<feat xlink:href="#sTok641" value="AV0"/>
		<feat xlink:href="#sTok642" value="NN1"/>
		<feat xlink:href="#sTok643" value="DT0"/>
		<feat xlink:href="#sTok644" value="NN1"/>
		<feat xlink:href="#sTok645" value="PUN"/>
		<feat xlink:href="#sTok646" value="NP0"/>
		<feat xlink:href="#sTok647" value="NP0"/>
		<feat xlink:href="#sTok648" value="NP0"/>
		<feat xlink:href="#sTok649" value="PUN"/>
		<feat xlink:href="#sTok650" value="NP0"/>
		<feat xlink:href="#sTok651" value="PUN"/>
		<feat xlink:href="#sTok652" value="AV0"/>
		<feat xlink:href="#sTok653" value="NP0"/>
		<feat xlink:href="#sTok654" value="PUN"/>
		<feat xlink:href="#sTok655" value="NP0"/>
		<feat xlink:href="#sTok656" value="VM0"/>
		<feat xlink:href="#sTok657" value="AV0"/>
		<feat xlink:href="#sTok658" value="VVI"/>
		<feat xlink:href="#sTok659" value="PRP"/>
		<feat xlink:href="#sTok660" value="AT0"/>
		<feat xlink:href="#sTok661" value="NN1"/>
		<feat xlink:href="#sTok662" value="NN1"/>
		<feat xlink:href="#sTok663" value="AJ0"/>
		<feat xlink:href="#sTok664" value="PUN"/>
		<feat xlink:href="#sTok665" value="CJC"/>
		<feat xlink:href="#sTok666" value="ITJ"/>
		<feat xlink:href="#sTok667" value="AVQ"/>
		<feat xlink:href="#sTok668" value="DT0"/>
		<feat xlink:href="#sTok669" value="NN2"/>
		<feat xlink:href="#sTok670" value="AVQ"/>
		<feat xlink:href="#sTok671" value="DT0"/>
		<feat xlink:href="#sTok672" value="NN2"/>
		<feat xlink:href="#sTok673" value="VBZ"/>
		<feat xlink:href="#sTok674" value="PNP"/>
		<feat xlink:href="#sTok675" value="VVG"/>
		<feat xlink:href="#sTok676" value="TO0"/>
		<feat xlink:href="#sTok677" value="VVI"/>
		<feat xlink:href="#sTok678" value="AT0"/>
		<feat xlink:href="#sTok679" value="AJ0"/>
		<feat xlink:href="#sTok680" value="NN1"/>
		<feat xlink:href="#sTok681" value="CJC"/>
		<feat xlink:href="#sTok682" value="VVB"/>
		<feat xlink:href="#sTok683" value="PUN"/>
		<feat xlink:href="#sTok684" value="DT0"/>
		<feat xlink:href="#sTok685" value="NN1"/>
		<feat xlink:href="#sTok686" value="VHZ"/>
		<feat xlink:href="#sTok687" value="VVN"/>
		<feat xlink:href="#sTok688" value="AJ0"/>
		<feat xlink:href="#sTok689" value="NN2"/>
		<feat xlink:href="#sTok690" value="PRP"/>
		<feat xlink:href="#sTok691" value="DPS"/>
		<feat xlink:href="#sTok692" value="NN1"/>
		<feat xlink:href="#sTok693" value="CJC"/>
		<feat xlink:href="#sTok694" value="VM0"/>
		<feat xlink:href="#sTok695" value="XX0"/>
		<feat xlink:href="#sTok696" value="VVI"/>
		<feat xlink:href="#sTok697" value="AT0"/>
		<feat xlink:href="#sTok698" value="AJ0"/>
		<feat xlink:href="#sTok699" value="NN1"/>
		<feat xlink:href="#sTok700" value="NN1"/>
		<feat xlink:href="#sTok701" value="PRP"/>
		<feat xlink:href="#sTok702" value="AT0"/>
		<feat xlink:href="#sTok703" value="NN1"/>
		<feat xlink:href="#sTok704" value="CJS"/>
		<feat xlink:href="#sTok705" value="AT0"/>
		<feat xlink:href="#sTok706" value="NN1"/>
		<feat xlink:href="#sTok707" value="PUN"/>
		<feat xlink:href="#sTok708" value="PNP"/>
		<feat xlink:href="#sTok709" value="VBB"/>
		<feat xlink:href="#sTok710" value="VVG"/>
		<feat xlink:href="#sTok711" value="TO0"/>
		<feat xlink:href="#sTok712" value="VVI"/>
		<feat xlink:href="#sTok713" value="PNP"/>
		<feat xlink:href="#sTok714" value="PUN"/>
		<feat xlink:href="#sTok715" value="ITJ"/>
		<feat xlink:href="#sTok716" value="PRP"/>
		<feat xlink:href="#sTok717" value="NP0"/>
		<feat xlink:href="#sTok718" value="VVZ"/>
		<feat xlink:href="#sTok719" value="VVN"/>
		<feat xlink:href="#sTok720" value="PRP"/>
		<feat xlink:href="#sTok721" value="VVG"/>
		<feat xlink:href="#sTok722" value="PRP"/>
		<feat xlink:href="#sTok723" value="NP0"/>
		<feat xlink:href="#sTok724" value="PUN"/>
		<feat xlink:href="#sTok725" value="PNI"/>
		<feat xlink:href="#sTok726" value="NN1"/>
		<feat xlink:href="#sTok727" value="AJ0"/>
		<feat xlink:href="#sTok728" value="NN1"/>
		<feat xlink:href="#sTok729" value="PUN"/>
		<feat xlink:href="#sTok730" value="AVQ"/>
		<feat xlink:href="#sTok731" value="PNP"/>
		<feat xlink:href="#sTok732" value="VDD"/>
		<feat xlink:href="#sTok733" value="XX0"/>
		<feat xlink:href="#sTok734" value="VVI"/>
		<feat xlink:href="#sTok735" value="PUN"/>
		<feat xlink:href="#sTok736" value="AVQ"/>
		<feat xlink:href="#sTok737" value="PNP"/>
		<feat xlink:href="#sTok738" value="VVD"/>
		<feat xlink:href="#sTok739" value="AT0"/>
		<feat xlink:href="#sTok740" value="NN1"/>
		<feat xlink:href="#sTok741" value="PUN"/>
		<feat xlink:href="#sTok742" value="TO0"/>
		<feat xlink:href="#sTok743" value="VVI"/>
		<feat xlink:href="#sTok744" value="NN2"/>
		<feat xlink:href="#sTok745" value="AJC"/>
		<feat xlink:href="#sTok746" value="PNP"/>
		<feat xlink:href="#sTok747" value="VVB"/>
		<feat xlink:href="#sTok748" value="TO0"/>
		<feat xlink:href="#sTok749" value="VVI"/>
		<feat xlink:href="#sTok750" value="NP0"/>
		<feat xlink:href="#sTok751" value="NP0"/>
		<feat xlink:href="#sTok752" value="PUN"/>
		<feat xlink:href="#sTok753" value="PNQ"/>
		<feat xlink:href="#sTok754" value="NN1"/>
		<feat xlink:href="#sTok755" value="VBZ"/>
		<feat xlink:href="#sTok756" value="ITJ"/>
		<feat xlink:href="#sTok757" value="VBZ"/>
		<feat xlink:href="#sTok758" value="ORD"/>
		<feat xlink:href="#sTok759" value="PNP"/>
		<feat xlink:href="#sTok760" value="VBB"/>
		<feat xlink:href="#sTok761" value="AVP"/>
		<feat xlink:href="#sTok762" value="PRP"/>
		<feat xlink:href="#sTok763" value="ORD"/>
		<feat xlink:href="#sTok764" value="NN1"/>
		<feat xlink:href="#sTok765" value="CJC"/>
		<feat xlink:href="#sTok766" value="PNQ"/>
		<feat xlink:href="#sTok767" value="AT0"/>
		<feat xlink:href="#sTok768" value="ORD"/>
		<feat xlink:href="#sTok769" value="VBZ"/>
		<feat xlink:href="#sTok770" value="PRP"/>
		<feat xlink:href="#sTok771" value="ORD"/>
		<feat xlink:href="#sTok772" value="NN1"/>
		<feat xlink:href="#sTok773" value="PUN"/>
		<feat xlink:href="#sTok774" value="CJC"/>
		<feat xlink:href="#sTok775" value="CJS"/>
		<feat xlink:href="#sTok776" value="PNP"/>
		<feat xlink:href="#sTok777" value="VBB"/>
		<feat xlink:href="#sTok778" value="VVG"/>
		<feat xlink:href="#sTok779" value="TO0"/>
		<feat xlink:href="#sTok780" value="VVI"/>
		<feat xlink:href="#sTok781" value="DT0"/>
		<feat xlink:href="#sTok782" value="PUN"/>
		<feat xlink:href="#sTok783" value="PNP"/>
		<feat xlink:href="#sTok784" value="VBZ"/>
		<feat xlink:href="#sTok785" value="VVG"/>
		<feat xlink:href="#sTok786" value="TO0"/>
		<feat xlink:href="#sTok787" value="VVI"/>
		<feat xlink:href="#sTok788" value="PNP"/>
		<feat xlink:href="#sTok789" value="VVI"/>
		<feat xlink:href="#sTok790" value="PRP"/>
		<feat xlink:href="#sTok791" value="AJ0"/>
		<feat xlink:href="#sTok792" value="PUN"/>
		<feat xlink:href="#sTok793" value="AT0"/>
		<feat xlink:href="#sTok794" value="NN1"/>
		<feat xlink:href="#sTok795" value="PRP"/>
		<feat xlink:href="#sTok796" value="NP0"/>
		<feat xlink:href="#sTok797" value="PUN"/>
		<feat xlink:href="#sTok798" value="NP0"/>
		<feat xlink:href="#sTok799" value="PUN"/>
		<feat xlink:href="#sTok800" value="NP0"/>
		<feat xlink:href="#sTok801" value="PUN"/>
		<feat xlink:href="#sTok802" value="NP0"/>
		<feat xlink:href="#sTok803" value="PUN"/>
		<feat xlink:href="#sTok804" value="AV0"/>
		<feat xlink:href="#sTok805" value="XX0"/>
		<feat xlink:href="#sTok806" value="AT0"/>
		<feat xlink:href="#sTok807" value="AJS"/>
		<feat xlink:href="#sTok808" value="NN1"/>
		<feat xlink:href="#sTok809" value="NN1"/>
		<feat xlink:href="#sTok810" value="CJC"/>
		<feat xlink:href="#sTok811" value="DT0"/>
		<feat xlink:href="#sTok812" value="VBZ"/>
		<feat xlink:href="#sTok813" value="PNQ"/>
		<feat xlink:href="#sTok814" value="PNP"/>
		<feat xlink:href="#sTok815" value="VBB"/>
		<feat xlink:href="#sTok816" value="VVG"/>
		<feat xlink:href="#sTok817" value="PRP"/>
		<feat xlink:href="#sTok818" value="PUN"/>
		<feat xlink:href="#sTok819" value="NP0"/>
		<feat xlink:href="#sTok820" value="VVG"/>
		<feat xlink:href="#sTok821" value="CRD"/>
		<feat xlink:href="#sTok822" value="NP0"/>
		<feat xlink:href="#sTok823" value="VVG"/>
		<feat xlink:href="#sTok824" value="CRD"/>
		<feat xlink:href="#sTok825" value="AV0"/>
		<feat xlink:href="#sTok826" value="AJ0"/>
		<feat xlink:href="#sTok827" value="PNP"/>
		<feat xlink:href="#sTok828" value="VVD"/>
		<feat xlink:href="#sTok829" value="NP0"/>
		<feat xlink:href="#sTok830" value="AVP"/>
		<feat xlink:href="#sTok831" value="CJC"/>
		<feat xlink:href="#sTok832" value="PNP"/>
		<feat xlink:href="#sTok833" value="VVD"/>
		<feat xlink:href="#sTok834" value="AVP"/>
		<feat xlink:href="#sTok835" value="NP0"/>
		<feat xlink:href="#sTok836" value="CJS"/>
		<feat xlink:href="#sTok837" value="PNP"/>
		<feat xlink:href="#sTok838" value="VBZ"/>
		<feat xlink:href="#sTok839" value="VVG"/>
		<feat xlink:href="#sTok840" value="TO0"/>
		<feat xlink:href="#sTok841" value="VBI"/>
		<feat xlink:href="#sTok842" value="AJ0"/>
		<feat xlink:href="#sTok843" value="PUN"/>
		<feat xlink:href="#sTok844" value="PNP"/>
		<feat xlink:href="#sTok845" value="VBZ"/>
		<feat xlink:href="#sTok846" value="AT0"/>
		<feat xlink:href="#sTok847" value="CRD"/>
		<feat xlink:href="#sTok848" value="PUN"/>
		<feat xlink:href="#sTok849" value="CRD"/>
		<feat xlink:href="#sTok850" value="NN1"/>
		<feat xlink:href="#sTok851" value="PUN"/>
		<feat xlink:href="#sTok852" value="NP0"/>
		<feat xlink:href="#sTok853" value="VBD"/>
		<feat xlink:href="#sTok854" value="AV0"/>
		<feat xlink:href="#sTok855" value="DT0"/>
		<feat xlink:href="#sTok856" value="NN1"/>
		<feat xlink:href="#sTok857" value="PUN"/>
		<feat xlink:href="#sTok858" value="PNP"/>
		<feat xlink:href="#sTok859" value="VDD"/>
		<feat xlink:href="#sTok860" value="PNP"/>
		<feat xlink:href="#sTok861" value="PNP"/>
		<feat xlink:href="#sTok862" value="VVD"/>
		<feat xlink:href="#sTok863" value="PNP"/>
		<feat xlink:href="#sTok864" value="PRP"/>
		<feat xlink:href="#sTok865" value="AT0"/>
		<feat xlink:href="#sTok866" value="NN1"/>
		<feat xlink:href="#sTok867" value="PUN"/>
		<feat xlink:href="#sTok868" value="NN2"/>
		<feat xlink:href="#sTok869" value="CJC"/>
		<feat xlink:href="#sTok870" value="PNP"/>
		<feat xlink:href="#sTok871" value="AV0"/>
		<feat xlink:href="#sTok872" value="VVB"/>
		<feat xlink:href="#sTok873" value="TO0"/>
		<feat xlink:href="#sTok874" value="VVI"/>
		<feat xlink:href="#sTok875" value="AVP"/>
		<feat xlink:href="#sTok876" value="PNQ"/>
		<feat xlink:href="#sTok877" value="AT0"/>
		<feat xlink:href="#sTok878" value="NN1"/>
		<feat xlink:href="#sTok879" value="NN1"/>
		<feat xlink:href="#sTok880" value="VBD"/>
		<feat xlink:href="#sTok881" value="PRP"/>
		<feat xlink:href="#sTok882" value="AT0"/>
		<feat xlink:href="#sTok883" value="NP0"/>
		<feat xlink:href="#sTok884" value="NP0"/>
		<feat xlink:href="#sTok885" value="DT0"/>
		<feat xlink:href="#sTok886" value="NN1"/>
		<feat xlink:href="#sTok887" value="PNP"/>
		<feat xlink:href="#sTok888" value="VVD"/>
		<feat xlink:href="#sTok889" value="PNP"/>
		<feat xlink:href="#sTok890" value="TO0"/>
		<feat xlink:href="#sTok891" value="VVI"/>
		<feat xlink:href="#sTok892" value="AT0"/>
		<feat xlink:href="#sTok893" value="NN2"/>
		<feat xlink:href="#sTok894" value="PNP"/>
		<feat xlink:href="#sTok895" value="VVD"/>
		<feat xlink:href="#sTok896" value="CJT"/>
		<feat xlink:href="#sTok897" value="PRP"/>
		<feat xlink:href="#sTok898" value="AT0"/>
		<feat xlink:href="#sTok899" value="NN1"/>
		<feat xlink:href="#sTok900" value="PNP"/>
		<feat xlink:href="#sTok901" value="VHD"/>
		<feat xlink:href="#sTok902" value="CJC"/>
		<feat xlink:href="#sTok903" value="AT0"/>
		<feat xlink:href="#sTok904" value="NN2"/>
		<feat xlink:href="#sTok905" value="PNP"/>
		<feat xlink:href="#sTok906" value="VHD"/>
		<feat xlink:href="#sTok907" value="PNP"/>
		<feat xlink:href="#sTok908" value="VM0"/>
		<feat xlink:href="#sTok909" value="VHI"/>
		<feat xlink:href="#sTok910" value="VVN"/>
		<feat xlink:href="#sTok911" value="PNP"/>
		<feat xlink:href="#sTok912" value="PRP"/>
		<feat xlink:href="#sTok913" value="AT0"/>
		<feat xlink:href="#sTok914" value="NN1"/>
		<feat xlink:href="#sTok915" value="CJC"/>
		<feat xlink:href="#sTok916" value="PNP"/>
		<feat xlink:href="#sTok917" value="VDD"/>
		<feat xlink:href="#sTok918" value="PUN"/></featList></paula>