<?xml version='1.0' encoding='UTF-8'?><!DOCTYPE paula SYSTEM "paula_feat.dtd">
<paula version="1.1">
	<header paula_id="GENTLE_esports_fifa.tok_Negation"/>
	<featList xmlns:xlink="http://www.w3.org/1999/xlink" type="Negation" xml:base="GENTLE_esports_fifa.tok.xml">
		<feat xlink:href="#sTok59" value="Yes"/>
		<feat xlink:href="#sTok319" value="Yes"/>
		<feat xlink:href="#sTok324" value="Yes"/>
		<feat xlink:href="#sTok391" value="Yes"/>
		<feat xlink:href="#sTok513" value="Yes"/>
		<feat xlink:href="#sTok642" value="Yes"/>
		<feat xlink:href="#sTok695" value="Yes"/>
		<feat xlink:href="#sTok733" value="Yes"/>
		<feat xlink:href="#sTok793" value="Yes"/>
		<feat xlink:href="#sTok805" value="Yes"/></featList></paula>