<?xml version='1.0' encoding='UTF-8'?><!DOCTYPE paula SYSTEM "paula_feat.dtd">
<paula version="1.1">
	<header paula_id="morph.GENTLE_esports_fifa.mark_Degree"/>
	<featList xmlns:xlink="http://www.w3.org/1999/xlink" type="Degree" xml:base="morph.GENTLE_esports_fifa.mark.xml">
		<feat xlink:href="#sSpan912" value="Pos"/>
		<feat xlink:href="#sSpan914" value="Pos"/>
		<feat xlink:href="#sSpan934" value="Pos"/>
		<feat xlink:href="#sSpan962" value="Pos"/>
		<feat xlink:href="#sSpan1000" value="Pos"/>
		<feat xlink:href="#sSpan1003" value="Pos"/>
		<feat xlink:href="#sSpan1019" value="Pos"/>
		<feat xlink:href="#sSpan1035" value="Pos"/>
		<feat xlink:href="#sSpan1049" value="Pos"/>
		<feat xlink:href="#sSpan1054" value="Sup"/>
		<feat xlink:href="#sSpan1120" value="Pos"/>
		<feat xlink:href="#sSpan1134" value="Pos"/>
		<feat xlink:href="#sSpan1207" value="Pos"/>
		<feat xlink:href="#sSpan1220" value="Cmp"/>
		<feat xlink:href="#sSpan1234" value="Pos"/>
		<feat xlink:href="#sSpan1241" value="Pos"/>
		<feat xlink:href="#sSpan1269" value="Pos"/>
		<feat xlink:href="#sSpan1283" value="Pos"/>
		<feat xlink:href="#sSpan1284" value="Pos"/>
		<feat xlink:href="#sSpan1285" value="Pos"/>
		<feat xlink:href="#sSpan1294" value="Pos"/>
		<feat xlink:href="#sSpan1345" value="Pos"/>
		<feat xlink:href="#sSpan1370" value="Pos"/>
		<feat xlink:href="#sSpan1391" value="Pos"/>
		<feat xlink:href="#sSpan1400" value="Pos"/>
		<feat xlink:href="#sSpan1449" value="Pos"/>
		<feat xlink:href="#sSpan1450" value="Pos"/>
		<feat xlink:href="#sSpan1462" value="Pos"/>
		<feat xlink:href="#sSpan1463" value="Pos"/>
		<feat xlink:href="#sSpan1481" value="Pos"/>
		<feat xlink:href="#sSpan1501" value="Pos"/>
		<feat xlink:href="#sSpan1554" value="Pos"/>
		<feat xlink:href="#sSpan1583" value="Pos"/>
		<feat xlink:href="#sSpan1584" value="Pos"/>
		<feat xlink:href="#sSpan1597" value="Pos"/>
		<feat xlink:href="#sSpan1599" value="Pos"/>
		<feat xlink:href="#sSpan1606" value="Pos"/>
		<feat xlink:href="#sSpan1607" value="Pos"/>
		<feat xlink:href="#sSpan1640" value="Pos"/>
		<feat xlink:href="#sSpan1658" value="Pos"/>
		<feat xlink:href="#sSpan1659" value="Pos"/>
		<feat xlink:href="#sSpan1667" value="Pos"/>
		<feat xlink:href="#sSpan1682" value="Pos"/>
		<feat xlink:href="#sSpan1739" value="Pos"/>
		<feat xlink:href="#sSpan1765" value="Pos"/>
		<feat xlink:href="#sSpan1810" value="Pos"/>
		<feat xlink:href="#sSpan1859" value="Pos"/>
		<feat xlink:href="#sSpan1884" value="Pos"/>
		<feat xlink:href="#sSpan1894" value="Pos"/>
		<feat xlink:href="#sSpan1897" value="Pos"/>
		<feat xlink:href="#sSpan1919" value="Pos"/>
		<feat xlink:href="#sSpan1934" value="Pos"/>
		<feat xlink:href="#sSpan1940" value="Pos"/>
		<feat xlink:href="#sSpan1942" value="Pos"/>
		<feat xlink:href="#sSpan1945" value="Pos"/>
		<feat xlink:href="#sSpan1962" value="Pos"/>
		<feat xlink:href="#sSpan1975" value="Pos"/>
		<feat xlink:href="#sSpan1988" value="Pos"/>
		<feat xlink:href="#sSpan2019" value="Pos"/>
		<feat xlink:href="#sSpan2025" value="Pos"/>
		<feat xlink:href="#sSpan2054" value="Cmp"/>
		<feat xlink:href="#sSpan2079" value="Pos"/>
		<feat xlink:href="#sSpan2089" value="Pos"/>
		<feat xlink:href="#sSpan2091" value="Pos"/>
		<feat xlink:href="#sSpan2096" value="Pos"/>
		<feat xlink:href="#sSpan2103" value="Pos"/>
		<feat xlink:href="#sSpan2137" value="Pos"/>
		<feat xlink:href="#sSpan2145" value="Pos"/>
		<feat xlink:href="#sSpan2149" value="Sup"/>
		<feat xlink:href="#sSpan2179" value="Pos"/>
		<feat xlink:href="#sSpan2213" value="Pos"/></featList></paula>