<?xml version='1.0' encoding='UTF-8'?><!DOCTYPE paula SYSTEM "paula_feat.dtd">
<paula version="1.1">
	<header paula_id="morph.GENTLE_esports_fifa.mark_Gender"/>
	<featList xmlns:xlink="http://www.w3.org/1999/xlink" type="Gender" xml:base="morph.GENTLE_esports_fifa.mark.xml">
		<feat xlink:href="#sSpan953" value="Neut"/>
		<feat xlink:href="#sSpan1201" value="Masc"/>
		<feat xlink:href="#sSpan1317" value="Neut"/>
		<feat xlink:href="#sSpan1349" value="Masc"/>
		<feat xlink:href="#sSpan1372" value="Masc"/>
		<feat xlink:href="#sSpan1384" value="Masc"/>
		<feat xlink:href="#sSpan1435" value="Masc"/>
		<feat xlink:href="#sSpan1454" value="Masc"/>
		<feat xlink:href="#sSpan1465" value="Masc"/>
		<feat xlink:href="#sSpan1474" value="Masc"/>
		<feat xlink:href="#sSpan1525" value="Neut"/>
		<feat xlink:href="#sSpan1586" value="Neut"/>
		<feat xlink:href="#sSpan1678" value="Masc"/>
		<feat xlink:href="#sSpan1691" value="Masc"/>
		<feat xlink:href="#sSpan1704" value="Neut"/>
		<feat xlink:href="#sSpan1712" value="Neut"/>
		<feat xlink:href="#sSpan1735" value="Neut"/>
		<feat xlink:href="#sSpan1788" value="Masc"/>
		<feat xlink:href="#sSpan1834" value="Neut"/>
		<feat xlink:href="#sSpan1843" value="Neut"/>
		<feat xlink:href="#sSpan1954" value="Masc"/>
		<feat xlink:href="#sSpan2123" value="Neut"/>
		<feat xlink:href="#sSpan2203" value="Masc"/>
		<feat xlink:href="#sSpan2218" value="Neut"/>
		<feat xlink:href="#sSpan2252" value="Neut"/>
		<feat xlink:href="#sSpan2262" value="Neut"/>
		<feat xlink:href="#sSpan2358" value="Neut"/></featList></paula>