<?xml version='1.0' encoding='UTF-8'?><!DOCTYPE paula SYSTEM "paula_feat.dtd">
<paula version="1.1">
	<header paula_id="morph.GENTLE_esports_fifa.mark_Case"/>
	<featList xmlns:xlink="http://www.w3.org/1999/xlink" type="Case" xml:base="morph.GENTLE_esports_fifa.mark.xml">
		<feat xlink:href="#sSpan918" value="Nom"/>
		<feat xlink:href="#sSpan930" value="Acc"/>
		<feat xlink:href="#sSpan944" value="Nom"/>
		<feat xlink:href="#sSpan952" value="Acc"/>
		<feat xlink:href="#sSpan959" value="Acc"/>
		<feat xlink:href="#sSpan989" value="Nom"/>
		<feat xlink:href="#sSpan1010" value="Nom"/>
		<feat xlink:href="#sSpan1026" value="Nom"/>
		<feat xlink:href="#sSpan1061" value="Nom"/>
		<feat xlink:href="#sSpan1082" value="Acc"/>
		<feat xlink:href="#sSpan1089" value="Gen"/>
		<feat xlink:href="#sSpan1097" value="Nom"/>
		<feat xlink:href="#sSpan1107" value="Nom"/>
		<feat xlink:href="#sSpan1118" value="Nom"/>
		<feat xlink:href="#sSpan1129" value="Nom"/>
		<feat xlink:href="#sSpan1146" value="Nom"/>
		<feat xlink:href="#sSpan1176" value="Nom"/>
		<feat xlink:href="#sSpan1208" value="Acc"/>
		<feat xlink:href="#sSpan1217" value="Nom"/>
		<feat xlink:href="#sSpan1250" value="Acc"/>
		<feat xlink:href="#sSpan1259" value="Acc"/>
		<feat xlink:href="#sSpan1283" value="Nom"/>
		<feat xlink:href="#sSpan1305" value="Nom"/>
		<feat xlink:href="#sSpan1323" value="Nom"/>
		<feat xlink:href="#sSpan1334" value="Nom"/>
		<feat xlink:href="#sSpan1340" value="Gen"/>
		<feat xlink:href="#sSpan1355" value="Nom"/>
		<feat xlink:href="#sSpan1364" value="Nom"/>
		<feat xlink:href="#sSpan1378" value="Gen"/>
		<feat xlink:href="#sSpan1391" value="Nom"/>
		<feat xlink:href="#sSpan1419" value="Nom"/>
		<feat xlink:href="#sSpan1430" value="Nom"/>
		<feat xlink:href="#sSpan1441" value="Nom"/>
		<feat xlink:href="#sSpan1459" value="Nom"/>
		<feat xlink:href="#sSpan1473" value="Nom"/>
		<feat xlink:href="#sSpan1477" value="Acc"/>
		<feat xlink:href="#sSpan1497" value="Nom"/>
		<feat xlink:href="#sSpan1510" value="Nom"/>
		<feat xlink:href="#sSpan1521" value="Nom"/>
		<feat xlink:href="#sSpan1531" value="Nom"/>
		<feat xlink:href="#sSpan1551" value="Nom"/>
		<feat xlink:href="#sSpan1569" value="Nom"/>
		<feat xlink:href="#sSpan1577" value="Nom"/>
		<feat xlink:href="#sSpan1593" value="Acc"/>
		<feat xlink:href="#sSpan1601" value="Gen"/>
		<feat xlink:href="#sSpan1616" value="Nom"/>
		<feat xlink:href="#sSpan1629" value="Nom"/>
		<feat xlink:href="#sSpan1688" value="Acc"/>
		<feat xlink:href="#sSpan1698" value="Nom"/>
		<feat xlink:href="#sSpan1712" value="Acc"/>
		<feat xlink:href="#sSpan1716" value="Acc"/>
		<feat xlink:href="#sSpan1721" value="Nom"/>
		<feat xlink:href="#sSpan1732" value="Nom"/>
		<feat xlink:href="#sSpan1740" value="Acc"/>
		<feat xlink:href="#sSpan1753" value="Nom"/>
		<feat xlink:href="#sSpan1775" value="Nom"/>
		<feat xlink:href="#sSpan1798" value="Nom"/>
		<feat xlink:href="#sSpan1840" value="Nom"/>
		<feat xlink:href="#sSpan1850" value="Nom"/>
		<feat xlink:href="#sSpan1881" value="Nom"/>
		<feat xlink:href="#sSpan1959" value="Nom"/>
		<feat xlink:href="#sSpan1985" value="Gen"/>
		<feat xlink:href="#sSpan2005" value="Nom"/>
		<feat xlink:href="#sSpan2016" value="Acc"/>
		<feat xlink:href="#sSpan2037" value="Nom"/>
		<feat xlink:href="#sSpan2048" value="Nom"/>
		<feat xlink:href="#sSpan2062" value="Nom"/>
		<feat xlink:href="#sSpan2090" value="Nom"/>
		<feat xlink:href="#sSpan2115" value="Nom"/>
		<feat xlink:href="#sSpan2131" value="Nom"/>
		<feat xlink:href="#sSpan2141" value="Acc"/>
		<feat xlink:href="#sSpan2172" value="Nom"/>
		<feat xlink:href="#sSpan2192" value="Nom"/>
		<feat xlink:href="#sSpan2201" value="Nom"/>
		<feat xlink:href="#sSpan2209" value="Nom"/>
		<feat xlink:href="#sSpan2226" value="Nom"/>
		<feat xlink:href="#sSpan2249" value="Nom"/>
		<feat xlink:href="#sSpan2257" value="Acc"/>
		<feat xlink:href="#sSpan2265" value="Nom"/>
		<feat xlink:href="#sSpan2275" value="Acc"/>
		<feat xlink:href="#sSpan2281" value="Nom"/>
		<feat xlink:href="#sSpan2308" value="Nom"/>
		<feat xlink:href="#sSpan2316" value="Acc"/>
		<feat xlink:href="#sSpan2327" value="Nom"/>
		<feat xlink:href="#sSpan2338" value="Nom"/>
		<feat xlink:href="#sSpan2351" value="Nom"/>
		<feat xlink:href="#sSpan2360" value="Nom"/>
		<feat xlink:href="#sSpan2365" value="Acc"/>
		<feat xlink:href="#sSpan2376" value="Nom"/></featList></paula>