<?xml version='1.0' encoding='UTF-8'?><!DOCTYPE paula SYSTEM "paula_feat.dtd">
<paula version="1.1">
	<header paula_id="morph.GENTLE_esports_fifa.mark_Degree"/>
	<featList xmlns:xlink="http://www.w3.org/1999/xlink" type="Degree" xml:base="morph.GENTLE_esports_fifa.mark.xml">
		<feat xlink:href="#sSpan454" value="Pos"/>
		<feat xlink:href="#sSpan456" value="Pos"/>
		<feat xlink:href="#sSpan474" value="Pos"/>
		<feat xlink:href="#sSpan505" value="Pos"/>
		<feat xlink:href="#sSpan544" value="Pos"/>
		<feat xlink:href="#sSpan547" value="Pos"/>
		<feat xlink:href="#sSpan562" value="Pos"/>
		<feat xlink:href="#sSpan580" value="Pos"/>
		<feat xlink:href="#sSpan594" value="Pos"/>
		<feat xlink:href="#sSpan599" value="Sup"/>
		<feat xlink:href="#sSpan664" value="Pos"/>
		<feat xlink:href="#sSpan679" value="Pos"/>
		<feat xlink:href="#sSpan758" value="Pos"/>
		<feat xlink:href="#sSpan772" value="Cmp"/>
		<feat xlink:href="#sSpan786" value="Pos"/>
		<feat xlink:href="#sSpan793" value="Pos"/>
		<feat xlink:href="#sSpan822" value="Pos"/>
		<feat xlink:href="#sSpan833" value="Pos"/>
		<feat xlink:href="#sSpan834" value="Pos"/>
		<feat xlink:href="#sSpan835" value="Pos"/>
		<feat xlink:href="#sSpan844" value="Pos"/>
		<feat xlink:href="#sSpan895" value="Pos"/>
		<feat xlink:href="#sSpan920" value="Pos"/>
		<feat xlink:href="#sSpan941" value="Pos"/>
		<feat xlink:href="#sSpan949" value="Pos"/>
		<feat xlink:href="#sSpan998" value="Pos"/>
		<feat xlink:href="#sSpan999" value="Pos"/>
		<feat xlink:href="#sSpan1011" value="Pos"/>
		<feat xlink:href="#sSpan1012" value="Pos"/>
		<feat xlink:href="#sSpan1030" value="Pos"/>
		<feat xlink:href="#sSpan1050" value="Pos"/>
		<feat xlink:href="#sSpan1102" value="Pos"/>
		<feat xlink:href="#sSpan1131" value="Pos"/>
		<feat xlink:href="#sSpan1144" value="Pos"/>
		<feat xlink:href="#sSpan1147" value="Pos"/>
		<feat xlink:href="#sSpan1154" value="Pos"/>
		<feat xlink:href="#sSpan1155" value="Pos"/>
		<feat xlink:href="#sSpan1186" value="Pos"/>
		<feat xlink:href="#sSpan1206" value="Pos"/>
		<feat xlink:href="#sSpan1207" value="Pos"/>
		<feat xlink:href="#sSpan1215" value="Pos"/>
		<feat xlink:href="#sSpan1230" value="Pos"/>
		<feat xlink:href="#sSpan1288" value="Pos"/>
		<feat xlink:href="#sSpan1312" value="Pos"/>
		<feat xlink:href="#sSpan1357" value="Pos"/>
		<feat xlink:href="#sSpan1404" value="Pos"/>
		<feat xlink:href="#sSpan1429" value="Pos"/>
		<feat xlink:href="#sSpan1439" value="Pos"/>
		<feat xlink:href="#sSpan1442" value="Pos"/>
		<feat xlink:href="#sSpan1463" value="Pos"/>
		<feat xlink:href="#sSpan1476" value="Pos"/>
		<feat xlink:href="#sSpan1482" value="Pos"/>
		<feat xlink:href="#sSpan1484" value="Pos"/>
		<feat xlink:href="#sSpan1487" value="Pos"/>
		<feat xlink:href="#sSpan1505" value="Pos"/>
		<feat xlink:href="#sSpan1518" value="Pos"/>
		<feat xlink:href="#sSpan1531" value="Pos"/>
		<feat xlink:href="#sSpan1570" value="Pos"/>
		<feat xlink:href="#sSpan1598" value="Cmp"/>
		<feat xlink:href="#sSpan1622" value="Pos"/>
		<feat xlink:href="#sSpan1632" value="Pos"/>
		<feat xlink:href="#sSpan1633" value="Pos"/>
		<feat xlink:href="#sSpan1640" value="Pos"/>
		<feat xlink:href="#sSpan1648" value="Pos"/>
		<feat xlink:href="#sSpan1684" value="Pos"/>
		<feat xlink:href="#sSpan1691" value="Pos"/>
		<feat xlink:href="#sSpan1695" value="Sup"/>
		<feat xlink:href="#sSpan1727" value="Pos"/>
		<feat xlink:href="#sSpan1760" value="Pos"/></featList></paula>