<?xml version='1.0' encoding='UTF-8'?><!DOCTYPE paula SYSTEM "paula_feat.dtd">
<paula version="1.1">
	<header paula_id="morph.GENTLE_esports_fifa.mark_Case"/>
	<featList xmlns:xlink="http://www.w3.org/1999/xlink" type="Case" xml:base="morph.GENTLE_esports_fifa.mark.xml">
		<feat xlink:href="#sSpan460" value="Nom"/>
		<feat xlink:href="#sSpan469" value="Acc"/>
		<feat xlink:href="#sSpan484" value="Nom"/>
		<feat xlink:href="#sSpan495" value="Acc"/>
		<feat xlink:href="#sSpan498" value="Acc"/>
		<feat xlink:href="#sSpan531" value="Nom"/>
		<feat xlink:href="#sSpan553" value="Nom"/>
		<feat xlink:href="#sSpan570" value="Nom"/>
		<feat xlink:href="#sSpan603" value="Nom"/>
		<feat xlink:href="#sSpan626" value="Acc"/>
		<feat xlink:href="#sSpan634" value="Gen"/>
		<feat xlink:href="#sSpan641" value="Nom"/>
		<feat xlink:href="#sSpan653" value="Nom"/>
		<feat xlink:href="#sSpan661" value="Nom"/>
		<feat xlink:href="#sSpan672" value="Nom"/>
		<feat xlink:href="#sSpan694" value="Nom"/>
		<feat xlink:href="#sSpan720" value="Nom"/>
		<feat xlink:href="#sSpan759" value="Acc"/>
		<feat xlink:href="#sSpan765" value="Nom"/>
		<feat xlink:href="#sSpan800" value="Acc"/>
		<feat xlink:href="#sSpan809" value="Acc"/>
		<feat xlink:href="#sSpan851" value="Nom"/>
		<feat xlink:href="#sSpan870" value="Nom"/>
		<feat xlink:href="#sSpan880" value="Nom"/>
		<feat xlink:href="#sSpan889" value="Gen"/>
		<feat xlink:href="#sSpan904" value="Nom"/>
		<feat xlink:href="#sSpan912" value="Nom"/>
		<feat xlink:href="#sSpan926" value="Gen"/>
		<feat xlink:href="#sSpan935" value="Nom"/>
		<feat xlink:href="#sSpan970" value="Nom"/>
		<feat xlink:href="#sSpan979" value="Nom"/>
		<feat xlink:href="#sSpan988" value="Nom"/>
		<feat xlink:href="#sSpan1008" value="Nom"/>
		<feat xlink:href="#sSpan1023" value="Nom"/>
		<feat xlink:href="#sSpan1029" value="Acc"/>
		<feat xlink:href="#sSpan1048" value="Nom"/>
		<feat xlink:href="#sSpan1060" value="Nom"/>
		<feat xlink:href="#sSpan1071" value="Nom"/>
		<feat xlink:href="#sSpan1084" value="Nom"/>
		<feat xlink:href="#sSpan1102" value="Nom"/>
		<feat xlink:href="#sSpan1120" value="Nom"/>
		<feat xlink:href="#sSpan1129" value="Nom"/>
		<feat xlink:href="#sSpan1145" value="Acc"/>
		<feat xlink:href="#sSpan1149" value="Gen"/>
		<feat xlink:href="#sSpan1166" value="Nom"/>
		<feat xlink:href="#sSpan1178" value="Nom"/>
		<feat xlink:href="#sSpan1240" value="Acc"/>
		<feat xlink:href="#sSpan1251" value="Nom"/>
		<feat xlink:href="#sSpan1265" value="Acc"/>
		<feat xlink:href="#sSpan1269" value="Acc"/>
		<feat xlink:href="#sSpan1274" value="Nom"/>
		<feat xlink:href="#sSpan1285" value="Nom"/>
		<feat xlink:href="#sSpan1293" value="Acc"/>
		<feat xlink:href="#sSpan1307" value="Nom"/>
		<feat xlink:href="#sSpan1329" value="Nom"/>
		<feat xlink:href="#sSpan1349" value="Nom"/>
		<feat xlink:href="#sSpan1395" value="Nom"/>
		<feat xlink:href="#sSpan1406" value="Nom"/>
		<feat xlink:href="#sSpan1436" value="Nom"/>
		<feat xlink:href="#sSpan1516" value="Nom"/>
		<feat xlink:href="#sSpan1540" value="Gen"/>
		<feat xlink:href="#sSpan1559" value="Nom"/>
		<feat xlink:href="#sSpan1571" value="Acc"/>
		<feat xlink:href="#sSpan1595" value="Nom"/>
		<feat xlink:href="#sSpan1608" value="Nom"/>
		<feat xlink:href="#sSpan1623" value="Nom"/>
		<feat xlink:href="#sSpan1646" value="Nom"/>
		<feat xlink:href="#sSpan1675" value="Nom"/>
		<feat xlink:href="#sSpan1689" value="Nom"/>
		<feat xlink:href="#sSpan1704" value="Acc"/>
		<feat xlink:href="#sSpan1731" value="Nom"/>
		<feat xlink:href="#sSpan1752" value="Nom"/>
		<feat xlink:href="#sSpan1762" value="Nom"/>
		<feat xlink:href="#sSpan1772" value="Nom"/>
		<feat xlink:href="#sSpan1787" value="Nom"/>
		<feat xlink:href="#sSpan1813" value="Nom"/>
		<feat xlink:href="#sSpan1821" value="Acc"/>
		<feat xlink:href="#sSpan1826" value="Nom"/>
		<feat xlink:href="#sSpan1835" value="Acc"/>
		<feat xlink:href="#sSpan1844" value="Nom"/>
		<feat xlink:href="#sSpan1870" value="Nom"/>
		<feat xlink:href="#sSpan1879" value="Acc"/>
		<feat xlink:href="#sSpan1889" value="Nom"/>
		<feat xlink:href="#sSpan1901" value="Nom"/>
		<feat xlink:href="#sSpan1913" value="Nom"/>
		<feat xlink:href="#sSpan1922" value="Nom"/>
		<feat xlink:href="#sSpan1927" value="Acc"/>
		<feat xlink:href="#sSpan1938" value="Nom"/></featList></paula>