<?xml version='1.0' encoding='UTF-8'?><!DOCTYPE paula SYSTEM "paula_feat.dtd">
<paula version="1.1">
	<header paula_id="morph.GENTLE_esports_fifa.mark_Person"/>
	<featList xmlns:xlink="http://www.w3.org/1999/xlink" type="Person" xml:base="morph.GENTLE_esports_fifa.mark.xml">
		<feat xlink:href="#sSpan918" value="3"/>
		<feat xlink:href="#sSpan926" value="3"/>
		<feat xlink:href="#sSpan927" value="1"/>
		<feat xlink:href="#sSpan944" value="1"/>
		<feat xlink:href="#sSpan950" value="1"/>
		<feat xlink:href="#sSpan955" value="3"/>
		<feat xlink:href="#sSpan959" value="3"/>
		<feat xlink:href="#sSpan976" value="3"/>
		<feat xlink:href="#sSpan988" value="2"/>
		<feat xlink:href="#sSpan993" value="2"/>
		<feat xlink:href="#sSpan997" value="3"/>
		<feat xlink:href="#sSpan1009" value="1"/>
		<feat xlink:href="#sSpan1012" value="1"/>
		<feat xlink:href="#sSpan1022" value="1"/>
		<feat xlink:href="#sSpan1026" value="1"/>
		<feat xlink:href="#sSpan1043" value="3"/>
		<feat xlink:href="#sSpan1056" value="1"/>
		<feat xlink:href="#sSpan1064" value="1"/>
		<feat xlink:href="#sSpan1073" value="3"/>
		<feat xlink:href="#sSpan1078" value="1"/>
		<feat xlink:href="#sSpan1084" value="1"/>
		<feat xlink:href="#sSpan1093" value="1"/>
		<feat xlink:href="#sSpan1097" value="1"/>
		<feat xlink:href="#sSpan1103" value="3"/>
		<feat xlink:href="#sSpan1109" value="3"/>
		<feat xlink:href="#sSpan1114" value="3"/>
		<feat xlink:href="#sSpan1115" value="3"/>
		<feat xlink:href="#sSpan1123" value="1"/>
		<feat xlink:href="#sSpan1126" value="1"/>
		<feat xlink:href="#sSpan1142" value="1"/>
		<feat xlink:href="#sSpan1147" value="1"/>
		<feat xlink:href="#sSpan1171" value="1"/>
		<feat xlink:href="#sSpan1175" value="1"/>
		<feat xlink:href="#sSpan1202" value="3"/>
		<feat xlink:href="#sSpan1210" value="1"/>
		<feat xlink:href="#sSpan1213" value="1"/>
		<feat xlink:href="#sSpan1227" value="3"/>
		<feat xlink:href="#sSpan1243" value="3"/>
		<feat xlink:href="#sSpan1249" value="3"/>
		<feat xlink:href="#sSpan1254" value="1"/>
		<feat xlink:href="#sSpan1262" value="3"/>
		<feat xlink:href="#sSpan1276" value="2"/>
		<feat xlink:href="#sSpan1281" value="2"/>
		<feat xlink:href="#sSpan1288" value="3"/>
		<feat xlink:href="#sSpan1297" value="1"/>
		<feat xlink:href="#sSpan1301" value="1"/>
		<feat xlink:href="#sSpan1318" value="3"/>
		<feat xlink:href="#sSpan1322" value="3"/>
		<feat xlink:href="#sSpan1326" value="1"/>
		<feat xlink:href="#sSpan1336" value="1"/>
		<feat xlink:href="#sSpan1350" value="3"/>
		<feat xlink:href="#sSpan1353" value="3"/>
		<feat xlink:href="#sSpan1361" value="1"/>
		<feat xlink:href="#sSpan1363" value="1"/>
		<feat xlink:href="#sSpan1371" value="3"/>
		<feat xlink:href="#sSpan1385" value="3"/>
		<feat xlink:href="#sSpan1390" value="3"/>
		<feat xlink:href="#sSpan1398" value="3"/>
		<feat xlink:href="#sSpan1405" value="3"/>
		<feat xlink:href="#sSpan1414" value="1"/>
		<feat xlink:href="#sSpan1421" value="1"/>
		<feat xlink:href="#sSpan1427" value="1"/>
		<feat xlink:href="#sSpan1432" value="1"/>
		<feat xlink:href="#sSpan1436" value="3"/>
		<feat xlink:href="#sSpan1440" value="3"/>
		<feat xlink:href="#sSpan1453" value="3"/>
		<feat xlink:href="#sSpan1457" value="3"/>
		<feat xlink:href="#sSpan1464" value="3"/>
		<feat xlink:href="#sSpan1473" value="3"/>
		<feat xlink:href="#sSpan1491" value="1"/>
		<feat xlink:href="#sSpan1493" value="1"/>
		<feat xlink:href="#sSpan1503" value="1"/>
		<feat xlink:href="#sSpan1508" value="1"/>
		<feat xlink:href="#sSpan1514" value="1"/>
		<feat xlink:href="#sSpan1521" value="1"/>
		<feat xlink:href="#sSpan1529" value="3"/>
		<feat xlink:href="#sSpan1534" value="3"/>
		<feat xlink:href="#sSpan1543" value="1"/>
		<feat xlink:href="#sSpan1546" value="1"/>
		<feat xlink:href="#sSpan1560" value="1"/>
		<feat xlink:href="#sSpan1567" value="1"/>
		<feat xlink:href="#sSpan1570" value="1"/>
		<feat xlink:href="#sSpan1576" value="1"/>
		<feat xlink:href="#sSpan1587" value="3"/>
		<feat xlink:href="#sSpan1592" value="1"/>
		<feat xlink:href="#sSpan1608" value="1"/>
		<feat xlink:href="#sSpan1615" value="1"/>
		<feat xlink:href="#sSpan1621" value="1"/>
		<feat xlink:href="#sSpan1626" value="1"/>
		<feat xlink:href="#sSpan1637" value="3"/>
		<feat xlink:href="#sSpan1645" value="3"/>
		<feat xlink:href="#sSpan1655" value="3"/>
		<feat xlink:href="#sSpan1662" value="3"/>
		<feat xlink:href="#sSpan1680" value="3"/>
		<feat xlink:href="#sSpan1690" value="3"/>
		<feat xlink:href="#sSpan1694" value="3"/>
		<feat xlink:href="#sSpan1702" value="3"/>
		<feat xlink:href="#sSpan1713" value="3"/>
		<feat xlink:href="#sSpan1714" value="1"/>
		<feat xlink:href="#sSpan1721" value="1"/>
		<feat xlink:href="#sSpan1725" value="1"/>
		<feat xlink:href="#sSpan1736" value="3"/>
		<feat xlink:href="#sSpan1744" value="2"/>
		<feat xlink:href="#sSpan1748" value="2"/>
		<feat xlink:href="#sSpan1760" value="3"/>
		<feat xlink:href="#sSpan1766" value="1"/>
		<feat xlink:href="#sSpan1779" value="3"/>
		<feat xlink:href="#sSpan1790" value="3"/>
		<feat xlink:href="#sSpan1796" value="3"/>
		<feat xlink:href="#sSpan1817" value="3"/>
		<feat xlink:href="#sSpan1823" value="3"/>
		<feat xlink:href="#sSpan1832" value="3"/>
		<feat xlink:href="#sSpan1840" value="3"/>
		<feat xlink:href="#sSpan1841" value="3"/>
		<feat xlink:href="#sSpan1846" value="3"/>
		<feat xlink:href="#sSpan1864" value="3"/>
		<feat xlink:href="#sSpan1872" value="1"/>
		<feat xlink:href="#sSpan1878" value="1"/>
		<feat xlink:href="#sSpan1890" value="3"/>
		<feat xlink:href="#sSpan1903" value="3"/>
		<feat xlink:href="#sSpan1907" value="3"/>
		<feat xlink:href="#sSpan1931" value="3"/>
		<feat xlink:href="#sSpan1948" value="3"/>
		<feat xlink:href="#sSpan1952" value="3"/>
		<feat xlink:href="#sSpan1972" value="3"/>
		<feat xlink:href="#sSpan1981" value="1"/>
		<feat xlink:href="#sSpan1998" value="1"/>
		<feat xlink:href="#sSpan2005" value="1"/>
		<feat xlink:href="#sSpan2011" value="2"/>
		<feat xlink:href="#sSpan2014" value="3"/>
		<feat xlink:href="#sSpan2030" value="1"/>
		<feat xlink:href="#sSpan2034" value="1"/>
		<feat xlink:href="#sSpan2040" value="3"/>
		<feat xlink:href="#sSpan2047" value="3"/>
		<feat xlink:href="#sSpan2055" value="1"/>
		<feat xlink:href="#sSpan2059" value="1"/>
		<feat xlink:href="#sSpan2071" value="3"/>
		<feat xlink:href="#sSpan2077" value="3"/>
		<feat xlink:href="#sSpan2081" value="1"/>
		<feat xlink:href="#sSpan2085" value="1"/>
		<feat xlink:href="#sSpan2098" value="3"/>
		<feat xlink:href="#sSpan2108" value="1"/>
		<feat xlink:href="#sSpan2111" value="1"/>
		<feat xlink:href="#sSpan2119" value="3"/>
		<feat xlink:href="#sSpan2126" value="3"/>
		<feat xlink:href="#sSpan2134" value="1"/>
		<feat xlink:href="#sSpan2157" value="3"/>
		<feat xlink:href="#sSpan2163" value="1"/>
		<feat xlink:href="#sSpan2165" value="1"/>
		<feat xlink:href="#sSpan2182" value="3"/>
		<feat xlink:href="#sSpan2186" value="3"/>
		<feat xlink:href="#sSpan2190" value="3"/>
		<feat xlink:href="#sSpan2194" value="3"/>
		<feat xlink:href="#sSpan2202" value="3"/>
		<feat xlink:href="#sSpan2206" value="3"/>
		<feat xlink:href="#sSpan2214" value="3"/>
		<feat xlink:href="#sSpan2220" value="3"/>
		<feat xlink:href="#sSpan2234" value="3"/>
		<feat xlink:href="#sSpan2241" value="1"/>
		<feat xlink:href="#sSpan2243" value="1"/>
		<feat xlink:href="#sSpan2251" value="3"/>
		<feat xlink:href="#sSpan2253" value="1"/>
		<feat xlink:href="#sSpan2260" value="1"/>
		<feat xlink:href="#sSpan2263" value="3"/>
		<feat xlink:href="#sSpan2273" value="1"/>
		<feat xlink:href="#sSpan2278" value="1"/>
		<feat xlink:href="#sSpan2286" value="3"/>
		<feat xlink:href="#sSpan2299" value="3"/>
		<feat xlink:href="#sSpan2303" value="3"/>
		<feat xlink:href="#sSpan2308" value="1"/>
		<feat xlink:href="#sSpan2316" value="3"/>
		<feat xlink:href="#sSpan2319" value="3"/>
		<feat xlink:href="#sSpan2329" value="1"/>
		<feat xlink:href="#sSpan2333" value="1"/>
		<feat xlink:href="#sSpan2339" value="1"/>
		<feat xlink:href="#sSpan2347" value="1"/>
		<feat xlink:href="#sSpan2348" value="1"/>
		<feat xlink:href="#sSpan2359" value="3"/>
		<feat xlink:href="#sSpan2366" value="1"/>
		<feat xlink:href="#sSpan2371" value="1"/></featList></paula>