<?xml version='1.0' encoding='UTF-8'?><!DOCTYPE paula SYSTEM "paula_feat.dtd">
<paula version="1.1">
	<header paula_id="morph.GENTLE_esports_fifa.mark_Poss"/>
	<featList xmlns:xlink="http://www.w3.org/1999/xlink" type="Poss" xml:base="morph.GENTLE_esports_fifa.mark.xml">
		<feat xlink:href="#sSpan1083" value="Yes"/>
		<feat xlink:href="#sSpan1334" value="Yes"/>
		<feat xlink:href="#sSpan1375" value="Yes"/>
		<feat xlink:href="#sSpan1595" value="Yes"/>
		<feat xlink:href="#sSpan1980" value="Yes"/></featList></paula>