<?xml version='1.0' encoding='UTF-8'?><!DOCTYPE paula SYSTEM "paula_feat.dtd">
<paula version="1.1">
	<header paula_id="morph.GENTLE_esports_fifa.mark_Mood"/>
	<featList xmlns:xlink="http://www.w3.org/1999/xlink" type="Mood" xml:base="morph.GENTLE_esports_fifa.mark.xml">
		<feat xlink:href="#sSpan465" value="Ind"/>
		<feat xlink:href="#sSpan490" value="Ind"/>
		<feat xlink:href="#sSpan520" value="Ind"/>
		<feat xlink:href="#sSpan536" value="Ind"/>
		<feat xlink:href="#sSpan544" value="Ind"/>
		<feat xlink:href="#sSpan560" value="Ind"/>
		<feat xlink:href="#sSpan572" value="Ind"/>
		<feat xlink:href="#sSpan593" value="Ind"/>
		<feat xlink:href="#sSpan612" value="Ind"/>
		<feat xlink:href="#sSpan620" value="Ind"/>
		<feat xlink:href="#sSpan643" value="Ind"/>
		<feat xlink:href="#sSpan655" value="Ind"/>
		<feat xlink:href="#sSpan668" value="Ind"/>
		<feat xlink:href="#sSpan675" value="Ind"/>
		<feat xlink:href="#sSpan697" value="Ind"/>
		<feat xlink:href="#sSpan726" value="Ind"/>
		<feat xlink:href="#sSpan773" value="Ind"/>
		<feat xlink:href="#sSpan784" value="Ind"/>
		<feat xlink:href="#sSpan802" value="Ind"/>
		<feat xlink:href="#sSpan821" value="Ind"/>
		<feat xlink:href="#sSpan836" value="Ind"/>
		<feat xlink:href="#sSpan846" value="Ind"/>
		<feat xlink:href="#sSpan859" value="Ind"/>
		<feat xlink:href="#sSpan877" value="Ind"/>
		<feat xlink:href="#sSpan912" value="Ind"/>
		<feat xlink:href="#sSpan923" value="Ind"/>
		<feat xlink:href="#sSpan948" value="Ind"/>
		<feat xlink:href="#sSpan953" value="Ind"/>
		<feat xlink:href="#sSpan963" value="Ind"/>
		<feat xlink:href="#sSpan975" value="Ind"/>
		<feat xlink:href="#sSpan987" value="Ind"/>
		<feat xlink:href="#sSpan996" value="Ind"/>
		<feat xlink:href="#sSpan1019" value="Ind"/>
		<feat xlink:href="#sSpan1057" value="Ind"/>
		<feat xlink:href="#sSpan1071" value="Ind"/>
		<feat xlink:href="#sSpan1081" value="Ind"/>
		<feat xlink:href="#sSpan1092" value="Ind"/>
		<feat xlink:href="#sSpan1111" value="Ind"/>
		<feat xlink:href="#sSpan1126" value="Ind"/>
		<feat xlink:href="#sSpan1138" value="Ind"/>
		<feat xlink:href="#sSpan1179" value="Ind"/>
		<feat xlink:href="#sSpan1188" value="Ind"/>
		<feat xlink:href="#sSpan1199" value="Ind"/>
		<feat xlink:href="#sSpan1208" value="Ind"/>
		<feat xlink:href="#sSpan1219" value="Ind"/>
		<feat xlink:href="#sSpan1227" value="Ind"/>
		<feat xlink:href="#sSpan1259" value="Ind"/>
		<feat xlink:href="#sSpan1283" value="Ind"/>
		<feat xlink:href="#sSpan1316" value="Ind"/>
		<feat xlink:href="#sSpan1322" value="Ind"/>
		<feat xlink:href="#sSpan1342" value="Ind"/>
		<feat xlink:href="#sSpan1359" value="Ind"/>
		<feat xlink:href="#sSpan1381" value="Ind"/>
		<feat xlink:href="#sSpan1391" value="Ind"/>
		<feat xlink:href="#sSpan1406" value="Ind"/>
		<feat xlink:href="#sSpan1416" value="Ind"/>
		<feat xlink:href="#sSpan1428" value="Ind"/>
		<feat xlink:href="#sSpan1446" value="Ind"/>
		<feat xlink:href="#sSpan1457" value="Ind"/>
		<feat xlink:href="#sSpan1468" value="Ind"/>
		<feat xlink:href="#sSpan1475" value="Ind"/>
		<feat xlink:href="#sSpan1516" value="Ind"/>
		<feat xlink:href="#sSpan1538" value="Ind"/>
		<feat xlink:href="#sSpan1569" value="Ind"/>
		<feat xlink:href="#sSpan1584" value="Ind"/>
		<feat xlink:href="#sSpan1602" value="Ind"/>
		<feat xlink:href="#sSpan1612" value="Ind"/>
		<feat xlink:href="#sSpan1628" value="Ind"/>
		<feat xlink:href="#sSpan1641" value="Ind"/>
		<feat xlink:href="#sSpan1646" value="Ind"/>
		<feat xlink:href="#sSpan1653" value="Ind"/>
		<feat xlink:href="#sSpan1668" value="Ind"/>
		<feat xlink:href="#sSpan1681" value="Ind"/>
		<feat xlink:href="#sSpan1697" value="Ind"/>
		<feat xlink:href="#sSpan1728" value="Ind"/>
		<feat xlink:href="#sSpan1736" value="Ind"/>
		<feat xlink:href="#sSpan1761" value="Ind"/>
		<feat xlink:href="#sSpan1771" value="Ind"/>
		<feat xlink:href="#sSpan1781" value="Ind"/>
		<feat xlink:href="#sSpan1798" value="Ind"/>
		<feat xlink:href="#sSpan1807" value="Ind"/>
		<feat xlink:href="#sSpan1821" value="Ind"/>
		<feat xlink:href="#sSpan1835" value="Ind"/>
		<feat xlink:href="#sSpan1851" value="Ind"/>
		<feat xlink:href="#sSpan1862" value="Ind"/>
		<feat xlink:href="#sSpan1879" value="Ind"/>
		<feat xlink:href="#sSpan1897" value="Ind"/>
		<feat xlink:href="#sSpan1907" value="Ind"/>
		<feat xlink:href="#sSpan1920" value="Ind"/>
		<feat xlink:href="#sSpan1946" value="Ind"/></featList></paula>