<?xml version='1.0' encoding='UTF-8'?><!DOCTYPE paula SYSTEM "paula_mark.dtd">
<paula version="1.1">
	<header paula_id="morph.GENTLE_esports_fifa.mark"/>
	<markList xmlns:xlink="http://www.w3.org/1999/xlink" type="morph" xml:base="GENTLE_esports_fifa.tok.xml">
		<!--last-->
		<mark id="sSpan912" xlink:href="#sTok3"/>
		<!--episodes-->
		<mark id="sSpan913" xlink:href="#sTok4"/>
		<!--amazing-->
		<mark id="sSpan914" xlink:href="#sTok6"/>
		<!--conclusion-->
		<mark id="sSpan915" xlink:href="#sTok7"/>
		<!--where-->
		<mark id="sSpan916" xlink:href="#sTok8"/>
		<!--Napoli-->
		<mark id="sSpan917" xlink:href="#sTok9"/>
		<!--they-->
		<mark id="sSpan918" xlink:href="#sTok10"/>
		<!--they-->
		<mark id="sSpan919" xlink:href="#sTok10"/>
		<!--they-->
		<mark id="sSpan920" xlink:href="#sTok10"/>
		<!--they-->
		<mark id="sSpan921" xlink:href="#sTok10"/>
		<!--beat-->
		<mark id="sSpan922" xlink:href="#sTok11"/>
		<!--beat-->
		<mark id="sSpan923" xlink:href="#sTok11"/>
		<!--beat-->
		<mark id="sSpan924" xlink:href="#sTok11"/>
		<!--beat-->
		<mark id="sSpan925" xlink:href="#sTok11"/>
		<!--beat-->
		<mark id="sSpan926" xlink:href="#sTok11"/>
		<!--us-->
		<mark id="sSpan927" xlink:href="#sTok12"/>
		<!--us-->
		<mark id="sSpan928" xlink:href="#sTok12"/>
		<!--us-->
		<mark id="sSpan929" xlink:href="#sTok12"/>
		<!--us-->
		<mark id="sSpan930" xlink:href="#sTok12"/>
		<!--the-->
		<mark id="sSpan931" xlink:href="#sTok14"/>
		<!--the-->
		<mark id="sSpan932" xlink:href="#sTok14"/>
		<!--first-->
		<mark id="sSpan933" xlink:href="#sTok15"/>
		<!--first-->
		<mark id="sSpan934" xlink:href="#sTok15"/>
		<!--first-->
		<mark id="sSpan935" xlink:href="#sTok15"/>
		<!--leg-->
		<mark id="sSpan936" xlink:href="#sTok16"/>
		<!--the-->
		<mark id="sSpan937" xlink:href="#sTok18"/>
		<!--the-->
		<mark id="sSpan938" xlink:href="#sTok18"/>
		<!--Champions-->
		<mark id="sSpan939" xlink:href="#sTok19"/>
		<!--League-->
		<mark id="sSpan940" xlink:href="#sTok20"/>
		<!--quarter-finals-->
		<mark id="sSpan941" xlink:href="#sTok21"/>
		<!--then-->
		<mark id="sSpan942" xlink:href="#sTok23"/>
		<!--we-->
		<mark id="sSpan943" xlink:href="#sTok24"/>
		<!--we-->
		<mark id="sSpan944" xlink:href="#sTok24"/>
		<!--we-->
		<mark id="sSpan945" xlink:href="#sTok24"/>
		<!--we-->
		<mark id="sSpan946" xlink:href="#sTok24"/>
		<!--brought-->
		<mark id="sSpan947" xlink:href="#sTok25"/>
		<!--brought-->
		<mark id="sSpan948" xlink:href="#sTok25"/>
		<!--brought-->
		<mark id="sSpan949" xlink:href="#sTok25"/>
		<!--brought-->
		<mark id="sSpan950" xlink:href="#sTok25"/>
		<!--brought-->
		<mark id="sSpan951" xlink:href="#sTok25"/>
		<!--it-->
		<mark id="sSpan952" xlink:href="#sTok26"/>
		<!--it-->
		<mark id="sSpan953" xlink:href="#sTok26"/>
		<!--it-->
		<mark id="sSpan954" xlink:href="#sTok26"/>
		<!--it-->
		<mark id="sSpan955" xlink:href="#sTok26"/>
		<!--it-->
		<mark id="sSpan956" xlink:href="#sTok26"/>
		<!--them-->
		<mark id="sSpan957" xlink:href="#sTok28"/>
		<!--them-->
		<mark id="sSpan958" xlink:href="#sTok28"/>
		<!--them-->
		<mark id="sSpan959" xlink:href="#sTok28"/>
		<!--them-->
		<mark id="sSpan960" xlink:href="#sTok28"/>
		<!--the-->
		<mark id="sSpan961" xlink:href="#sTok30"/>
		<!--the-->
		<mark id="sSpan962" xlink:href="#sTok30"/>
		<!--second-->
		<mark id="sSpan963" xlink:href="#sTok31"/>
		<!--second-->
		<mark id="sSpan964" xlink:href="#sTok31"/>
		<!--second-->
		<mark id="sSpan965" xlink:href="#sTok31"/>
		<!--leg-->
		<mark id="sSpan966" xlink:href="#sTok32"/>
		<!--advancing-->
		<mark id="sSpan967" xlink:href="#sTok36"/>
		<!--the-->
		<mark id="sSpan968" xlink:href="#sTok38"/>
		<!--the-->
		<mark id="sSpan969" xlink:href="#sTok38"/>
		<!--semi-finals-->
		<mark id="sSpan970" xlink:href="#sTok39"/>
		<!--Manchester-->
		<mark id="sSpan971" xlink:href="#sTok41"/>
		<!--City-->
		<mark id="sSpan972" xlink:href="#sTok42"/>
		<!--today-->
		<mark id="sSpan973" xlink:href="#sTok44"/>
		<!--episode-->
		<mark id="sSpan974" xlink:href="#sTok46"/>
		<!--is-->
		<mark id="sSpan975" xlink:href="#sTok47"/>
		<!--is-->
		<mark id="sSpan976" xlink:href="#sTok47"/>
		<!--is-->
		<mark id="sSpan977" xlink:href="#sTok47"/>
		<!--is-->
		<mark id="sSpan978" xlink:href="#sTok47"/>
		<!--is-->
		<mark id="sSpan979" xlink:href="#sTok47"/>
		<!--gon-->
		<mark id="sSpan980" xlink:href="#sTok48"/>
		<!--gon-->
		<mark id="sSpan981" xlink:href="#sTok48"/>
		<!--start-->
		<mark id="sSpan982" xlink:href="#sTok50"/>
		<!--three-->
		<mark id="sSpan983" xlink:href="#sTok53"/>
		<!--three-->
		<mark id="sSpan984" xlink:href="#sTok53"/>
		<!--games-->
		<mark id="sSpan985" xlink:href="#sTok54"/>
		<!--that-->
		<mark id="sSpan986" xlink:href="#sTok55"/>
		<!--you-->
		<mark id="sSpan987" xlink:href="#sTok56"/>
		<!--you-->
		<mark id="sSpan988" xlink:href="#sTok56"/>
		<!--you-->
		<mark id="sSpan989" xlink:href="#sTok56"/>
		<!--you-->
		<mark id="sSpan990" xlink:href="#sTok56"/>
		<!--know-->
		<mark id="sSpan991" xlink:href="#sTok57"/>
		<!--know-->
		<mark id="sSpan992" xlink:href="#sTok57"/>
		<!--know-->
		<mark id="sSpan993" xlink:href="#sTok57"/>
		<!--know-->
		<mark id="sSpan994" xlink:href="#sTok57"/>
		<!--know-->
		<mark id="sSpan995" xlink:href="#sTok57"/>
		<!--are-->
		<mark id="sSpan996" xlink:href="#sTok58"/>
		<!--are-->
		<mark id="sSpan997" xlink:href="#sTok58"/>
		<!--are-->
		<mark id="sSpan998" xlink:href="#sTok58"/>
		<!--are-->
		<mark id="sSpan999" xlink:href="#sTok58"/>
		<!--are-->
		<mark id="sSpan1000" xlink:href="#sTok58"/>
		<!--n't-->
		<mark id="sSpan1001" xlink:href="#sTok59"/>
		<!--hard-->
		<mark id="sSpan1002" xlink:href="#sTok61"/>
		<!--the-->
		<mark id="sSpan1003" xlink:href="#sTok63"/>
		<!--the-->
		<mark id="sSpan1004" xlink:href="#sTok63"/>
		<!--last-->
		<mark id="sSpan1005" xlink:href="#sTok64"/>
		<!--couple-->
		<mark id="sSpan1006" xlink:href="#sTok65"/>
		<!--matches-->
		<mark id="sSpan1007" xlink:href="#sTok67"/>
		<!--we-->
		<mark id="sSpan1008" xlink:href="#sTok68"/>
		<!--we-->
		<mark id="sSpan1009" xlink:href="#sTok68"/>
		<!--we-->
		<mark id="sSpan1010" xlink:href="#sTok68"/>
		<!--we-->
		<mark id="sSpan1011" xlink:href="#sTok68"/>
		<!--'ve-->
		<mark id="sSpan1012" xlink:href="#sTok69"/>
		<!--'ve-->
		<mark id="sSpan1013" xlink:href="#sTok69"/>
		<!--'ve-->
		<mark id="sSpan1014" xlink:href="#sTok69"/>
		<!--'ve-->
		<mark id="sSpan1015" xlink:href="#sTok69"/>
		<!--'ve-->
		<mark id="sSpan1016" xlink:href="#sTok69"/>
		<!--had-->
		<mark id="sSpan1017" xlink:href="#sTok70"/>
		<!--had-->
		<mark id="sSpan1018" xlink:href="#sTok70"/>
		<!--then-->
		<mark id="sSpan1019" xlink:href="#sTok73"/>
		<!--27th-->
		<mark id="sSpan1020" xlink:href="#sTok76"/>
		<!--27th-->
		<mark id="sSpan1021" xlink:href="#sTok76"/>
		<!--27th-->
		<mark id="sSpan1022" xlink:href="#sTok76"/>
		<!--April-->
		<mark id="sSpan1023" xlink:href="#sTok78"/>
		<!--we-->
		<mark id="sSpan1024" xlink:href="#sTok80"/>
		<!--we-->
		<mark id="sSpan1025" xlink:href="#sTok80"/>
		<!--we-->
		<mark id="sSpan1026" xlink:href="#sTok80"/>
		<!--we-->
		<mark id="sSpan1027" xlink:href="#sTok80"/>
		<!--have-->
		<mark id="sSpan1028" xlink:href="#sTok81"/>
		<!--have-->
		<mark id="sSpan1029" xlink:href="#sTok81"/>
		<!--have-->
		<mark id="sSpan1030" xlink:href="#sTok81"/>
		<!--have-->
		<mark id="sSpan1031" xlink:href="#sTok81"/>
		<!--have-->
		<mark id="sSpan1032" xlink:href="#sTok81"/>
		<!--Manchester-->
		<mark id="sSpan1033" xlink:href="#sTok82"/>
		<!--City-->
		<mark id="sSpan1034" xlink:href="#sTok83"/>
		<!--the-->
		<mark id="sSpan1035" xlink:href="#sTok85"/>
		<!--the-->
		<mark id="sSpan1036" xlink:href="#sTok85"/>
		<!--first-->
		<mark id="sSpan1037" xlink:href="#sTok86"/>
		<!--first-->
		<mark id="sSpan1038" xlink:href="#sTok86"/>
		<!--first-->
		<mark id="sSpan1039" xlink:href="#sTok86"/>
		<!--leg-->
		<mark id="sSpan1040" xlink:href="#sTok87"/>
		<!--the-->
		<mark id="sSpan1041" xlink:href="#sTok89"/>
		<!--the-->
		<mark id="sSpan1042" xlink:href="#sTok89"/>
		<!--semi-finals-->
		<mark id="sSpan1043" xlink:href="#sTok90"/>
		<!--which-->
		<mark id="sSpan1044" xlink:href="#sTok92"/>
		<!--is-->
		<mark id="sSpan1045" xlink:href="#sTok93"/>
		<!--is-->
		<mark id="sSpan1046" xlink:href="#sTok93"/>
		<!--is-->
		<mark id="sSpan1047" xlink:href="#sTok93"/>
		<!--is-->
		<mark id="sSpan1048" xlink:href="#sTok93"/>
		<!--is-->
		<mark id="sSpan1049" xlink:href="#sTok93"/>
		<!--going-->
		<mark id="sSpan1050" xlink:href="#sTok94"/>
		<!--going-->
		<mark id="sSpan1051" xlink:href="#sTok94"/>
		<!--be-->
		<mark id="sSpan1052" xlink:href="#sTok96"/>
		<!--possibly-->
		<mark id="sSpan1053" xlink:href="#sTok97"/>
		<!--one-->
		<mark id="sSpan1054" xlink:href="#sTok98"/>
		<!--one-->
		<mark id="sSpan1055" xlink:href="#sTok98"/>
		<!--the-->
		<mark id="sSpan1056" xlink:href="#sTok100"/>
		<!--the-->
		<mark id="sSpan1057" xlink:href="#sTok100"/>
		<!--hardest-->
		<mark id="sSpan1058" xlink:href="#sTok101"/>
		<!--games-->
		<mark id="sSpan1059" xlink:href="#sTok102"/>
		<!--I-->
		<mark id="sSpan1060" xlink:href="#sTok103"/>
		<!--I-->
		<mark id="sSpan1061" xlink:href="#sTok103"/>
		<!--I-->
		<mark id="sSpan1062" xlink:href="#sTok103"/>
		<!--I-->
		<mark id="sSpan1063" xlink:href="#sTok103"/>
		<!--'m-->
		<mark id="sSpan1064" xlink:href="#sTok104"/>
		<!--'m-->
		<mark id="sSpan1065" xlink:href="#sTok104"/>
		<!--'m-->
		<mark id="sSpan1066" xlink:href="#sTok104"/>
		<!--'m-->
		<mark id="sSpan1067" xlink:href="#sTok104"/>
		<!--'m-->
		<mark id="sSpan1068" xlink:href="#sTok104"/>
		<!--gon-->
		<mark id="sSpan1069" xlink:href="#sTok105"/>
		<!--gon-->
		<mark id="sSpan1070" xlink:href="#sTok105"/>
		<!--be-->
		<mark id="sSpan1071" xlink:href="#sTok107"/>
		<!--playing-->
		<mark id="sSpan1072" xlink:href="#sTok108"/>
		<!--playing-->
		<mark id="sSpan1073" xlink:href="#sTok108"/>
		<!--Napoli-->
		<mark id="sSpan1074" xlink:href="#sTok110"/>
		<!--has-->
		<mark id="sSpan1075" xlink:href="#sTok111"/>
		<!--has-->
		<mark id="sSpan1076" xlink:href="#sTok111"/>
		<!--has-->
		<mark id="sSpan1077" xlink:href="#sTok111"/>
		<!--has-->
		<mark id="sSpan1078" xlink:href="#sTok111"/>
		<!--has-->
		<mark id="sSpan1079" xlink:href="#sTok111"/>
		<!--given-->
		<mark id="sSpan1080" xlink:href="#sTok112"/>
		<!--given-->
		<mark id="sSpan1081" xlink:href="#sTok112"/>
		<!--me-->
		<mark id="sSpan1082" xlink:href="#sTok113"/>
		<!--me-->
		<mark id="sSpan1083" xlink:href="#sTok113"/>
		<!--me-->
		<mark id="sSpan1084" xlink:href="#sTok113"/>
		<!--me-->
		<mark id="sSpan1085" xlink:href="#sTok113"/>
		<!--our-->
		<mark id="sSpan1086" xlink:href="#sTok114"/>
		<!--our-->
		<mark id="sSpan1087" xlink:href="#sTok114"/>
		<!--our-->
		<mark id="sSpan1088" xlink:href="#sTok114"/>
		<!--our-->
		<mark id="sSpan1089" xlink:href="#sTok114"/>
		<!--our-->
		<mark id="sSpan1090" xlink:href="#sTok114"/>
		<!--game-->
		<mark id="sSpan1091" xlink:href="#sTok115"/>
		<!--Manchester-->
		<mark id="sSpan1092" xlink:href="#sTok117"/>
		<!--City-->
		<mark id="sSpan1093" xlink:href="#sTok118"/>
		<!--I-->
		<mark id="sSpan1094" xlink:href="#sTok119"/>
		<!--I-->
		<mark id="sSpan1095" xlink:href="#sTok119"/>
		<!--I-->
		<mark id="sSpan1096" xlink:href="#sTok119"/>
		<!--I-->
		<mark id="sSpan1097" xlink:href="#sTok119"/>
		<!--know-->
		<mark id="sSpan1098" xlink:href="#sTok120"/>
		<!--know-->
		<mark id="sSpan1099" xlink:href="#sTok120"/>
		<!--know-->
		<mark id="sSpan1100" xlink:href="#sTok120"/>
		<!--know-->
		<mark id="sSpan1101" xlink:href="#sTok120"/>
		<!--know-->
		<mark id="sSpan1102" xlink:href="#sTok120"/>
		<!--the-->
		<mark id="sSpan1103" xlink:href="#sTok121"/>
		<!--the-->
		<mark id="sSpan1104" xlink:href="#sTok121"/>
		<!--way-->
		<mark id="sSpan1105" xlink:href="#sTok122"/>
		<!--they-->
		<mark id="sSpan1106" xlink:href="#sTok123"/>
		<!--they-->
		<mark id="sSpan1107" xlink:href="#sTok123"/>
		<!--they-->
		<mark id="sSpan1108" xlink:href="#sTok123"/>
		<!--they-->
		<mark id="sSpan1109" xlink:href="#sTok123"/>
		<!--play-->
		<mark id="sSpan1110" xlink:href="#sTok124"/>
		<!--play-->
		<mark id="sSpan1111" xlink:href="#sTok124"/>
		<!--play-->
		<mark id="sSpan1112" xlink:href="#sTok124"/>
		<!--play-->
		<mark id="sSpan1113" xlink:href="#sTok124"/>
		<!--play-->
		<mark id="sSpan1114" xlink:href="#sTok124"/>
		<!--they-->
		<mark id="sSpan1115" xlink:href="#sTok126"/>
		<!--they-->
		<mark id="sSpan1116" xlink:href="#sTok126"/>
		<!--they-->
		<mark id="sSpan1117" xlink:href="#sTok126"/>
		<!--they-->
		<mark id="sSpan1118" xlink:href="#sTok126"/>
		<!--'re-->
		<mark id="sSpan1119" xlink:href="#sTok127"/>
		<!--'re-->
		<mark id="sSpan1120" xlink:href="#sTok127"/>
		<!--'re-->
		<mark id="sSpan1121" xlink:href="#sTok127"/>
		<!--'re-->
		<mark id="sSpan1122" xlink:href="#sTok127"/>
		<!--'re-->
		<mark id="sSpan1123" xlink:href="#sTok127"/>
		<!--exactly-->
		<mark id="sSpan1124" xlink:href="#sTok128"/>
		<!--Napoli-->
		<mark id="sSpan1125" xlink:href="#sTok130"/>
		<!--we-->
		<mark id="sSpan1126" xlink:href="#sTok133"/>
		<!--we-->
		<mark id="sSpan1127" xlink:href="#sTok133"/>
		<!--we-->
		<mark id="sSpan1128" xlink:href="#sTok133"/>
		<!--we-->
		<mark id="sSpan1129" xlink:href="#sTok133"/>
		<!--'re-->
		<mark id="sSpan1130" xlink:href="#sTok134"/>
		<!--'re-->
		<mark id="sSpan1131" xlink:href="#sTok134"/>
		<!--'re-->
		<mark id="sSpan1132" xlink:href="#sTok134"/>
		<!--'re-->
		<mark id="sSpan1133" xlink:href="#sTok134"/>
		<!--'re-->
		<mark id="sSpan1134" xlink:href="#sTok134"/>
		<!--gon-->
		<mark id="sSpan1135" xlink:href="#sTok136"/>
		<!--gon-->
		<mark id="sSpan1136" xlink:href="#sTok136"/>
		<!--start-->
		<mark id="sSpan1137" xlink:href="#sTok138"/>
		<!--straightaway-->
		<mark id="sSpan1138" xlink:href="#sTok140"/>
		<!--a-->
		<mark id="sSpan1139" xlink:href="#sTok142"/>
		<!--a-->
		<mark id="sSpan1140" xlink:href="#sTok142"/>
		<!--simulated-->
		<mark id="sSpan1141" xlink:href="#sTok143"/>
		<!--simulated-->
		<mark id="sSpan1142" xlink:href="#sTok143"/>
		<!--simulated-->
		<mark id="sSpan1143" xlink:href="#sTok143"/>
		<!--match-->
		<mark id="sSpan1144" xlink:href="#sTok144"/>
		<!--Benevento-->
		<mark id="sSpan1145" xlink:href="#sTok146"/>
		<!--We-->
		<mark id="sSpan1146" xlink:href="#sTok148"/>
		<!--We-->
		<mark id="sSpan1147" xlink:href="#sTok148"/>
		<!--We-->
		<mark id="sSpan1148" xlink:href="#sTok148"/>
		<!--We-->
		<mark id="sSpan1149" xlink:href="#sTok148"/>
		<!--'re-->
		<mark id="sSpan1150" xlink:href="#sTok149"/>
		<!--'re-->
		<mark id="sSpan1151" xlink:href="#sTok149"/>
		<!--'re-->
		<mark id="sSpan1152" xlink:href="#sTok149"/>
		<!--'re-->
		<mark id="sSpan1153" xlink:href="#sTok149"/>
		<!--'re-->
		<mark id="sSpan1154" xlink:href="#sTok149"/>
		<!--gon-->
		<mark id="sSpan1155" xlink:href="#sTok150"/>
		<!--gon-->
		<mark id="sSpan1156" xlink:href="#sTok150"/>
		<!--play-->
		<mark id="sSpan1157" xlink:href="#sTok152"/>
		<!--one-->
		<mark id="sSpan1158" xlink:href="#sTok153"/>
		<!--one-->
		<mark id="sSpan1159" xlink:href="#sTok153"/>
		<!--these-->
		<mark id="sSpan1160" xlink:href="#sTok155"/>
		<!--these-->
		<mark id="sSpan1161" xlink:href="#sTok155"/>
		<!--three-->
		<mark id="sSpan1162" xlink:href="#sTok156"/>
		<!--three-->
		<mark id="sSpan1163" xlink:href="#sTok156"/>
		<!--games-->
		<mark id="sSpan1164" xlink:href="#sTok157"/>
		<!--get-->
		<mark id="sSpan1165" xlink:href="#sTok160"/>
		<!--the-->
		<mark id="sSpan1166" xlink:href="#sTok162"/>
		<!--the-->
		<mark id="sSpan1167" xlink:href="#sTok162"/>
		<!--mood-->
		<mark id="sSpan1168" xlink:href="#sTok163"/>
		<!--playing-->
		<mark id="sSpan1169" xlink:href="#sTok165"/>
		<!--games-->
		<mark id="sSpan1170" xlink:href="#sTok166"/>
		<!--this-->
		<mark id="sSpan1171" xlink:href="#sTok167"/>
		<!--this-->
		<mark id="sSpan1172" xlink:href="#sTok167"/>
		<!--episode-->
		<mark id="sSpan1173" xlink:href="#sTok168"/>
		<!--We-->
		<mark id="sSpan1174" xlink:href="#sTok170"/>
		<!--We-->
		<mark id="sSpan1175" xlink:href="#sTok170"/>
		<!--We-->
		<mark id="sSpan1176" xlink:href="#sTok170"/>
		<!--We-->
		<mark id="sSpan1177" xlink:href="#sTok170"/>
		<!--'ve-->
		<mark id="sSpan1178" xlink:href="#sTok171"/>
		<!--'ve-->
		<mark id="sSpan1179" xlink:href="#sTok171"/>
		<!--'ve-->
		<mark id="sSpan1180" xlink:href="#sTok171"/>
		<!--'ve-->
		<mark id="sSpan1181" xlink:href="#sTok171"/>
		<!--'ve-->
		<mark id="sSpan1182" xlink:href="#sTok171"/>
		<!--got-->
		<mark id="sSpan1183" xlink:href="#sTok172"/>
		<!--got-->
		<mark id="sSpan1184" xlink:href="#sTok172"/>
		<!--a-->
		<mark id="sSpan1185" xlink:href="#sTok173"/>
		<!--a-->
		<mark id="sSpan1186" xlink:href="#sTok173"/>
		<!--rotated-->
		<mark id="sSpan1187" xlink:href="#sTok175"/>
		<!--rotated-->
		<mark id="sSpan1188" xlink:href="#sTok175"/>
		<!--rotated-->
		<mark id="sSpan1189" xlink:href="#sTok175"/>
		<!--lineup-->
		<mark id="sSpan1190" xlink:href="#sTok176"/>
		<!--Jović-->
		<mark id="sSpan1191" xlink:href="#sTok177"/>
		<!--scoring-->
		<mark id="sSpan1192" xlink:href="#sTok178"/>
		<!--van-->
		<mark id="sSpan1193" xlink:href="#sTok180"/>
		<!--de-->
		<mark id="sSpan1194" xlink:href="#sTok181"/>
		<!--Beek-->
		<mark id="sSpan1195" xlink:href="#sTok182"/>
		<!--Ibrahimovic-->
		<mark id="sSpan1196" xlink:href="#sTok184"/>
		<!--coming-->
		<mark id="sSpan1197" xlink:href="#sTok185"/>
		<!--3-->
		<mark id="sSpan1198" xlink:href="#sTok187"/>
		<!--3-->
		<mark id="sSpan1199" xlink:href="#sTok187"/>
		<!--1-->
		<mark id="sSpan1200" xlink:href="#sTok189"/>
		<!--1-->
		<mark id="sSpan1201" xlink:href="#sTok189"/>
		<!--victory-->
		<mark id="sSpan1202" xlink:href="#sTok190"/>
		<!--Bakayoko-->
		<mark id="sSpan1203" xlink:href="#sTok192"/>
		<!--getting-->
		<mark id="sSpan1204" xlink:href="#sTok193"/>
		<!--himself-->
		<mark id="sSpan1205" xlink:href="#sTok194"/>
		<!--himself-->
		<mark id="sSpan1206" xlink:href="#sTok194"/>
		<!--himself-->
		<mark id="sSpan1207" xlink:href="#sTok194"/>
		<!--himself-->
		<mark id="sSpan1208" xlink:href="#sTok194"/>
		<!--himself-->
		<mark id="sSpan1209" xlink:href="#sTok194"/>
		<!--himself-->
		<mark id="sSpan1210" xlink:href="#sTok194"/>
		<!--a-->
		<mark id="sSpan1211" xlink:href="#sTok195"/>
		<!--a-->
		<mark id="sSpan1212" xlink:href="#sTok195"/>
		<!--red-->
		<mark id="sSpan1213" xlink:href="#sTok196"/>
		<!--card-->
		<mark id="sSpan1214" xlink:href="#sTok197"/>
		<!--I-->
		<mark id="sSpan1215" xlink:href="#sTok200"/>
		<!--I-->
		<mark id="sSpan1216" xlink:href="#sTok200"/>
		<!--I-->
		<mark id="sSpan1217" xlink:href="#sTok200"/>
		<!--I-->
		<mark id="sSpan1218" xlink:href="#sTok200"/>
		<!--'ve-->
		<mark id="sSpan1219" xlink:href="#sTok201"/>
		<!--'ve-->
		<mark id="sSpan1220" xlink:href="#sTok201"/>
		<!--'ve-->
		<mark id="sSpan1221" xlink:href="#sTok201"/>
		<!--'ve-->
		<mark id="sSpan1222" xlink:href="#sTok201"/>
		<!--'ve-->
		<mark id="sSpan1223" xlink:href="#sTok201"/>
		<!--mentioned-->
		<mark id="sSpan1224" xlink:href="#sTok202"/>
		<!--mentioned-->
		<mark id="sSpan1225" xlink:href="#sTok202"/>
		<!--earlier-->
		<mark id="sSpan1226" xlink:href="#sTok204"/>
		<!--the-->
		<mark id="sSpan1227" xlink:href="#sTok206"/>
		<!--the-->
		<mark id="sSpan1228" xlink:href="#sTok206"/>
		<!--Serie-->
		<mark id="sSpan1229" xlink:href="#sTok207"/>
		<!--A-->
		<mark id="sSpan1230" xlink:href="#sTok208"/>
		<!--UVA-->
		<mark id="sSpan1231" xlink:href="#sTok209"/>
		<!--has-->
		<mark id="sSpan1232" xlink:href="#sTok210"/>
		<!--has-->
		<mark id="sSpan1233" xlink:href="#sTok210"/>
		<!--has-->
		<mark id="sSpan1234" xlink:href="#sTok210"/>
		<!--has-->
		<mark id="sSpan1235" xlink:href="#sTok210"/>
		<!--has-->
		<mark id="sSpan1236" xlink:href="#sTok210"/>
		<!--ran-->
		<mark id="sSpan1237" xlink:href="#sTok212"/>
		<!--ran-->
		<mark id="sSpan1238" xlink:href="#sTok212"/>
		<!--ran-->
		<mark id="sSpan1239" xlink:href="#sTok212"/>
		<!--away-->
		<mark id="sSpan1240" xlink:href="#sTok213"/>
		<!--the-->
		<mark id="sSpan1241" xlink:href="#sTok215"/>
		<!--the-->
		<mark id="sSpan1242" xlink:href="#sTok215"/>
		<!--Scudetto-->
		<mark id="sSpan1243" xlink:href="#sTok216"/>
		<!--89-->
		<mark id="sSpan1244" xlink:href="#sTok217"/>
		<!--89-->
		<mark id="sSpan1245" xlink:href="#sTok217"/>
		<!--points-->
		<mark id="sSpan1246" xlink:href="#sTok218"/>
		<!--right-->
		<mark id="sSpan1247" xlink:href="#sTok220"/>
		<!--them-->
		<mark id="sSpan1248" xlink:href="#sTok222"/>
		<!--them-->
		<mark id="sSpan1249" xlink:href="#sTok222"/>
		<!--them-->
		<mark id="sSpan1250" xlink:href="#sTok222"/>
		<!--them-->
		<mark id="sSpan1251" xlink:href="#sTok222"/>
		<!--is-->
		<mark id="sSpan1252" xlink:href="#sTok223"/>
		<!--is-->
		<mark id="sSpan1253" xlink:href="#sTok223"/>
		<!--is-->
		<mark id="sSpan1254" xlink:href="#sTok223"/>
		<!--is-->
		<mark id="sSpan1255" xlink:href="#sTok223"/>
		<!--is-->
		<mark id="sSpan1256" xlink:href="#sTok223"/>
		<!--Napoli-->
		<mark id="sSpan1257" xlink:href="#sTok224"/>
		<!--us-->
		<mark id="sSpan1258" xlink:href="#sTok225"/>
		<!--us-->
		<mark id="sSpan1259" xlink:href="#sTok225"/>
		<!--us-->
		<mark id="sSpan1260" xlink:href="#sTok225"/>
		<!--us-->
		<mark id="sSpan1261" xlink:href="#sTok225"/>
		<!--76-->
		<mark id="sSpan1262" xlink:href="#sTok227"/>
		<!--76-->
		<mark id="sSpan1263" xlink:href="#sTok227"/>
		<!--The-->
		<mark id="sSpan1264" xlink:href="#sTok229"/>
		<!--The-->
		<mark id="sSpan1265" xlink:href="#sTok229"/>
		<!--Scudetto-->
		<mark id="sSpan1266" xlink:href="#sTok230"/>
		<!--was-->
		<mark id="sSpan1267" xlink:href="#sTok231"/>
		<!--was-->
		<mark id="sSpan1268" xlink:href="#sTok231"/>
		<!--was-->
		<mark id="sSpan1269" xlink:href="#sTok231"/>
		<!--was-->
		<mark id="sSpan1270" xlink:href="#sTok231"/>
		<!--was-->
		<mark id="sSpan1271" xlink:href="#sTok231"/>
		<!--gon-->
		<mark id="sSpan1272" xlink:href="#sTok232"/>
		<!--gon-->
		<mark id="sSpan1273" xlink:href="#sTok232"/>
		<!--be-->
		<mark id="sSpan1274" xlink:href="#sTok234"/>
		<!--tough-->
		<mark id="sSpan1275" xlink:href="#sTok235"/>
		<!--all-->
		<mark id="sSpan1276" xlink:href="#sTok236"/>
		<!--the-->
		<mark id="sSpan1277" xlink:href="#sTok237"/>
		<!--the-->
		<mark id="sSpan1278" xlink:href="#sTok237"/>
		<!--time-->
		<mark id="sSpan1279" xlink:href="#sTok238"/>
		<!--you-->
		<mark id="sSpan1280" xlink:href="#sTok239"/>
		<!--you-->
		<mark id="sSpan1281" xlink:href="#sTok239"/>
		<!--you-->
		<mark id="sSpan1282" xlink:href="#sTok239"/>
		<!--you-->
		<mark id="sSpan1283" xlink:href="#sTok239"/>
		<!--'ve-->
		<mark id="sSpan1284" xlink:href="#sTok240"/>
		<!--'ve-->
		<mark id="sSpan1285" xlink:href="#sTok240"/>
		<!--'ve-->
		<mark id="sSpan1286" xlink:href="#sTok240"/>
		<!--'ve-->
		<mark id="sSpan1287" xlink:href="#sTok240"/>
		<!--'ve-->
		<mark id="sSpan1288" xlink:href="#sTok240"/>
		<!--way-->
		<mark id="sSpan1289" xlink:href="#sTok243"/>
		<!--too-->
		<mark id="sSpan1290" xlink:href="#sTok244"/>
		<!--strong-->
		<mark id="sSpan1291" xlink:href="#sTok245"/>
		<!--Genoa-->
		<mark id="sSpan1292" xlink:href="#sTok247"/>
		<!--is-->
		<mark id="sSpan1293" xlink:href="#sTok248"/>
		<!--is-->
		<mark id="sSpan1294" xlink:href="#sTok248"/>
		<!--is-->
		<mark id="sSpan1295" xlink:href="#sTok248"/>
		<!--is-->
		<mark id="sSpan1296" xlink:href="#sTok248"/>
		<!--is-->
		<mark id="sSpan1297" xlink:href="#sTok248"/>
		<!--the-->
		<mark id="sSpan1298" xlink:href="#sTok249"/>
		<!--the-->
		<mark id="sSpan1299" xlink:href="#sTok249"/>
		<!--next-->
		<mark id="sSpan1300" xlink:href="#sTok250"/>
		<!--match-->
		<mark id="sSpan1301" xlink:href="#sTok251"/>
		<!--coming-->
		<mark id="sSpan1302" xlink:href="#sTok252"/>
		<!--I-->
		<mark id="sSpan1303" xlink:href="#sTok255"/>
		<!--I-->
		<mark id="sSpan1304" xlink:href="#sTok255"/>
		<!--I-->
		<mark id="sSpan1305" xlink:href="#sTok255"/>
		<!--I-->
		<mark id="sSpan1306" xlink:href="#sTok255"/>
		<!--'m-->
		<mark id="sSpan1307" xlink:href="#sTok256"/>
		<!--'m-->
		<mark id="sSpan1308" xlink:href="#sTok256"/>
		<!--'m-->
		<mark id="sSpan1309" xlink:href="#sTok256"/>
		<!--'m-->
		<mark id="sSpan1310" xlink:href="#sTok256"/>
		<!--'m-->
		<mark id="sSpan1311" xlink:href="#sTok256"/>
		<!--going-->
		<mark id="sSpan1312" xlink:href="#sTok257"/>
		<!--going-->
		<mark id="sSpan1313" xlink:href="#sTok257"/>
		<!--be-->
		<mark id="sSpan1314" xlink:href="#sTok259"/>
		<!--playing-->
		<mark id="sSpan1315" xlink:href="#sTok260"/>
		<!--playing-->
		<mark id="sSpan1316" xlink:href="#sTok260"/>
		<!--this-->
		<mark id="sSpan1317" xlink:href="#sTok261"/>
		<!--this-->
		<mark id="sSpan1318" xlink:href="#sTok261"/>
		<!--match-->
		<mark id="sSpan1319" xlink:href="#sTok262"/>
		<!--it-->
		<mark id="sSpan1320" xlink:href="#sTok264"/>
		<!--it-->
		<mark id="sSpan1321" xlink:href="#sTok264"/>
		<!--it-->
		<mark id="sSpan1322" xlink:href="#sTok264"/>
		<!--it-->
		<mark id="sSpan1323" xlink:href="#sTok264"/>
		<!--it-->
		<mark id="sSpan1324" xlink:href="#sTok264"/>
		<!--'s-->
		<mark id="sSpan1325" xlink:href="#sTok265"/>
		<!--'s-->
		<mark id="sSpan1326" xlink:href="#sTok265"/>
		<!--'s-->
		<mark id="sSpan1327" xlink:href="#sTok265"/>
		<!--'s-->
		<mark id="sSpan1328" xlink:href="#sTok265"/>
		<!--'s-->
		<mark id="sSpan1329" xlink:href="#sTok265"/>
		<!--home-->
		<mark id="sSpan1330" xlink:href="#sTok267"/>
		<!--I-->
		<mark id="sSpan1331" xlink:href="#sTok269"/>
		<!--I-->
		<mark id="sSpan1332" xlink:href="#sTok269"/>
		<!--I-->
		<mark id="sSpan1333" xlink:href="#sTok269"/>
		<!--I-->
		<mark id="sSpan1334" xlink:href="#sTok269"/>
		<!--'d-->
		<mark id="sSpan1335" xlink:href="#sTok270"/>
		<!--like-->
		<mark id="sSpan1336" xlink:href="#sTok271"/>
		<!--play-->
		<mark id="sSpan1337" xlink:href="#sTok274"/>
		<!--some-->
		<mark id="sSpan1338" xlink:href="#sTok275"/>
		<!--our-->
		<mark id="sSpan1339" xlink:href="#sTok277"/>
		<!--our-->
		<mark id="sSpan1340" xlink:href="#sTok277"/>
		<!--our-->
		<mark id="sSpan1341" xlink:href="#sTok277"/>
		<!--our-->
		<mark id="sSpan1342" xlink:href="#sTok277"/>
		<!--our-->
		<mark id="sSpan1343" xlink:href="#sTok277"/>
		<!--Academy-->
		<mark id="sSpan1344" xlink:href="#sTok278"/>
		<!--players-->
		<mark id="sSpan1345" xlink:href="#sTok279"/>
		<!--this-->
		<mark id="sSpan1346" xlink:href="#sTok281"/>
		<!--this-->
		<mark id="sSpan1347" xlink:href="#sTok281"/>
		<!--match-->
		<mark id="sSpan1348" xlink:href="#sTok282"/>
		<!--The-->
		<mark id="sSpan1349" xlink:href="#sTok284"/>
		<!--The-->
		<mark id="sSpan1350" xlink:href="#sTok284"/>
		<!--last-->
		<mark id="sSpan1351" xlink:href="#sTok285"/>
		<!--match-->
		<mark id="sSpan1352" xlink:href="#sTok286"/>
		<!--he-->
		<mark id="sSpan1353" xlink:href="#sTok287"/>
		<!--he-->
		<mark id="sSpan1354" xlink:href="#sTok287"/>
		<!--he-->
		<mark id="sSpan1355" xlink:href="#sTok287"/>
		<!--he-->
		<mark id="sSpan1356" xlink:href="#sTok287"/>
		<!--he-->
		<mark id="sSpan1357" xlink:href="#sTok287"/>
		<!--scored-->
		<mark id="sSpan1358" xlink:href="#sTok288"/>
		<!--scored-->
		<mark id="sSpan1359" xlink:href="#sTok288"/>
		<!--scored-->
		<mark id="sSpan1360" xlink:href="#sTok288"/>
		<!--scored-->
		<mark id="sSpan1361" xlink:href="#sTok288"/>
		<!--scored-->
		<mark id="sSpan1362" xlink:href="#sTok288"/>
		<!--Jović-->
		<mark id="sSpan1363" xlink:href="#sTok289"/>
		<!--I-->
		<mark id="sSpan1364" xlink:href="#sTok291"/>
		<!--I-->
		<mark id="sSpan1365" xlink:href="#sTok291"/>
		<!--I-->
		<mark id="sSpan1366" xlink:href="#sTok291"/>
		<!--I-->
		<mark id="sSpan1367" xlink:href="#sTok291"/>
		<!--'m-->
		<mark id="sSpan1368" xlink:href="#sTok292"/>
		<!--'m-->
		<mark id="sSpan1369" xlink:href="#sTok292"/>
		<!--'m-->
		<mark id="sSpan1370" xlink:href="#sTok292"/>
		<!--'m-->
		<mark id="sSpan1371" xlink:href="#sTok292"/>
		<!--'m-->
		<mark id="sSpan1372" xlink:href="#sTok292"/>
		<!--gon-->
		<mark id="sSpan1373" xlink:href="#sTok293"/>
		<!--gon-->
		<mark id="sSpan1374" xlink:href="#sTok293"/>
		<!--continue-->
		<mark id="sSpan1375" xlink:href="#sTok295"/>
		<!--hopefully-->
		<mark id="sSpan1376" xlink:href="#sTok296"/>
		<!--his-->
		<mark id="sSpan1377" xlink:href="#sTok297"/>
		<!--his-->
		<mark id="sSpan1378" xlink:href="#sTok297"/>
		<!--his-->
		<mark id="sSpan1379" xlink:href="#sTok297"/>
		<!--his-->
		<mark id="sSpan1380" xlink:href="#sTok297"/>
		<!--his-->
		<mark id="sSpan1381" xlink:href="#sTok297"/>
		<!--his-->
		<mark id="sSpan1382" xlink:href="#sTok297"/>
		<!--form-->
		<mark id="sSpan1383" xlink:href="#sTok298"/>
		<!--this-->
		<mark id="sSpan1384" xlink:href="#sTok300"/>
		<!--this-->
		<mark id="sSpan1385" xlink:href="#sTok300"/>
		<!--game-->
		<mark id="sSpan1386" xlink:href="#sTok301"/>
		<!--He-->
		<mark id="sSpan1387" xlink:href="#sTok303"/>
		<!--He-->
		<mark id="sSpan1388" xlink:href="#sTok303"/>
		<!--He-->
		<mark id="sSpan1389" xlink:href="#sTok303"/>
		<!--He-->
		<mark id="sSpan1390" xlink:href="#sTok303"/>
		<!--He-->
		<mark id="sSpan1391" xlink:href="#sTok303"/>
		<!--'s-->
		<mark id="sSpan1392" xlink:href="#sTok304"/>
		<!--'s-->
		<mark id="sSpan1393" xlink:href="#sTok304"/>
		<!--'s-->
		<mark id="sSpan1394" xlink:href="#sTok304"/>
		<!--'s-->
		<mark id="sSpan1395" xlink:href="#sTok304"/>
		<!--'s-->
		<mark id="sSpan1396" xlink:href="#sTok304"/>
		<!--up-->
		<mark id="sSpan1397" xlink:href="#sTok305"/>
		<!--top-->
		<mark id="sSpan1398" xlink:href="#sTok306"/>
		<!--Galano-->
		<mark id="sSpan1399" xlink:href="#sTok308"/>
		<!--Galano-->
		<mark id="sSpan1400" xlink:href="#sTok310"/>
		<!--started-->
		<mark id="sSpan1401" xlink:href="#sTok311"/>
		<!--started-->
		<mark id="sSpan1402" xlink:href="#sTok311"/>
		<!--started-->
		<mark id="sSpan1403" xlink:href="#sTok311"/>
		<!--started-->
		<mark id="sSpan1404" xlink:href="#sTok311"/>
		<!--started-->
		<mark id="sSpan1405" xlink:href="#sTok311"/>
		<!--well-->
		<mark id="sSpan1406" xlink:href="#sTok313"/>
		<!--three-->
		<mark id="sSpan1407" xlink:href="#sTok314"/>
		<!--three-->
		<mark id="sSpan1408" xlink:href="#sTok314"/>
		<!--goals-->
		<mark id="sSpan1409" xlink:href="#sTok315"/>
		<!--then-->
		<mark id="sSpan1410" xlink:href="#sTok317"/>
		<!--has-->
		<mark id="sSpan1411" xlink:href="#sTok319"/>
		<!--has-->
		<mark id="sSpan1412" xlink:href="#sTok319"/>
		<!--has-->
		<mark id="sSpan1413" xlink:href="#sTok319"/>
		<!--has-->
		<mark id="sSpan1414" xlink:href="#sTok319"/>
		<!--has-->
		<mark id="sSpan1415" xlink:href="#sTok319"/>
		<!--n't-->
		<mark id="sSpan1416" xlink:href="#sTok320"/>
		<!--scored-->
		<mark id="sSpan1417" xlink:href="#sTok321"/>
		<!--scored-->
		<mark id="sSpan1418" xlink:href="#sTok321"/>
		<!--I-->
		<mark id="sSpan1419" xlink:href="#sTok323"/>
		<!--I-->
		<mark id="sSpan1420" xlink:href="#sTok323"/>
		<!--I-->
		<mark id="sSpan1421" xlink:href="#sTok323"/>
		<!--I-->
		<mark id="sSpan1422" xlink:href="#sTok323"/>
		<!--do-->
		<mark id="sSpan1423" xlink:href="#sTok324"/>
		<!--do-->
		<mark id="sSpan1424" xlink:href="#sTok324"/>
		<!--do-->
		<mark id="sSpan1425" xlink:href="#sTok324"/>
		<!--do-->
		<mark id="sSpan1426" xlink:href="#sTok324"/>
		<!--do-->
		<mark id="sSpan1427" xlink:href="#sTok324"/>
		<!--n't-->
		<mark id="sSpan1428" xlink:href="#sTok325"/>
		<!--know-->
		<mark id="sSpan1429" xlink:href="#sTok326"/>
		<!--I-->
		<mark id="sSpan1430" xlink:href="#sTok328"/>
		<!--I-->
		<mark id="sSpan1431" xlink:href="#sTok328"/>
		<!--I-->
		<mark id="sSpan1432" xlink:href="#sTok328"/>
		<!--I-->
		<mark id="sSpan1433" xlink:href="#sTok328"/>
		<!--thought-->
		<mark id="sSpan1434" xlink:href="#sTok329"/>
		<!--thought-->
		<mark id="sSpan1435" xlink:href="#sTok329"/>
		<!--thought-->
		<mark id="sSpan1436" xlink:href="#sTok329"/>
		<!--thought-->
		<mark id="sSpan1437" xlink:href="#sTok329"/>
		<!--thought-->
		<mark id="sSpan1438" xlink:href="#sTok329"/>
		<!--he-->
		<mark id="sSpan1439" xlink:href="#sTok330"/>
		<!--he-->
		<mark id="sSpan1440" xlink:href="#sTok330"/>
		<!--he-->
		<mark id="sSpan1441" xlink:href="#sTok330"/>
		<!--he-->
		<mark id="sSpan1442" xlink:href="#sTok330"/>
		<!--he-->
		<mark id="sSpan1443" xlink:href="#sTok330"/>
		<!--was-->
		<mark id="sSpan1444" xlink:href="#sTok331"/>
		<!--was-->
		<mark id="sSpan1445" xlink:href="#sTok331"/>
		<!--was-->
		<mark id="sSpan1446" xlink:href="#sTok331"/>
		<!--was-->
		<mark id="sSpan1447" xlink:href="#sTok331"/>
		<!--was-->
		<mark id="sSpan1448" xlink:href="#sTok331"/>
		<!--gon-->
		<mark id="sSpan1449" xlink:href="#sTok332"/>
		<!--gon-->
		<mark id="sSpan1450" xlink:href="#sTok332"/>
		<!--be-->
		<mark id="sSpan1451" xlink:href="#sTok334"/>
		<!--such-->
		<mark id="sSpan1452" xlink:href="#sTok335"/>
		<!--a-->
		<mark id="sSpan1453" xlink:href="#sTok336"/>
		<!--a-->
		<mark id="sSpan1454" xlink:href="#sTok336"/>
		<!--good-->
		<mark id="sSpan1455" xlink:href="#sTok337"/>
		<!--future-->
		<mark id="sSpan1456" xlink:href="#sTok338"/>
		<!--star-->
		<mark id="sSpan1457" xlink:href="#sTok339"/>
		<!--he-->
		<mark id="sSpan1458" xlink:href="#sTok341"/>
		<!--he-->
		<mark id="sSpan1459" xlink:href="#sTok341"/>
		<!--he-->
		<mark id="sSpan1460" xlink:href="#sTok341"/>
		<!--he-->
		<mark id="sSpan1461" xlink:href="#sTok341"/>
		<!--he-->
		<mark id="sSpan1462" xlink:href="#sTok341"/>
		<!--'s-->
		<mark id="sSpan1463" xlink:href="#sTok342"/>
		<!--'s-->
		<mark id="sSpan1464" xlink:href="#sTok342"/>
		<!--'s-->
		<mark id="sSpan1465" xlink:href="#sTok342"/>
		<!--'s-->
		<mark id="sSpan1466" xlink:href="#sTok342"/>
		<!--'s-->
		<mark id="sSpan1467" xlink:href="#sTok342"/>
		<!--still-->
		<mark id="sSpan1468" xlink:href="#sTok343"/>
		<!--young-->
		<mark id="sSpan1469" xlink:href="#sTok344"/>
		<!--he-->
		<mark id="sSpan1470" xlink:href="#sTok347"/>
		<!--he-->
		<mark id="sSpan1471" xlink:href="#sTok347"/>
		<!--he-->
		<mark id="sSpan1472" xlink:href="#sTok347"/>
		<!--he-->
		<mark id="sSpan1473" xlink:href="#sTok347"/>
		<!--he-->
		<mark id="sSpan1474" xlink:href="#sTok347"/>
		<!--can-->
		<mark id="sSpan1475" xlink:href="#sTok348"/>
		<!--get-->
		<mark id="sSpan1476" xlink:href="#sTok349"/>
		<!--himself-->
		<mark id="sSpan1477" xlink:href="#sTok350"/>
		<!--himself-->
		<mark id="sSpan1478" xlink:href="#sTok350"/>
		<!--himself-->
		<mark id="sSpan1479" xlink:href="#sTok350"/>
		<!--himself-->
		<mark id="sSpan1480" xlink:href="#sTok350"/>
		<!--himself-->
		<mark id="sSpan1481" xlink:href="#sTok350"/>
		<!--himself-->
		<mark id="sSpan1482" xlink:href="#sTok350"/>
		<!--some-->
		<mark id="sSpan1483" xlink:href="#sTok351"/>
		<!--goals-->
		<mark id="sSpan1484" xlink:href="#sTok352"/>
		<!--here-->
		<mark id="sSpan1485" xlink:href="#sTok353"/>
		<!--Paquetá-->
		<mark id="sSpan1486" xlink:href="#sTok355"/>
		<!--almost-->
		<mark id="sSpan1487" xlink:href="#sTok357"/>
		<!--starting-->
		<mark id="sSpan1488" xlink:href="#sTok358"/>
		<!--Paquetá-->
		<mark id="sSpan1489" xlink:href="#sTok359"/>
		<!--Bennacer-->
		<mark id="sSpan1490" xlink:href="#sTok361"/>
		<!--van-->
		<mark id="sSpan1491" xlink:href="#sTok362"/>
		<!--de-->
		<mark id="sSpan1492" xlink:href="#sTok363"/>
		<!--Beek-->
		<mark id="sSpan1493" xlink:href="#sTok364"/>
		<!--Tonali-->
		<mark id="sSpan1494" xlink:href="#sTok366"/>
		<!--We-->
		<mark id="sSpan1495" xlink:href="#sTok368"/>
		<!--We-->
		<mark id="sSpan1496" xlink:href="#sTok368"/>
		<!--We-->
		<mark id="sSpan1497" xlink:href="#sTok368"/>
		<!--We-->
		<mark id="sSpan1498" xlink:href="#sTok368"/>
		<!--have-->
		<mark id="sSpan1499" xlink:href="#sTok369"/>
		<!--have-->
		<mark id="sSpan1500" xlink:href="#sTok369"/>
		<!--have-->
		<mark id="sSpan1501" xlink:href="#sTok369"/>
		<!--have-->
		<mark id="sSpan1502" xlink:href="#sTok369"/>
		<!--have-->
		<mark id="sSpan1503" xlink:href="#sTok369"/>
		<!--Todibo-->
		<mark id="sSpan1504" xlink:href="#sTok370"/>
		<!--Alderweireld-->
		<mark id="sSpan1505" xlink:href="#sTok372"/>
		<!--defense-->
		<mark id="sSpan1506" xlink:href="#sTok374"/>
		<!--obviously-->
		<mark id="sSpan1507" xlink:href="#sTok376"/>
		<!--goal-->
		<mark id="sSpan1508" xlink:href="#sTok378"/>
		<!--we-->
		<mark id="sSpan1509" xlink:href="#sTok379"/>
		<!--we-->
		<mark id="sSpan1510" xlink:href="#sTok379"/>
		<!--we-->
		<mark id="sSpan1511" xlink:href="#sTok379"/>
		<!--we-->
		<mark id="sSpan1512" xlink:href="#sTok379"/>
		<!--have-->
		<mark id="sSpan1513" xlink:href="#sTok380"/>
		<!--have-->
		<mark id="sSpan1514" xlink:href="#sTok380"/>
		<!--have-->
		<mark id="sSpan1515" xlink:href="#sTok380"/>
		<!--have-->
		<mark id="sSpan1516" xlink:href="#sTok380"/>
		<!--have-->
		<mark id="sSpan1517" xlink:href="#sTok380"/>
		<!--Gigio-->
		<mark id="sSpan1518" xlink:href="#sTok381"/>
		<!--I-->
		<mark id="sSpan1519" xlink:href="#sTok384"/>
		<!--I-->
		<mark id="sSpan1520" xlink:href="#sTok384"/>
		<!--I-->
		<mark id="sSpan1521" xlink:href="#sTok384"/>
		<!--I-->
		<mark id="sSpan1522" xlink:href="#sTok384"/>
		<!--said-->
		<mark id="sSpan1523" xlink:href="#sTok385"/>
		<!--said-->
		<mark id="sSpan1524" xlink:href="#sTok385"/>
		<!--said-->
		<mark id="sSpan1525" xlink:href="#sTok385"/>
		<!--said-->
		<mark id="sSpan1526" xlink:href="#sTok385"/>
		<!--said-->
		<mark id="sSpan1527" xlink:href="#sTok385"/>
		<!--the-->
		<mark id="sSpan1528" xlink:href="#sTok387"/>
		<!--the-->
		<mark id="sSpan1529" xlink:href="#sTok387"/>
		<!--Scudetto-->
		<mark id="sSpan1530" xlink:href="#sTok388"/>
		<!--it-->
		<mark id="sSpan1531" xlink:href="#sTok390"/>
		<!--it-->
		<mark id="sSpan1532" xlink:href="#sTok390"/>
		<!--it-->
		<mark id="sSpan1533" xlink:href="#sTok390"/>
		<!--it-->
		<mark id="sSpan1534" xlink:href="#sTok390"/>
		<!--it-->
		<mark id="sSpan1535" xlink:href="#sTok390"/>
		<!--was-->
		<mark id="sSpan1536" xlink:href="#sTok391"/>
		<!--was-->
		<mark id="sSpan1537" xlink:href="#sTok391"/>
		<!--was-->
		<mark id="sSpan1538" xlink:href="#sTok391"/>
		<!--was-->
		<mark id="sSpan1539" xlink:href="#sTok391"/>
		<!--was-->
		<mark id="sSpan1540" xlink:href="#sTok391"/>
		<!--n't-->
		<mark id="sSpan1541" xlink:href="#sTok392"/>
		<!--gon-->
		<mark id="sSpan1542" xlink:href="#sTok393"/>
		<!--gon-->
		<mark id="sSpan1543" xlink:href="#sTok393"/>
		<!--be-->
		<mark id="sSpan1544" xlink:href="#sTok395"/>
		<!--this-->
		<mark id="sSpan1545" xlink:href="#sTok396"/>
		<!--this-->
		<mark id="sSpan1546" xlink:href="#sTok396"/>
		<!--season-->
		<mark id="sSpan1547" xlink:href="#sTok397"/>
		<!--I-->
		<mark id="sSpan1548" xlink:href="#sTok399"/>
		<!--I-->
		<mark id="sSpan1549" xlink:href="#sTok399"/>
		<!--I-->
		<mark id="sSpan1550" xlink:href="#sTok399"/>
		<!--I-->
		<mark id="sSpan1551" xlink:href="#sTok399"/>
		<!--'m-->
		<mark id="sSpan1552" xlink:href="#sTok400"/>
		<!--'m-->
		<mark id="sSpan1553" xlink:href="#sTok400"/>
		<!--'m-->
		<mark id="sSpan1554" xlink:href="#sTok400"/>
		<!--'m-->
		<mark id="sSpan1555" xlink:href="#sTok400"/>
		<!--'m-->
		<mark id="sSpan1556" xlink:href="#sTok400"/>
		<!--pushing-->
		<mark id="sSpan1557" xlink:href="#sTok401"/>
		<!--pushing-->
		<mark id="sSpan1558" xlink:href="#sTok401"/>
		<!--all-->
		<mark id="sSpan1559" xlink:href="#sTok402"/>
		<!--next-->
		<mark id="sSpan1560" xlink:href="#sTok404"/>
		<!--season-->
		<mark id="sSpan1561" xlink:href="#sTok405"/>
		<!--the-->
		<mark id="sSpan1562" xlink:href="#sTok407"/>
		<!--the-->
		<mark id="sSpan1563" xlink:href="#sTok407"/>
		<!--Champions-->
		<mark id="sSpan1564" xlink:href="#sTok408"/>
		<!--League-->
		<mark id="sSpan1565" xlink:href="#sTok409"/>
		<!--I-->
		<mark id="sSpan1566" xlink:href="#sTok411"/>
		<!--I-->
		<mark id="sSpan1567" xlink:href="#sTok411"/>
		<!--I-->
		<mark id="sSpan1568" xlink:href="#sTok411"/>
		<!--I-->
		<mark id="sSpan1569" xlink:href="#sTok411"/>
		<!--think-->
		<mark id="sSpan1570" xlink:href="#sTok412"/>
		<!--think-->
		<mark id="sSpan1571" xlink:href="#sTok412"/>
		<!--think-->
		<mark id="sSpan1572" xlink:href="#sTok412"/>
		<!--think-->
		<mark id="sSpan1573" xlink:href="#sTok412"/>
		<!--think-->
		<mark id="sSpan1574" xlink:href="#sTok412"/>
		<!--we-->
		<mark id="sSpan1575" xlink:href="#sTok413"/>
		<!--we-->
		<mark id="sSpan1576" xlink:href="#sTok413"/>
		<!--we-->
		<mark id="sSpan1577" xlink:href="#sTok413"/>
		<!--we-->
		<mark id="sSpan1578" xlink:href="#sTok413"/>
		<!--'re-->
		<mark id="sSpan1579" xlink:href="#sTok414"/>
		<!--'re-->
		<mark id="sSpan1580" xlink:href="#sTok414"/>
		<!--'re-->
		<mark id="sSpan1581" xlink:href="#sTok414"/>
		<!--'re-->
		<mark id="sSpan1582" xlink:href="#sTok414"/>
		<!--'re-->
		<mark id="sSpan1583" xlink:href="#sTok414"/>
		<!--gon-->
		<mark id="sSpan1584" xlink:href="#sTok415"/>
		<!--gon-->
		<mark id="sSpan1585" xlink:href="#sTok415"/>
		<!--have-->
		<mark id="sSpan1586" xlink:href="#sTok417"/>
		<!--try-->
		<mark id="sSpan1587" xlink:href="#sTok420"/>
		<!--go-->
		<mark id="sSpan1588" xlink:href="#sTok422"/>
		<!--all-->
		<mark id="sSpan1589" xlink:href="#sTok423"/>
		<!--out-->
		<mark id="sSpan1590" xlink:href="#sTok425"/>
		<!--win-->
		<mark id="sSpan1591" xlink:href="#sTok427"/>
		<!--it-->
		<mark id="sSpan1592" xlink:href="#sTok428"/>
		<!--it-->
		<mark id="sSpan1593" xlink:href="#sTok428"/>
		<!--it-->
		<mark id="sSpan1594" xlink:href="#sTok428"/>
		<!--it-->
		<mark id="sSpan1595" xlink:href="#sTok428"/>
		<!--it-->
		<mark id="sSpan1596" xlink:href="#sTok428"/>
		<!--our-->
		<mark id="sSpan1597" xlink:href="#sTok430"/>
		<!--our-->
		<mark id="sSpan1598" xlink:href="#sTok430"/>
		<!--our-->
		<mark id="sSpan1599" xlink:href="#sTok430"/>
		<!--our-->
		<mark id="sSpan1600" xlink:href="#sTok430"/>
		<!--our-->
		<mark id="sSpan1601" xlink:href="#sTok430"/>
		<!--first-->
		<mark id="sSpan1602" xlink:href="#sTok431"/>
		<!--first-->
		<mark id="sSpan1603" xlink:href="#sTok431"/>
		<!--first-->
		<mark id="sSpan1604" xlink:href="#sTok431"/>
		<!--season-->
		<mark id="sSpan1605" xlink:href="#sTok432"/>
		<!--back-->
		<mark id="sSpan1606" xlink:href="#sTok433"/>
		<!--That-->
		<mark id="sSpan1607" xlink:href="#sTok435"/>
		<!--That-->
		<mark id="sSpan1608" xlink:href="#sTok435"/>
		<!--would-->
		<mark id="sSpan1609" xlink:href="#sTok436"/>
		<!--be-->
		<mark id="sSpan1610" xlink:href="#sTok437"/>
		<!--something-->
		<mark id="sSpan1611" xlink:href="#sTok438"/>
		<!--something-->
		<mark id="sSpan1612" xlink:href="#sTok438"/>
		<!--incredibly-->
		<mark id="sSpan1613" xlink:href="#sTok439"/>
		<!--special-->
		<mark id="sSpan1614" xlink:href="#sTok440"/>
		<!--we-->
		<mark id="sSpan1615" xlink:href="#sTok444"/>
		<!--we-->
		<mark id="sSpan1616" xlink:href="#sTok444"/>
		<!--we-->
		<mark id="sSpan1617" xlink:href="#sTok444"/>
		<!--we-->
		<mark id="sSpan1618" xlink:href="#sTok444"/>
		<!--do-->
		<mark id="sSpan1619" xlink:href="#sTok445"/>
		<!--do-->
		<mark id="sSpan1620" xlink:href="#sTok445"/>
		<!--do-->
		<mark id="sSpan1621" xlink:href="#sTok445"/>
		<!--do-->
		<mark id="sSpan1622" xlink:href="#sTok445"/>
		<!--do-->
		<mark id="sSpan1623" xlink:href="#sTok445"/>
		<!--that-->
		<mark id="sSpan1624" xlink:href="#sTok446"/>
		<!--that-->
		<mark id="sSpan1625" xlink:href="#sTok446"/>
		<!--we-->
		<mark id="sSpan1626" xlink:href="#sTok447"/>
		<!--we-->
		<mark id="sSpan1627" xlink:href="#sTok447"/>
		<!--we-->
		<mark id="sSpan1628" xlink:href="#sTok447"/>
		<!--we-->
		<mark id="sSpan1629" xlink:href="#sTok447"/>
		<!--need-->
		<mark id="sSpan1630" xlink:href="#sTok448"/>
		<!--need-->
		<mark id="sSpan1631" xlink:href="#sTok448"/>
		<!--need-->
		<mark id="sSpan1632" xlink:href="#sTok448"/>
		<!--need-->
		<mark id="sSpan1633" xlink:href="#sTok448"/>
		<!--need-->
		<mark id="sSpan1634" xlink:href="#sTok448"/>
		<!--get-->
		<mark id="sSpan1635" xlink:href="#sTok450"/>
		<!--Manchester-->
		<mark id="sSpan1636" xlink:href="#sTok452"/>
		<!--City-->
		<mark id="sSpan1637" xlink:href="#sTok453"/>
		<!--that-->
		<mark id="sSpan1638" xlink:href="#sTok455"/>
		<!--that-->
		<mark id="sSpan1639" xlink:href="#sTok455"/>
		<!--is-->
		<mark id="sSpan1640" xlink:href="#sTok456"/>
		<!--is-->
		<mark id="sSpan1641" xlink:href="#sTok456"/>
		<!--is-->
		<mark id="sSpan1642" xlink:href="#sTok456"/>
		<!--is-->
		<mark id="sSpan1643" xlink:href="#sTok456"/>
		<!--is-->
		<mark id="sSpan1644" xlink:href="#sTok456"/>
		<!--a-->
		<mark id="sSpan1645" xlink:href="#sTok457"/>
		<!--a-->
		<mark id="sSpan1646" xlink:href="#sTok457"/>
		<!--poor-->
		<mark id="sSpan1647" xlink:href="#sTok458"/>
		<!--pass-->
		<mark id="sSpan1648" xlink:href="#sTok459"/>
		<!--Paquetá-->
		<mark id="sSpan1649" xlink:href="#sTok461"/>
		<!--Here-->
		<mark id="sSpan1650" xlink:href="#sTok463"/>
		<!--'s-->
		<mark id="sSpan1651" xlink:href="#sTok464"/>
		<!--'s-->
		<mark id="sSpan1652" xlink:href="#sTok464"/>
		<!--'s-->
		<mark id="sSpan1653" xlink:href="#sTok464"/>
		<!--'s-->
		<mark id="sSpan1654" xlink:href="#sTok464"/>
		<!--'s-->
		<mark id="sSpan1655" xlink:href="#sTok464"/>
		<!--Paquetá-->
		<mark id="sSpan1656" xlink:href="#sTok465"/>
		<!--finding-->
		<mark id="sSpan1657" xlink:href="#sTok467"/>
		<!--Galano-->
		<mark id="sSpan1658" xlink:href="#sTok468"/>
		<!--Galano-->
		<mark id="sSpan1659" xlink:href="#sTok470"/>
		<!--is-->
		<mark id="sSpan1660" xlink:href="#sTok471"/>
		<!--is-->
		<mark id="sSpan1661" xlink:href="#sTok471"/>
		<!--is-->
		<mark id="sSpan1662" xlink:href="#sTok471"/>
		<!--is-->
		<mark id="sSpan1663" xlink:href="#sTok471"/>
		<!--is-->
		<mark id="sSpan1664" xlink:href="#sTok471"/>
		<!--in-->
		<mark id="sSpan1665" xlink:href="#sTok472"/>
		<!--behind-->
		<mark id="sSpan1666" xlink:href="#sTok473"/>
		<!--that-->
		<mark id="sSpan1667" xlink:href="#sTok474"/>
		<!--that-->
		<mark id="sSpan1668" xlink:href="#sTok474"/>
		<!--is-->
		<mark id="sSpan1669" xlink:href="#sTok475"/>
		<!--is-->
		<mark id="sSpan1670" xlink:href="#sTok475"/>
		<!--is-->
		<mark id="sSpan1671" xlink:href="#sTok475"/>
		<!--is-->
		<mark id="sSpan1672" xlink:href="#sTok475"/>
		<!--is-->
		<mark id="sSpan1673" xlink:href="#sTok475"/>
		<!--great-->
		<mark id="sSpan1674" xlink:href="#sTok476"/>
		<!--stuff-->
		<mark id="sSpan1675" xlink:href="#sTok477"/>
		<!--Galano-->
		<mark id="sSpan1676" xlink:href="#sTok478"/>
		<!--could-->
		<mark id="sSpan1677" xlink:href="#sTok481"/>
		<!--have-->
		<mark id="sSpan1678" xlink:href="#sTok482"/>
		<!--went-->
		<mark id="sSpan1679" xlink:href="#sTok483"/>
		<!--went-->
		<mark id="sSpan1680" xlink:href="#sTok483"/>
		<!--went-->
		<mark id="sSpan1681" xlink:href="#sTok483"/>
		<!--ground-->
		<mark id="sSpan1682" xlink:href="#sTok485"/>
		<!--opportunity-->
		<mark id="sSpan1683" xlink:href="#sTok486"/>
		<!--him-->
		<mark id="sSpan1684" xlink:href="#sTok488"/>
		<!--him-->
		<mark id="sSpan1685" xlink:href="#sTok488"/>
		<!--him-->
		<mark id="sSpan1686" xlink:href="#sTok488"/>
		<!--him-->
		<mark id="sSpan1687" xlink:href="#sTok488"/>
		<!--him-->
		<mark id="sSpan1688" xlink:href="#sTok488"/>
		<!--good-->
		<mark id="sSpan1689" xlink:href="#sTok489"/>
		<!--pass-->
		<mark id="sSpan1690" xlink:href="#sTok490"/>
		<!--Paquetá-->
		<mark id="sSpan1691" xlink:href="#sTok492"/>
		<!--Sandro-->
		<mark id="sSpan1692" xlink:href="#sTok494"/>
		<!--Tonali-->
		<mark id="sSpan1693" xlink:href="#sTok495"/>
		<!--Luca-->
		<mark id="sSpan1694" xlink:href="#sTok497"/>
		<!--Jović-->
		<mark id="sSpan1695" xlink:href="#sTok498"/>
		<!--he-->
		<mark id="sSpan1696" xlink:href="#sTok500"/>
		<!--he-->
		<mark id="sSpan1697" xlink:href="#sTok500"/>
		<!--he-->
		<mark id="sSpan1698" xlink:href="#sTok500"/>
		<!--he-->
		<mark id="sSpan1699" xlink:href="#sTok500"/>
		<!--he-->
		<mark id="sSpan1700" xlink:href="#sTok500"/>
		<!--'s-->
		<mark id="sSpan1701" xlink:href="#sTok501"/>
		<!--'s-->
		<mark id="sSpan1702" xlink:href="#sTok501"/>
		<!--'s-->
		<mark id="sSpan1703" xlink:href="#sTok501"/>
		<!--'s-->
		<mark id="sSpan1704" xlink:href="#sTok501"/>
		<!--'s-->
		<mark id="sSpan1705" xlink:href="#sTok501"/>
		<!--gon-->
		<mark id="sSpan1706" xlink:href="#sTok502"/>
		<!--gon-->
		<mark id="sSpan1707" xlink:href="#sTok502"/>
		<!--touch-->
		<mark id="sSpan1708" xlink:href="#sTok504"/>
		<!--it-->
		<mark id="sSpan1709" xlink:href="#sTok505"/>
		<!--it-->
		<mark id="sSpan1710" xlink:href="#sTok505"/>
		<!--it-->
		<mark id="sSpan1711" xlink:href="#sTok505"/>
		<!--it-->
		<mark id="sSpan1712" xlink:href="#sTok505"/>
		<!--it-->
		<mark id="sSpan1713" xlink:href="#sTok505"/>
		<!--try-->
		<mark id="sSpan1714" xlink:href="#sTok507"/>
		<!--hit-->
		<mark id="sSpan1715" xlink:href="#sTok509"/>
		<!--it-->
		<mark id="sSpan1716" xlink:href="#sTok510"/>
		<!--it-->
		<mark id="sSpan1717" xlink:href="#sTok510"/>
		<!--it-->
		<mark id="sSpan1718" xlink:href="#sTok510"/>
		<!--it-->
		<mark id="sSpan1719" xlink:href="#sTok510"/>
		<!--it-->
		<mark id="sSpan1720" xlink:href="#sTok510"/>
		<!--I-->
		<mark id="sSpan1721" xlink:href="#sTok512"/>
		<!--I-->
		<mark id="sSpan1722" xlink:href="#sTok512"/>
		<!--I-->
		<mark id="sSpan1723" xlink:href="#sTok512"/>
		<!--I-->
		<mark id="sSpan1724" xlink:href="#sTok512"/>
		<!--did-->
		<mark id="sSpan1725" xlink:href="#sTok513"/>
		<!--did-->
		<mark id="sSpan1726" xlink:href="#sTok513"/>
		<!--did-->
		<mark id="sSpan1727" xlink:href="#sTok513"/>
		<!--did-->
		<mark id="sSpan1728" xlink:href="#sTok513"/>
		<!--did-->
		<mark id="sSpan1729" xlink:href="#sTok513"/>
		<!--n't-->
		<mark id="sSpan1730" xlink:href="#sTok514"/>
		<!--I-->
		<mark id="sSpan1731" xlink:href="#sTok517"/>
		<!--I-->
		<mark id="sSpan1732" xlink:href="#sTok517"/>
		<!--I-->
		<mark id="sSpan1733" xlink:href="#sTok517"/>
		<!--I-->
		<mark id="sSpan1734" xlink:href="#sTok517"/>
		<!--should-->
		<mark id="sSpan1735" xlink:href="#sTok518"/>
		<!--have-->
		<mark id="sSpan1736" xlink:href="#sTok519"/>
		<!--taken-->
		<mark id="sSpan1737" xlink:href="#sTok521"/>
		<!--taken-->
		<mark id="sSpan1738" xlink:href="#sTok521"/>
		<!--it-->
		<mark id="sSpan1739" xlink:href="#sTok522"/>
		<!--it-->
		<mark id="sSpan1740" xlink:href="#sTok522"/>
		<!--it-->
		<mark id="sSpan1741" xlink:href="#sTok522"/>
		<!--it-->
		<mark id="sSpan1742" xlink:href="#sTok522"/>
		<!--it-->
		<mark id="sSpan1743" xlink:href="#sTok522"/>
		<!--a-->
		<mark id="sSpan1744" xlink:href="#sTok523"/>
		<!--a-->
		<mark id="sSpan1745" xlink:href="#sTok523"/>
		<!--little-->
		<mark id="sSpan1746" xlink:href="#sTok524"/>
		<!--bit-->
		<mark id="sSpan1747" xlink:href="#sTok525"/>
		<!--the-->
		<mark id="sSpan1748" xlink:href="#sTok527"/>
		<!--the-->
		<mark id="sSpan1749" xlink:href="#sTok527"/>
		<!--box-->
		<mark id="sSpan1750" xlink:href="#sTok528"/>
		<!--you-->
		<mark id="sSpan1751" xlink:href="#sTok531"/>
		<!--you-->
		<mark id="sSpan1752" xlink:href="#sTok531"/>
		<!--you-->
		<mark id="sSpan1753" xlink:href="#sTok531"/>
		<!--you-->
		<mark id="sSpan1754" xlink:href="#sTok531"/>
		<!--know-->
		<mark id="sSpan1755" xlink:href="#sTok532"/>
		<!--know-->
		<mark id="sSpan1756" xlink:href="#sTok532"/>
		<!--know-->
		<mark id="sSpan1757" xlink:href="#sTok532"/>
		<!--know-->
		<mark id="sSpan1758" xlink:href="#sTok532"/>
		<!--know-->
		<mark id="sSpan1759" xlink:href="#sTok532"/>
		<!--what-->
		<mark id="sSpan1760" xlink:href="#sTok533"/>
		<!--that-->
		<mark id="sSpan1761" xlink:href="#sTok535"/>
		<!--that-->
		<mark id="sSpan1762" xlink:href="#sTok535"/>
		<!--resulted-->
		<mark id="sSpan1763" xlink:href="#sTok536"/>
		<!--resulted-->
		<mark id="sSpan1764" xlink:href="#sTok536"/>
		<!--resulted-->
		<mark id="sSpan1765" xlink:href="#sTok536"/>
		<!--resulted-->
		<mark id="sSpan1766" xlink:href="#sTok536"/>
		<!--resulted-->
		<mark id="sSpan1767" xlink:href="#sTok536"/>
		<!--a-->
		<mark id="sSpan1768" xlink:href="#sTok538"/>
		<!--a-->
		<mark id="sSpan1769" xlink:href="#sTok538"/>
		<!--corner-->
		<mark id="sSpan1770" xlink:href="#sTok539"/>
		<!--God-->
		<mark id="sSpan1771" xlink:href="#sTok541"/>
		<!--forbid-->
		<mark id="sSpan1772" xlink:href="#sTok542"/>
		<!--we-->
		<mark id="sSpan1773" xlink:href="#sTok543"/>
		<!--we-->
		<mark id="sSpan1774" xlink:href="#sTok543"/>
		<!--we-->
		<mark id="sSpan1775" xlink:href="#sTok543"/>
		<!--we-->
		<mark id="sSpan1776" xlink:href="#sTok543"/>
		<!--would-->
		<mark id="sSpan1777" xlink:href="#sTok544"/>
		<!--get-->
		<mark id="sSpan1778" xlink:href="#sTok545"/>
		<!--anything-->
		<mark id="sSpan1779" xlink:href="#sTok546"/>
		<!--anything-->
		<mark id="sSpan1780" xlink:href="#sTok546"/>
		<!--corners-->
		<mark id="sSpan1781" xlink:href="#sTok548"/>
		<!--Jović-->
		<mark id="sSpan1782" xlink:href="#sTok550"/>
		<!--turned-->
		<mark id="sSpan1783" xlink:href="#sTok552"/>
		<!--turned-->
		<mark id="sSpan1784" xlink:href="#sTok552"/>
		<!--turned-->
		<mark id="sSpan1785" xlink:href="#sTok552"/>
		<!--turned-->
		<mark id="sSpan1786" xlink:href="#sTok552"/>
		<!--turned-->
		<mark id="sSpan1787" xlink:href="#sTok552"/>
		<!--van-->
		<mark id="sSpan1788" xlink:href="#sTok554"/>
		<!--de-->
		<mark id="sSpan1789" xlink:href="#sTok555"/>
		<!--Beek-->
		<mark id="sSpan1790" xlink:href="#sTok556"/>
		<!--looking-->
		<mark id="sSpan1791" xlink:href="#sTok558"/>
		<!--something-->
		<mark id="sSpan1792" xlink:href="#sTok560"/>
		<!--something-->
		<mark id="sSpan1793" xlink:href="#sTok560"/>
		<!--He-->
		<mark id="sSpan1794" xlink:href="#sTok562"/>
		<!--He-->
		<mark id="sSpan1795" xlink:href="#sTok562"/>
		<!--He-->
		<mark id="sSpan1796" xlink:href="#sTok562"/>
		<!--He-->
		<mark id="sSpan1797" xlink:href="#sTok562"/>
		<!--He-->
		<mark id="sSpan1798" xlink:href="#sTok562"/>
		<!--finds-->
		<mark id="sSpan1799" xlink:href="#sTok563"/>
		<!--finds-->
		<mark id="sSpan1800" xlink:href="#sTok563"/>
		<!--finds-->
		<mark id="sSpan1801" xlink:href="#sTok563"/>
		<!--finds-->
		<mark id="sSpan1802" xlink:href="#sTok563"/>
		<!--finds-->
		<mark id="sSpan1803" xlink:href="#sTok563"/>
		<!--Galano-->
		<mark id="sSpan1804" xlink:href="#sTok564"/>
		<!--some-->
		<mark id="sSpan1805" xlink:href="#sTok566"/>
		<!--space-->
		<mark id="sSpan1806" xlink:href="#sTok567"/>
		<!--somebody-->
		<mark id="sSpan1807" xlink:href="#sTok569"/>
		<!--somebody-->
		<mark id="sSpan1808" xlink:href="#sTok569"/>
		<!--take-->
		<mark id="sSpan1809" xlink:href="#sTok570"/>
		<!--a-->
		<mark id="sSpan1810" xlink:href="#sTok571"/>
		<!--a-->
		<mark id="sSpan1811" xlink:href="#sTok571"/>
		<!--shot-->
		<mark id="sSpan1812" xlink:href="#sTok572"/>
		<!--Favilli-->
		<mark id="sSpan1813" xlink:href="#sTok575"/>
		<!--what-->
		<mark id="sSpan1814" xlink:href="#sTok578"/>
		<!--How-->
		<mark id="sSpan1815" xlink:href="#sTok580"/>
		<!--what-->
		<mark id="sSpan1816" xlink:href="#sTok582"/>
		<!--sorry-->
		<mark id="sSpan1817" xlink:href="#sTok583"/>
		<!--what-->
		<mark id="sSpan1818" xlink:href="#sTok584"/>
		<!--how-->
		<mark id="sSpan1819" xlink:href="#sTok585"/>
		<!--is-->
		<mark id="sSpan1820" xlink:href="#sTok586"/>
		<!--is-->
		<mark id="sSpan1821" xlink:href="#sTok586"/>
		<!--is-->
		<mark id="sSpan1822" xlink:href="#sTok586"/>
		<!--is-->
		<mark id="sSpan1823" xlink:href="#sTok586"/>
		<!--is-->
		<mark id="sSpan1824" xlink:href="#sTok586"/>
		<!--there-->
		<mark id="sSpan1825" xlink:href="#sTok587"/>
		<!--a-->
		<mark id="sSpan1826" xlink:href="#sTok588"/>
		<!--a-->
		<mark id="sSpan1827" xlink:href="#sTok588"/>
		<!--penalty-->
		<mark id="sSpan1828" xlink:href="#sTok589"/>
		<!--what-->
		<mark id="sSpan1829" xlink:href="#sTok590"/>
		<!--happened-->
		<mark id="sSpan1830" xlink:href="#sTok592"/>
		<!--happened-->
		<mark id="sSpan1831" xlink:href="#sTok592"/>
		<!--happened-->
		<mark id="sSpan1832" xlink:href="#sTok592"/>
		<!--happened-->
		<mark id="sSpan1833" xlink:href="#sTok592"/>
		<!--happened-->
		<mark id="sSpan1834" xlink:href="#sTok592"/>
		<!--One-->
		<mark id="sSpan1835" xlink:href="#sTok594"/>
		<!--One-->
		<mark id="sSpan1836" xlink:href="#sTok594"/>
		<!--minute-->
		<mark id="sSpan1837" xlink:href="#sTok595"/>
		<!--it-->
		<mark id="sSpan1838" xlink:href="#sTok596"/>
		<!--it-->
		<mark id="sSpan1839" xlink:href="#sTok596"/>
		<!--it-->
		<mark id="sSpan1840" xlink:href="#sTok596"/>
		<!--it-->
		<mark id="sSpan1841" xlink:href="#sTok596"/>
		<!--it-->
		<mark id="sSpan1842" xlink:href="#sTok596"/>
		<!--looked-->
		<mark id="sSpan1843" xlink:href="#sTok597"/>
		<!--looked-->
		<mark id="sSpan1844" xlink:href="#sTok597"/>
		<!--looked-->
		<mark id="sSpan1845" xlink:href="#sTok597"/>
		<!--looked-->
		<mark id="sSpan1846" xlink:href="#sTok597"/>
		<!--looked-->
		<mark id="sSpan1847" xlink:href="#sTok597"/>
		<!--it-->
		<mark id="sSpan1848" xlink:href="#sTok599"/>
		<!--it-->
		<mark id="sSpan1849" xlink:href="#sTok599"/>
		<!--it-->
		<mark id="sSpan1850" xlink:href="#sTok599"/>
		<!--it-->
		<mark id="sSpan1851" xlink:href="#sTok599"/>
		<!--it-->
		<mark id="sSpan1852" xlink:href="#sTok599"/>
		<!--was-->
		<mark id="sSpan1853" xlink:href="#sTok600"/>
		<!--was-->
		<mark id="sSpan1854" xlink:href="#sTok600"/>
		<!--was-->
		<mark id="sSpan1855" xlink:href="#sTok600"/>
		<!--was-->
		<mark id="sSpan1856" xlink:href="#sTok600"/>
		<!--was-->
		<mark id="sSpan1857" xlink:href="#sTok600"/>
		<!--gon-->
		<mark id="sSpan1858" xlink:href="#sTok601"/>
		<!--gon-->
		<mark id="sSpan1859" xlink:href="#sTok601"/>
		<!--be-->
		<mark id="sSpan1860" xlink:href="#sTok603"/>
		<!--a-->
		<mark id="sSpan1861" xlink:href="#sTok604"/>
		<!--a-->
		<mark id="sSpan1862" xlink:href="#sTok604"/>
		<!--corner-->
		<mark id="sSpan1863" xlink:href="#sTok605"/>
		<!--the-->
		<mark id="sSpan1864" xlink:href="#sTok607"/>
		<!--the-->
		<mark id="sSpan1865" xlink:href="#sTok607"/>
		<!--next-->
		<mark id="sSpan1866" xlink:href="#sTok608"/>
		<!--Favilli-->
		<mark id="sSpan1867" xlink:href="#sTok609"/>
		<!--is-->
		<mark id="sSpan1868" xlink:href="#sTok610"/>
		<!--is-->
		<mark id="sSpan1869" xlink:href="#sTok610"/>
		<!--is-->
		<mark id="sSpan1870" xlink:href="#sTok610"/>
		<!--is-->
		<mark id="sSpan1871" xlink:href="#sTok610"/>
		<!--is-->
		<mark id="sSpan1872" xlink:href="#sTok610"/>
		<!--scoring-->
		<mark id="sSpan1873" xlink:href="#sTok611"/>
		<!--scoring-->
		<mark id="sSpan1874" xlink:href="#sTok611"/>
		<!--a-->
		<mark id="sSpan1875" xlink:href="#sTok612"/>
		<!--a-->
		<mark id="sSpan1876" xlink:href="#sTok612"/>
		<!--penalty-->
		<mark id="sSpan1877" xlink:href="#sTok613"/>
		<!--we-->
		<mark id="sSpan1878" xlink:href="#sTok615"/>
		<!--we-->
		<mark id="sSpan1879" xlink:href="#sTok615"/>
		<!--we-->
		<mark id="sSpan1880" xlink:href="#sTok615"/>
		<!--we-->
		<mark id="sSpan1881" xlink:href="#sTok615"/>
		<!--'re-->
		<mark id="sSpan1882" xlink:href="#sTok616"/>
		<!--'re-->
		<mark id="sSpan1883" xlink:href="#sTok616"/>
		<!--'re-->
		<mark id="sSpan1884" xlink:href="#sTok616"/>
		<!--'re-->
		<mark id="sSpan1885" xlink:href="#sTok616"/>
		<!--'re-->
		<mark id="sSpan1886" xlink:href="#sTok616"/>
		<!--one-->
		<mark id="sSpan1887" xlink:href="#sTok617"/>
		<!--one-->
		<mark id="sSpan1888" xlink:href="#sTok617"/>
		<!--nil-->
		<mark id="sSpan1889" xlink:href="#sTok618"/>
		<!--nil-->
		<mark id="sSpan1890" xlink:href="#sTok618"/>
		<!--down-->
		<mark id="sSpan1891" xlink:href="#sTok619"/>
		<!--Ball-->
		<mark id="sSpan1892" xlink:href="#sTok621"/>
		<!--gets-->
		<mark id="sSpan1893" xlink:href="#sTok622"/>
		<!--gets-->
		<mark id="sSpan1894" xlink:href="#sTok622"/>
		<!--gets-->
		<mark id="sSpan1895" xlink:href="#sTok622"/>
		<!--gets-->
		<mark id="sSpan1896" xlink:href="#sTok622"/>
		<!--gets-->
		<mark id="sSpan1897" xlink:href="#sTok622"/>
		<!--played-->
		<mark id="sSpan1898" xlink:href="#sTok623"/>
		<!--played-->
		<mark id="sSpan1899" xlink:href="#sTok623"/>
		<!--played-->
		<mark id="sSpan1900" xlink:href="#sTok623"/>
		<!--in-->
		<mark id="sSpan1901" xlink:href="#sTok624"/>
		<!--all-->
		<mark id="sSpan1902" xlink:href="#sTok626"/>
		<!--all-->
		<mark id="sSpan1903" xlink:href="#sTok626"/>
		<!--apparently-->
		<mark id="sSpan1904" xlink:href="#sTok628"/>
		<!--Alderweireld-->
		<mark id="sSpan1905" xlink:href="#sTok629"/>
		<!--clipped-->
		<mark id="sSpan1906" xlink:href="#sTok630"/>
		<!--clipped-->
		<mark id="sSpan1907" xlink:href="#sTok630"/>
		<!--clipped-->
		<mark id="sSpan1908" xlink:href="#sTok630"/>
		<!--clipped-->
		<mark id="sSpan1909" xlink:href="#sTok630"/>
		<!--clipped-->
		<mark id="sSpan1910" xlink:href="#sTok630"/>
		<!--Favilli-->
		<mark id="sSpan1911" xlink:href="#sTok631"/>
		<!--Genoa-->
		<mark id="sSpan1912" xlink:href="#sTok633"/>
		<!--take-->
		<mark id="sSpan1913" xlink:href="#sTok634"/>
		<!--take-->
		<mark id="sSpan1914" xlink:href="#sTok634"/>
		<!--take-->
		<mark id="sSpan1915" xlink:href="#sTok634"/>
		<!--take-->
		<mark id="sSpan1916" xlink:href="#sTok634"/>
		<!--take-->
		<mark id="sSpan1917" xlink:href="#sTok634"/>
		<!--the-->
		<mark id="sSpan1918" xlink:href="#sTok635"/>
		<!--the-->
		<mark id="sSpan1919" xlink:href="#sTok635"/>
		<!--lead-->
		<mark id="sSpan1920" xlink:href="#sTok636"/>
		<!--one-->
		<mark id="sSpan1921" xlink:href="#sTok637"/>
		<!--one-->
		<mark id="sSpan1922" xlink:href="#sTok637"/>
		<!--nil-->
		<mark id="sSpan1923" xlink:href="#sTok638"/>
		<!--nil-->
		<mark id="sSpan1924" xlink:href="#sTok638"/>
		<!--doing-->
		<mark id="sSpan1925" xlink:href="#sTok640"/>
		<!--absolutely-->
		<mark id="sSpan1926" xlink:href="#sTok641"/>
		<!--nothing-->
		<mark id="sSpan1927" xlink:href="#sTok642"/>
		<!--nothing-->
		<mark id="sSpan1928" xlink:href="#sTok642"/>
		<!--nothing-->
		<mark id="sSpan1929" xlink:href="#sTok642"/>
		<!--all-->
		<mark id="sSpan1930" xlink:href="#sTok643"/>
		<!--match-->
		<mark id="sSpan1931" xlink:href="#sTok644"/>
		<!--Van-->
		<mark id="sSpan1932" xlink:href="#sTok646"/>
		<!--de-->
		<mark id="sSpan1933" xlink:href="#sTok647"/>
		<!--Beek-->
		<mark id="sSpan1934" xlink:href="#sTok648"/>
		<!--Paquetá-->
		<mark id="sSpan1935" xlink:href="#sTok650"/>
		<!--Theo-->
		<mark id="sSpan1936" xlink:href="#sTok653"/>
		<!--Theo-->
		<mark id="sSpan1937" xlink:href="#sTok655"/>
		<!--can-->
		<mark id="sSpan1938" xlink:href="#sTok656"/>
		<!--can-->
		<mark id="sSpan1939" xlink:href="#sTok656"/>
		<!--can-->
		<mark id="sSpan1940" xlink:href="#sTok656"/>
		<!--finally-->
		<mark id="sSpan1941" xlink:href="#sTok657"/>
		<!--cross-->
		<mark id="sSpan1942" xlink:href="#sTok658"/>
		<!--the-->
		<mark id="sSpan1943" xlink:href="#sTok660"/>
		<!--the-->
		<mark id="sSpan1944" xlink:href="#sTok660"/>
		<!--back-->
		<mark id="sSpan1945" xlink:href="#sTok661"/>
		<!--post-->
		<mark id="sSpan1946" xlink:href="#sTok662"/>
		<!--deep-->
		<mark id="sSpan1947" xlink:href="#sTok663"/>
		<!--how-->
		<mark id="sSpan1948" xlink:href="#sTok667"/>
		<!--many-->
		<mark id="sSpan1949" xlink:href="#sTok668"/>
		<!--times-->
		<mark id="sSpan1950" xlink:href="#sTok669"/>
		<!--how-->
		<mark id="sSpan1951" xlink:href="#sTok670"/>
		<!--many-->
		<mark id="sSpan1952" xlink:href="#sTok671"/>
		<!--times-->
		<mark id="sSpan1953" xlink:href="#sTok672"/>
		<!--is-->
		<mark id="sSpan1954" xlink:href="#sTok673"/>
		<!--is-->
		<mark id="sSpan1955" xlink:href="#sTok673"/>
		<!--is-->
		<mark id="sSpan1956" xlink:href="#sTok673"/>
		<!--is-->
		<mark id="sSpan1957" xlink:href="#sTok673"/>
		<!--is-->
		<mark id="sSpan1958" xlink:href="#sTok673"/>
		<!--he-->
		<mark id="sSpan1959" xlink:href="#sTok674"/>
		<!--he-->
		<mark id="sSpan1960" xlink:href="#sTok674"/>
		<!--he-->
		<mark id="sSpan1961" xlink:href="#sTok674"/>
		<!--he-->
		<mark id="sSpan1962" xlink:href="#sTok674"/>
		<!--he-->
		<mark id="sSpan1963" xlink:href="#sTok674"/>
		<!--gon-->
		<mark id="sSpan1964" xlink:href="#sTok675"/>
		<!--gon-->
		<mark id="sSpan1965" xlink:href="#sTok675"/>
		<!--get-->
		<mark id="sSpan1966" xlink:href="#sTok677"/>
		<!--an-->
		<mark id="sSpan1967" xlink:href="#sTok678"/>
		<!--an-->
		<mark id="sSpan1968" xlink:href="#sTok678"/>
		<!--overhead-->
		<mark id="sSpan1969" xlink:href="#sTok679"/>
		<!--kick-->
		<mark id="sSpan1970" xlink:href="#sTok680"/>
		<!--miss-->
		<mark id="sSpan1971" xlink:href="#sTok682"/>
		<!--This-->
		<mark id="sSpan1972" xlink:href="#sTok684"/>
		<!--This-->
		<mark id="sSpan1973" xlink:href="#sTok684"/>
		<!--guy-->
		<mark id="sSpan1974" xlink:href="#sTok685"/>
		<!--has-->
		<mark id="sSpan1975" xlink:href="#sTok686"/>
		<!--has-->
		<mark id="sSpan1976" xlink:href="#sTok686"/>
		<!--has-->
		<mark id="sSpan1977" xlink:href="#sTok686"/>
		<!--has-->
		<mark id="sSpan1978" xlink:href="#sTok686"/>
		<!--has-->
		<mark id="sSpan1979" xlink:href="#sTok686"/>
		<!--scored-->
		<mark id="sSpan1980" xlink:href="#sTok687"/>
		<!--scored-->
		<mark id="sSpan1981" xlink:href="#sTok687"/>
		<!--overhead-->
		<mark id="sSpan1982" xlink:href="#sTok688"/>
		<!--kicks-->
		<mark id="sSpan1983" xlink:href="#sTok689"/>
		<!--my-->
		<mark id="sSpan1984" xlink:href="#sTok691"/>
		<!--my-->
		<mark id="sSpan1985" xlink:href="#sTok691"/>
		<!--my-->
		<mark id="sSpan1986" xlink:href="#sTok691"/>
		<!--my-->
		<mark id="sSpan1987" xlink:href="#sTok691"/>
		<!--my-->
		<mark id="sSpan1988" xlink:href="#sTok691"/>
		<!--field-->
		<mark id="sSpan1989" xlink:href="#sTok692"/>
		<!--can-->
		<mark id="sSpan1990" xlink:href="#sTok694"/>
		<!--not-->
		<mark id="sSpan1991" xlink:href="#sTok695"/>
		<!--finish-->
		<mark id="sSpan1992" xlink:href="#sTok696"/>
		<!--a-->
		<mark id="sSpan1993" xlink:href="#sTok697"/>
		<!--a-->
		<mark id="sSpan1994" xlink:href="#sTok697"/>
		<!--simple-->
		<mark id="sSpan1995" xlink:href="#sTok698"/>
		<!--bicycle-->
		<mark id="sSpan1996" xlink:href="#sTok699"/>
		<!--kick-->
		<mark id="sSpan1997" xlink:href="#sTok700"/>
		<!--the-->
		<mark id="sSpan1998" xlink:href="#sTok702"/>
		<!--the-->
		<mark id="sSpan1999" xlink:href="#sTok702"/>
		<!--Box-->
		<mark id="sSpan2000" xlink:href="#sTok703"/>
		<!--a-->
		<mark id="sSpan2001" xlink:href="#sTok705"/>
		<!--a-->
		<mark id="sSpan2002" xlink:href="#sTok705"/>
		<!--moment-->
		<mark id="sSpan2003" xlink:href="#sTok706"/>
		<!--I-->
		<mark id="sSpan2004" xlink:href="#sTok708"/>
		<!--I-->
		<mark id="sSpan2005" xlink:href="#sTok708"/>
		<!--I-->
		<mark id="sSpan2006" xlink:href="#sTok708"/>
		<!--I-->
		<mark id="sSpan2007" xlink:href="#sTok708"/>
		<!--'m-->
		<mark id="sSpan2008" xlink:href="#sTok709"/>
		<!--'m-->
		<mark id="sSpan2009" xlink:href="#sTok709"/>
		<!--'m-->
		<mark id="sSpan2010" xlink:href="#sTok709"/>
		<!--'m-->
		<mark id="sSpan2011" xlink:href="#sTok709"/>
		<!--'m-->
		<mark id="sSpan2012" xlink:href="#sTok709"/>
		<!--going-->
		<mark id="sSpan2013" xlink:href="#sTok710"/>
		<!--going-->
		<mark id="sSpan2014" xlink:href="#sTok710"/>
		<!--release-->
		<mark id="sSpan2015" xlink:href="#sTok712"/>
		<!--you-->
		<mark id="sSpan2016" xlink:href="#sTok713"/>
		<!--you-->
		<mark id="sSpan2017" xlink:href="#sTok713"/>
		<!--you-->
		<mark id="sSpan2018" xlink:href="#sTok713"/>
		<!--you-->
		<mark id="sSpan2019" xlink:href="#sTok713"/>
		<!--Adam-->
		<mark id="sSpan2020" xlink:href="#sTok717"/>
		<!--gets-->
		<mark id="sSpan2021" xlink:href="#sTok718"/>
		<!--gets-->
		<mark id="sSpan2022" xlink:href="#sTok718"/>
		<!--gets-->
		<mark id="sSpan2023" xlink:href="#sTok718"/>
		<!--gets-->
		<mark id="sSpan2024" xlink:href="#sTok718"/>
		<!--gets-->
		<mark id="sSpan2025" xlink:href="#sTok718"/>
		<!--frustrated-->
		<mark id="sSpan2026" xlink:href="#sTok719"/>
		<!--losing-->
		<mark id="sSpan2027" xlink:href="#sTok721"/>
		<!--Genoa-->
		<mark id="sSpan2028" xlink:href="#sTok723"/>
		<!--one-->
		<mark id="sSpan2029" xlink:href="#sTok725"/>
		<!--one-->
		<mark id="sSpan2030" xlink:href="#sTok725"/>
		<!--nil-->
		<mark id="sSpan2031" xlink:href="#sTok726"/>
		<!--complete-->
		<mark id="sSpan2032" xlink:href="#sTok727"/>
		<!--BS-->
		<mark id="sSpan2033" xlink:href="#sTok728"/>
		<!--how-->
		<mark id="sSpan2034" xlink:href="#sTok730"/>
		<!--we-->
		<mark id="sSpan2035" xlink:href="#sTok731"/>
		<!--we-->
		<mark id="sSpan2036" xlink:href="#sTok731"/>
		<!--we-->
		<mark id="sSpan2037" xlink:href="#sTok731"/>
		<!--we-->
		<mark id="sSpan2038" xlink:href="#sTok731"/>
		<!--did-->
		<mark id="sSpan2039" xlink:href="#sTok732"/>
		<!--did-->
		<mark id="sSpan2040" xlink:href="#sTok732"/>
		<!--did-->
		<mark id="sSpan2041" xlink:href="#sTok732"/>
		<!--did-->
		<mark id="sSpan2042" xlink:href="#sTok732"/>
		<!--did-->
		<mark id="sSpan2043" xlink:href="#sTok732"/>
		<!--n't-->
		<mark id="sSpan2044" xlink:href="#sTok733"/>
		<!--score-->
		<mark id="sSpan2045" xlink:href="#sTok734"/>
		<!--how-->
		<mark id="sSpan2046" xlink:href="#sTok736"/>
		<!--they-->
		<mark id="sSpan2047" xlink:href="#sTok737"/>
		<!--they-->
		<mark id="sSpan2048" xlink:href="#sTok737"/>
		<!--they-->
		<mark id="sSpan2049" xlink:href="#sTok737"/>
		<!--they-->
		<mark id="sSpan2050" xlink:href="#sTok737"/>
		<!--got-->
		<mark id="sSpan2051" xlink:href="#sTok738"/>
		<!--got-->
		<mark id="sSpan2052" xlink:href="#sTok738"/>
		<!--got-->
		<mark id="sSpan2053" xlink:href="#sTok738"/>
		<!--got-->
		<mark id="sSpan2054" xlink:href="#sTok738"/>
		<!--got-->
		<mark id="sSpan2055" xlink:href="#sTok738"/>
		<!--a-->
		<mark id="sSpan2056" xlink:href="#sTok739"/>
		<!--a-->
		<mark id="sSpan2057" xlink:href="#sTok739"/>
		<!--penalty-->
		<mark id="sSpan2058" xlink:href="#sTok740"/>
		<!--make-->
		<mark id="sSpan2059" xlink:href="#sTok743"/>
		<!--things-->
		<mark id="sSpan2060" xlink:href="#sTok744"/>
		<!--worse-->
		<mark id="sSpan2061" xlink:href="#sTok745"/>
		<!--we-->
		<mark id="sSpan2062" xlink:href="#sTok746"/>
		<!--we-->
		<mark id="sSpan2063" xlink:href="#sTok746"/>
		<!--we-->
		<mark id="sSpan2064" xlink:href="#sTok746"/>
		<!--we-->
		<mark id="sSpan2065" xlink:href="#sTok746"/>
		<!--need-->
		<mark id="sSpan2066" xlink:href="#sTok747"/>
		<!--need-->
		<mark id="sSpan2067" xlink:href="#sTok747"/>
		<!--need-->
		<mark id="sSpan2068" xlink:href="#sTok747"/>
		<!--need-->
		<mark id="sSpan2069" xlink:href="#sTok747"/>
		<!--need-->
		<mark id="sSpan2070" xlink:href="#sTok747"/>
		<!--play-->
		<mark id="sSpan2071" xlink:href="#sTok749"/>
		<!--Manchester-->
		<mark id="sSpan2072" xlink:href="#sTok750"/>
		<!--City-->
		<mark id="sSpan2073" xlink:href="#sTok751"/>
		<!--who-->
		<mark id="sSpan2074" xlink:href="#sTok753"/>
		<!--today-->
		<mark id="sSpan2075" xlink:href="#sTok754"/>
		<!--'s-->
		<mark id="sSpan2076" xlink:href="#sTok755"/>
		<!--'s-->
		<mark id="sSpan2077" xlink:href="#sTok755"/>
		<!--'s-->
		<mark id="sSpan2078" xlink:href="#sTok755"/>
		<!--'s-->
		<mark id="sSpan2079" xlink:href="#sTok755"/>
		<!--'s-->
		<mark id="sSpan2080" xlink:href="#sTok755"/>
		<!--is-->
		<mark id="sSpan2081" xlink:href="#sTok757"/>
		<!--is-->
		<mark id="sSpan2082" xlink:href="#sTok757"/>
		<!--is-->
		<mark id="sSpan2083" xlink:href="#sTok757"/>
		<!--is-->
		<mark id="sSpan2084" xlink:href="#sTok757"/>
		<!--is-->
		<mark id="sSpan2085" xlink:href="#sTok757"/>
		<!--next-->
		<mark id="sSpan2086" xlink:href="#sTok758"/>
		<!--we-->
		<mark id="sSpan2087" xlink:href="#sTok759"/>
		<!--we-->
		<mark id="sSpan2088" xlink:href="#sTok759"/>
		<!--we-->
		<mark id="sSpan2089" xlink:href="#sTok759"/>
		<!--we-->
		<mark id="sSpan2090" xlink:href="#sTok759"/>
		<!--'re-->
		<mark id="sSpan2091" xlink:href="#sTok760"/>
		<!--'re-->
		<mark id="sSpan2092" xlink:href="#sTok760"/>
		<!--'re-->
		<mark id="sSpan2093" xlink:href="#sTok760"/>
		<!--'re-->
		<mark id="sSpan2094" xlink:href="#sTok760"/>
		<!--'re-->
		<mark id="sSpan2095" xlink:href="#sTok760"/>
		<!--down-->
		<mark id="sSpan2096" xlink:href="#sTok761"/>
		<!--4th-->
		<mark id="sSpan2097" xlink:href="#sTok763"/>
		<!--4th-->
		<mark id="sSpan2098" xlink:href="#sTok763"/>
		<!--4th-->
		<mark id="sSpan2099" xlink:href="#sTok763"/>
		<!--place-->
		<mark id="sSpan2100" xlink:href="#sTok764"/>
		<!--who-->
		<mark id="sSpan2101" xlink:href="#sTok766"/>
		<!--the-->
		<mark id="sSpan2102" xlink:href="#sTok767"/>
		<!--the-->
		<mark id="sSpan2103" xlink:href="#sTok767"/>
		<!--next-->
		<mark id="sSpan2104" xlink:href="#sTok768"/>
		<!--is-->
		<mark id="sSpan2105" xlink:href="#sTok769"/>
		<!--is-->
		<mark id="sSpan2106" xlink:href="#sTok769"/>
		<!--is-->
		<mark id="sSpan2107" xlink:href="#sTok769"/>
		<!--is-->
		<mark id="sSpan2108" xlink:href="#sTok769"/>
		<!--is-->
		<mark id="sSpan2109" xlink:href="#sTok769"/>
		<!--14th-->
		<mark id="sSpan2110" xlink:href="#sTok771"/>
		<!--14th-->
		<mark id="sSpan2111" xlink:href="#sTok771"/>
		<!--14th-->
		<mark id="sSpan2112" xlink:href="#sTok771"/>
		<!--place-->
		<mark id="sSpan2113" xlink:href="#sTok772"/>
		<!--I-->
		<mark id="sSpan2114" xlink:href="#sTok776"/>
		<!--I-->
		<mark id="sSpan2115" xlink:href="#sTok776"/>
		<!--I-->
		<mark id="sSpan2116" xlink:href="#sTok776"/>
		<!--I-->
		<mark id="sSpan2117" xlink:href="#sTok776"/>
		<!--'m-->
		<mark id="sSpan2118" xlink:href="#sTok777"/>
		<!--'m-->
		<mark id="sSpan2119" xlink:href="#sTok777"/>
		<!--'m-->
		<mark id="sSpan2120" xlink:href="#sTok777"/>
		<!--'m-->
		<mark id="sSpan2121" xlink:href="#sTok777"/>
		<!--'m-->
		<mark id="sSpan2122" xlink:href="#sTok777"/>
		<!--gon-->
		<mark id="sSpan2123" xlink:href="#sTok778"/>
		<!--gon-->
		<mark id="sSpan2124" xlink:href="#sTok778"/>
		<!--simulate-->
		<mark id="sSpan2125" xlink:href="#sTok780"/>
		<!--this-->
		<mark id="sSpan2126" xlink:href="#sTok781"/>
		<!--this-->
		<mark id="sSpan2127" xlink:href="#sTok781"/>
		<!--it-->
		<mark id="sSpan2128" xlink:href="#sTok783"/>
		<!--it-->
		<mark id="sSpan2129" xlink:href="#sTok783"/>
		<!--it-->
		<mark id="sSpan2130" xlink:href="#sTok783"/>
		<!--it-->
		<mark id="sSpan2131" xlink:href="#sTok783"/>
		<!--it-->
		<mark id="sSpan2132" xlink:href="#sTok783"/>
		<!--'s-->
		<mark id="sSpan2133" xlink:href="#sTok784"/>
		<!--'s-->
		<mark id="sSpan2134" xlink:href="#sTok784"/>
		<!--'s-->
		<mark id="sSpan2135" xlink:href="#sTok784"/>
		<!--'s-->
		<mark id="sSpan2136" xlink:href="#sTok784"/>
		<!--'s-->
		<mark id="sSpan2137" xlink:href="#sTok784"/>
		<!--gon-->
		<mark id="sSpan2138" xlink:href="#sTok785"/>
		<!--gon-->
		<mark id="sSpan2139" xlink:href="#sTok785"/>
		<!--make-->
		<mark id="sSpan2140" xlink:href="#sTok787"/>
		<!--me-->
		<mark id="sSpan2141" xlink:href="#sTok788"/>
		<!--me-->
		<mark id="sSpan2142" xlink:href="#sTok788"/>
		<!--me-->
		<mark id="sSpan2143" xlink:href="#sTok788"/>
		<!--me-->
		<mark id="sSpan2144" xlink:href="#sTok788"/>
		<!--win-->
		<mark id="sSpan2145" xlink:href="#sTok789"/>
		<!--sure-->
		<mark id="sSpan2146" xlink:href="#sTok791"/>
		<!--No-->
		<mark id="sSpan2147" xlink:href="#sTok793"/>
		<!--No-->
		<mark id="sSpan2148" xlink:href="#sTok793"/>
		<!--remark-->
		<mark id="sSpan2149" xlink:href="#sTok794"/>
		<!--Conti-->
		<mark id="sSpan2150" xlink:href="#sTok796"/>
		<!--Todibo-->
		<mark id="sSpan2151" xlink:href="#sTok798"/>
		<!--Musacchio-->
		<mark id="sSpan2152" xlink:href="#sTok800"/>
		<!--Bakker-->
		<mark id="sSpan2153" xlink:href="#sTok802"/>
		<!--probably-->
		<mark id="sSpan2154" xlink:href="#sTok804"/>
		<!--not-->
		<mark id="sSpan2155" xlink:href="#sTok805"/>
		<!--the-->
		<mark id="sSpan2156" xlink:href="#sTok806"/>
		<!--the-->
		<mark id="sSpan2157" xlink:href="#sTok806"/>
		<!--best-->
		<mark id="sSpan2158" xlink:href="#sTok807"/>
		<!--back-->
		<mark id="sSpan2159" xlink:href="#sTok808"/>
		<!--line-->
		<mark id="sSpan2160" xlink:href="#sTok809"/>
		<!--that-->
		<mark id="sSpan2161" xlink:href="#sTok811"/>
		<!--that-->
		<mark id="sSpan2162" xlink:href="#sTok811"/>
		<!--'s-->
		<mark id="sSpan2163" xlink:href="#sTok812"/>
		<!--'s-->
		<mark id="sSpan2164" xlink:href="#sTok812"/>
		<!--'s-->
		<mark id="sSpan2165" xlink:href="#sTok812"/>
		<!--'s-->
		<mark id="sSpan2166" xlink:href="#sTok812"/>
		<!--'s-->
		<mark id="sSpan2167" xlink:href="#sTok812"/>
		<!--what-->
		<mark id="sSpan2168" xlink:href="#sTok813"/>
		<!--I-->
		<mark id="sSpan2169" xlink:href="#sTok814"/>
		<!--I-->
		<mark id="sSpan2170" xlink:href="#sTok814"/>
		<!--I-->
		<mark id="sSpan2171" xlink:href="#sTok814"/>
		<!--I-->
		<mark id="sSpan2172" xlink:href="#sTok814"/>
		<!--'m-->
		<mark id="sSpan2173" xlink:href="#sTok815"/>
		<!--'m-->
		<mark id="sSpan2174" xlink:href="#sTok815"/>
		<!--'m-->
		<mark id="sSpan2175" xlink:href="#sTok815"/>
		<!--'m-->
		<mark id="sSpan2176" xlink:href="#sTok815"/>
		<!--'m-->
		<mark id="sSpan2177" xlink:href="#sTok815"/>
		<!--going-->
		<mark id="sSpan2178" xlink:href="#sTok816"/>
		<!--going-->
		<mark id="sSpan2179" xlink:href="#sTok816"/>
		<!--Paquetá-->
		<mark id="sSpan2180" xlink:href="#sTok819"/>
		<!--scoring-->
		<mark id="sSpan2181" xlink:href="#sTok820"/>
		<!--one-->
		<mark id="sSpan2182" xlink:href="#sTok821"/>
		<!--one-->
		<mark id="sSpan2183" xlink:href="#sTok821"/>
		<!--Jović-->
		<mark id="sSpan2184" xlink:href="#sTok822"/>
		<!--scoring-->
		<mark id="sSpan2185" xlink:href="#sTok823"/>
		<!--two-->
		<mark id="sSpan2186" xlink:href="#sTok824"/>
		<!--two-->
		<mark id="sSpan2187" xlink:href="#sTok824"/>
		<!--happy-->
		<mark id="sSpan2188" xlink:href="#sTok826"/>
		<!--they-->
		<mark id="sSpan2189" xlink:href="#sTok827"/>
		<!--they-->
		<mark id="sSpan2190" xlink:href="#sTok827"/>
		<!--they-->
		<mark id="sSpan2191" xlink:href="#sTok827"/>
		<!--they-->
		<mark id="sSpan2192" xlink:href="#sTok827"/>
		<!--took-->
		<mark id="sSpan2193" xlink:href="#sTok828"/>
		<!--took-->
		<mark id="sSpan2194" xlink:href="#sTok828"/>
		<!--took-->
		<mark id="sSpan2195" xlink:href="#sTok828"/>
		<!--took-->
		<mark id="sSpan2196" xlink:href="#sTok828"/>
		<!--took-->
		<mark id="sSpan2197" xlink:href="#sTok828"/>
		<!--Leão-->
		<mark id="sSpan2198" xlink:href="#sTok829"/>
		<!--they-->
		<mark id="sSpan2199" xlink:href="#sTok832"/>
		<!--they-->
		<mark id="sSpan2200" xlink:href="#sTok832"/>
		<!--they-->
		<mark id="sSpan2201" xlink:href="#sTok832"/>
		<!--they-->
		<mark id="sSpan2202" xlink:href="#sTok832"/>
		<!--brought-->
		<mark id="sSpan2203" xlink:href="#sTok833"/>
		<!--brought-->
		<mark id="sSpan2204" xlink:href="#sTok833"/>
		<!--brought-->
		<mark id="sSpan2205" xlink:href="#sTok833"/>
		<!--brought-->
		<mark id="sSpan2206" xlink:href="#sTok833"/>
		<!--brought-->
		<mark id="sSpan2207" xlink:href="#sTok833"/>
		<!--Ibrahimovic-->
		<mark id="sSpan2208" xlink:href="#sTok835"/>
		<!--he-->
		<mark id="sSpan2209" xlink:href="#sTok837"/>
		<!--he-->
		<mark id="sSpan2210" xlink:href="#sTok837"/>
		<!--he-->
		<mark id="sSpan2211" xlink:href="#sTok837"/>
		<!--he-->
		<mark id="sSpan2212" xlink:href="#sTok837"/>
		<!--he-->
		<mark id="sSpan2213" xlink:href="#sTok837"/>
		<!--'s-->
		<mark id="sSpan2214" xlink:href="#sTok838"/>
		<!--'s-->
		<mark id="sSpan2215" xlink:href="#sTok838"/>
		<!--'s-->
		<mark id="sSpan2216" xlink:href="#sTok838"/>
		<!--'s-->
		<mark id="sSpan2217" xlink:href="#sTok838"/>
		<!--'s-->
		<mark id="sSpan2218" xlink:href="#sTok838"/>
		<!--gon-->
		<mark id="sSpan2219" xlink:href="#sTok839"/>
		<!--gon-->
		<mark id="sSpan2220" xlink:href="#sTok839"/>
		<!--be-->
		<mark id="sSpan2221" xlink:href="#sTok841"/>
		<!--tired-->
		<mark id="sSpan2222" xlink:href="#sTok842"/>
		<!--It-->
		<mark id="sSpan2223" xlink:href="#sTok844"/>
		<!--It-->
		<mark id="sSpan2224" xlink:href="#sTok844"/>
		<!--It-->
		<mark id="sSpan2225" xlink:href="#sTok844"/>
		<!--It-->
		<mark id="sSpan2226" xlink:href="#sTok844"/>
		<!--It-->
		<mark id="sSpan2227" xlink:href="#sTok844"/>
		<!--'s-->
		<mark id="sSpan2228" xlink:href="#sTok845"/>
		<!--'s-->
		<mark id="sSpan2229" xlink:href="#sTok845"/>
		<!--'s-->
		<mark id="sSpan2230" xlink:href="#sTok845"/>
		<!--'s-->
		<mark id="sSpan2231" xlink:href="#sTok845"/>
		<!--'s-->
		<mark id="sSpan2232" xlink:href="#sTok845"/>
		<!--a-->
		<mark id="sSpan2233" xlink:href="#sTok846"/>
		<!--a-->
		<mark id="sSpan2234" xlink:href="#sTok846"/>
		<!--3-->
		<mark id="sSpan2235" xlink:href="#sTok847"/>
		<!--3-->
		<mark id="sSpan2236" xlink:href="#sTok847"/>
		<!--1-->
		<mark id="sSpan2237" xlink:href="#sTok849"/>
		<!--1-->
		<mark id="sSpan2238" xlink:href="#sTok849"/>
		<!--victory-->
		<mark id="sSpan2239" xlink:href="#sTok850"/>
		<!--Genoa-->
		<mark id="sSpan2240" xlink:href="#sTok852"/>
		<!--was-->
		<mark id="sSpan2241" xlink:href="#sTok853"/>
		<!--was-->
		<mark id="sSpan2242" xlink:href="#sTok853"/>
		<!--was-->
		<mark id="sSpan2243" xlink:href="#sTok853"/>
		<!--was-->
		<mark id="sSpan2244" xlink:href="#sTok853"/>
		<!--was-->
		<mark id="sSpan2245" xlink:href="#sTok853"/>
		<!--some-->
		<mark id="sSpan2246" xlink:href="#sTok855"/>
		<!--BS-->
		<mark id="sSpan2247" xlink:href="#sTok856"/>
		<!--We-->
		<mark id="sSpan2248" xlink:href="#sTok858"/>
		<!--We-->
		<mark id="sSpan2249" xlink:href="#sTok858"/>
		<!--We-->
		<mark id="sSpan2250" xlink:href="#sTok858"/>
		<!--We-->
		<mark id="sSpan2251" xlink:href="#sTok858"/>
		<!--did-->
		<mark id="sSpan2252" xlink:href="#sTok859"/>
		<!--did-->
		<mark id="sSpan2253" xlink:href="#sTok859"/>
		<!--did-->
		<mark id="sSpan2254" xlink:href="#sTok859"/>
		<!--did-->
		<mark id="sSpan2255" xlink:href="#sTok859"/>
		<!--did-->
		<mark id="sSpan2256" xlink:href="#sTok859"/>
		<!--it-->
		<mark id="sSpan2257" xlink:href="#sTok860"/>
		<!--it-->
		<mark id="sSpan2258" xlink:href="#sTok860"/>
		<!--it-->
		<mark id="sSpan2259" xlink:href="#sTok860"/>
		<!--it-->
		<mark id="sSpan2260" xlink:href="#sTok860"/>
		<!--it-->
		<mark id="sSpan2261" xlink:href="#sTok860"/>
		<!--we-->
		<mark id="sSpan2262" xlink:href="#sTok861"/>
		<!--we-->
		<mark id="sSpan2263" xlink:href="#sTok861"/>
		<!--we-->
		<mark id="sSpan2264" xlink:href="#sTok861"/>
		<!--we-->
		<mark id="sSpan2265" xlink:href="#sTok861"/>
		<!--made-->
		<mark id="sSpan2266" xlink:href="#sTok862"/>
		<!--made-->
		<mark id="sSpan2267" xlink:href="#sTok862"/>
		<!--made-->
		<mark id="sSpan2268" xlink:href="#sTok862"/>
		<!--made-->
		<mark id="sSpan2269" xlink:href="#sTok862"/>
		<!--made-->
		<mark id="sSpan2270" xlink:href="#sTok862"/>
		<!--it-->
		<mark id="sSpan2271" xlink:href="#sTok863"/>
		<!--it-->
		<mark id="sSpan2272" xlink:href="#sTok863"/>
		<!--it-->
		<mark id="sSpan2273" xlink:href="#sTok863"/>
		<!--it-->
		<mark id="sSpan2274" xlink:href="#sTok863"/>
		<!--it-->
		<mark id="sSpan2275" xlink:href="#sTok863"/>
		<!--the-->
		<mark id="sSpan2276" xlink:href="#sTok865"/>
		<!--the-->
		<mark id="sSpan2277" xlink:href="#sTok865"/>
		<!--semi-->
		<mark id="sSpan2278" xlink:href="#sTok866"/>
		<!--finals-->
		<mark id="sSpan2279" xlink:href="#sTok868"/>
		<!--I-->
		<mark id="sSpan2280" xlink:href="#sTok870"/>
		<!--I-->
		<mark id="sSpan2281" xlink:href="#sTok870"/>
		<!--I-->
		<mark id="sSpan2282" xlink:href="#sTok870"/>
		<!--I-->
		<mark id="sSpan2283" xlink:href="#sTok870"/>
		<!--want-->
		<mark id="sSpan2284" xlink:href="#sTok872"/>
		<!--want-->
		<mark id="sSpan2285" xlink:href="#sTok872"/>
		<!--want-->
		<mark id="sSpan2286" xlink:href="#sTok872"/>
		<!--want-->
		<mark id="sSpan2287" xlink:href="#sTok872"/>
		<!--want-->
		<mark id="sSpan2288" xlink:href="#sTok872"/>
		<!--check-->
		<mark id="sSpan2289" xlink:href="#sTok874"/>
		<!--what-->
		<mark id="sSpan2290" xlink:href="#sTok876"/>
		<!--the-->
		<mark id="sSpan2291" xlink:href="#sTok877"/>
		<!--the-->
		<mark id="sSpan2292" xlink:href="#sTok877"/>
		<!--club-->
		<mark id="sSpan2293" xlink:href="#sTok878"/>
		<!--objective-->
		<mark id="sSpan2294" xlink:href="#sTok879"/>
		<!--was-->
		<mark id="sSpan2295" xlink:href="#sTok880"/>
		<!--was-->
		<mark id="sSpan2296" xlink:href="#sTok880"/>
		<!--was-->
		<mark id="sSpan2297" xlink:href="#sTok880"/>
		<!--was-->
		<mark id="sSpan2298" xlink:href="#sTok880"/>
		<!--was-->
		<mark id="sSpan2299" xlink:href="#sTok880"/>
		<!--the-->
		<mark id="sSpan2300" xlink:href="#sTok882"/>
		<!--the-->
		<mark id="sSpan2301" xlink:href="#sTok882"/>
		<!--Champions-->
		<mark id="sSpan2302" xlink:href="#sTok883"/>
		<!--League-->
		<mark id="sSpan2303" xlink:href="#sTok884"/>
		<!--this-->
		<mark id="sSpan2304" xlink:href="#sTok885"/>
		<!--this-->
		<mark id="sSpan2305" xlink:href="#sTok885"/>
		<!--season-->
		<mark id="sSpan2306" xlink:href="#sTok886"/>
		<!--they-->
		<mark id="sSpan2307" xlink:href="#sTok887"/>
		<!--they-->
		<mark id="sSpan2308" xlink:href="#sTok887"/>
		<!--they-->
		<mark id="sSpan2309" xlink:href="#sTok887"/>
		<!--they-->
		<mark id="sSpan2310" xlink:href="#sTok887"/>
		<!--wanted-->
		<mark id="sSpan2311" xlink:href="#sTok888"/>
		<!--wanted-->
		<mark id="sSpan2312" xlink:href="#sTok888"/>
		<!--wanted-->
		<mark id="sSpan2313" xlink:href="#sTok888"/>
		<!--wanted-->
		<mark id="sSpan2314" xlink:href="#sTok888"/>
		<!--wanted-->
		<mark id="sSpan2315" xlink:href="#sTok888"/>
		<!--us-->
		<mark id="sSpan2316" xlink:href="#sTok889"/>
		<!--us-->
		<mark id="sSpan2317" xlink:href="#sTok889"/>
		<!--us-->
		<mark id="sSpan2318" xlink:href="#sTok889"/>
		<!--us-->
		<mark id="sSpan2319" xlink:href="#sTok889"/>
		<!--reach-->
		<mark id="sSpan2320" xlink:href="#sTok891"/>
		<!--the-->
		<mark id="sSpan2321" xlink:href="#sTok892"/>
		<!--the-->
		<mark id="sSpan2322" xlink:href="#sTok892"/>
		<!--semi-finals-->
		<mark id="sSpan2323" xlink:href="#sTok893"/>
		<!--they-->
		<mark id="sSpan2324" xlink:href="#sTok894"/>
		<!--they-->
		<mark id="sSpan2325" xlink:href="#sTok894"/>
		<!--they-->
		<mark id="sSpan2326" xlink:href="#sTok894"/>
		<!--they-->
		<mark id="sSpan2327" xlink:href="#sTok894"/>
		<!--thought-->
		<mark id="sSpan2328" xlink:href="#sTok895"/>
		<!--thought-->
		<mark id="sSpan2329" xlink:href="#sTok895"/>
		<!--thought-->
		<mark id="sSpan2330" xlink:href="#sTok895"/>
		<!--thought-->
		<mark id="sSpan2331" xlink:href="#sTok895"/>
		<!--thought-->
		<mark id="sSpan2332" xlink:href="#sTok895"/>
		<!--the-->
		<mark id="sSpan2333" xlink:href="#sTok898"/>
		<!--the-->
		<mark id="sSpan2334" xlink:href="#sTok898"/>
		<!--club-->
		<mark id="sSpan2335" xlink:href="#sTok899"/>
		<!--we-->
		<mark id="sSpan2336" xlink:href="#sTok900"/>
		<!--we-->
		<mark id="sSpan2337" xlink:href="#sTok900"/>
		<!--we-->
		<mark id="sSpan2338" xlink:href="#sTok900"/>
		<!--we-->
		<mark id="sSpan2339" xlink:href="#sTok900"/>
		<!--had-->
		<mark id="sSpan2340" xlink:href="#sTok901"/>
		<!--had-->
		<mark id="sSpan2341" xlink:href="#sTok901"/>
		<!--had-->
		<mark id="sSpan2342" xlink:href="#sTok901"/>
		<!--had-->
		<mark id="sSpan2343" xlink:href="#sTok901"/>
		<!--had-->
		<mark id="sSpan2344" xlink:href="#sTok901"/>
		<!--the-->
		<mark id="sSpan2345" xlink:href="#sTok903"/>
		<!--the-->
		<mark id="sSpan2346" xlink:href="#sTok903"/>
		<!--players-->
		<mark id="sSpan2347" xlink:href="#sTok904"/>
		<!--we-->
		<mark id="sSpan2348" xlink:href="#sTok905"/>
		<!--we-->
		<mark id="sSpan2349" xlink:href="#sTok905"/>
		<!--we-->
		<mark id="sSpan2350" xlink:href="#sTok905"/>
		<!--we-->
		<mark id="sSpan2351" xlink:href="#sTok905"/>
		<!--had-->
		<mark id="sSpan2352" xlink:href="#sTok906"/>
		<!--had-->
		<mark id="sSpan2353" xlink:href="#sTok906"/>
		<!--had-->
		<mark id="sSpan2354" xlink:href="#sTok906"/>
		<!--had-->
		<mark id="sSpan2355" xlink:href="#sTok906"/>
		<!--had-->
		<mark id="sSpan2356" xlink:href="#sTok906"/>
		<!--we-->
		<mark id="sSpan2357" xlink:href="#sTok907"/>
		<!--we-->
		<mark id="sSpan2358" xlink:href="#sTok907"/>
		<!--we-->
		<mark id="sSpan2359" xlink:href="#sTok907"/>
		<!--we-->
		<mark id="sSpan2360" xlink:href="#sTok907"/>
		<!--could-->
		<mark id="sSpan2361" xlink:href="#sTok908"/>
		<!--have-->
		<mark id="sSpan2362" xlink:href="#sTok909"/>
		<!--made-->
		<mark id="sSpan2363" xlink:href="#sTok910"/>
		<!--made-->
		<mark id="sSpan2364" xlink:href="#sTok910"/>
		<!--it-->
		<mark id="sSpan2365" xlink:href="#sTok911"/>
		<!--it-->
		<mark id="sSpan2366" xlink:href="#sTok911"/>
		<!--it-->
		<mark id="sSpan2367" xlink:href="#sTok911"/>
		<!--it-->
		<mark id="sSpan2368" xlink:href="#sTok911"/>
		<!--it-->
		<mark id="sSpan2369" xlink:href="#sTok911"/>
		<!--the-->
		<mark id="sSpan2370" xlink:href="#sTok913"/>
		<!--the-->
		<mark id="sSpan2371" xlink:href="#sTok913"/>
		<!--semis-->
		<mark id="sSpan2372" xlink:href="#sTok914"/>
		<!--we-->
		<mark id="sSpan2373" xlink:href="#sTok916"/>
		<!--we-->
		<mark id="sSpan2374" xlink:href="#sTok916"/>
		<!--we-->
		<mark id="sSpan2375" xlink:href="#sTok916"/>
		<!--we-->
		<mark id="sSpan2376" xlink:href="#sTok916"/>
		<!--did-->
		<mark id="sSpan2377" xlink:href="#sTok917"/>
		<!--did-->
		<mark id="sSpan2378" xlink:href="#sTok917"/>
		<!--did-->
		<mark id="sSpan2379" xlink:href="#sTok917"/>
		<!--did-->
		<mark id="sSpan2380" xlink:href="#sTok917"/>
		<!--did-->
		<mark id="sSpan2381" xlink:href="#sTok917"/></markList></paula>