<?xml version='1.0' encoding='UTF-8'?><!DOCTYPE paula SYSTEM "paula_feat.dtd">
<paula version="1.1">
	<header paula_id="morph.GENTLE_esports_fifa.mark_Style"/>
	<featList xmlns:xlink="http://www.w3.org/1999/xlink" type="Style" xml:base="morph.GENTLE_esports_fifa.mark.xml">
		<feat xlink:href="#sSpan525" value="Vrnc"/>
		<feat xlink:href="#sSpan614" value="Vrnc"/>
		<feat xlink:href="#sSpan681" value="Vrnc"/>
		<feat xlink:href="#sSpan702" value="Vrnc"/>
		<feat xlink:href="#sSpan824" value="Vrnc"/>
		<feat xlink:href="#sSpan925" value="Vrnc"/>
		<feat xlink:href="#sSpan1003" value="Vrnc"/>
		<feat xlink:href="#sSpan1098" value="Vrnc"/>
		<feat xlink:href="#sSpan1139" value="Vrnc"/>
		<feat xlink:href="#sSpan1263" value="Vrnc"/>
		<feat xlink:href="#sSpan1418" value="Vrnc"/>
		<feat xlink:href="#sSpan1524" value="Vrnc"/>
		<feat xlink:href="#sSpan1684" value="Vrnc"/>
		<feat xlink:href="#sSpan1701" value="Vrnc"/>
		<feat xlink:href="#sSpan1785" value="Vrnc"/></featList></paula>