<?xml version='1.0' encoding='UTF-8'?><!DOCTYPE paula SYSTEM "paula_feat.dtd">
<paula version="1.1">
	<header paula_id="morph.GENTLE_esports_fifa.mark_Gender"/>
	<featList xmlns:xlink="http://www.w3.org/1999/xlink" type="Gender" xml:base="morph.GENTLE_esports_fifa.mark.xml">
		<feat xlink:href="#sSpan498" value="Neut"/>
		<feat xlink:href="#sSpan757" value="Masc"/>
		<feat xlink:href="#sSpan871" value="Neut"/>
		<feat xlink:href="#sSpan905" value="Masc"/>
		<feat xlink:href="#sSpan933" value="Masc"/>
		<feat xlink:href="#sSpan940" value="Masc"/>
		<feat xlink:href="#sSpan991" value="Masc"/>
		<feat xlink:href="#sSpan1011" value="Masc"/>
		<feat xlink:href="#sSpan1027" value="Masc"/>
		<feat xlink:href="#sSpan1033" value="Masc"/>
		<feat xlink:href="#sSpan1085" value="Neut"/>
		<feat xlink:href="#sSpan1149" value="Neut"/>
		<feat xlink:href="#sSpan1243" value="Masc"/>
		<feat xlink:href="#sSpan1255" value="Masc"/>
		<feat xlink:href="#sSpan1269" value="Neut"/>
		<feat xlink:href="#sSpan1275" value="Neut"/>
		<feat xlink:href="#sSpan1297" value="Neut"/>
		<feat xlink:href="#sSpan1354" value="Masc"/>
		<feat xlink:href="#sSpan1400" value="Neut"/>
		<feat xlink:href="#sSpan1407" value="Neut"/>
		<feat xlink:href="#sSpan1520" value="Masc"/>
		<feat xlink:href="#sSpan1691" value="Neut"/>
		<feat xlink:href="#sSpan1776" value="Masc"/>
		<feat xlink:href="#sSpan1793" value="Neut"/>
		<feat xlink:href="#sSpan1826" value="Neut"/>
		<feat xlink:href="#sSpan1839" value="Neut"/>
		<feat xlink:href="#sSpan1932" value="Neut"/></featList></paula>