<?xml version='1.0' encoding='UTF-8'?><!DOCTYPE paula SYSTEM "paula_feat.dtd">
<paula version="1.1">
	<header paula_id="morph.GENTLE_esports_fifa.mark_Person"/>
	<featList xmlns:xlink="http://www.w3.org/1999/xlink" type="Person" xml:base="morph.GENTLE_esports_fifa.mark.xml">
		<feat xlink:href="#sSpan919" value="3"/>
		<feat xlink:href="#sSpan924" value="3"/>
		<feat xlink:href="#sSpan927" value="1"/>
		<feat xlink:href="#sSpan945" value="1"/>
		<feat xlink:href="#sSpan951" value="1"/>
		<feat xlink:href="#sSpan954" value="3"/>
		<feat xlink:href="#sSpan960" value="3"/>
		<feat xlink:href="#sSpan976" value="3"/>
		<feat xlink:href="#sSpan987" value="2"/>
		<feat xlink:href="#sSpan994" value="2"/>
		<feat xlink:href="#sSpan999" value="3"/>
		<feat xlink:href="#sSpan1008" value="1"/>
		<feat xlink:href="#sSpan1014" value="1"/>
		<feat xlink:href="#sSpan1027" value="1"/>
		<feat xlink:href="#sSpan1029" value="1"/>
		<feat xlink:href="#sSpan1045" value="3"/>
		<feat xlink:href="#sSpan1063" value="1"/>
		<feat xlink:href="#sSpan1066" value="1"/>
		<feat xlink:href="#sSpan1076" value="3"/>
		<feat xlink:href="#sSpan1085" value="1"/>
		<feat xlink:href="#sSpan1088" value="1"/>
		<feat xlink:href="#sSpan1096" value="1"/>
		<feat xlink:href="#sSpan1099" value="1"/>
		<feat xlink:href="#sSpan1108" value="3"/>
		<feat xlink:href="#sSpan1111" value="3"/>
		<feat xlink:href="#sSpan1117" value="3"/>
		<feat xlink:href="#sSpan1123" value="3"/>
		<feat xlink:href="#sSpan1126" value="1"/>
		<feat xlink:href="#sSpan1131" value="1"/>
		<feat xlink:href="#sSpan1147" value="1"/>
		<feat xlink:href="#sSpan1151" value="1"/>
		<feat xlink:href="#sSpan1177" value="1"/>
		<feat xlink:href="#sSpan1178" value="1"/>
		<feat xlink:href="#sSpan1205" value="3"/>
		<feat xlink:href="#sSpan1218" value="1"/>
		<feat xlink:href="#sSpan1219" value="1"/>
		<feat xlink:href="#sSpan1233" value="3"/>
		<feat xlink:href="#sSpan1248" value="3"/>
		<feat xlink:href="#sSpan1254" value="3"/>
		<feat xlink:href="#sSpan1258" value="1"/>
		<feat xlink:href="#sSpan1270" value="3"/>
		<feat xlink:href="#sSpan1280" value="2"/>
		<feat xlink:href="#sSpan1284" value="2"/>
		<feat xlink:href="#sSpan1297" value="3"/>
		<feat xlink:href="#sSpan1304" value="1"/>
		<feat xlink:href="#sSpan1309" value="1"/>
		<feat xlink:href="#sSpan1324" value="3"/>
		<feat xlink:href="#sSpan1325" value="3"/>
		<feat xlink:href="#sSpan1333" value="1"/>
		<feat xlink:href="#sSpan1343" value="1"/>
		<feat xlink:href="#sSpan1356" value="3"/>
		<feat xlink:href="#sSpan1361" value="3"/>
		<feat xlink:href="#sSpan1367" value="1"/>
		<feat xlink:href="#sSpan1370" value="1"/>
		<feat xlink:href="#sSpan1380" value="3"/>
		<feat xlink:href="#sSpan1389" value="3"/>
		<feat xlink:href="#sSpan1394" value="3"/>
		<feat xlink:href="#sSpan1402" value="3"/>
		<feat xlink:href="#sSpan1411" value="3"/>
		<feat xlink:href="#sSpan1420" value="1"/>
		<feat xlink:href="#sSpan1426" value="1"/>
		<feat xlink:href="#sSpan1432" value="1"/>
		<feat xlink:href="#sSpan1435" value="1"/>
		<feat xlink:href="#sSpan1443" value="3"/>
		<feat xlink:href="#sSpan1445" value="3"/>
		<feat xlink:href="#sSpan1461" value="3"/>
		<feat xlink:href="#sSpan1466" value="3"/>
		<feat xlink:href="#sSpan1471" value="3"/>
		<feat xlink:href="#sSpan1478" value="3"/>
		<feat xlink:href="#sSpan1495" value="1"/>
		<feat xlink:href="#sSpan1500" value="1"/>
		<feat xlink:href="#sSpan1511" value="1"/>
		<feat xlink:href="#sSpan1513" value="1"/>
		<feat xlink:href="#sSpan1522" value="1"/>
		<feat xlink:href="#sSpan1526" value="1"/>
		<feat xlink:href="#sSpan1533" value="3"/>
		<feat xlink:href="#sSpan1536" value="3"/>
		<feat xlink:href="#sSpan1548" value="1"/>
		<feat xlink:href="#sSpan1553" value="1"/>
		<feat xlink:href="#sSpan1567" value="1"/>
		<feat xlink:href="#sSpan1572" value="1"/>
		<feat xlink:href="#sSpan1575" value="1"/>
		<feat xlink:href="#sSpan1579" value="1"/>
		<feat xlink:href="#sSpan1595" value="3"/>
		<feat xlink:href="#sSpan1597" value="1"/>
		<feat xlink:href="#sSpan1617" value="1"/>
		<feat xlink:href="#sSpan1619" value="1"/>
		<feat xlink:href="#sSpan1626" value="1"/>
		<feat xlink:href="#sSpan1630" value="1"/>
		<feat xlink:href="#sSpan1643" value="3"/>
		<feat xlink:href="#sSpan1651" value="3"/>
		<feat xlink:href="#sSpan1662" value="3"/>
		<feat xlink:href="#sSpan1670" value="3"/>
		<feat xlink:href="#sSpan1685" value="3"/>
		<feat xlink:href="#sSpan1696" value="3"/>
		<feat xlink:href="#sSpan1703" value="3"/>
		<feat xlink:href="#sSpan1713" value="3"/>
		<feat xlink:href="#sSpan1719" value="3"/>
		<feat xlink:href="#sSpan1722" value="1"/>
		<feat xlink:href="#sSpan1725" value="1"/>
		<feat xlink:href="#sSpan1733" value="1"/>
		<feat xlink:href="#sSpan1741" value="3"/>
		<feat xlink:href="#sSpan1752" value="2"/>
		<feat xlink:href="#sSpan1757" value="2"/>
		<feat xlink:href="#sSpan1767" value="3"/>
		<feat xlink:href="#sSpan1776" value="1"/>
		<feat xlink:href="#sSpan1786" value="3"/>
		<feat xlink:href="#sSpan1794" value="3"/>
		<feat xlink:href="#sSpan1803" value="3"/>
		<feat xlink:href="#sSpan1821" value="3"/>
		<feat xlink:href="#sSpan1834" value="3"/>
		<feat xlink:href="#sSpan1842" value="3"/>
		<feat xlink:href="#sSpan1843" value="3"/>
		<feat xlink:href="#sSpan1848" value="3"/>
		<feat xlink:href="#sSpan1853" value="3"/>
		<feat xlink:href="#sSpan1872" value="3"/>
		<feat xlink:href="#sSpan1880" value="1"/>
		<feat xlink:href="#sSpan1882" value="1"/>
		<feat xlink:href="#sSpan1894" value="3"/>
		<feat xlink:href="#sSpan1906" value="3"/>
		<feat xlink:href="#sSpan1916" value="3"/>
		<feat xlink:href="#sSpan1940" value="3"/>
		<feat xlink:href="#sSpan1958" value="3"/>
		<feat xlink:href="#sSpan1961" value="3"/>
		<feat xlink:href="#sSpan1977" value="3"/>
		<feat xlink:href="#sSpan1988" value="1"/>
		<feat xlink:href="#sSpan2007" value="1"/>
		<feat xlink:href="#sSpan2009" value="1"/>
		<feat xlink:href="#sSpan2018" value="2"/>
		<feat xlink:href="#sSpan2021" value="3"/>
		<feat xlink:href="#sSpan2038" value="1"/>
		<feat xlink:href="#sSpan2040" value="1"/>
		<feat xlink:href="#sSpan2049" value="3"/>
		<feat xlink:href="#sSpan2054" value="3"/>
		<feat xlink:href="#sSpan2063" value="1"/>
		<feat xlink:href="#sSpan2068" value="1"/>
		<feat xlink:href="#sSpan2077" value="3"/>
		<feat xlink:href="#sSpan2083" value="3"/>
		<feat xlink:href="#sSpan2089" value="1"/>
		<feat xlink:href="#sSpan2092" value="1"/>
		<feat xlink:href="#sSpan2107" value="3"/>
		<feat xlink:href="#sSpan2117" value="1"/>
		<feat xlink:href="#sSpan2120" value="1"/>
		<feat xlink:href="#sSpan2129" value="3"/>
		<feat xlink:href="#sSpan2133" value="3"/>
		<feat xlink:href="#sSpan2143" value="1"/>
		<feat xlink:href="#sSpan2165" value="3"/>
		<feat xlink:href="#sSpan2169" value="1"/>
		<feat xlink:href="#sSpan2174" value="1"/>
		<feat xlink:href="#sSpan2191" value="3"/>
		<feat xlink:href="#sSpan2197" value="3"/>
		<feat xlink:href="#sSpan2200" value="3"/>
		<feat xlink:href="#sSpan2203" value="3"/>
		<feat xlink:href="#sSpan2210" value="3"/>
		<feat xlink:href="#sSpan2217" value="3"/>
		<feat xlink:href="#sSpan2223" value="3"/>
		<feat xlink:href="#sSpan2230" value="3"/>
		<feat xlink:href="#sSpan2244" value="3"/>
		<feat xlink:href="#sSpan2248" value="1"/>
		<feat xlink:href="#sSpan2254" value="1"/>
		<feat xlink:href="#sSpan2259" value="3"/>
		<feat xlink:href="#sSpan2264" value="1"/>
		<feat xlink:href="#sSpan2268" value="1"/>
		<feat xlink:href="#sSpan2272" value="3"/>
		<feat xlink:href="#sSpan2280" value="1"/>
		<feat xlink:href="#sSpan2286" value="1"/>
		<feat xlink:href="#sSpan2298" value="3"/>
		<feat xlink:href="#sSpan2307" value="3"/>
		<feat xlink:href="#sSpan2313" value="3"/>
		<feat xlink:href="#sSpan2318" value="1"/>
		<feat xlink:href="#sSpan2326" value="3"/>
		<feat xlink:href="#sSpan2328" value="3"/>
		<feat xlink:href="#sSpan2339" value="1"/>
		<feat xlink:href="#sSpan2341" value="1"/>
		<feat xlink:href="#sSpan2350" value="1"/>
		<feat xlink:href="#sSpan2354" value="1"/>
		<feat xlink:href="#sSpan2358" value="1"/>
		<feat xlink:href="#sSpan2369" value="3"/>
		<feat xlink:href="#sSpan2373" value="1"/>
		<feat xlink:href="#sSpan2380" value="1"/></featList></paula>