<?xml version='1.0' encoding='UTF-8'?><!DOCTYPE paula SYSTEM "paula_feat.dtd">
<paula version="1.1">
	<header paula_id="morph.GENTLE_esports_fifa.mark_Polarity"/>
	<featList xmlns:xlink="http://www.w3.org/1999/xlink" type="Polarity" xml:base="morph.GENTLE_esports_fifa.mark.xml">
		<feat xlink:href="#sSpan999" value="Neg"/>
		<feat xlink:href="#sSpan1410" value="Neg"/>
		<feat xlink:href="#sSpan1422" value="Neg"/>
		<feat xlink:href="#sSpan1535" value="Neg"/>
		<feat xlink:href="#sSpan1723" value="Neg"/>
		<feat xlink:href="#sSpan1922" value="Neg"/>
		<feat xlink:href="#sSpan1984" value="Neg"/>
		<feat xlink:href="#sSpan2037" value="Neg"/>
		<feat xlink:href="#sSpan2138" value="Neg"/>
		<feat xlink:href="#sSpan2146" value="Neg"/></featList></paula>