<?xml version='1.0' encoding='UTF-8'?><!DOCTYPE paula SYSTEM "paula_feat.dtd">
<paula version="1.1">
	<header paula_id="morph.GENTLE_esports_fifa.mark_Definite"/>
	<featList xmlns:xlink="http://www.w3.org/1999/xlink" type="Definite" xml:base="morph.GENTLE_esports_fifa.mark.xml">
		<feat xlink:href="#sSpan474" value="Def"/>
		<feat xlink:href="#sSpan479" value="Def"/>
		<feat xlink:href="#sSpan503" value="Def"/>
		<feat xlink:href="#sSpan511" value="Def"/>
		<feat xlink:href="#sSpan547" value="Def"/>
		<feat xlink:href="#sSpan579" value="Def"/>
		<feat xlink:href="#sSpan585" value="Def"/>
		<feat xlink:href="#sSpan601" value="Def"/>
		<feat xlink:href="#sSpan648" value="Def"/>
		<feat xlink:href="#sSpan685" value="Ind"/>
		<feat xlink:href="#sSpan714" value="Def"/>
		<feat xlink:href="#sSpan732" value="Ind"/>
		<feat xlink:href="#sSpan761" value="Ind"/>
		<feat xlink:href="#sSpan778" value="Def"/>
		<feat xlink:href="#sSpan792" value="Def"/>
		<feat xlink:href="#sSpan815" value="Def"/>
		<feat xlink:href="#sSpan829" value="Def"/>
		<feat xlink:href="#sSpan849" value="Def"/>
		<feat xlink:href="#sSpan901" value="Def"/>
		<feat xlink:href="#sSpan1006" value="Ind"/>
		<feat xlink:href="#sSpan1083" value="Def"/>
		<feat xlink:href="#sSpan1118" value="Def"/>
		<feat xlink:href="#sSpan1202" value="Ind"/>
		<feat xlink:href="#sSpan1303" value="Ind"/>
		<feat xlink:href="#sSpan1307" value="Def"/>
		<feat xlink:href="#sSpan1326" value="Ind"/>
		<feat xlink:href="#sSpan1370" value="Ind"/>
		<feat xlink:href="#sSpan1386" value="Ind"/>
		<feat xlink:href="#sSpan1422" value="Ind"/>
		<feat xlink:href="#sSpan1425" value="Def"/>
		<feat xlink:href="#sSpan1436" value="Ind"/>
		<feat xlink:href="#sSpan1478" value="Def"/>
		<feat xlink:href="#sSpan1502" value="Def"/>
		<feat xlink:href="#sSpan1527" value="Ind"/>
		<feat xlink:href="#sSpan1553" value="Ind"/>
		<feat xlink:href="#sSpan1559" value="Def"/>
		<feat xlink:href="#sSpan1562" value="Ind"/>
		<feat xlink:href="#sSpan1617" value="Ind"/>
		<feat xlink:href="#sSpan1664" value="Def"/>
		<feat xlink:href="#sSpan1720" value="Def"/>
		<feat xlink:href="#sSpan1799" value="Ind"/>
		<feat xlink:href="#sSpan1843" value="Def"/>
		<feat xlink:href="#sSpan1858" value="Def"/>
		<feat xlink:href="#sSpan1866" value="Def"/>
		<feat xlink:href="#sSpan1888" value="Def"/>
		<feat xlink:href="#sSpan1899" value="Def"/>
		<feat xlink:href="#sSpan1911" value="Def"/>
		<feat xlink:href="#sSpan1936" value="Def"/></featList></paula>