<?xml version='1.0' encoding='UTF-8'?><!DOCTYPE paula SYSTEM "paula_feat.dtd">
<paula version="1.1">
	<header paula_id="morph.GENTLE_esports_fifa.mark_Gender"/>
	<featList xmlns:xlink="http://www.w3.org/1999/xlink" type="Gender" xml:base="morph.GENTLE_esports_fifa.mark.xml">
		<feat xlink:href="#sSpan495" value="Neut"/>
		<feat xlink:href="#sSpan752" value="Masc"/>
		<feat xlink:href="#sSpan868" value="Neut"/>
		<feat xlink:href="#sSpan898" value="Masc"/>
		<feat xlink:href="#sSpan923" value="Masc"/>
		<feat xlink:href="#sSpan931" value="Masc"/>
		<feat xlink:href="#sSpan982" value="Masc"/>
		<feat xlink:href="#sSpan1001" value="Masc"/>
		<feat xlink:href="#sSpan1014" value="Masc"/>
		<feat xlink:href="#sSpan1024" value="Masc"/>
		<feat xlink:href="#sSpan1072" value="Neut"/>
		<feat xlink:href="#sSpan1136" value="Neut"/>
		<feat xlink:href="#sSpan1226" value="Masc"/>
		<feat xlink:href="#sSpan1237" value="Masc"/>
		<feat xlink:href="#sSpan1255" value="Neut"/>
		<feat xlink:href="#sSpan1260" value="Neut"/>
		<feat xlink:href="#sSpan1281" value="Neut"/>
		<feat xlink:href="#sSpan1334" value="Masc"/>
		<feat xlink:href="#sSpan1379" value="Neut"/>
		<feat xlink:href="#sSpan1386" value="Neut"/>
		<feat xlink:href="#sSpan1498" value="Masc"/>
		<feat xlink:href="#sSpan1665" value="Neut"/>
		<feat xlink:href="#sSpan1748" value="Masc"/>
		<feat xlink:href="#sSpan1765" value="Neut"/>
		<feat xlink:href="#sSpan1794" value="Neut"/>
		<feat xlink:href="#sSpan1809" value="Neut"/>
		<feat xlink:href="#sSpan1897" value="Neut"/></featList></paula>