<?xml version='1.0' encoding='UTF-8'?><!DOCTYPE paula SYSTEM "paula_feat.dtd">
<paula version="1.1">
	<header paula_id="morph.GENTLE_esports_fifa.mark_NumType"/>
	<featList xmlns:xlink="http://www.w3.org/1999/xlink" type="NumType" xml:base="morph.GENTLE_esports_fifa.mark.xml">
		<feat xlink:href="#sSpan476" value="Ord"/>
		<feat xlink:href="#sSpan504" value="Ord"/>
		<feat xlink:href="#sSpan527" value="Card"/>
		<feat xlink:href="#sSpan564" value="Ord"/>
		<feat xlink:href="#sSpan578" value="Ord"/>
		<feat xlink:href="#sSpan596" value="Card"/>
		<feat xlink:href="#sSpan701" value="Card"/>
		<feat xlink:href="#sSpan705" value="Card"/>
		<feat xlink:href="#sSpan742" value="Card"/>
		<feat xlink:href="#sSpan744" value="Card"/>
		<feat xlink:href="#sSpan791" value="Card"/>
		<feat xlink:href="#sSpan809" value="Card"/>
		<feat xlink:href="#sSpan950" value="Card"/>
		<feat xlink:href="#sSpan1143" value="Ord"/>
		<feat xlink:href="#sSpan1373" value="Card"/>
		<feat xlink:href="#sSpan1425" value="Card"/>
		<feat xlink:href="#sSpan1428" value="Card"/>
		<feat xlink:href="#sSpan1457" value="Card"/>
		<feat xlink:href="#sSpan1460" value="Card"/>
		<feat xlink:href="#sSpan1568" value="Card"/>
		<feat xlink:href="#sSpan1635" value="Ord"/>
		<feat xlink:href="#sSpan1646" value="Ord"/>
		<feat xlink:href="#sSpan1720" value="Card"/>
		<feat xlink:href="#sSpan1726" value="Card"/>
		<feat xlink:href="#sSpan1774" value="Card"/>
		<feat xlink:href="#sSpan1776" value="Card"/></featList></paula>