<?xml version='1.0' encoding='UTF-8'?><!DOCTYPE paula SYSTEM "paula_rel.dtd">
<paula version="1.1">
	<header paula_id="no_layer.GENTLE_esports_fifa.head"/>
	<relList xmlns:xlink="http://www.w3.org/1999/xlink" type="head">
		<rel id="sPointingRel1326_8858" xlink:href="ref.GENTLE_esports_fifa.mark.xml#sSpan133" target="GENTLE_esports_fifa.tok.xml#sTok7"/>
		<rel id="sPointingRel1327" xlink:href="ref.GENTLE_esports_fifa.mark.xml#sSpan134" target="GENTLE_esports_fifa.tok.xml#sTok4"/>
		<rel id="sPointingRel1328_8860" xlink:href="ref.GENTLE_esports_fifa.mark.xml#sSpan135" target="GENTLE_esports_fifa.tok.xml#sTok9"/>
		<rel id="sPointingRel1329" xlink:href="ref.GENTLE_esports_fifa.mark.xml#sSpan136" target="GENTLE_esports_fifa.tok.xml#sTok10"/>
		<rel id="sPointingRel1330" xlink:href="ref.GENTLE_esports_fifa.mark.xml#sSpan137" target="GENTLE_esports_fifa.tok.xml#sTok12"/>
		<rel id="sPointingRel1331" xlink:href="ref.GENTLE_esports_fifa.mark.xml#sSpan138" target="GENTLE_esports_fifa.tok.xml#sTok16"/>
		<rel id="sPointingRel1332" xlink:href="ref.GENTLE_esports_fifa.mark.xml#sSpan139" target="GENTLE_esports_fifa.tok.xml#sTok21"/>
		<rel id="sPointingRel1333" xlink:href="ref.GENTLE_esports_fifa.mark.xml#sSpan140" target="GENTLE_esports_fifa.tok.xml#sTok20"/>
		<rel id="sPointingRel1334" xlink:href="ref.GENTLE_esports_fifa.mark.xml#sSpan141" target="GENTLE_esports_fifa.tok.xml#sTok24"/>
		<rel id="sPointingRel1335" xlink:href="ref.GENTLE_esports_fifa.mark.xml#sSpan142" target="GENTLE_esports_fifa.tok.xml#sTok28"/>
		<rel id="sPointingRel1336" xlink:href="ref.GENTLE_esports_fifa.mark.xml#sSpan143" target="GENTLE_esports_fifa.tok.xml#sTok32"/>
		<rel id="sPointingRel1337" xlink:href="ref.GENTLE_esports_fifa.mark.xml#sSpan144" target="GENTLE_esports_fifa.tok.xml#sTok39"/>
		<rel id="sPointingRel1338" xlink:href="ref.GENTLE_esports_fifa.mark.xml#sSpan145" target="GENTLE_esports_fifa.tok.xml#sTok42"/>
		<rel id="sPointingRel1339" xlink:href="ref.GENTLE_esports_fifa.mark.xml#sSpan146" target="GENTLE_esports_fifa.tok.xml#sTok41"/>
		<rel id="sPointingRel1340" xlink:href="ref.GENTLE_esports_fifa.mark.xml#sSpan147" target="GENTLE_esports_fifa.tok.xml#sTok46"/>
		<rel id="sPointingRel1341" xlink:href="ref.GENTLE_esports_fifa.mark.xml#sSpan148" target="GENTLE_esports_fifa.tok.xml#sTok44"/>
		<rel id="sPointingRel1342" xlink:href="ref.GENTLE_esports_fifa.mark.xml#sSpan149" target="GENTLE_esports_fifa.tok.xml#sTok54"/>
		<rel id="sPointingRel1343" xlink:href="ref.GENTLE_esports_fifa.mark.xml#sSpan150" target="GENTLE_esports_fifa.tok.xml#sTok56"/>
		<rel id="sPointingRel1344" xlink:href="ref.GENTLE_esports_fifa.mark.xml#sSpan151" target="GENTLE_esports_fifa.tok.xml#sTok65"/>
		<rel id="sPointingRel1345" xlink:href="ref.GENTLE_esports_fifa.mark.xml#sSpan152" target="GENTLE_esports_fifa.tok.xml#sTok68"/>
		<rel id="sPointingRel1346" xlink:href="ref.GENTLE_esports_fifa.mark.xml#sSpan153" target="GENTLE_esports_fifa.tok.xml#sTok76"/>
		<rel id="sPointingRel1347" xlink:href="ref.GENTLE_esports_fifa.mark.xml#sSpan154" target="GENTLE_esports_fifa.tok.xml#sTok78"/>
		<rel id="sPointingRel1348" xlink:href="ref.GENTLE_esports_fifa.mark.xml#sSpan155" target="GENTLE_esports_fifa.tok.xml#sTok80"/>
		<rel id="sPointingRel1349" xlink:href="ref.GENTLE_esports_fifa.mark.xml#sSpan156" target="GENTLE_esports_fifa.tok.xml#sTok83"/>
		<rel id="sPointingRel1350" xlink:href="ref.GENTLE_esports_fifa.mark.xml#sSpan157" target="GENTLE_esports_fifa.tok.xml#sTok82"/>
		<rel id="sPointingRel1351" xlink:href="ref.GENTLE_esports_fifa.mark.xml#sSpan158" target="GENTLE_esports_fifa.tok.xml#sTok87"/>
		<rel id="sPointingRel1352" xlink:href="ref.GENTLE_esports_fifa.mark.xml#sSpan159" target="GENTLE_esports_fifa.tok.xml#sTok90"/>
		<rel id="sPointingRel1353" xlink:href="ref.GENTLE_esports_fifa.mark.xml#sSpan160" target="GENTLE_esports_fifa.tok.xml#sTok98"/>
		<rel id="sPointingRel1354" xlink:href="ref.GENTLE_esports_fifa.mark.xml#sSpan161" target="GENTLE_esports_fifa.tok.xml#sTok103"/>
		<rel id="sPointingRel1355" xlink:href="ref.GENTLE_esports_fifa.mark.xml#sSpan162" target="GENTLE_esports_fifa.tok.xml#sTok110"/>
		<rel id="sPointingRel1356" xlink:href="ref.GENTLE_esports_fifa.mark.xml#sSpan163" target="GENTLE_esports_fifa.tok.xml#sTok113"/>
		<rel id="sPointingRel1357" xlink:href="ref.GENTLE_esports_fifa.mark.xml#sSpan164" target="GENTLE_esports_fifa.tok.xml#sTok115"/>
		<rel id="sPointingRel1358" xlink:href="ref.GENTLE_esports_fifa.mark.xml#sSpan165" target="GENTLE_esports_fifa.tok.xml#sTok114"/>
		<rel id="sPointingRel1359" xlink:href="ref.GENTLE_esports_fifa.mark.xml#sSpan166" target="GENTLE_esports_fifa.tok.xml#sTok118"/>
		<rel id="sPointingRel1360" xlink:href="ref.GENTLE_esports_fifa.mark.xml#sSpan167" target="GENTLE_esports_fifa.tok.xml#sTok117"/>
		<rel id="sPointingRel1361" xlink:href="ref.GENTLE_esports_fifa.mark.xml#sSpan168" target="GENTLE_esports_fifa.tok.xml#sTok119"/>
		<rel id="sPointingRel1362" xlink:href="ref.GENTLE_esports_fifa.mark.xml#sSpan169" target="GENTLE_esports_fifa.tok.xml#sTok122"/>
		<rel id="sPointingRel1363" xlink:href="ref.GENTLE_esports_fifa.mark.xml#sSpan170" target="GENTLE_esports_fifa.tok.xml#sTok123"/>
		<rel id="sPointingRel1364" xlink:href="ref.GENTLE_esports_fifa.mark.xml#sSpan171" target="GENTLE_esports_fifa.tok.xml#sTok126"/>
		<rel id="sPointingRel1365" xlink:href="ref.GENTLE_esports_fifa.mark.xml#sSpan172" target="GENTLE_esports_fifa.tok.xml#sTok130"/>
		<rel id="sPointingRel1366" xlink:href="ref.GENTLE_esports_fifa.mark.xml#sSpan173" target="GENTLE_esports_fifa.tok.xml#sTok133"/>
		<rel id="sPointingRel1367" xlink:href="ref.GENTLE_esports_fifa.mark.xml#sSpan174" target="GENTLE_esports_fifa.tok.xml#sTok144"/>
		<rel id="sPointingRel1368" xlink:href="ref.GENTLE_esports_fifa.mark.xml#sSpan175" target="GENTLE_esports_fifa.tok.xml#sTok146"/>
		<rel id="sPointingRel1369" xlink:href="ref.GENTLE_esports_fifa.mark.xml#sSpan176" target="GENTLE_esports_fifa.tok.xml#sTok148"/>
		<rel id="sPointingRel1370" xlink:href="ref.GENTLE_esports_fifa.mark.xml#sSpan177" target="GENTLE_esports_fifa.tok.xml#sTok153"/>
		<rel id="sPointingRel1371" xlink:href="ref.GENTLE_esports_fifa.mark.xml#sSpan178" target="GENTLE_esports_fifa.tok.xml#sTok157"/>
		<rel id="sPointingRel1372" xlink:href="ref.GENTLE_esports_fifa.mark.xml#sSpan179" target="GENTLE_esports_fifa.tok.xml#sTok163"/>
		<rel id="sPointingRel1373" xlink:href="ref.GENTLE_esports_fifa.mark.xml#sSpan180" target="GENTLE_esports_fifa.tok.xml#sTok166"/>
		<rel id="sPointingRel1374" xlink:href="ref.GENTLE_esports_fifa.mark.xml#sSpan181" target="GENTLE_esports_fifa.tok.xml#sTok168"/>
		<rel id="sPointingRel1375" xlink:href="ref.GENTLE_esports_fifa.mark.xml#sSpan182" target="GENTLE_esports_fifa.tok.xml#sTok170"/>
		<rel id="sPointingRel1376" xlink:href="ref.GENTLE_esports_fifa.mark.xml#sSpan183" target="GENTLE_esports_fifa.tok.xml#sTok176"/>
		<rel id="sPointingRel1377" xlink:href="ref.GENTLE_esports_fifa.mark.xml#sSpan184" target="GENTLE_esports_fifa.tok.xml#sTok177"/>
		<rel id="sPointingRel1378" xlink:href="ref.GENTLE_esports_fifa.mark.xml#sSpan185" target="GENTLE_esports_fifa.tok.xml#sTok180"/>
		<rel id="sPointingRel1379" xlink:href="ref.GENTLE_esports_fifa.mark.xml#sSpan186" target="GENTLE_esports_fifa.tok.xml#sTok184"/>
		<rel id="sPointingRel1380" xlink:href="ref.GENTLE_esports_fifa.mark.xml#sSpan187" target="GENTLE_esports_fifa.tok.xml#sTok190"/>
		<rel id="sPointingRel1381" xlink:href="ref.GENTLE_esports_fifa.mark.xml#sSpan188" target="GENTLE_esports_fifa.tok.xml#sTok192"/>
		<rel id="sPointingRel1382" xlink:href="ref.GENTLE_esports_fifa.mark.xml#sSpan189" target="GENTLE_esports_fifa.tok.xml#sTok194"/>
		<rel id="sPointingRel1383" xlink:href="ref.GENTLE_esports_fifa.mark.xml#sSpan190" target="GENTLE_esports_fifa.tok.xml#sTok197"/>
		<rel id="sPointingRel1384" xlink:href="ref.GENTLE_esports_fifa.mark.xml#sSpan191" target="GENTLE_esports_fifa.tok.xml#sTok200"/>
		<rel id="sPointingRel1385" xlink:href="ref.GENTLE_esports_fifa.mark.xml#sSpan192" target="GENTLE_esports_fifa.tok.xml#sTok207"/>
		<rel id="sPointingRel1386" xlink:href="ref.GENTLE_esports_fifa.mark.xml#sSpan193" target="GENTLE_esports_fifa.tok.xml#sTok209"/>
		<rel id="sPointingRel1387" xlink:href="ref.GENTLE_esports_fifa.mark.xml#sSpan194" target="GENTLE_esports_fifa.tok.xml#sTok216"/>
		<rel id="sPointingRel1388" xlink:href="ref.GENTLE_esports_fifa.mark.xml#sSpan195" target="GENTLE_esports_fifa.tok.xml#sTok218"/>
		<rel id="sPointingRel1389" xlink:href="ref.GENTLE_esports_fifa.mark.xml#sSpan196" target="GENTLE_esports_fifa.tok.xml#sTok222"/>
		<rel id="sPointingRel1390" xlink:href="ref.GENTLE_esports_fifa.mark.xml#sSpan197" target="GENTLE_esports_fifa.tok.xml#sTok224"/>
		<rel id="sPointingRel1391" xlink:href="ref.GENTLE_esports_fifa.mark.xml#sSpan198" target="GENTLE_esports_fifa.tok.xml#sTok225"/>
		<rel id="sPointingRel1392" xlink:href="ref.GENTLE_esports_fifa.mark.xml#sSpan199" target="GENTLE_esports_fifa.tok.xml#sTok227"/>
		<rel id="sPointingRel1393" xlink:href="ref.GENTLE_esports_fifa.mark.xml#sSpan200" target="GENTLE_esports_fifa.tok.xml#sTok230"/>
		<rel id="sPointingRel1394" xlink:href="ref.GENTLE_esports_fifa.mark.xml#sSpan201" target="GENTLE_esports_fifa.tok.xml#sTok239"/>
		<rel id="sPointingRel1395" xlink:href="ref.GENTLE_esports_fifa.mark.xml#sSpan202" target="GENTLE_esports_fifa.tok.xml#sTok246"/>
		<rel id="sPointingRel1396" xlink:href="ref.GENTLE_esports_fifa.mark.xml#sSpan203" target="GENTLE_esports_fifa.tok.xml#sTok250"/>
		<rel id="sPointingRel1397" xlink:href="ref.GENTLE_esports_fifa.mark.xml#sSpan204" target="GENTLE_esports_fifa.tok.xml#sTok254"/>
		<rel id="sPointingRel1398" xlink:href="ref.GENTLE_esports_fifa.mark.xml#sSpan205" target="GENTLE_esports_fifa.tok.xml#sTok261"/>
		<rel id="sPointingRel1399" xlink:href="ref.GENTLE_esports_fifa.mark.xml#sSpan206" target="GENTLE_esports_fifa.tok.xml#sTok263"/>
		<rel id="sPointingRel1400" xlink:href="ref.GENTLE_esports_fifa.mark.xml#sSpan207" target="GENTLE_esports_fifa.tok.xml#sTok266"/>
		<rel id="sPointingRel1401" xlink:href="ref.GENTLE_esports_fifa.mark.xml#sSpan208" target="GENTLE_esports_fifa.tok.xml#sTok268"/>
		<rel id="sPointingRel1402" xlink:href="ref.GENTLE_esports_fifa.mark.xml#sSpan209" target="GENTLE_esports_fifa.tok.xml#sTok274"/>
		<rel id="sPointingRel1403" xlink:href="ref.GENTLE_esports_fifa.mark.xml#sSpan210" target="GENTLE_esports_fifa.tok.xml#sTok276"/>
		<rel id="sPointingRel1404" xlink:href="ref.GENTLE_esports_fifa.mark.xml#sSpan211" target="GENTLE_esports_fifa.tok.xml#sTok277"/>
		<rel id="sPointingRel1405" xlink:href="ref.GENTLE_esports_fifa.mark.xml#sSpan212" target="GENTLE_esports_fifa.tok.xml#sTok281"/>
		<rel id="sPointingRel1406" xlink:href="ref.GENTLE_esports_fifa.mark.xml#sSpan213" target="GENTLE_esports_fifa.tok.xml#sTok285"/>
		<rel id="sPointingRel1407" xlink:href="ref.GENTLE_esports_fifa.mark.xml#sSpan214" target="GENTLE_esports_fifa.tok.xml#sTok286"/>
		<rel id="sPointingRel1408" xlink:href="ref.GENTLE_esports_fifa.mark.xml#sSpan215" target="GENTLE_esports_fifa.tok.xml#sTok288"/>
		<rel id="sPointingRel1409" xlink:href="ref.GENTLE_esports_fifa.mark.xml#sSpan216" target="GENTLE_esports_fifa.tok.xml#sTok290"/>
		<rel id="sPointingRel1410" xlink:href="ref.GENTLE_esports_fifa.mark.xml#sSpan217" target="GENTLE_esports_fifa.tok.xml#sTok297"/>
		<rel id="sPointingRel1411" xlink:href="ref.GENTLE_esports_fifa.mark.xml#sSpan218" target="GENTLE_esports_fifa.tok.xml#sTok296"/>
		<rel id="sPointingRel1412" xlink:href="ref.GENTLE_esports_fifa.mark.xml#sSpan219" target="GENTLE_esports_fifa.tok.xml#sTok300"/>
		<rel id="sPointingRel1413" xlink:href="ref.GENTLE_esports_fifa.mark.xml#sSpan220" target="GENTLE_esports_fifa.tok.xml#sTok302"/>
		<rel id="sPointingRel1414" xlink:href="ref.GENTLE_esports_fifa.mark.xml#sSpan221" target="GENTLE_esports_fifa.tok.xml#sTok307"/>
		<rel id="sPointingRel1415" xlink:href="ref.GENTLE_esports_fifa.mark.xml#sSpan222" target="GENTLE_esports_fifa.tok.xml#sTok309"/>
		<rel id="sPointingRel1416" xlink:href="ref.GENTLE_esports_fifa.mark.xml#sSpan223" target="GENTLE_esports_fifa.tok.xml#sTok314"/>
		<rel id="sPointingRel1417" xlink:href="ref.GENTLE_esports_fifa.mark.xml#sSpan224" target="GENTLE_esports_fifa.tok.xml#sTok322"/>
		<rel id="sPointingRel1418" xlink:href="ref.GENTLE_esports_fifa.mark.xml#sSpan225" target="GENTLE_esports_fifa.tok.xml#sTok327"/>
		<rel id="sPointingRel1419" xlink:href="ref.GENTLE_esports_fifa.mark.xml#sSpan226" target="GENTLE_esports_fifa.tok.xml#sTok329"/>
		<rel id="sPointingRel1420" xlink:href="ref.GENTLE_esports_fifa.mark.xml#sSpan227" target="GENTLE_esports_fifa.tok.xml#sTok338"/>
		<rel id="sPointingRel1421" xlink:href="ref.GENTLE_esports_fifa.mark.xml#sSpan228" target="GENTLE_esports_fifa.tok.xml#sTok340"/>
		<rel id="sPointingRel1422" xlink:href="ref.GENTLE_esports_fifa.mark.xml#sSpan229" target="GENTLE_esports_fifa.tok.xml#sTok346"/>
		<rel id="sPointingRel1423" xlink:href="ref.GENTLE_esports_fifa.mark.xml#sSpan230" target="GENTLE_esports_fifa.tok.xml#sTok349"/>
		<rel id="sPointingRel1424" xlink:href="ref.GENTLE_esports_fifa.mark.xml#sSpan231" target="GENTLE_esports_fifa.tok.xml#sTok351"/>
		<rel id="sPointingRel1425" xlink:href="ref.GENTLE_esports_fifa.mark.xml#sSpan232" target="GENTLE_esports_fifa.tok.xml#sTok352"/>
		<rel id="sPointingRel1426" xlink:href="ref.GENTLE_esports_fifa.mark.xml#sSpan233" target="GENTLE_esports_fifa.tok.xml#sTok354"/>
		<rel id="sPointingRel1427" xlink:href="ref.GENTLE_esports_fifa.mark.xml#sSpan234" target="GENTLE_esports_fifa.tok.xml#sTok358"/>
		<rel id="sPointingRel1428" xlink:href="ref.GENTLE_esports_fifa.mark.xml#sSpan235" target="GENTLE_esports_fifa.tok.xml#sTok360"/>
		<rel id="sPointingRel1429" xlink:href="ref.GENTLE_esports_fifa.mark.xml#sSpan236" target="GENTLE_esports_fifa.tok.xml#sTok361"/>
		<rel id="sPointingRel1430" xlink:href="ref.GENTLE_esports_fifa.mark.xml#sSpan237" target="GENTLE_esports_fifa.tok.xml#sTok365"/>
		<rel id="sPointingRel1431" xlink:href="ref.GENTLE_esports_fifa.mark.xml#sSpan238" target="GENTLE_esports_fifa.tok.xml#sTok367"/>
		<rel id="sPointingRel1432" xlink:href="ref.GENTLE_esports_fifa.mark.xml#sSpan239" target="GENTLE_esports_fifa.tok.xml#sTok369"/>
		<rel id="sPointingRel1433" xlink:href="ref.GENTLE_esports_fifa.mark.xml#sSpan240" target="GENTLE_esports_fifa.tok.xml#sTok371"/>
		<rel id="sPointingRel1434" xlink:href="ref.GENTLE_esports_fifa.mark.xml#sSpan241" target="GENTLE_esports_fifa.tok.xml#sTok373"/>
		<rel id="sPointingRel1435" xlink:href="ref.GENTLE_esports_fifa.mark.xml#sSpan242" target="GENTLE_esports_fifa.tok.xml#sTok377"/>
		<rel id="sPointingRel1436" xlink:href="ref.GENTLE_esports_fifa.mark.xml#sSpan243" target="GENTLE_esports_fifa.tok.xml#sTok378"/>
		<rel id="sPointingRel1437" xlink:href="ref.GENTLE_esports_fifa.mark.xml#sSpan244" target="GENTLE_esports_fifa.tok.xml#sTok380"/>
		<rel id="sPointingRel1438" xlink:href="ref.GENTLE_esports_fifa.mark.xml#sSpan245" target="GENTLE_esports_fifa.tok.xml#sTok383"/>
		<rel id="sPointingRel1439" xlink:href="ref.GENTLE_esports_fifa.mark.xml#sSpan246" target="GENTLE_esports_fifa.tok.xml#sTok387"/>
		<rel id="sPointingRel1440" xlink:href="ref.GENTLE_esports_fifa.mark.xml#sSpan247" target="GENTLE_esports_fifa.tok.xml#sTok389"/>
		<rel id="sPointingRel1441" xlink:href="ref.GENTLE_esports_fifa.mark.xml#sSpan248" target="GENTLE_esports_fifa.tok.xml#sTok396"/>
		<rel id="sPointingRel1442" xlink:href="ref.GENTLE_esports_fifa.mark.xml#sSpan249" target="GENTLE_esports_fifa.tok.xml#sTok398"/>
		<rel id="sPointingRel1443" xlink:href="ref.GENTLE_esports_fifa.mark.xml#sSpan250" target="GENTLE_esports_fifa.tok.xml#sTok401"/>
		<rel id="sPointingRel1444" xlink:href="ref.GENTLE_esports_fifa.mark.xml#sSpan251" target="GENTLE_esports_fifa.tok.xml#sTok404"/>
		<rel id="sPointingRel1445" xlink:href="ref.GENTLE_esports_fifa.mark.xml#sSpan252" target="GENTLE_esports_fifa.tok.xml#sTok408"/>
		<rel id="sPointingRel1446" xlink:href="ref.GENTLE_esports_fifa.mark.xml#sSpan253" target="GENTLE_esports_fifa.tok.xml#sTok410"/>
		<rel id="sPointingRel1447" xlink:href="ref.GENTLE_esports_fifa.mark.xml#sSpan254" target="GENTLE_esports_fifa.tok.xml#sTok412"/>
		<rel id="sPointingRel1448" xlink:href="ref.GENTLE_esports_fifa.mark.xml#sSpan255" target="GENTLE_esports_fifa.tok.xml#sTok426"/>
		<rel id="sPointingRel1449" xlink:href="ref.GENTLE_esports_fifa.mark.xml#sSpan256" target="GENTLE_esports_fifa.tok.xml#sTok427"/>
		<rel id="sPointingRel1450" xlink:href="ref.GENTLE_esports_fifa.mark.xml#sSpan257" target="GENTLE_esports_fifa.tok.xml#sTok431"/>
		<rel id="sPointingRel1451" xlink:href="ref.GENTLE_esports_fifa.mark.xml#sSpan258" target="GENTLE_esports_fifa.tok.xml#sTok429"/>
		<rel id="sPointingRel1452" xlink:href="ref.GENTLE_esports_fifa.mark.xml#sSpan259" target="GENTLE_esports_fifa.tok.xml#sTok434"/>
		<rel id="sPointingRel1453" xlink:href="ref.GENTLE_esports_fifa.mark.xml#sSpan260" target="GENTLE_esports_fifa.tok.xml#sTok437"/>
		<rel id="sPointingRel1454" xlink:href="ref.GENTLE_esports_fifa.mark.xml#sSpan261" target="GENTLE_esports_fifa.tok.xml#sTok443"/>
		<rel id="sPointingRel1455" xlink:href="ref.GENTLE_esports_fifa.mark.xml#sSpan262" target="GENTLE_esports_fifa.tok.xml#sTok445"/>
		<rel id="sPointingRel1456" xlink:href="ref.GENTLE_esports_fifa.mark.xml#sSpan263" target="GENTLE_esports_fifa.tok.xml#sTok446"/>
		<rel id="sPointingRel1457" xlink:href="ref.GENTLE_esports_fifa.mark.xml#sSpan264" target="GENTLE_esports_fifa.tok.xml#sTok452"/>
		<rel id="sPointingRel1458" xlink:href="ref.GENTLE_esports_fifa.mark.xml#sSpan265" target="GENTLE_esports_fifa.tok.xml#sTok451"/>
		<rel id="sPointingRel1459" xlink:href="ref.GENTLE_esports_fifa.mark.xml#sSpan266" target="GENTLE_esports_fifa.tok.xml#sTok454"/>
		<rel id="sPointingRel1460" xlink:href="ref.GENTLE_esports_fifa.mark.xml#sSpan267" target="GENTLE_esports_fifa.tok.xml#sTok458"/>
		<rel id="sPointingRel1461" xlink:href="ref.GENTLE_esports_fifa.mark.xml#sSpan268" target="GENTLE_esports_fifa.tok.xml#sTok460"/>
		<rel id="sPointingRel1462" xlink:href="ref.GENTLE_esports_fifa.mark.xml#sSpan269" target="GENTLE_esports_fifa.tok.xml#sTok464"/>
		<rel id="sPointingRel1463" xlink:href="ref.GENTLE_esports_fifa.mark.xml#sSpan270" target="GENTLE_esports_fifa.tok.xml#sTok467"/>
		<rel id="sPointingRel1464" xlink:href="ref.GENTLE_esports_fifa.mark.xml#sSpan271" target="GENTLE_esports_fifa.tok.xml#sTok469"/>
		<rel id="sPointingRel1465" xlink:href="ref.GENTLE_esports_fifa.mark.xml#sSpan272" target="GENTLE_esports_fifa.tok.xml#sTok473"/>
		<rel id="sPointingRel1466" xlink:href="ref.GENTLE_esports_fifa.mark.xml#sSpan273" target="GENTLE_esports_fifa.tok.xml#sTok476"/>
		<rel id="sPointingRel1467" xlink:href="ref.GENTLE_esports_fifa.mark.xml#sSpan274" target="GENTLE_esports_fifa.tok.xml#sTok477"/>
		<rel id="sPointingRel1468" xlink:href="ref.GENTLE_esports_fifa.mark.xml#sSpan275" target="GENTLE_esports_fifa.tok.xml#sTok485"/>
		<rel id="sPointingRel1469" xlink:href="ref.GENTLE_esports_fifa.mark.xml#sSpan276" target="GENTLE_esports_fifa.tok.xml#sTok487"/>
		<rel id="sPointingRel1470" xlink:href="ref.GENTLE_esports_fifa.mark.xml#sSpan277" target="GENTLE_esports_fifa.tok.xml#sTok489"/>
		<rel id="sPointingRel1471" xlink:href="ref.GENTLE_esports_fifa.mark.xml#sSpan278" target="GENTLE_esports_fifa.tok.xml#sTok491"/>
		<rel id="sPointingRel1472" xlink:href="ref.GENTLE_esports_fifa.mark.xml#sSpan279" target="GENTLE_esports_fifa.tok.xml#sTok493"/>
		<rel id="sPointingRel1473" xlink:href="ref.GENTLE_esports_fifa.mark.xml#sSpan280" target="GENTLE_esports_fifa.tok.xml#sTok496"/>
		<rel id="sPointingRel1474" xlink:href="ref.GENTLE_esports_fifa.mark.xml#sSpan281" target="GENTLE_esports_fifa.tok.xml#sTok499"/>
		<rel id="sPointingRel1475" xlink:href="ref.GENTLE_esports_fifa.mark.xml#sSpan282" target="GENTLE_esports_fifa.tok.xml#sTok504"/>
		<rel id="sPointingRel1476" xlink:href="ref.GENTLE_esports_fifa.mark.xml#sSpan283" target="GENTLE_esports_fifa.tok.xml#sTok509"/>
		<rel id="sPointingRel1477" xlink:href="ref.GENTLE_esports_fifa.mark.xml#sSpan284" target="GENTLE_esports_fifa.tok.xml#sTok511"/>
		<rel id="sPointingRel1478" xlink:href="ref.GENTLE_esports_fifa.mark.xml#sSpan285" target="GENTLE_esports_fifa.tok.xml#sTok516"/>
		<rel id="sPointingRel1479" xlink:href="ref.GENTLE_esports_fifa.mark.xml#sSpan286" target="GENTLE_esports_fifa.tok.xml#sTok521"/>
		<rel id="sPointingRel1480" xlink:href="ref.GENTLE_esports_fifa.mark.xml#sSpan287" target="GENTLE_esports_fifa.tok.xml#sTok527"/>
		<rel id="sPointingRel1481" xlink:href="ref.GENTLE_esports_fifa.mark.xml#sSpan288" target="GENTLE_esports_fifa.tok.xml#sTok530"/>
		<rel id="sPointingRel1482" xlink:href="ref.GENTLE_esports_fifa.mark.xml#sSpan289" target="GENTLE_esports_fifa.tok.xml#sTok534"/>
		<rel id="sPointingRel1483" xlink:href="ref.GENTLE_esports_fifa.mark.xml#sSpan290" target="GENTLE_esports_fifa.tok.xml#sTok538"/>
		<rel id="sPointingRel1484" xlink:href="ref.GENTLE_esports_fifa.mark.xml#sSpan291" target="GENTLE_esports_fifa.tok.xml#sTok540"/>
		<rel id="sPointingRel1485" xlink:href="ref.GENTLE_esports_fifa.mark.xml#sSpan292" target="GENTLE_esports_fifa.tok.xml#sTok542"/>
		<rel id="sPointingRel1486" xlink:href="ref.GENTLE_esports_fifa.mark.xml#sSpan293" target="GENTLE_esports_fifa.tok.xml#sTok545"/>
		<rel id="sPointingRel1487" xlink:href="ref.GENTLE_esports_fifa.mark.xml#sSpan294" target="GENTLE_esports_fifa.tok.xml#sTok547"/>
		<rel id="sPointingRel1488" xlink:href="ref.GENTLE_esports_fifa.mark.xml#sSpan295" target="GENTLE_esports_fifa.tok.xml#sTok549"/>
		<rel id="sPointingRel1489" xlink:href="ref.GENTLE_esports_fifa.mark.xml#sSpan296" target="GENTLE_esports_fifa.tok.xml#sTok553"/>
		<rel id="sPointingRel1490" xlink:href="ref.GENTLE_esports_fifa.mark.xml#sSpan297" target="GENTLE_esports_fifa.tok.xml#sTok559"/>
		<rel id="sPointingRel1491" xlink:href="ref.GENTLE_esports_fifa.mark.xml#sSpan298" target="GENTLE_esports_fifa.tok.xml#sTok561"/>
		<rel id="sPointingRel1492" xlink:href="ref.GENTLE_esports_fifa.mark.xml#sSpan299" target="GENTLE_esports_fifa.tok.xml#sTok563"/>
		<rel id="sPointingRel1493" xlink:href="ref.GENTLE_esports_fifa.mark.xml#sSpan300" target="GENTLE_esports_fifa.tok.xml#sTok566"/>
		<rel id="sPointingRel1494" xlink:href="ref.GENTLE_esports_fifa.mark.xml#sSpan301" target="GENTLE_esports_fifa.tok.xml#sTok568"/>
		<rel id="sPointingRel1495" xlink:href="ref.GENTLE_esports_fifa.mark.xml#sSpan302" target="GENTLE_esports_fifa.tok.xml#sTok571"/>
		<rel id="sPointingRel1496" xlink:href="ref.GENTLE_esports_fifa.mark.xml#sSpan303" target="GENTLE_esports_fifa.tok.xml#sTok574"/>
		<rel id="sPointingRel1497" xlink:href="ref.GENTLE_esports_fifa.mark.xml#sSpan304" target="GENTLE_esports_fifa.tok.xml#sTok589"/>
		<rel id="sPointingRel1498" xlink:href="ref.GENTLE_esports_fifa.mark.xml#sSpan305" target="GENTLE_esports_fifa.tok.xml#sTok595"/>
		<rel id="sPointingRel1499" xlink:href="ref.GENTLE_esports_fifa.mark.xml#sSpan306" target="GENTLE_esports_fifa.tok.xml#sTok596"/>
		<rel id="sPointingRel1500" xlink:href="ref.GENTLE_esports_fifa.mark.xml#sSpan307" target="GENTLE_esports_fifa.tok.xml#sTok599"/>
		<rel id="sPointingRel1501" xlink:href="ref.GENTLE_esports_fifa.mark.xml#sSpan308" target="GENTLE_esports_fifa.tok.xml#sTok605"/>
		<rel id="sPointingRel1502" xlink:href="ref.GENTLE_esports_fifa.mark.xml#sSpan309" target="GENTLE_esports_fifa.tok.xml#sTok608"/>
		<rel id="sPointingRel1503" xlink:href="ref.GENTLE_esports_fifa.mark.xml#sSpan310" target="GENTLE_esports_fifa.tok.xml#sTok609"/>
		<rel id="sPointingRel1504" xlink:href="ref.GENTLE_esports_fifa.mark.xml#sSpan311" target="GENTLE_esports_fifa.tok.xml#sTok613"/>
		<rel id="sPointingRel1505" xlink:href="ref.GENTLE_esports_fifa.mark.xml#sSpan312" target="GENTLE_esports_fifa.tok.xml#sTok615"/>
		<rel id="sPointingRel1506" xlink:href="ref.GENTLE_esports_fifa.mark.xml#sSpan313" target="GENTLE_esports_fifa.tok.xml#sTok621"/>
		<rel id="sPointingRel1507" xlink:href="ref.GENTLE_esports_fifa.mark.xml#sSpan314" target="GENTLE_esports_fifa.tok.xml#sTok629"/>
		<rel id="sPointingRel1508" xlink:href="ref.GENTLE_esports_fifa.mark.xml#sSpan315" target="GENTLE_esports_fifa.tok.xml#sTok631"/>
		<rel id="sPointingRel1509" xlink:href="ref.GENTLE_esports_fifa.mark.xml#sSpan316" target="GENTLE_esports_fifa.tok.xml#sTok633"/>
		<rel id="sPointingRel1510" xlink:href="ref.GENTLE_esports_fifa.mark.xml#sSpan317" target="GENTLE_esports_fifa.tok.xml#sTok636"/>
		<rel id="sPointingRel1511" xlink:href="ref.GENTLE_esports_fifa.mark.xml#sSpan318" target="GENTLE_esports_fifa.tok.xml#sTok642"/>
		<rel id="sPointingRel1512" xlink:href="ref.GENTLE_esports_fifa.mark.xml#sSpan319" target="GENTLE_esports_fifa.tok.xml#sTok644"/>
		<rel id="sPointingRel1513" xlink:href="ref.GENTLE_esports_fifa.mark.xml#sSpan320" target="GENTLE_esports_fifa.tok.xml#sTok646"/>
		<rel id="sPointingRel1514" xlink:href="ref.GENTLE_esports_fifa.mark.xml#sSpan321" target="GENTLE_esports_fifa.tok.xml#sTok650"/>
		<rel id="sPointingRel1515" xlink:href="ref.GENTLE_esports_fifa.mark.xml#sSpan322" target="GENTLE_esports_fifa.tok.xml#sTok653"/>
		<rel id="sPointingRel1516" xlink:href="ref.GENTLE_esports_fifa.mark.xml#sSpan323" target="GENTLE_esports_fifa.tok.xml#sTok655"/>
		<rel id="sPointingRel1517" xlink:href="ref.GENTLE_esports_fifa.mark.xml#sSpan324" target="GENTLE_esports_fifa.tok.xml#sTok662"/>
		<rel id="sPointingRel1518" xlink:href="ref.GENTLE_esports_fifa.mark.xml#sSpan325" target="GENTLE_esports_fifa.tok.xml#sTok674"/>
		<rel id="sPointingRel1519" xlink:href="ref.GENTLE_esports_fifa.mark.xml#sSpan326" target="GENTLE_esports_fifa.tok.xml#sTok680"/>
		<rel id="sPointingRel1520" xlink:href="ref.GENTLE_esports_fifa.mark.xml#sSpan327" target="GENTLE_esports_fifa.tok.xml#sTok685"/>
		<rel id="sPointingRel1521" xlink:href="ref.GENTLE_esports_fifa.mark.xml#sSpan328" target="GENTLE_esports_fifa.tok.xml#sTok689"/>
		<rel id="sPointingRel1522" xlink:href="ref.GENTLE_esports_fifa.mark.xml#sSpan329" target="GENTLE_esports_fifa.tok.xml#sTok692"/>
		<rel id="sPointingRel1523" xlink:href="ref.GENTLE_esports_fifa.mark.xml#sSpan330" target="GENTLE_esports_fifa.tok.xml#sTok691"/>
		<rel id="sPointingRel1524" xlink:href="ref.GENTLE_esports_fifa.mark.xml#sSpan331" target="GENTLE_esports_fifa.tok.xml#sTok700"/>
		<rel id="sPointingRel1525" xlink:href="ref.GENTLE_esports_fifa.mark.xml#sSpan332" target="GENTLE_esports_fifa.tok.xml#sTok703"/>
		<rel id="sPointingRel1526" xlink:href="ref.GENTLE_esports_fifa.mark.xml#sSpan333" target="GENTLE_esports_fifa.tok.xml#sTok706"/>
		<rel id="sPointingRel1527" xlink:href="ref.GENTLE_esports_fifa.mark.xml#sSpan334" target="GENTLE_esports_fifa.tok.xml#sTok708"/>
		<rel id="sPointingRel1528" xlink:href="ref.GENTLE_esports_fifa.mark.xml#sSpan335" target="GENTLE_esports_fifa.tok.xml#sTok713"/>
		<rel id="sPointingRel1529" xlink:href="ref.GENTLE_esports_fifa.mark.xml#sSpan336" target="GENTLE_esports_fifa.tok.xml#sTok717"/>
		<rel id="sPointingRel1530" xlink:href="ref.GENTLE_esports_fifa.mark.xml#sSpan337" target="GENTLE_esports_fifa.tok.xml#sTok723"/>
		<rel id="sPointingRel1531" xlink:href="ref.GENTLE_esports_fifa.mark.xml#sSpan338" target="GENTLE_esports_fifa.tok.xml#sTok728"/>
		<rel id="sPointingRel1532" xlink:href="ref.GENTLE_esports_fifa.mark.xml#sSpan339" target="GENTLE_esports_fifa.tok.xml#sTok731"/>
		<rel id="sPointingRel1533" xlink:href="ref.GENTLE_esports_fifa.mark.xml#sSpan340" target="GENTLE_esports_fifa.tok.xml#sTok737"/>
		<rel id="sPointingRel1534" xlink:href="ref.GENTLE_esports_fifa.mark.xml#sSpan341" target="GENTLE_esports_fifa.tok.xml#sTok740"/>
		<rel id="sPointingRel1535" xlink:href="ref.GENTLE_esports_fifa.mark.xml#sSpan342" target="GENTLE_esports_fifa.tok.xml#sTok746"/>
		<rel id="sPointingRel1536" xlink:href="ref.GENTLE_esports_fifa.mark.xml#sSpan343" target="GENTLE_esports_fifa.tok.xml#sTok751"/>
		<rel id="sPointingRel1537" xlink:href="ref.GENTLE_esports_fifa.mark.xml#sSpan344" target="GENTLE_esports_fifa.tok.xml#sTok750"/>
		<rel id="sPointingRel1538" xlink:href="ref.GENTLE_esports_fifa.mark.xml#sSpan345" target="GENTLE_esports_fifa.tok.xml#sTok754"/>
		<rel id="sPointingRel1539" xlink:href="ref.GENTLE_esports_fifa.mark.xml#sSpan346" target="GENTLE_esports_fifa.tok.xml#sTok759"/>
		<rel id="sPointingRel1540" xlink:href="ref.GENTLE_esports_fifa.mark.xml#sSpan347" target="GENTLE_esports_fifa.tok.xml#sTok764"/>
		<rel id="sPointingRel1541" xlink:href="ref.GENTLE_esports_fifa.mark.xml#sSpan348" target="GENTLE_esports_fifa.tok.xml#sTok768"/>
		<rel id="sPointingRel1542" xlink:href="ref.GENTLE_esports_fifa.mark.xml#sSpan349" target="GENTLE_esports_fifa.tok.xml#sTok772"/>
		<rel id="sPointingRel1543" xlink:href="ref.GENTLE_esports_fifa.mark.xml#sSpan350" target="GENTLE_esports_fifa.tok.xml#sTok776"/>
		<rel id="sPointingRel1544" xlink:href="ref.GENTLE_esports_fifa.mark.xml#sSpan351" target="GENTLE_esports_fifa.tok.xml#sTok781"/>
		<rel id="sPointingRel1545" xlink:href="ref.GENTLE_esports_fifa.mark.xml#sSpan352" target="GENTLE_esports_fifa.tok.xml#sTok788"/>
		<rel id="sPointingRel1546" xlink:href="ref.GENTLE_esports_fifa.mark.xml#sSpan353" target="GENTLE_esports_fifa.tok.xml#sTok794"/>
		<rel id="sPointingRel1547" xlink:href="ref.GENTLE_esports_fifa.mark.xml#sSpan354" target="GENTLE_esports_fifa.tok.xml#sTok796"/>
		<rel id="sPointingRel1548" xlink:href="ref.GENTLE_esports_fifa.mark.xml#sSpan355" target="GENTLE_esports_fifa.tok.xml#sTok796"/>
		<rel id="sPointingRel1549" xlink:href="ref.GENTLE_esports_fifa.mark.xml#sSpan356" target="GENTLE_esports_fifa.tok.xml#sTok798"/>
		<rel id="sPointingRel1550" xlink:href="ref.GENTLE_esports_fifa.mark.xml#sSpan357" target="GENTLE_esports_fifa.tok.xml#sTok800"/>
		<rel id="sPointingRel1551" xlink:href="ref.GENTLE_esports_fifa.mark.xml#sSpan358" target="GENTLE_esports_fifa.tok.xml#sTok802"/>
		<rel id="sPointingRel1552" xlink:href="ref.GENTLE_esports_fifa.mark.xml#sSpan359" target="GENTLE_esports_fifa.tok.xml#sTok809"/>
		<rel id="sPointingRel1553" xlink:href="ref.GENTLE_esports_fifa.mark.xml#sSpan360" target="GENTLE_esports_fifa.tok.xml#sTok811"/>
		<rel id="sPointingRel1554" xlink:href="ref.GENTLE_esports_fifa.mark.xml#sSpan361" target="GENTLE_esports_fifa.tok.xml#sTok814"/>
		<rel id="sPointingRel1555" xlink:href="ref.GENTLE_esports_fifa.mark.xml#sSpan362" target="GENTLE_esports_fifa.tok.xml#sTok819"/>
		<rel id="sPointingRel1556" xlink:href="ref.GENTLE_esports_fifa.mark.xml#sSpan363" target="GENTLE_esports_fifa.tok.xml#sTok822"/>
		<rel id="sPointingRel1557" xlink:href="ref.GENTLE_esports_fifa.mark.xml#sSpan364" target="GENTLE_esports_fifa.tok.xml#sTok824"/>
		<rel id="sPointingRel1558" xlink:href="ref.GENTLE_esports_fifa.mark.xml#sSpan365" target="GENTLE_esports_fifa.tok.xml#sTok827"/>
		<rel id="sPointingRel1559" xlink:href="ref.GENTLE_esports_fifa.mark.xml#sSpan366" target="GENTLE_esports_fifa.tok.xml#sTok829"/>
		<rel id="sPointingRel1560" xlink:href="ref.GENTLE_esports_fifa.mark.xml#sSpan367" target="GENTLE_esports_fifa.tok.xml#sTok832"/>
		<rel id="sPointingRel1561" xlink:href="ref.GENTLE_esports_fifa.mark.xml#sSpan368" target="GENTLE_esports_fifa.tok.xml#sTok835"/>
		<rel id="sPointingRel1562" xlink:href="ref.GENTLE_esports_fifa.mark.xml#sSpan369" target="GENTLE_esports_fifa.tok.xml#sTok837"/>
		<rel id="sPointingRel1563" xlink:href="ref.GENTLE_esports_fifa.mark.xml#sSpan370" target="GENTLE_esports_fifa.tok.xml#sTok844"/>
		<rel id="sPointingRel1564" xlink:href="ref.GENTLE_esports_fifa.mark.xml#sSpan371" target="GENTLE_esports_fifa.tok.xml#sTok850"/>
		<rel id="sPointingRel1565" xlink:href="ref.GENTLE_esports_fifa.mark.xml#sSpan372" target="GENTLE_esports_fifa.tok.xml#sTok852"/>
		<rel id="sPointingRel1566" xlink:href="ref.GENTLE_esports_fifa.mark.xml#sSpan373" target="GENTLE_esports_fifa.tok.xml#sTok856"/>
		<rel id="sPointingRel1567" xlink:href="ref.GENTLE_esports_fifa.mark.xml#sSpan374" target="GENTLE_esports_fifa.tok.xml#sTok858"/>
		<rel id="sPointingRel1568" xlink:href="ref.GENTLE_esports_fifa.mark.xml#sSpan375" target="GENTLE_esports_fifa.tok.xml#sTok861"/>
		<rel id="sPointingRel1569" xlink:href="ref.GENTLE_esports_fifa.mark.xml#sSpan376" target="GENTLE_esports_fifa.tok.xml#sTok868"/>
		<rel id="sPointingRel1570" xlink:href="ref.GENTLE_esports_fifa.mark.xml#sSpan377" target="GENTLE_esports_fifa.tok.xml#sTok870"/>
		<rel id="sPointingRel1571" xlink:href="ref.GENTLE_esports_fifa.mark.xml#sSpan378" target="GENTLE_esports_fifa.tok.xml#sTok879"/>
		<rel id="sPointingRel1572" xlink:href="ref.GENTLE_esports_fifa.mark.xml#sSpan379" target="GENTLE_esports_fifa.tok.xml#sTok878"/>
		<rel id="sPointingRel1573" xlink:href="ref.GENTLE_esports_fifa.mark.xml#sSpan380" target="GENTLE_esports_fifa.tok.xml#sTok884"/>
		<rel id="sPointingRel1574" xlink:href="ref.GENTLE_esports_fifa.mark.xml#sSpan381" target="GENTLE_esports_fifa.tok.xml#sTok886"/>
		<rel id="sPointingRel1575" xlink:href="ref.GENTLE_esports_fifa.mark.xml#sSpan382" target="GENTLE_esports_fifa.tok.xml#sTok887"/>
		<rel id="sPointingRel1576" xlink:href="ref.GENTLE_esports_fifa.mark.xml#sSpan383" target="GENTLE_esports_fifa.tok.xml#sTok889"/>
		<rel id="sPointingRel1577" xlink:href="ref.GENTLE_esports_fifa.mark.xml#sSpan384" target="GENTLE_esports_fifa.tok.xml#sTok893"/>
		<rel id="sPointingRel1578" xlink:href="ref.GENTLE_esports_fifa.mark.xml#sSpan385" target="GENTLE_esports_fifa.tok.xml#sTok894"/>
		<rel id="sPointingRel1579" xlink:href="ref.GENTLE_esports_fifa.mark.xml#sSpan386" target="GENTLE_esports_fifa.tok.xml#sTok899"/>
		<rel id="sPointingRel1580" xlink:href="ref.GENTLE_esports_fifa.mark.xml#sSpan387" target="GENTLE_esports_fifa.tok.xml#sTok900"/>
		<rel id="sPointingRel1581" xlink:href="ref.GENTLE_esports_fifa.mark.xml#sSpan388" target="GENTLE_esports_fifa.tok.xml#sTok904"/>
		<rel id="sPointingRel1582" xlink:href="ref.GENTLE_esports_fifa.mark.xml#sSpan389" target="GENTLE_esports_fifa.tok.xml#sTok905"/>
		<rel id="sPointingRel1583" xlink:href="ref.GENTLE_esports_fifa.mark.xml#sSpan390" target="GENTLE_esports_fifa.tok.xml#sTok907"/>
		<rel id="sPointingRel1584" xlink:href="ref.GENTLE_esports_fifa.mark.xml#sSpan391" target="GENTLE_esports_fifa.tok.xml#sTok914"/>
		<rel id="sPointingRel1585" xlink:href="ref.GENTLE_esports_fifa.mark.xml#sSpan392" target="GENTLE_esports_fifa.tok.xml#sTok916"/>
		<rel id="sPointingRel1586" xlink:href="rsd.GENTLE_esports_fifa.mark.xml#sSpan1" target="GENTLE_esports_fifa.tok.xml#sTok1"/>
		<rel id="sPointingRel1587" xlink:href="rsd.GENTLE_esports_fifa.mark.xml#sSpan2" target="GENTLE_esports_fifa.tok.xml#sTok11"/>
		<rel id="sPointingRel1588" xlink:href="rsd.GENTLE_esports_fifa.mark.xml#sSpan3" target="GENTLE_esports_fifa.tok.xml#sTok25"/>
		<rel id="sPointingRel1589" xlink:href="rsd.GENTLE_esports_fifa.mark.xml#sSpan4" target="GENTLE_esports_fifa.tok.xml#sTok36"/>
		<rel id="sPointingRel1590" xlink:href="rsd.GENTLE_esports_fifa.mark.xml#sSpan5" target="GENTLE_esports_fifa.tok.xml#sTok48"/>
		<rel id="sPointingRel1591" xlink:href="rsd.GENTLE_esports_fifa.mark.xml#sSpan6" target="GENTLE_esports_fifa.tok.xml#sTok55"/>
		<rel id="sPointingRel1592" xlink:href="rsd.GENTLE_esports_fifa.mark.xml#sSpan7" target="GENTLE_esports_fifa.tok.xml#sTok57"/>
		<rel id="sPointingRel1593" xlink:href="rsd.GENTLE_esports_fifa.mark.xml#sSpan8" target="GENTLE_esports_fifa.tok.xml#sTok61"/>
		<rel id="sPointingRel1594" xlink:href="rsd.GENTLE_esports_fifa.mark.xml#sSpan9" target="GENTLE_esports_fifa.tok.xml#sTok70"/>
		<rel id="sPointingRel1595" xlink:href="rsd.GENTLE_esports_fifa.mark.xml#sSpan10" target="GENTLE_esports_fifa.tok.xml#sTok81"/>
		<rel id="sPointingRel1596" xlink:href="rsd.GENTLE_esports_fifa.mark.xml#sSpan11" target="GENTLE_esports_fifa.tok.xml#sTok94"/>
		<rel id="sPointingRel1597" xlink:href="rsd.GENTLE_esports_fifa.mark.xml#sSpan12" target="GENTLE_esports_fifa.tok.xml#sTok105"/>
		<rel id="sPointingRel1598" xlink:href="rsd.GENTLE_esports_fifa.mark.xml#sSpan13" target="GENTLE_esports_fifa.tok.xml#sTok112"/>
		<rel id="sPointingRel1599" xlink:href="rsd.GENTLE_esports_fifa.mark.xml#sSpan14" target="GENTLE_esports_fifa.tok.xml#sTok120"/>
		<rel id="sPointingRel1600" xlink:href="rsd.GENTLE_esports_fifa.mark.xml#sSpan15" target="GENTLE_esports_fifa.tok.xml#sTok124"/>
		<rel id="sPointingRel1601" xlink:href="rsd.GENTLE_esports_fifa.mark.xml#sSpan16" target="GENTLE_esports_fifa.tok.xml#sTok130"/>
		<rel id="sPointingRel1602" xlink:href="rsd.GENTLE_esports_fifa.mark.xml#sSpan17" target="GENTLE_esports_fifa.tok.xml#sTok136"/>
		<rel id="sPointingRel1603" xlink:href="rsd.GENTLE_esports_fifa.mark.xml#sSpan18" target="GENTLE_esports_fifa.tok.xml#sTok150"/>
		<rel id="sPointingRel1604" xlink:href="rsd.GENTLE_esports_fifa.mark.xml#sSpan19" target="GENTLE_esports_fifa.tok.xml#sTok160"/>
		<rel id="sPointingRel1605" xlink:href="rsd.GENTLE_esports_fifa.mark.xml#sSpan20" target="GENTLE_esports_fifa.tok.xml#sTok165"/>
		<rel id="sPointingRel1606" xlink:href="rsd.GENTLE_esports_fifa.mark.xml#sSpan21" target="GENTLE_esports_fifa.tok.xml#sTok168"/>
		<rel id="sPointingRel1607" xlink:href="rsd.GENTLE_esports_fifa.mark.xml#sSpan22" target="GENTLE_esports_fifa.tok.xml#sTok172"/>
		<rel id="sPointingRel1608" xlink:href="rsd.GENTLE_esports_fifa.mark.xml#sSpan23" target="GENTLE_esports_fifa.tok.xml#sTok178"/>
		<rel id="sPointingRel1609" xlink:href="rsd.GENTLE_esports_fifa.mark.xml#sSpan24" target="GENTLE_esports_fifa.tok.xml#sTok185"/>
		<rel id="sPointingRel1610" xlink:href="rsd.GENTLE_esports_fifa.mark.xml#sSpan25" target="GENTLE_esports_fifa.tok.xml#sTok193"/>
		<rel id="sPointingRel1611" xlink:href="rsd.GENTLE_esports_fifa.mark.xml#sSpan26" target="GENTLE_esports_fifa.tok.xml#sTok202"/>
		<rel id="sPointingRel1612" xlink:href="rsd.GENTLE_esports_fifa.mark.xml#sSpan27" target="GENTLE_esports_fifa.tok.xml#sTok212"/>
		<rel id="sPointingRel1613" xlink:href="rsd.GENTLE_esports_fifa.mark.xml#sSpan28" target="GENTLE_esports_fifa.tok.xml#sTok222"/>
		<rel id="sPointingRel1614" xlink:href="rsd.GENTLE_esports_fifa.mark.xml#sSpan29" target="GENTLE_esports_fifa.tok.xml#sTok232"/>
		<rel id="sPointingRel1615" xlink:href="rsd.GENTLE_esports_fifa.mark.xml#sSpan30" target="GENTLE_esports_fifa.tok.xml#sTok244"/>
		<rel id="sPointingRel1616" xlink:href="rsd.GENTLE_esports_fifa.mark.xml#sSpan31" target="GENTLE_esports_fifa.tok.xml#sTok250"/>
		<rel id="sPointingRel1617" xlink:href="rsd.GENTLE_esports_fifa.mark.xml#sSpan32" target="GENTLE_esports_fifa.tok.xml#sTok251"/>
		<rel id="sPointingRel1618" xlink:href="rsd.GENTLE_esports_fifa.mark.xml#sSpan33" target="GENTLE_esports_fifa.tok.xml#sTok256"/>
		<rel id="sPointingRel1619" xlink:href="rsd.GENTLE_esports_fifa.mark.xml#sSpan34" target="GENTLE_esports_fifa.tok.xml#sTok266"/>
		<rel id="sPointingRel1620" xlink:href="rsd.GENTLE_esports_fifa.mark.xml#sSpan35" target="GENTLE_esports_fifa.tok.xml#sTok270"/>
		<rel id="sPointingRel1621" xlink:href="rsd.GENTLE_esports_fifa.mark.xml#sSpan36" target="GENTLE_esports_fifa.tok.xml#sTok287"/>
		<rel id="sPointingRel1622" xlink:href="rsd.GENTLE_esports_fifa.mark.xml#sSpan37" target="GENTLE_esports_fifa.tok.xml#sTok292"/>
		<rel id="sPointingRel1623" xlink:href="rsd.GENTLE_esports_fifa.mark.xml#sSpan38" target="GENTLE_esports_fifa.tok.xml#sTok305"/>
		<rel id="sPointingRel1624" xlink:href="rsd.GENTLE_esports_fifa.mark.xml#sSpan39" target="GENTLE_esports_fifa.tok.xml#sTok310"/>
		<rel id="sPointingRel1625" xlink:href="rsd.GENTLE_esports_fifa.mark.xml#sSpan40" target="GENTLE_esports_fifa.tok.xml#sTok314"/>
		<rel id="sPointingRel1626" xlink:href="rsd.GENTLE_esports_fifa.mark.xml#sSpan41" target="GENTLE_esports_fifa.tok.xml#sTok320"/>
		<rel id="sPointingRel1627" xlink:href="rsd.GENTLE_esports_fifa.mark.xml#sSpan42" target="GENTLE_esports_fifa.tok.xml#sTok325"/>
		<rel id="sPointingRel1628" xlink:href="rsd.GENTLE_esports_fifa.mark.xml#sSpan43" target="GENTLE_esports_fifa.tok.xml#sTok328"/>
		<rel id="sPointingRel1629" xlink:href="rsd.GENTLE_esports_fifa.mark.xml#sSpan44" target="GENTLE_esports_fifa.tok.xml#sTok331"/>
		<rel id="sPointingRel1630" xlink:href="rsd.GENTLE_esports_fifa.mark.xml#sSpan45" target="GENTLE_esports_fifa.tok.xml#sTok343"/>
		<rel id="sPointingRel1631" xlink:href="rsd.GENTLE_esports_fifa.mark.xml#sSpan46" target="GENTLE_esports_fifa.tok.xml#sTok348"/>
		<rel id="sPointingRel1632" xlink:href="rsd.GENTLE_esports_fifa.mark.xml#sSpan47" target="GENTLE_esports_fifa.tok.xml#sTok357"/>
		<rel id="sPointingRel1633" xlink:href="rsd.GENTLE_esports_fifa.mark.xml#sSpan48" target="GENTLE_esports_fifa.tok.xml#sTok368"/>
		<rel id="sPointingRel1634" xlink:href="rsd.GENTLE_esports_fifa.mark.xml#sSpan49" target="GENTLE_esports_fifa.tok.xml#sTok379"/>
		<rel id="sPointingRel1635" xlink:href="rsd.GENTLE_esports_fifa.mark.xml#sSpan50" target="GENTLE_esports_fifa.tok.xml#sTok384"/>
		<rel id="sPointingRel1636" xlink:href="rsd.GENTLE_esports_fifa.mark.xml#sSpan51" target="GENTLE_esports_fifa.tok.xml#sTok387"/>
		<rel id="sPointingRel1637" xlink:href="rsd.GENTLE_esports_fifa.mark.xml#sSpan52" target="GENTLE_esports_fifa.tok.xml#sTok392"/>
		<rel id="sPointingRel1638" xlink:href="rsd.GENTLE_esports_fifa.mark.xml#sSpan53" target="GENTLE_esports_fifa.tok.xml#sTok400"/>
		<rel id="sPointingRel1639" xlink:href="rsd.GENTLE_esports_fifa.mark.xml#sSpan54" target="GENTLE_esports_fifa.tok.xml#sTok411"/>
		<rel id="sPointingRel1640" xlink:href="rsd.GENTLE_esports_fifa.mark.xml#sSpan55" target="GENTLE_esports_fifa.tok.xml#sTok414"/>
		<rel id="sPointingRel1641" xlink:href="rsd.GENTLE_esports_fifa.mark.xml#sSpan56" target="GENTLE_esports_fifa.tok.xml#sTok426"/>
		<rel id="sPointingRel1642" xlink:href="rsd.GENTLE_esports_fifa.mark.xml#sSpan57" target="GENTLE_esports_fifa.tok.xml#sTok437"/>
		<rel id="sPointingRel1643" xlink:href="rsd.GENTLE_esports_fifa.mark.xml#sSpan58" target="GENTLE_esports_fifa.tok.xml#sTok441"/>
		<rel id="sPointingRel1644" xlink:href="rsd.GENTLE_esports_fifa.mark.xml#sSpan59" target="GENTLE_esports_fifa.tok.xml#sTok444"/>
		<rel id="sPointingRel1645" xlink:href="rsd.GENTLE_esports_fifa.mark.xml#sSpan60" target="GENTLE_esports_fifa.tok.xml#sTok447"/>
		<rel id="sPointingRel1646" xlink:href="rsd.GENTLE_esports_fifa.mark.xml#sSpan61" target="GENTLE_esports_fifa.tok.xml#sTok458"/>
		<rel id="sPointingRel1647" xlink:href="rsd.GENTLE_esports_fifa.mark.xml#sSpan62" target="GENTLE_esports_fifa.tok.xml#sTok462"/>
		<rel id="sPointingRel1648" xlink:href="rsd.GENTLE_esports_fifa.mark.xml#sSpan63" target="GENTLE_esports_fifa.tok.xml#sTok466"/>
		<rel id="sPointingRel1649" xlink:href="rsd.GENTLE_esports_fifa.mark.xml#sSpan64" target="GENTLE_esports_fifa.tok.xml#sTok472"/>
		<rel id="sPointingRel1650" xlink:href="rsd.GENTLE_esports_fifa.mark.xml#sSpan65" target="GENTLE_esports_fifa.tok.xml#sTok476"/>
		<rel id="sPointingRel1651" xlink:href="rsd.GENTLE_esports_fifa.mark.xml#sSpan66" target="GENTLE_esports_fifa.tok.xml#sTok482"/>
		<rel id="sPointingRel1652" xlink:href="rsd.GENTLE_esports_fifa.mark.xml#sSpan67" target="GENTLE_esports_fifa.tok.xml#sTok487"/>
		<rel id="sPointingRel1653" xlink:href="rsd.GENTLE_esports_fifa.mark.xml#sSpan68" target="GENTLE_esports_fifa.tok.xml#sTok489"/>
		<rel id="sPointingRel1654" xlink:href="rsd.GENTLE_esports_fifa.mark.xml#sSpan69" target="GENTLE_esports_fifa.tok.xml#sTok493"/>
		<rel id="sPointingRel1655" xlink:href="rsd.GENTLE_esports_fifa.mark.xml#sSpan70" target="GENTLE_esports_fifa.tok.xml#sTok501"/>
		<rel id="sPointingRel1656" xlink:href="rsd.GENTLE_esports_fifa.mark.xml#sSpan71" target="GENTLE_esports_fifa.tok.xml#sTok506"/>
		<rel id="sPointingRel1657" xlink:href="rsd.GENTLE_esports_fifa.mark.xml#sSpan72" target="GENTLE_esports_fifa.tok.xml#sTok512"/>
		<rel id="sPointingRel1658" xlink:href="rsd.GENTLE_esports_fifa.mark.xml#sSpan73" target="GENTLE_esports_fifa.tok.xml#sTok520"/>
		<rel id="sPointingRel1659" xlink:href="rsd.GENTLE_esports_fifa.mark.xml#sSpan74" target="GENTLE_esports_fifa.tok.xml#sTok529"/>
		<rel id="sPointingRel1660" xlink:href="rsd.GENTLE_esports_fifa.mark.xml#sSpan75" target="GENTLE_esports_fifa.tok.xml#sTok535"/>
		<rel id="sPointingRel1661" xlink:href="rsd.GENTLE_esports_fifa.mark.xml#sSpan76" target="GENTLE_esports_fifa.tok.xml#sTok541"/>
		<rel id="sPointingRel1662" xlink:href="rsd.GENTLE_esports_fifa.mark.xml#sSpan77" target="GENTLE_esports_fifa.tok.xml#sTok551"/>
		<rel id="sPointingRel1663" xlink:href="rsd.GENTLE_esports_fifa.mark.xml#sSpan78" target="GENTLE_esports_fifa.tok.xml#sTok557"/>
		<rel id="sPointingRel1664" xlink:href="rsd.GENTLE_esports_fifa.mark.xml#sSpan79" target="GENTLE_esports_fifa.tok.xml#sTok562"/>
		<rel id="sPointingRel1665" xlink:href="rsd.GENTLE_esports_fifa.mark.xml#sSpan80" target="GENTLE_esports_fifa.tok.xml#sTok569"/>
		<rel id="sPointingRel1666" xlink:href="rsd.GENTLE_esports_fifa.mark.xml#sSpan81" target="GENTLE_esports_fifa.tok.xml#sTok573"/>
		<rel id="sPointingRel1667" xlink:href="rsd.GENTLE_esports_fifa.mark.xml#sSpan82" target="GENTLE_esports_fifa.tok.xml#sTok578"/>
		<rel id="sPointingRel1668" xlink:href="rsd.GENTLE_esports_fifa.mark.xml#sSpan83" target="GENTLE_esports_fifa.tok.xml#sTok580"/>
		<rel id="sPointingRel1669" xlink:href="rsd.GENTLE_esports_fifa.mark.xml#sSpan84" target="GENTLE_esports_fifa.tok.xml#sTok586"/>
		<rel id="sPointingRel1670" xlink:href="rsd.GENTLE_esports_fifa.mark.xml#sSpan85" target="GENTLE_esports_fifa.tok.xml#sTok592"/>
		<rel id="sPointingRel1671" xlink:href="rsd.GENTLE_esports_fifa.mark.xml#sSpan86" target="GENTLE_esports_fifa.tok.xml#sTok597"/>
		<rel id="sPointingRel1672" xlink:href="rsd.GENTLE_esports_fifa.mark.xml#sSpan87" target="GENTLE_esports_fifa.tok.xml#sTok611"/>
		<rel id="sPointingRel1673" xlink:href="rsd.GENTLE_esports_fifa.mark.xml#sSpan88" target="GENTLE_esports_fifa.tok.xml#sTok619"/>
		<rel id="sPointingRel1674" xlink:href="rsd.GENTLE_esports_fifa.mark.xml#sSpan89" target="GENTLE_esports_fifa.tok.xml#sTok623"/>
		<rel id="sPointingRel1675" xlink:href="rsd.GENTLE_esports_fifa.mark.xml#sSpan90" target="GENTLE_esports_fifa.tok.xml#sTok630"/>
		<rel id="sPointingRel1676" xlink:href="rsd.GENTLE_esports_fifa.mark.xml#sSpan91" target="GENTLE_esports_fifa.tok.xml#sTok634"/>
		<rel id="sPointingRel1677" xlink:href="rsd.GENTLE_esports_fifa.mark.xml#sSpan92" target="GENTLE_esports_fifa.tok.xml#sTok640"/>
		<rel id="sPointingRel1678" xlink:href="rsd.GENTLE_esports_fifa.mark.xml#sSpan93" target="GENTLE_esports_fifa.tok.xml#sTok646"/>
		<rel id="sPointingRel1679" xlink:href="rsd.GENTLE_esports_fifa.mark.xml#sSpan94" target="GENTLE_esports_fifa.tok.xml#sTok652"/>
		<rel id="sPointingRel1680" xlink:href="rsd.GENTLE_esports_fifa.mark.xml#sSpan95" target="GENTLE_esports_fifa.tok.xml#sTok658"/>
		<rel id="sPointingRel1681" xlink:href="rsd.GENTLE_esports_fifa.mark.xml#sSpan96" target="GENTLE_esports_fifa.tok.xml#sTok675"/>
		<rel id="sPointingRel1682" xlink:href="rsd.GENTLE_esports_fifa.mark.xml#sSpan97" target="GENTLE_esports_fifa.tok.xml#sTok682"/>
		<rel id="sPointingRel1683" xlink:href="rsd.GENTLE_esports_fifa.mark.xml#sSpan98" target="GENTLE_esports_fifa.tok.xml#sTok687"/>
		<rel id="sPointingRel1684" xlink:href="rsd.GENTLE_esports_fifa.mark.xml#sSpan99" target="GENTLE_esports_fifa.tok.xml#sTok696"/>
		<rel id="sPointingRel1685" xlink:href="rsd.GENTLE_esports_fifa.mark.xml#sSpan100" target="GENTLE_esports_fifa.tok.xml#sTok710"/>
		<rel id="sPointingRel1686" xlink:href="rsd.GENTLE_esports_fifa.mark.xml#sSpan101" target="GENTLE_esports_fifa.tok.xml#sTok715"/>
		<rel id="sPointingRel1687" xlink:href="rsd.GENTLE_esports_fifa.mark.xml#sSpan102" target="GENTLE_esports_fifa.tok.xml#sTok728"/>
		<rel id="sPointingRel1688" xlink:href="rsd.GENTLE_esports_fifa.mark.xml#sSpan103" target="GENTLE_esports_fifa.tok.xml#sTok743"/>
		<rel id="sPointingRel1689" xlink:href="rsd.GENTLE_esports_fifa.mark.xml#sSpan104" target="GENTLE_esports_fifa.tok.xml#sTok747"/>
		<rel id="sPointingRel1690" xlink:href="rsd.GENTLE_esports_fifa.mark.xml#sSpan105" target="GENTLE_esports_fifa.tok.xml#sTok758"/>
		<rel id="sPointingRel1691" xlink:href="rsd.GENTLE_esports_fifa.mark.xml#sSpan106" target="GENTLE_esports_fifa.tok.xml#sTok761"/>
		<rel id="sPointingRel1692" xlink:href="rsd.GENTLE_esports_fifa.mark.xml#sSpan107" target="GENTLE_esports_fifa.tok.xml#sTok772"/>
		<rel id="sPointingRel1693" xlink:href="rsd.GENTLE_esports_fifa.mark.xml#sSpan108" target="GENTLE_esports_fifa.tok.xml#sTok774"/>
		<rel id="sPointingRel1694" xlink:href="rsd.GENTLE_esports_fifa.mark.xml#sSpan109" target="GENTLE_esports_fifa.tok.xml#sTok778"/>
		<rel id="sPointingRel1695" xlink:href="rsd.GENTLE_esports_fifa.mark.xml#sSpan110" target="GENTLE_esports_fifa.tok.xml#sTok785"/>
		<rel id="sPointingRel1696" xlink:href="rsd.GENTLE_esports_fifa.mark.xml#sSpan111" target="GENTLE_esports_fifa.tok.xml#sTok794"/>
		<rel id="sPointingRel1697" xlink:href="rsd.GENTLE_esports_fifa.mark.xml#sSpan112" target="GENTLE_esports_fifa.tok.xml#sTok809"/>
		<rel id="sPointingRel1698" xlink:href="rsd.GENTLE_esports_fifa.mark.xml#sSpan113" target="GENTLE_esports_fifa.tok.xml#sTok813"/>
		<rel id="sPointingRel1699" xlink:href="rsd.GENTLE_esports_fifa.mark.xml#sSpan114" target="GENTLE_esports_fifa.tok.xml#sTok820"/>
		<rel id="sPointingRel1700" xlink:href="rsd.GENTLE_esports_fifa.mark.xml#sSpan115" target="GENTLE_esports_fifa.tok.xml#sTok823"/>
		<rel id="sPointingRel1701" xlink:href="rsd.GENTLE_esports_fifa.mark.xml#sSpan116" target="GENTLE_esports_fifa.tok.xml#sTok826"/>
		<rel id="sPointingRel1702" xlink:href="rsd.GENTLE_esports_fifa.mark.xml#sSpan117" target="GENTLE_esports_fifa.tok.xml#sTok828"/>
		<rel id="sPointingRel1703" xlink:href="rsd.GENTLE_esports_fifa.mark.xml#sSpan118" target="GENTLE_esports_fifa.tok.xml#sTok833"/>
		<rel id="sPointingRel1704" xlink:href="rsd.GENTLE_esports_fifa.mark.xml#sSpan119" target="GENTLE_esports_fifa.tok.xml#sTok839"/>
		<rel id="sPointingRel1705" xlink:href="rsd.GENTLE_esports_fifa.mark.xml#sSpan120" target="GENTLE_esports_fifa.tok.xml#sTok850"/>
		<rel id="sPointingRel1706" xlink:href="rsd.GENTLE_esports_fifa.mark.xml#sSpan121" target="GENTLE_esports_fifa.tok.xml#sTok856"/>
		<rel id="sPointingRel1707" xlink:href="rsd.GENTLE_esports_fifa.mark.xml#sSpan122" target="GENTLE_esports_fifa.tok.xml#sTok859"/>
		<rel id="sPointingRel1708" xlink:href="rsd.GENTLE_esports_fifa.mark.xml#sSpan123" target="GENTLE_esports_fifa.tok.xml#sTok862"/>
		<rel id="sPointingRel1709" xlink:href="rsd.GENTLE_esports_fifa.mark.xml#sSpan124" target="GENTLE_esports_fifa.tok.xml#sTok872"/>
		<rel id="sPointingRel1710" xlink:href="rsd.GENTLE_esports_fifa.mark.xml#sSpan125" target="GENTLE_esports_fifa.tok.xml#sTok888"/>
		<rel id="sPointingRel1711" xlink:href="rsd.GENTLE_esports_fifa.mark.xml#sSpan126" target="GENTLE_esports_fifa.tok.xml#sTok895"/>
		<rel id="sPointingRel1712" xlink:href="rsd.GENTLE_esports_fifa.mark.xml#sSpan127" target="GENTLE_esports_fifa.tok.xml#sTok896"/>
		<rel id="sPointingRel1713" xlink:href="rsd.GENTLE_esports_fifa.mark.xml#sSpan128" target="GENTLE_esports_fifa.tok.xml#sTok901"/>
		<rel id="sPointingRel1714" xlink:href="rsd.GENTLE_esports_fifa.mark.xml#sSpan129" target="GENTLE_esports_fifa.tok.xml#sTok904"/>
		<rel id="sPointingRel1715" xlink:href="rsd.GENTLE_esports_fifa.mark.xml#sSpan130" target="GENTLE_esports_fifa.tok.xml#sTok906"/>
		<rel id="sPointingRel1716" xlink:href="rsd.GENTLE_esports_fifa.mark.xml#sSpan131" target="GENTLE_esports_fifa.tok.xml#sTok910"/>
		<rel id="sPointingRel1717" xlink:href="rsd.GENTLE_esports_fifa.mark.xml#sSpan132" target="GENTLE_esports_fifa.tok.xml#sTok917"/></relList></paula>