<?xml version='1.0' encoding='UTF-8'?><!DOCTYPE paula SYSTEM "paula_feat.dtd">
<paula version="1.1">
	<header paula_id="ref.GENTLE_esports_fifa.mark_centering"/>
	<featList xmlns:xlink="http://www.w3.org/1999/xlink" type="centering" xml:base="ref.GENTLE_esports_fifa.mark.xml">
		<feat xlink:href="#sSpan134" value="cf17"/>
		<feat xlink:href="#sSpan135" value="cf18"/>
		<feat xlink:href="#sSpan136" value="cf3"/>
		<feat xlink:href="#sSpan137" value="cf3"/>
		<feat xlink:href="#sSpan138" value="cf1"/>
		<feat xlink:href="#sSpan139" value="cf10"/>
		<feat xlink:href="#sSpan140" value="cf11"/>
		<feat xlink:href="#sSpan141" value="cf24"/>
		<feat xlink:href="#sSpan142" value="cf1"/>
		<feat xlink:href="#sSpan143" value="cf3"/>
		<feat xlink:href="#sSpan144" value="cf12"/>
		<feat xlink:href="#sSpan145" value="cf13"/>
		<feat xlink:href="#sSpan146" value="cf4"/>
		<feat xlink:href="#sSpan147" value="cf5"/>
		<feat xlink:href="#sSpan148" value="cf7"/>
		<feat xlink:href="#sSpan149" value="cf19"/>
		<feat xlink:href="#sSpan150" value="cf20"/>
		<feat xlink:href="#sSpan151" value="cf6"/>
		<feat xlink:href="#sSpan152" value="cf14"/>
		<feat xlink:href="#sSpan153" value="cf1"/>
		<feat xlink:href="#sSpan154" value="cf21"/>
		<feat xlink:href="#sSpan155" value="cf16"/>
		<feat xlink:href="#sSpan156" value="cf1"/>
		<feat xlink:href="#sSpan157" value="cf4"/>
		<feat xlink:href="#sSpan158" value="cf5"/>
		<feat xlink:href="#sSpan159" value="cf22"/>
		<feat xlink:href="#sSpan160" value="cf15"/>
		<feat xlink:href="#sSpan161" value="cf23"/>
		<feat xlink:href="#sSpan162" value="cf2"/>
		<feat xlink:href="#sSpan163" value="cf3"/>
		<feat xlink:href="#sSpan164" value="cf2"/>
		<feat xlink:href="#sSpan165" value="cf9"/>
		<feat xlink:href="#sSpan166" value="cf1"/>
		<feat xlink:href="#sSpan167" value="cf4"/>
		<feat xlink:href="#sSpan168" value="cf5"/>
		<feat xlink:href="#sSpan169" value="cf2"/>
		<feat xlink:href="#sSpan170" value="cf8"/>
		<feat xlink:href="#sSpan171" value="cf4"/>
		<feat xlink:href="#sSpan172" value="cf4"/>
		<feat xlink:href="#sSpan173" value="cf3"/>
		<feat xlink:href="#sSpan174" value="cf1*"/>
		<feat xlink:href="#sSpan175" value="cf3"/>
		<feat xlink:href="#sSpan176" value="cf2"/>
		<feat xlink:href="#sSpan177" value="cf1*"/>
		<feat xlink:href="#sSpan178" value="cf5"/>
		<feat xlink:href="#sSpan179" value="cf2"/>
		<feat xlink:href="#sSpan180" value="cf6"/>
		<feat xlink:href="#sSpan181" value="cf4"/>
		<feat xlink:href="#sSpan182" value="cf3"/>
		<feat xlink:href="#sSpan183" value="cf1*"/>
		<feat xlink:href="#sSpan184" value="cf4"/>
		<feat xlink:href="#sSpan185" value="cf2"/>
		<feat xlink:href="#sSpan186" value="cf3"/>
		<feat xlink:href="#sSpan187" value="cf5"/>
		<feat xlink:href="#sSpan188" value="cf6"/>
		<feat xlink:href="#sSpan189" value="cf1"/>
		<feat xlink:href="#sSpan190" value="cf1"/>
		<feat xlink:href="#sSpan191" value="cf2"/>
		<feat xlink:href="#sSpan192" value="cf2"/>
		<feat xlink:href="#sSpan193" value="cf5"/>
		<feat xlink:href="#sSpan194" value="cf1"/>
		<feat xlink:href="#sSpan195" value="cf6"/>
		<feat xlink:href="#sSpan196" value="cf7"/>
		<feat xlink:href="#sSpan197" value="cf1"/>
		<feat xlink:href="#sSpan198" value="cf4"/>
		<feat xlink:href="#sSpan199" value="cf3"/>
		<feat xlink:href="#sSpan200" value="cf8"/>
		<feat xlink:href="#sSpan201" value="cf1*"/>
		<feat xlink:href="#sSpan202" value="cf2"/>
		<feat xlink:href="#sSpan203" value="cf3"/>
		<feat xlink:href="#sSpan204" value="cf1"/>
		<feat xlink:href="#sSpan205" value="cf2"/>
		<feat xlink:href="#sSpan206" value="cf1"/>
		<feat xlink:href="#sSpan207" value="cf1"/>
		<feat xlink:href="#sSpan208" value="cf4"/>
		<feat xlink:href="#sSpan209" value="cf1*"/>
		<feat xlink:href="#sSpan210" value="cf4"/>
		<feat xlink:href="#sSpan211" value="cf3"/>
		<feat xlink:href="#sSpan212" value="cf5"/>
		<feat xlink:href="#sSpan213" value="cf2"/>
		<feat xlink:href="#sSpan214" value="cf5"/>
		<feat xlink:href="#sSpan215" value="cf2"/>
		<feat xlink:href="#sSpan216" value="cf2"/>
		<feat xlink:href="#sSpan217" value="cf1*"/>
		<feat xlink:href="#sSpan218" value="cf4"/>
		<feat xlink:href="#sSpan219" value="cf2"/>
		<feat xlink:href="#sSpan220" value="cf3"/>
		<feat xlink:href="#sSpan221" value="cf1*"/>
		<feat xlink:href="#sSpan222" value="cf2"/>
		<feat xlink:href="#sSpan223" value="cf1*"/>
		<feat xlink:href="#sSpan224" value="cf2"/>
		<feat xlink:href="#sSpan225" value="cf1"/>
		<feat xlink:href="#sSpan226" value="cf1*"/>
		<feat xlink:href="#sSpan227" value="cf2"/>
		<feat xlink:href="#sSpan228" value="cf2"/>
		<feat xlink:href="#sSpan229" value="cf2"/>
		<feat xlink:href="#sSpan230" value="cf2"/>
		<feat xlink:href="#sSpan231" value="cf2"/>
		<feat xlink:href="#sSpan232" value="cf3"/>
		<feat xlink:href="#sSpan233" value="cf4"/>
		<feat xlink:href="#sSpan234" value="cf1"/>
		<feat xlink:href="#sSpan235" value="cf1"/>
		<feat xlink:href="#sSpan236" value="cf3"/>
		<feat xlink:href="#sSpan237" value="cf2"/>
		<feat xlink:href="#sSpan238" value="cf4"/>
		<feat xlink:href="#sSpan239" value="cf1"/>
		<feat xlink:href="#sSpan240" value="cf2"/>
		<feat xlink:href="#sSpan241" value="cf4"/>
		<feat xlink:href="#sSpan242" value="cf5"/>
		<feat xlink:href="#sSpan243" value="cf6"/>
		<feat xlink:href="#sSpan244" value="cf1"/>
		<feat xlink:href="#sSpan245" value="cf3"/>
		<feat xlink:href="#sSpan246" value="cf1"/>
		<feat xlink:href="#sSpan247" value="cf2"/>
		<feat xlink:href="#sSpan248" value="cf2"/>
		<feat xlink:href="#sSpan249" value="cf5"/>
		<feat xlink:href="#sSpan250" value="cf1"/>
		<feat xlink:href="#sSpan251" value="cf4"/>
		<feat xlink:href="#sSpan252" value="cf6"/>
		<feat xlink:href="#sSpan253" value="cf3"/>
		<feat xlink:href="#sSpan254" value="cf1*"/>
		<feat xlink:href="#sSpan255" value="cf3"/>
		<feat xlink:href="#sSpan256" value="cf5"/>
		<feat xlink:href="#sSpan257" value="cf2"/>
		<feat xlink:href="#sSpan258" value="cf4"/>
		<feat xlink:href="#sSpan259" value="cf3"/>
		<feat xlink:href="#sSpan260" value="cf2"/>
		<feat xlink:href="#sSpan261" value="cf2"/>
		<feat xlink:href="#sSpan262" value="cf1*"/>
		<feat xlink:href="#sSpan263" value="cf2"/>
		<feat xlink:href="#sSpan264" value="cf1*"/>
		<feat xlink:href="#sSpan265" value="cf5"/>
		<feat xlink:href="#sSpan266" value="cf6"/>
		<feat xlink:href="#sSpan267" value="cf3"/>
		<feat xlink:href="#sSpan268" value="cf3"/>
		<feat xlink:href="#sSpan269" value="cf4"/>
		<feat xlink:href="#sSpan270" value="cf2*"/>
		<feat xlink:href="#sSpan271" value="cf1"/>
		<feat xlink:href="#sSpan272" value="cf1"/>
		<feat xlink:href="#sSpan273" value="cf3"/>
		<feat xlink:href="#sSpan274" value="cf3"/>
		<feat xlink:href="#sSpan275" value="cf1"/>
		<feat xlink:href="#sSpan276" value="cf4"/>
		<feat xlink:href="#sSpan277" value="cf1"/>
		<feat xlink:href="#sSpan278" value="cf5"/>
		<feat xlink:href="#sSpan279" value="cf2*"/>
		<feat xlink:href="#sSpan280" value="cf2"/>
		<feat xlink:href="#sSpan281" value="cf1"/>
		<feat xlink:href="#sSpan282" value="cf1"/>
		<feat xlink:href="#sSpan283" value="cf3"/>
		<feat xlink:href="#sSpan284" value="cf3"/>
		<feat xlink:href="#sSpan285" value="cf1"/>
		<feat xlink:href="#sSpan286" value="cf1"/>
		<feat xlink:href="#sSpan287" value="cf2*"/>
		<feat xlink:href="#sSpan288" value="cf6"/>
		<feat xlink:href="#sSpan289" value="cf3"/>
		<feat xlink:href="#sSpan290" value="cf5"/>
		<feat xlink:href="#sSpan291" value="cf9"/>
		<feat xlink:href="#sSpan292" value="cf7"/>
		<feat xlink:href="#sSpan293" value="cf4"/>
		<feat xlink:href="#sSpan294" value="cf8"/>
		<feat xlink:href="#sSpan295" value="cf10"/>
		<feat xlink:href="#sSpan296" value="cf1"/>
		<feat xlink:href="#sSpan297" value="cf2"/>
		<feat xlink:href="#sSpan298" value="cf3"/>
		<feat xlink:href="#sSpan299" value="cf1*"/>
		<feat xlink:href="#sSpan300" value="cf2"/>
		<feat xlink:href="#sSpan301" value="cf5"/>
		<feat xlink:href="#sSpan302" value="cf3"/>
		<feat xlink:href="#sSpan303" value="cf4"/>
		<feat xlink:href="#sSpan304" value="cf1"/>
		<feat xlink:href="#sSpan305" value="cf1"/>
		<feat xlink:href="#sSpan306" value="cf6"/>
		<feat xlink:href="#sSpan307" value="cf1"/>
		<feat xlink:href="#sSpan308" value="cf1"/>
		<feat xlink:href="#sSpan309" value="cf7"/>
		<feat xlink:href="#sSpan310" value="cf5"/>
		<feat xlink:href="#sSpan311" value="cf4"/>
		<feat xlink:href="#sSpan312" value="cf2*"/>
		<feat xlink:href="#sSpan313" value="cf3"/>
		<feat xlink:href="#sSpan314" value="cf3"/>
		<feat xlink:href="#sSpan315" value="cf2"/>
		<feat xlink:href="#sSpan316" value="cf1*"/>
		<feat xlink:href="#sSpan317" value="cf2"/>
		<feat xlink:href="#sSpan318" value="cf3"/>
		<feat xlink:href="#sSpan319" value="cf4"/>
		<feat xlink:href="#sSpan320" value="cf1"/>
		<feat xlink:href="#sSpan321" value="cf2"/>
		<feat xlink:href="#sSpan322" value="cf3"/>
		<feat xlink:href="#sSpan323" value="cf1"/>
		<feat xlink:href="#sSpan324" value="cf1"/>
		<feat xlink:href="#sSpan325" value="cf5"/>
		<feat xlink:href="#sSpan326" value="cf1"/>
		<feat xlink:href="#sSpan327" value="cf4"/>
		<feat xlink:href="#sSpan328" value="cf2*"/>
		<feat xlink:href="#sSpan329" value="cf5"/>
		<feat xlink:href="#sSpan330" value="cf6"/>
		<feat xlink:href="#sSpan331" value="cf1"/>
		<feat xlink:href="#sSpan332" value="cf3"/>
		<feat xlink:href="#sSpan333" value="cf4"/>
		<feat xlink:href="#sSpan334" value="cf7"/>
		<feat xlink:href="#sSpan335" value="cf1"/>
		<feat xlink:href="#sSpan336" value="cf2*"/>
		<feat xlink:href="#sSpan337" value="cf2*"/>
		<feat xlink:href="#sSpan338" value="cf3"/>
		<feat xlink:href="#sSpan339" value="cf9"/>
		<feat xlink:href="#sSpan340" value="cf1"/>
		<feat xlink:href="#sSpan341" value="cf3"/>
		<feat xlink:href="#sSpan342" value="cf5"/>
		<feat xlink:href="#sSpan343" value="cf1"/>
		<feat xlink:href="#sSpan344" value="cf4"/>
		<feat xlink:href="#sSpan345" value="cf7"/>
		<feat xlink:href="#sSpan346" value="cf6"/>
		<feat xlink:href="#sSpan347" value="cf1"/>
		<feat xlink:href="#sSpan348" value="cf10"/>
		<feat xlink:href="#sSpan349" value="cf4"/>
		<feat xlink:href="#sSpan350" value="cf11"/>
		<feat xlink:href="#sSpan351" value="cf2*"/>
		<feat xlink:href="#sSpan352" value="cf8"/>
		<feat xlink:href="#sSpan353" value="cf2*"/>
		<feat xlink:href="#sSpan354" value="cf7"/>
		<feat xlink:href="#sSpan355" value="cf1"/>
		<feat xlink:href="#sSpan356" value="cf1"/>
		<feat xlink:href="#sSpan357" value="cf3"/>
		<feat xlink:href="#sSpan358" value="cf4"/>
		<feat xlink:href="#sSpan359" value="cf5"/>
		<feat xlink:href="#sSpan360" value="cf6"/>
		<feat xlink:href="#sSpan361" value="cf1"/>
		<feat xlink:href="#sSpan362" value="cf2*"/>
		<feat xlink:href="#sSpan363" value="cf3"/>
		<feat xlink:href="#sSpan364" value="cf4"/>
		<feat xlink:href="#sSpan365" value="cf6"/>
		<feat xlink:href="#sSpan366" value="cf2"/>
		<feat xlink:href="#sSpan367" value="cf5"/>
		<feat xlink:href="#sSpan368" value="cf2"/>
		<feat xlink:href="#sSpan369" value="cf1"/>
		<feat xlink:href="#sSpan370" value="cf1"/>
		<feat xlink:href="#sSpan371" value="cf3"/>
		<feat xlink:href="#sSpan372" value="cf3"/>
		<feat xlink:href="#sSpan373" value="cf1"/>
		<feat xlink:href="#sSpan374" value="cf2"/>
		<feat xlink:href="#sSpan375" value="cf1"/>
		<feat xlink:href="#sSpan376" value="cf2*"/>
		<feat xlink:href="#sSpan377" value="cf1"/>
		<feat xlink:href="#sSpan378" value="cf3"/>
		<feat xlink:href="#sSpan379" value="cf5"/>
		<feat xlink:href="#sSpan380" value="cf8"/>
		<feat xlink:href="#sSpan381" value="cf4"/>
		<feat xlink:href="#sSpan382" value="cf6"/>
		<feat xlink:href="#sSpan383" value="cf7"/>
		<feat xlink:href="#sSpan384" value="cf1"/>
		<feat xlink:href="#sSpan385" value="cf2*"/>
		<feat xlink:href="#sSpan386" value="cf3"/>
		<feat xlink:href="#sSpan387" value="cf1"/>
		<feat xlink:href="#sSpan388" value="cf4"/>
		<feat xlink:href="#sSpan389" value="cf2*"/>
		<feat xlink:href="#sSpan390" value="cf9"/>
		<feat xlink:href="#sSpan391" value="cf2*"/>
		<feat xlink:href="#sSpan392" value="cf2*"/>
		<feat xlink:href="#sSpan393" value="cf3"/>
		<feat xlink:href="#sSpan394" value="cf2*"/></featList></paula>