<?xml version='1.0' encoding='UTF-8'?><!DOCTYPE paula SYSTEM "paula_mark.dtd">
<paula version="1.1">
	<header paula_id="ref.GENTLE_esports_fifa.mark"/>
	<markList xmlns:xlink="http://www.w3.org/1999/xlink" type="ref" xml:base="GENTLE_esports_fifa.tok.xml">
		<!--Now-->
		<mark id="sSpan1" xlink:href="#sTok1"/>
		<!--after-->
		<mark id="sSpan2" xlink:href="#sTok2"/>
		<!--last episodes 's amazing conclusion where Napoli they beat us in the first leg of the Champions League quarter-finals and then we brought it to them in the second leg , and now advancing into the semi-finals against Manchester City-->
		<mark id="sSpan3" xlink:href="#sTok3 #sTok4 #sTok5 #sTok6 #sTok7 #sTok8 #sTok9 #sTok10 #sTok11 #sTok12 #sTok13 #sTok14 #sTok15 #sTok16 #sTok17 #sTok18 #sTok19 #sTok20 #sTok21 #sTok22 #sTok23 #sTok24 #sTok25 #sTok26 #sTok27 #sTok28 #sTok29 #sTok30 #sTok31 #sTok32 #sTok33 #sTok34 #sTok35 #sTok36 #sTok37 #sTok38 #sTok39 #sTok40 #sTok41 #sTok42"/>
		<!--last episodes 's-->
		<mark id="sSpan4" xlink:href="#sTok3 #sTok4 #sTok5"/>
		<!--Napoli-->
		<mark id="sSpan5" xlink:href="#sTok9"/>
		<!--they-->
		<mark id="sSpan6" xlink:href="#sTok10"/>
		<!--us-->
		<mark id="sSpan7" xlink:href="#sTok12"/>
		<!--the first leg of the Champions League quarter-finals-->
		<mark id="sSpan8" xlink:href="#sTok14 #sTok15 #sTok16 #sTok17 #sTok18 #sTok19 #sTok20 #sTok21"/>
		<!--the Champions League quarter-finals-->
		<mark id="sSpan9" xlink:href="#sTok18 #sTok19 #sTok20 #sTok21"/>
		<!--Champions League-->
		<mark id="sSpan10" xlink:href="#sTok19 #sTok20"/>
		<!--we-->
		<mark id="sSpan11" xlink:href="#sTok24"/>
		<!--them-->
		<mark id="sSpan12" xlink:href="#sTok28"/>
		<!--the second leg-->
		<mark id="sSpan13" xlink:href="#sTok30 #sTok31 #sTok32"/>
		<!--the semi-finals against Manchester City-->
		<mark id="sSpan14" xlink:href="#sTok38 #sTok39 #sTok40 #sTok41 #sTok42"/>
		<!--Manchester City-->
		<mark id="sSpan15" xlink:href="#sTok41 #sTok42"/>
		<!--Manchester-->
		<mark id="sSpan16" xlink:href="#sTok41"/>
		<!--,-->
		<mark id="sSpan17" xlink:href="#sTok43"/>
		<!--today 's episode-->
		<mark id="sSpan18" xlink:href="#sTok44 #sTok45 #sTok46"/>
		<!--today 's-->
		<mark id="sSpan19" xlink:href="#sTok44 #sTok45"/>
		<!--is-->
		<mark id="sSpan20" xlink:href="#sTok47"/>
		<!--gon-->
		<mark id="sSpan21" xlink:href="#sTok48"/>
		<!--na-->
		<mark id="sSpan22" xlink:href="#sTok49"/>
		<!--start-->
		<mark id="sSpan23" xlink:href="#sTok50"/>
		<!--off-->
		<mark id="sSpan24" xlink:href="#sTok51"/>
		<!--with-->
		<mark id="sSpan25" xlink:href="#sTok52"/>
		<!--three games that you know are n't as hard as the last couple of matches we 've had-->
		<mark id="sSpan26" xlink:href="#sTok53 #sTok54 #sTok55 #sTok56 #sTok57 #sTok58 #sTok59 #sTok60 #sTok61 #sTok62 #sTok63 #sTok64 #sTok65 #sTok66 #sTok67 #sTok68 #sTok69 #sTok70"/>
		<!--you-->
		<mark id="sSpan27" xlink:href="#sTok56"/>
		<!--the last couple of matches we 've had-->
		<mark id="sSpan28" xlink:href="#sTok63 #sTok64 #sTok65 #sTok66 #sTok67 #sTok68 #sTok69 #sTok70"/>
		<!--we-->
		<mark id="sSpan29" xlink:href="#sTok68"/>
		<!--,-->
		<mark id="sSpan30" xlink:href="#sTok71"/>
		<!--and-->
		<mark id="sSpan31" xlink:href="#sTok72"/>
		<!--then-->
		<mark id="sSpan32" xlink:href="#sTok73"/>
		<!--on-->
		<mark id="sSpan33" xlink:href="#sTok74"/>
		<!--uh-->
		<mark id="sSpan34" xlink:href="#sTok75"/>
		<!--27th of April-->
		<mark id="sSpan35" xlink:href="#sTok76 #sTok77 #sTok78"/>
		<!--April-->
		<mark id="sSpan36" xlink:href="#sTok78"/>
		<!--,-->
		<mark id="sSpan37" xlink:href="#sTok79"/>
		<!--we-->
		<mark id="sSpan38" xlink:href="#sTok80"/>
		<!--have-->
		<mark id="sSpan39" xlink:href="#sTok81"/>
		<!--Manchester City-->
		<mark id="sSpan40" xlink:href="#sTok82 #sTok83"/>
		<!--Manchester-->
		<mark id="sSpan41" xlink:href="#sTok82"/>
		<!--in-->
		<mark id="sSpan42" xlink:href="#sTok84"/>
		<!--the first leg of the semi-finals , which is going to be possibly one of the hardest games I 'm gon na be playing because Napoli has given me our game and Manchester City I know the way they play , they 're exactly like Napoli-->
		<mark id="sSpan43" xlink:href="#sTok85 #sTok86 #sTok87 #sTok88 #sTok89 #sTok90 #sTok91 #sTok92 #sTok93 #sTok94 #sTok95 #sTok96 #sTok97 #sTok98 #sTok99 #sTok100 #sTok101 #sTok102 #sTok103 #sTok104 #sTok105 #sTok106 #sTok107 #sTok108 #sTok109 #sTok110 #sTok111 #sTok112 #sTok113 #sTok114 #sTok115 #sTok116 #sTok117 #sTok118 #sTok119 #sTok120 #sTok121 #sTok122 #sTok123 #sTok124 #sTok125 #sTok126 #sTok127 #sTok128 #sTok129 #sTok130"/>
		<!--the semi-finals-->
		<mark id="sSpan44" xlink:href="#sTok89 #sTok90"/>
		<!--one of the hardest games I 'm gon na be playing-->
		<mark id="sSpan45" xlink:href="#sTok98 #sTok99 #sTok100 #sTok101 #sTok102 #sTok103 #sTok104 #sTok105 #sTok106 #sTok107 #sTok108"/>
		<!--I-->
		<mark id="sSpan46" xlink:href="#sTok103"/>
		<!--Napoli-->
		<mark id="sSpan47" xlink:href="#sTok110"/>
		<!--me-->
		<mark id="sSpan48" xlink:href="#sTok113"/>
		<!--our game-->
		<mark id="sSpan49" xlink:href="#sTok114 #sTok115"/>
		<!--our-->
		<mark id="sSpan50" xlink:href="#sTok114"/>
		<!--Manchester City-->
		<mark id="sSpan51" xlink:href="#sTok117 #sTok118"/>
		<!--Manchester-->
		<mark id="sSpan52" xlink:href="#sTok117"/>
		<!--I-->
		<mark id="sSpan53" xlink:href="#sTok119"/>
		<!--the way they play-->
		<mark id="sSpan54" xlink:href="#sTok121 #sTok122 #sTok123 #sTok124"/>
		<!--they-->
		<mark id="sSpan55" xlink:href="#sTok123"/>
		<!--they-->
		<mark id="sSpan56" xlink:href="#sTok126"/>
		<!--Napoli-->
		<mark id="sSpan57" xlink:href="#sTok130"/>
		<!--.-->
		<mark id="sSpan58" xlink:href="#sTok131"/>
		<!--So-->
		<mark id="sSpan59" xlink:href="#sTok132"/>
		<!--we-->
		<mark id="sSpan60" xlink:href="#sTok133"/>
		<!--'re-->
		<mark id="sSpan61" xlink:href="#sTok134"/>
		<!--just-->
		<mark id="sSpan62" xlink:href="#sTok135"/>
		<!--gon-->
		<mark id="sSpan63" xlink:href="#sTok136"/>
		<!--na-->
		<mark id="sSpan64" xlink:href="#sTok137"/>
		<!--start-->
		<mark id="sSpan65" xlink:href="#sTok138"/>
		<!--off-->
		<mark id="sSpan66" xlink:href="#sTok139"/>
		<!--straightaway-->
		<mark id="sSpan67" xlink:href="#sTok140"/>
		<!--with-->
		<mark id="sSpan68" xlink:href="#sTok141"/>
		<!--a simulated match against Benevento-->
		<mark id="sSpan69" xlink:href="#sTok142 #sTok143 #sTok144 #sTok145 #sTok146"/>
		<!--Benevento-->
		<mark id="sSpan70" xlink:href="#sTok146"/>
		<!--.-->
		<mark id="sSpan71" xlink:href="#sTok147"/>
		<!--We-->
		<mark id="sSpan72" xlink:href="#sTok148"/>
		<!--'re-->
		<mark id="sSpan73" xlink:href="#sTok149"/>
		<!--gon-->
		<mark id="sSpan74" xlink:href="#sTok150"/>
		<!--na-->
		<mark id="sSpan75" xlink:href="#sTok151"/>
		<!--play-->
		<mark id="sSpan76" xlink:href="#sTok152"/>
		<!--one of these three games-->
		<mark id="sSpan77" xlink:href="#sTok153 #sTok154 #sTok155 #sTok156 #sTok157"/>
		<!--these three games-->
		<mark id="sSpan78" xlink:href="#sTok155 #sTok156 #sTok157"/>
		<!--just-->
		<mark id="sSpan79" xlink:href="#sTok158"/>
		<!--to-->
		<mark id="sSpan80" xlink:href="#sTok159"/>
		<!--get-->
		<mark id="sSpan81" xlink:href="#sTok160"/>
		<!--in-->
		<mark id="sSpan82" xlink:href="#sTok161"/>
		<!--the mood of playing games-->
		<mark id="sSpan83" xlink:href="#sTok162 #sTok163 #sTok164 #sTok165 #sTok166"/>
		<!--games-->
		<mark id="sSpan84" xlink:href="#sTok166"/>
		<!--this episode-->
		<mark id="sSpan85" xlink:href="#sTok167 #sTok168"/>
		<!--.-->
		<mark id="sSpan86" xlink:href="#sTok169"/>
		<!--We-->
		<mark id="sSpan87" xlink:href="#sTok170"/>
		<!--'ve-->
		<mark id="sSpan88" xlink:href="#sTok171"/>
		<!--got-->
		<mark id="sSpan89" xlink:href="#sTok172"/>
		<!--a pretty rotated lineup-->
		<mark id="sSpan90" xlink:href="#sTok173 #sTok174 #sTok175 #sTok176"/>
		<!--Jović-->
		<mark id="sSpan91" xlink:href="#sTok177"/>
		<!--scoring-->
		<mark id="sSpan92" xlink:href="#sTok178"/>
		<!--,-->
		<mark id="sSpan93" xlink:href="#sTok179"/>
		<!--van de Beek-->
		<mark id="sSpan94" xlink:href="#sTok180 #sTok181 #sTok182"/>
		<!--and-->
		<mark id="sSpan95" xlink:href="#sTok183"/>
		<!--Ibrahimovic-->
		<mark id="sSpan96" xlink:href="#sTok184"/>
		<!--coming-->
		<mark id="sSpan97" xlink:href="#sTok185"/>
		<!--on-->
		<mark id="sSpan98" xlink:href="#sTok186"/>
		<!--3 - 1 victory-->
		<mark id="sSpan99" xlink:href="#sTok187 #sTok188 #sTok189 #sTok190"/>
		<!--.-->
		<mark id="sSpan100" xlink:href="#sTok191"/>
		<!--Bakayoko-->
		<mark id="sSpan101" xlink:href="#sTok192"/>
		<!--getting-->
		<mark id="sSpan102" xlink:href="#sTok193"/>
		<!--himself-->
		<mark id="sSpan103" xlink:href="#sTok194"/>
		<!--a red card-->
		<mark id="sSpan104" xlink:href="#sTok195 #sTok196 #sTok197"/>
		<!--.-->
		<mark id="sSpan105" xlink:href="#sTok198"/>
		<!--Now-->
		<mark id="sSpan106" xlink:href="#sTok199"/>
		<!--I-->
		<mark id="sSpan107" xlink:href="#sTok200"/>
		<!--'ve-->
		<mark id="sSpan108" xlink:href="#sTok201"/>
		<!--mentioned-->
		<mark id="sSpan109" xlink:href="#sTok202"/>
		<!--that-->
		<mark id="sSpan110" xlink:href="#sTok203"/>
		<!--earlier-->
		<mark id="sSpan111" xlink:href="#sTok204"/>
		<!--in-->
		<mark id="sSpan112" xlink:href="#sTok205"/>
		<!--the Serie A-->
		<mark id="sSpan113" xlink:href="#sTok206 #sTok207 #sTok208"/>
		<!--UVA-->
		<mark id="sSpan114" xlink:href="#sTok209"/>
		<!--has-->
		<mark id="sSpan115" xlink:href="#sTok210"/>
		<!--just-->
		<mark id="sSpan116" xlink:href="#sTok211"/>
		<!--ran-->
		<mark id="sSpan117" xlink:href="#sTok212"/>
		<!--away-->
		<mark id="sSpan118" xlink:href="#sTok213"/>
		<!--with-->
		<mark id="sSpan119" xlink:href="#sTok214"/>
		<!--the Scudetto-->
		<mark id="sSpan120" xlink:href="#sTok215 #sTok216"/>
		<!--89 points-->
		<mark id="sSpan121" xlink:href="#sTok217 #sTok218"/>
		<!--and-->
		<mark id="sSpan122" xlink:href="#sTok219"/>
		<!--right-->
		<mark id="sSpan123" xlink:href="#sTok220"/>
		<!--behind-->
		<mark id="sSpan124" xlink:href="#sTok221"/>
		<!--them-->
		<mark id="sSpan125" xlink:href="#sTok222"/>
		<!--is-->
		<mark id="sSpan126" xlink:href="#sTok223"/>
		<!--Napoli-->
		<mark id="sSpan127" xlink:href="#sTok224"/>
		<!--us-->
		<mark id="sSpan128" xlink:href="#sTok225"/>
		<!--with-->
		<mark id="sSpan129" xlink:href="#sTok226"/>
		<!--76-->
		<mark id="sSpan130" xlink:href="#sTok227"/>
		<!--.-->
		<mark id="sSpan131" xlink:href="#sTok228"/>
		<!--The Scudetto-->
		<mark id="sSpan132" xlink:href="#sTok229 #sTok230"/>
		<!--was-->
		<mark id="sSpan133" xlink:href="#sTok231"/>
		<!--gon-->
		<mark id="sSpan134" xlink:href="#sTok232"/>
		<!--na-->
		<mark id="sSpan135" xlink:href="#sTok233"/>
		<!--be-->
		<mark id="sSpan136" xlink:href="#sTok234"/>
		<!--tough-->
		<mark id="sSpan137" xlink:href="#sTok235"/>
		<!--all-->
		<mark id="sSpan138" xlink:href="#sTok236"/>
		<!--the-->
		<mark id="sSpan139" xlink:href="#sTok237"/>
		<!--time-->
		<mark id="sSpan140" xlink:href="#sTok238"/>
		<!--you-->
		<mark id="sSpan141" xlink:href="#sTok239"/>
		<!--'ve-->
		<mark id="sSpan142" xlink:href="#sTok240"/>
		<!--as-->
		<mark id="sSpan143" xlink:href="#sTok241"/>
		<!--just-->
		<mark id="sSpan144" xlink:href="#sTok242"/>
		<!--way-->
		<mark id="sSpan145" xlink:href="#sTok243"/>
		<!--too-->
		<mark id="sSpan146" xlink:href="#sTok244"/>
		<!--strong-->
		<mark id="sSpan147" xlink:href="#sTok245"/>
		<!--.-->
		<mark id="sSpan148" xlink:href="#sTok246"/>
		<!--Genoa-->
		<mark id="sSpan149" xlink:href="#sTok247"/>
		<!--is-->
		<mark id="sSpan150" xlink:href="#sTok248"/>
		<!--the next match coming up-->
		<mark id="sSpan151" xlink:href="#sTok249 #sTok250 #sTok251 #sTok252 #sTok253"/>
		<!--and-->
		<mark id="sSpan152" xlink:href="#sTok254"/>
		<!--I-->
		<mark id="sSpan153" xlink:href="#sTok255"/>
		<!--'m-->
		<mark id="sSpan154" xlink:href="#sTok256"/>
		<!--going-->
		<mark id="sSpan155" xlink:href="#sTok257"/>
		<!--to-->
		<mark id="sSpan156" xlink:href="#sTok258"/>
		<!--be-->
		<mark id="sSpan157" xlink:href="#sTok259"/>
		<!--playing-->
		<mark id="sSpan158" xlink:href="#sTok260"/>
		<!--this match-->
		<mark id="sSpan159" xlink:href="#sTok261 #sTok262"/>
		<!--because-->
		<mark id="sSpan160" xlink:href="#sTok263"/>
		<!--it-->
		<mark id="sSpan161" xlink:href="#sTok264"/>
		<!--'s-->
		<mark id="sSpan162" xlink:href="#sTok265"/>
		<!--at-->
		<mark id="sSpan163" xlink:href="#sTok266"/>
		<!--home-->
		<mark id="sSpan164" xlink:href="#sTok267"/>
		<!--.-->
		<mark id="sSpan165" xlink:href="#sTok268"/>
		<!--I-->
		<mark id="sSpan166" xlink:href="#sTok269"/>
		<!--'d-->
		<mark id="sSpan167" xlink:href="#sTok270"/>
		<!--like-->
		<mark id="sSpan168" xlink:href="#sTok271"/>
		<!--to-->
		<mark id="sSpan169" xlink:href="#sTok272"/>
		<!--maybe-->
		<mark id="sSpan170" xlink:href="#sTok273"/>
		<!--play-->
		<mark id="sSpan171" xlink:href="#sTok274"/>
		<!--some of our Academy players-->
		<mark id="sSpan172" xlink:href="#sTok275 #sTok276 #sTok277 #sTok278 #sTok279"/>
		<!--our-->
		<mark id="sSpan173" xlink:href="#sTok277"/>
		<!--Academy-->
		<mark id="sSpan174" xlink:href="#sTok278"/>
		<!--in-->
		<mark id="sSpan175" xlink:href="#sTok280"/>
		<!--this match-->
		<mark id="sSpan176" xlink:href="#sTok281 #sTok282"/>
		<!--.-->
		<mark id="sSpan177" xlink:href="#sTok283"/>
		<!--The last match-->
		<mark id="sSpan178" xlink:href="#sTok284 #sTok285 #sTok286"/>
		<!--he-->
		<mark id="sSpan179" xlink:href="#sTok287"/>
		<!--scored-->
		<mark id="sSpan180" xlink:href="#sTok288"/>
		<!--Jović-->
		<mark id="sSpan181" xlink:href="#sTok289"/>
		<!--so-->
		<mark id="sSpan182" xlink:href="#sTok290"/>
		<!--I-->
		<mark id="sSpan183" xlink:href="#sTok291"/>
		<!--'m-->
		<mark id="sSpan184" xlink:href="#sTok292"/>
		<!--gon-->
		<mark id="sSpan185" xlink:href="#sTok293"/>
		<!--na-->
		<mark id="sSpan186" xlink:href="#sTok294"/>
		<!--continue-->
		<mark id="sSpan187" xlink:href="#sTok295"/>
		<!--hopefully-->
		<mark id="sSpan188" xlink:href="#sTok296"/>
		<!--his form-->
		<mark id="sSpan189" xlink:href="#sTok297 #sTok298"/>
		<!--his-->
		<mark id="sSpan190" xlink:href="#sTok297"/>
		<!--in-->
		<mark id="sSpan191" xlink:href="#sTok299"/>
		<!--this game-->
		<mark id="sSpan192" xlink:href="#sTok300 #sTok301"/>
		<!--.-->
		<mark id="sSpan193" xlink:href="#sTok302"/>
		<!--He-->
		<mark id="sSpan194" xlink:href="#sTok303"/>
		<!--'s-->
		<mark id="sSpan195" xlink:href="#sTok304"/>
		<!--up-->
		<mark id="sSpan196" xlink:href="#sTok305"/>
		<!--top-->
		<mark id="sSpan197" xlink:href="#sTok306"/>
		<!--with-->
		<mark id="sSpan198" xlink:href="#sTok307"/>
		<!--Galano-->
		<mark id="sSpan199" xlink:href="#sTok308"/>
		<!--.-->
		<mark id="sSpan200" xlink:href="#sTok309"/>
		<!--Galano-->
		<mark id="sSpan201" xlink:href="#sTok310"/>
		<!--started-->
		<mark id="sSpan202" xlink:href="#sTok311"/>
		<!--off-->
		<mark id="sSpan203" xlink:href="#sTok312"/>
		<!--well-->
		<mark id="sSpan204" xlink:href="#sTok313"/>
		<!--three goals-->
		<mark id="sSpan205" xlink:href="#sTok314 #sTok315"/>
		<!--and-->
		<mark id="sSpan206" xlink:href="#sTok316"/>
		<!--then-->
		<mark id="sSpan207" xlink:href="#sTok317"/>
		<!--just-->
		<mark id="sSpan208" xlink:href="#sTok318"/>
		<!--has-->
		<mark id="sSpan209" xlink:href="#sTok319"/>
		<!--n't-->
		<mark id="sSpan210" xlink:href="#sTok320"/>
		<!--scored-->
		<mark id="sSpan211" xlink:href="#sTok321"/>
		<!--.-->
		<mark id="sSpan212" xlink:href="#sTok322"/>
		<!--I-->
		<mark id="sSpan213" xlink:href="#sTok323"/>
		<!--do-->
		<mark id="sSpan214" xlink:href="#sTok324"/>
		<!--n't-->
		<mark id="sSpan215" xlink:href="#sTok325"/>
		<!--know-->
		<mark id="sSpan216" xlink:href="#sTok326"/>
		<!--.-->
		<mark id="sSpan217" xlink:href="#sTok327"/>
		<!--I-->
		<mark id="sSpan218" xlink:href="#sTok328"/>
		<!--thought-->
		<mark id="sSpan219" xlink:href="#sTok329"/>
		<!--he-->
		<mark id="sSpan220" xlink:href="#sTok330"/>
		<!--was-->
		<mark id="sSpan221" xlink:href="#sTok331"/>
		<!--gon-->
		<mark id="sSpan222" xlink:href="#sTok332"/>
		<!--na-->
		<mark id="sSpan223" xlink:href="#sTok333"/>
		<!--be-->
		<mark id="sSpan224" xlink:href="#sTok334"/>
		<!--such a good future star-->
		<mark id="sSpan225" xlink:href="#sTok335 #sTok336 #sTok337 #sTok338 #sTok339"/>
		<!--but-->
		<mark id="sSpan226" xlink:href="#sTok340"/>
		<!--he-->
		<mark id="sSpan227" xlink:href="#sTok341"/>
		<!--'s-->
		<mark id="sSpan228" xlink:href="#sTok342"/>
		<!--still-->
		<mark id="sSpan229" xlink:href="#sTok343"/>
		<!--young-->
		<mark id="sSpan230" xlink:href="#sTok344"/>
		<!--so-->
		<mark id="sSpan231" xlink:href="#sTok345"/>
		<!--maybe-->
		<mark id="sSpan232" xlink:href="#sTok346"/>
		<!--he-->
		<mark id="sSpan233" xlink:href="#sTok347"/>
		<!--can-->
		<mark id="sSpan234" xlink:href="#sTok348"/>
		<!--get-->
		<mark id="sSpan235" xlink:href="#sTok349"/>
		<!--himself-->
		<mark id="sSpan236" xlink:href="#sTok350"/>
		<!--some goals-->
		<mark id="sSpan237" xlink:href="#sTok351 #sTok352"/>
		<!--here-->
		<mark id="sSpan238" xlink:href="#sTok353"/>
		<!--.-->
		<mark id="sSpan239" xlink:href="#sTok354"/>
		<!--Paquetá-->
		<mark id="sSpan240" xlink:href="#sTok355"/>
		<!--and-->
		<mark id="sSpan241" xlink:href="#sTok356"/>
		<!--almost-->
		<mark id="sSpan242" xlink:href="#sTok357"/>
		<!--starting-->
		<mark id="sSpan243" xlink:href="#sTok358"/>
		<!--Paquetá-->
		<mark id="sSpan244" xlink:href="#sTok359"/>
		<!--over-->
		<mark id="sSpan245" xlink:href="#sTok360"/>
		<!--Bennacer-->
		<mark id="sSpan246" xlink:href="#sTok361"/>
		<!--van de Beek-->
		<mark id="sSpan247" xlink:href="#sTok362 #sTok363 #sTok364"/>
		<!--,-->
		<mark id="sSpan248" xlink:href="#sTok365"/>
		<!--Tonali-->
		<mark id="sSpan249" xlink:href="#sTok366"/>
		<!--.-->
		<mark id="sSpan250" xlink:href="#sTok367"/>
		<!--We-->
		<mark id="sSpan251" xlink:href="#sTok368"/>
		<!--have-->
		<mark id="sSpan252" xlink:href="#sTok369"/>
		<!--Todibo-->
		<mark id="sSpan253" xlink:href="#sTok370"/>
		<!--,-->
		<mark id="sSpan254" xlink:href="#sTok371"/>
		<!--Alderweireld-->
		<mark id="sSpan255" xlink:href="#sTok372"/>
		<!--in-->
		<mark id="sSpan256" xlink:href="#sTok373"/>
		<!--defense-->
		<mark id="sSpan257" xlink:href="#sTok374"/>
		<!--and-->
		<mark id="sSpan258" xlink:href="#sTok375"/>
		<!--obviously-->
		<mark id="sSpan259" xlink:href="#sTok376"/>
		<!--in-->
		<mark id="sSpan260" xlink:href="#sTok377"/>
		<!--goal-->
		<mark id="sSpan261" xlink:href="#sTok378"/>
		<!--we-->
		<mark id="sSpan262" xlink:href="#sTok379"/>
		<!--have-->
		<mark id="sSpan263" xlink:href="#sTok380"/>
		<!--Gigio-->
		<mark id="sSpan264" xlink:href="#sTok381"/>
		<!--.-->
		<mark id="sSpan265" xlink:href="#sTok382"/>
		<!--Like-->
		<mark id="sSpan266" xlink:href="#sTok383"/>
		<!--I-->
		<mark id="sSpan267" xlink:href="#sTok384"/>
		<!--said-->
		<mark id="sSpan268" xlink:href="#sTok385"/>
		<!--,-->
		<mark id="sSpan269" xlink:href="#sTok386"/>
		<!--the Scudetto-->
		<mark id="sSpan270" xlink:href="#sTok387 #sTok388"/>
		<!--if-->
		<mark id="sSpan271" xlink:href="#sTok389"/>
		<!--it-->
		<mark id="sSpan272" xlink:href="#sTok390"/>
		<!--was-->
		<mark id="sSpan273" xlink:href="#sTok391"/>
		<!--n't-->
		<mark id="sSpan274" xlink:href="#sTok392"/>
		<!--gon-->
		<mark id="sSpan275" xlink:href="#sTok393"/>
		<!--na-->
		<mark id="sSpan276" xlink:href="#sTok394"/>
		<!--be-->
		<mark id="sSpan277" xlink:href="#sTok395"/>
		<!--this season-->
		<mark id="sSpan278" xlink:href="#sTok396 #sTok397"/>
		<!--,-->
		<mark id="sSpan279" xlink:href="#sTok398"/>
		<!--I-->
		<mark id="sSpan280" xlink:href="#sTok399"/>
		<!--'m-->
		<mark id="sSpan281" xlink:href="#sTok400"/>
		<!--pushing-->
		<mark id="sSpan282" xlink:href="#sTok401"/>
		<!--all-->
		<mark id="sSpan283" xlink:href="#sTok402"/>
		<!--for-->
		<mark id="sSpan284" xlink:href="#sTok403"/>
		<!--next season-->
		<mark id="sSpan285" xlink:href="#sTok404 #sTok405"/>
		<!--in-->
		<mark id="sSpan286" xlink:href="#sTok406"/>
		<!--the Champions League-->
		<mark id="sSpan287" xlink:href="#sTok407 #sTok408 #sTok409"/>
		<!--.-->
		<mark id="sSpan288" xlink:href="#sTok410"/>
		<!--I-->
		<mark id="sSpan289" xlink:href="#sTok411"/>
		<!--think-->
		<mark id="sSpan290" xlink:href="#sTok412"/>
		<!--we-->
		<mark id="sSpan291" xlink:href="#sTok413"/>
		<!--'re-->
		<mark id="sSpan292" xlink:href="#sTok414"/>
		<!--gon-->
		<mark id="sSpan293" xlink:href="#sTok415"/>
		<!--na-->
		<mark id="sSpan294" xlink:href="#sTok416"/>
		<!--have-->
		<mark id="sSpan295" xlink:href="#sTok417"/>
		<!--to-->
		<mark id="sSpan296" xlink:href="#sTok418"/>
		<!--just-->
		<mark id="sSpan297" xlink:href="#sTok419"/>
		<!--try-->
		<mark id="sSpan298" xlink:href="#sTok420"/>
		<!--and-->
		<mark id="sSpan299" xlink:href="#sTok421"/>
		<!--go-->
		<mark id="sSpan300" xlink:href="#sTok422"/>
		<!--all-->
		<mark id="sSpan301" xlink:href="#sTok423"/>
		<!--- -->
		<mark id="sSpan302" xlink:href="#sTok424"/>
		<!--out-->
		<mark id="sSpan303" xlink:href="#sTok425"/>
		<!--and-->
		<mark id="sSpan304" xlink:href="#sTok426"/>
		<!--win it in our first season back-->
		<mark id="sSpan305" xlink:href="#sTok427 #sTok428 #sTok429 #sTok430 #sTok431 #sTok432 #sTok433"/>
		<!--it-->
		<mark id="sSpan306" xlink:href="#sTok428"/>
		<!--our first season-->
		<mark id="sSpan307" xlink:href="#sTok430 #sTok431 #sTok432"/>
		<!--our-->
		<mark id="sSpan308" xlink:href="#sTok430"/>
		<!--.-->
		<mark id="sSpan309" xlink:href="#sTok434"/>
		<!--That-->
		<mark id="sSpan310" xlink:href="#sTok435"/>
		<!--would-->
		<mark id="sSpan311" xlink:href="#sTok436"/>
		<!--be-->
		<mark id="sSpan312" xlink:href="#sTok437"/>
		<!--something incredibly special-->
		<mark id="sSpan313" xlink:href="#sTok438 #sTok439 #sTok440"/>
		<!--,-->
		<mark id="sSpan314" xlink:href="#sTok441"/>
		<!--but-->
		<mark id="sSpan315" xlink:href="#sTok442"/>
		<!--before-->
		<mark id="sSpan316" xlink:href="#sTok443"/>
		<!--we-->
		<mark id="sSpan317" xlink:href="#sTok444"/>
		<!--do-->
		<mark id="sSpan318" xlink:href="#sTok445"/>
		<!--that-->
		<mark id="sSpan319" xlink:href="#sTok446"/>
		<!--we-->
		<mark id="sSpan320" xlink:href="#sTok447"/>
		<!--need-->
		<mark id="sSpan321" xlink:href="#sTok448"/>
		<!--to-->
		<mark id="sSpan322" xlink:href="#sTok449"/>
		<!--get-->
		<mark id="sSpan323" xlink:href="#sTok450"/>
		<!--through-->
		<mark id="sSpan324" xlink:href="#sTok451"/>
		<!--Manchester City-->
		<mark id="sSpan325" xlink:href="#sTok452 #sTok453"/>
		<!--Manchester-->
		<mark id="sSpan326" xlink:href="#sTok452"/>
		<!--and-->
		<mark id="sSpan327" xlink:href="#sTok454"/>
		<!--that-->
		<mark id="sSpan328" xlink:href="#sTok455"/>
		<!--is-->
		<mark id="sSpan329" xlink:href="#sTok456"/>
		<!--a poor pass by Paquetá-->
		<mark id="sSpan330" xlink:href="#sTok457 #sTok458 #sTok459 #sTok460 #sTok461"/>
		<!--Paquetá-->
		<mark id="sSpan331" xlink:href="#sTok461"/>
		<!--.-->
		<mark id="sSpan332" xlink:href="#sTok462"/>
		<!--Here-->
		<mark id="sSpan333" xlink:href="#sTok463"/>
		<!--'s-->
		<mark id="sSpan334" xlink:href="#sTok464"/>
		<!--Paquetá-->
		<mark id="sSpan335" xlink:href="#sTok465"/>
		<!--now-->
		<mark id="sSpan336" xlink:href="#sTok466"/>
		<!--finding-->
		<mark id="sSpan337" xlink:href="#sTok467"/>
		<!--Galano-->
		<mark id="sSpan338" xlink:href="#sTok468"/>
		<!--,-->
		<mark id="sSpan339" xlink:href="#sTok469"/>
		<!--Galano-->
		<mark id="sSpan340" xlink:href="#sTok470"/>
		<!--is-->
		<mark id="sSpan341" xlink:href="#sTok471"/>
		<!--in-->
		<mark id="sSpan342" xlink:href="#sTok472"/>
		<!--behind-->
		<mark id="sSpan343" xlink:href="#sTok473"/>
		<!--that-->
		<mark id="sSpan344" xlink:href="#sTok474"/>
		<!--is-->
		<mark id="sSpan345" xlink:href="#sTok475"/>
		<!--great stuff-->
		<mark id="sSpan346" xlink:href="#sTok476 #sTok477"/>
		<!--Galano-->
		<mark id="sSpan347" xlink:href="#sTok478"/>
		<!--and-->
		<mark id="sSpan348" xlink:href="#sTok479"/>
		<!--maybe-->
		<mark id="sSpan349" xlink:href="#sTok480"/>
		<!--could-->
		<mark id="sSpan350" xlink:href="#sTok481"/>
		<!--have-->
		<mark id="sSpan351" xlink:href="#sTok482"/>
		<!--went-->
		<mark id="sSpan352" xlink:href="#sTok483"/>
		<!--to-->
		<mark id="sSpan353" xlink:href="#sTok484"/>
		<!--ground-->
		<mark id="sSpan354" xlink:href="#sTok485"/>
		<!--opportunity-->
		<mark id="sSpan355" xlink:href="#sTok486"/>
		<!--for-->
		<mark id="sSpan356" xlink:href="#sTok487"/>
		<!--him-->
		<mark id="sSpan357" xlink:href="#sTok488"/>
		<!--good pass by Paquetá-->
		<mark id="sSpan358" xlink:href="#sTok489 #sTok490 #sTok491 #sTok492"/>
		<!--Paquetá-->
		<mark id="sSpan359" xlink:href="#sTok492"/>
		<!--.-->
		<mark id="sSpan360" xlink:href="#sTok493"/>
		<!--Sandro Tonali-->
		<mark id="sSpan361" xlink:href="#sTok494 #sTok495"/>
		<!--,-->
		<mark id="sSpan362" xlink:href="#sTok496"/>
		<!--Luca Jović-->
		<mark id="sSpan363" xlink:href="#sTok497 #sTok498"/>
		<!--,-->
		<mark id="sSpan364" xlink:href="#sTok499"/>
		<!--he-->
		<mark id="sSpan365" xlink:href="#sTok500"/>
		<!--'s-->
		<mark id="sSpan366" xlink:href="#sTok501"/>
		<!--gon-->
		<mark id="sSpan367" xlink:href="#sTok502"/>
		<!--na-->
		<mark id="sSpan368" xlink:href="#sTok503"/>
		<!--touch-->
		<mark id="sSpan369" xlink:href="#sTok504"/>
		<!--it-->
		<mark id="sSpan370" xlink:href="#sTok505"/>
		<!--and-->
		<mark id="sSpan371" xlink:href="#sTok506"/>
		<!--try-->
		<mark id="sSpan372" xlink:href="#sTok507"/>
		<!--to-->
		<mark id="sSpan373" xlink:href="#sTok508"/>
		<!--hit-->
		<mark id="sSpan374" xlink:href="#sTok509"/>
		<!--it-->
		<mark id="sSpan375" xlink:href="#sTok510"/>
		<!--.-->
		<mark id="sSpan376" xlink:href="#sTok511"/>
		<!--I-->
		<mark id="sSpan377" xlink:href="#sTok512"/>
		<!--did-->
		<mark id="sSpan378" xlink:href="#sTok513"/>
		<!--n't-->
		<mark id="sSpan379" xlink:href="#sTok514"/>
		<!--ah-->
		<mark id="sSpan380" xlink:href="#sTok515"/>
		<!--- -->
		<mark id="sSpan381" xlink:href="#sTok516"/>
		<!--I-->
		<mark id="sSpan382" xlink:href="#sTok517"/>
		<!--should-->
		<mark id="sSpan383" xlink:href="#sTok518"/>
		<!--have-->
		<mark id="sSpan384" xlink:href="#sTok519"/>
		<!--maybe-->
		<mark id="sSpan385" xlink:href="#sTok520"/>
		<!--taken-->
		<mark id="sSpan386" xlink:href="#sTok521"/>
		<!--it-->
		<mark id="sSpan387" xlink:href="#sTok522"/>
		<!--a-->
		<mark id="sSpan388" xlink:href="#sTok523"/>
		<!--little-->
		<mark id="sSpan389" xlink:href="#sTok524"/>
		<!--bit-->
		<mark id="sSpan390" xlink:href="#sTok525"/>
		<!--inside-->
		<mark id="sSpan391" xlink:href="#sTok526"/>
		<!--the box-->
		<mark id="sSpan392" xlink:href="#sTok527 #sTok528"/>
		<!--,-->
		<mark id="sSpan393" xlink:href="#sTok529"/>
		<!--but-->
		<mark id="sSpan394" xlink:href="#sTok530"/>
		<!--you-->
		<mark id="sSpan395" xlink:href="#sTok531"/>
		<!--know-->
		<mark id="sSpan396" xlink:href="#sTok532"/>
		<!--what-->
		<mark id="sSpan397" xlink:href="#sTok533"/>
		<!--,-->
		<mark id="sSpan398" xlink:href="#sTok534"/>
		<!--that-->
		<mark id="sSpan399" xlink:href="#sTok535"/>
		<!--resulted-->
		<mark id="sSpan400" xlink:href="#sTok536"/>
		<!--in-->
		<mark id="sSpan401" xlink:href="#sTok537"/>
		<!--a corner-->
		<mark id="sSpan402" xlink:href="#sTok538 #sTok539"/>
		<!--and-->
		<mark id="sSpan403" xlink:href="#sTok540"/>
		<!--God-->
		<mark id="sSpan404" xlink:href="#sTok541"/>
		<!--forbid-->
		<mark id="sSpan405" xlink:href="#sTok542"/>
		<!--we-->
		<mark id="sSpan406" xlink:href="#sTok543"/>
		<!--would-->
		<mark id="sSpan407" xlink:href="#sTok544"/>
		<!--get-->
		<mark id="sSpan408" xlink:href="#sTok545"/>
		<!--anything-->
		<mark id="sSpan409" xlink:href="#sTok546"/>
		<!--off-->
		<mark id="sSpan410" xlink:href="#sTok547"/>
		<!--corners-->
		<mark id="sSpan411" xlink:href="#sTok548"/>
		<!--.-->
		<mark id="sSpan412" xlink:href="#sTok549"/>
		<!--Jović-->
		<mark id="sSpan413" xlink:href="#sTok550"/>
		<!--,-->
		<mark id="sSpan414" xlink:href="#sTok551"/>
		<!--turned-->
		<mark id="sSpan415" xlink:href="#sTok552"/>
		<!--,-->
		<mark id="sSpan416" xlink:href="#sTok553"/>
		<!--van de Beek-->
		<mark id="sSpan417" xlink:href="#sTok554 #sTok555 #sTok556"/>
		<!--,-->
		<mark id="sSpan418" xlink:href="#sTok557"/>
		<!--looking-->
		<mark id="sSpan419" xlink:href="#sTok558"/>
		<!--for-->
		<mark id="sSpan420" xlink:href="#sTok559"/>
		<!--something-->
		<mark id="sSpan421" xlink:href="#sTok560"/>
		<!--.-->
		<mark id="sSpan422" xlink:href="#sTok561"/>
		<!--He-->
		<mark id="sSpan423" xlink:href="#sTok562"/>
		<!--finds-->
		<mark id="sSpan424" xlink:href="#sTok563"/>
		<!--Galano-->
		<mark id="sSpan425" xlink:href="#sTok564"/>
		<!--in-->
		<mark id="sSpan426" xlink:href="#sTok565"/>
		<!--some space-->
		<mark id="sSpan427" xlink:href="#sTok566 #sTok567"/>
		<!--,-->
		<mark id="sSpan428" xlink:href="#sTok568"/>
		<!--somebody-->
		<mark id="sSpan429" xlink:href="#sTok569"/>
		<!--take-->
		<mark id="sSpan430" xlink:href="#sTok570"/>
		<!--a shot-->
		<mark id="sSpan431" xlink:href="#sTok571 #sTok572"/>
		<!--.-->
		<mark id="sSpan432" xlink:href="#sTok573"/>
		<!--Ok-->
		<mark id="sSpan433" xlink:href="#sTok574"/>
		<!--Favilli-->
		<mark id="sSpan434" xlink:href="#sTok575"/>
		<!--and-->
		<mark id="sSpan435" xlink:href="#sTok576"/>
		<!--of-->
		<mark id="sSpan436" xlink:href="#sTok577"/>
		<!--what-->
		<mark id="sSpan437" xlink:href="#sTok578"/>
		<!--?-->
		<mark id="sSpan438" xlink:href="#sTok579"/>
		<!--How-->
		<mark id="sSpan439" xlink:href="#sTok580"/>
		<!--...-->
		<mark id="sSpan440" xlink:href="#sTok581"/>
		<!--what-->
		<mark id="sSpan441" xlink:href="#sTok582"/>
		<!--sorry-->
		<mark id="sSpan442" xlink:href="#sTok583"/>
		<!--what-->
		<mark id="sSpan443" xlink:href="#sTok584"/>
		<!--how-->
		<mark id="sSpan444" xlink:href="#sTok585"/>
		<!--is-->
		<mark id="sSpan445" xlink:href="#sTok586"/>
		<!--there-->
		<mark id="sSpan446" xlink:href="#sTok587"/>
		<!--a penalty-->
		<mark id="sSpan447" xlink:href="#sTok588 #sTok589"/>
		<!--what-->
		<mark id="sSpan448" xlink:href="#sTok590"/>
		<!--just-->
		<mark id="sSpan449" xlink:href="#sTok591"/>
		<!--happened-->
		<mark id="sSpan450" xlink:href="#sTok592"/>
		<!--?-->
		<mark id="sSpan451" xlink:href="#sTok593"/>
		<!--One minute-->
		<mark id="sSpan452" xlink:href="#sTok594 #sTok595"/>
		<!--it-->
		<mark id="sSpan453" xlink:href="#sTok596"/>
		<!--looked-->
		<mark id="sSpan454" xlink:href="#sTok597"/>
		<!--like-->
		<mark id="sSpan455" xlink:href="#sTok598"/>
		<!--it-->
		<mark id="sSpan456" xlink:href="#sTok599"/>
		<!--was-->
		<mark id="sSpan457" xlink:href="#sTok600"/>
		<!--gon-->
		<mark id="sSpan458" xlink:href="#sTok601"/>
		<!--na-->
		<mark id="sSpan459" xlink:href="#sTok602"/>
		<!--be-->
		<mark id="sSpan460" xlink:href="#sTok603"/>
		<!--a corner-->
		<mark id="sSpan461" xlink:href="#sTok604 #sTok605"/>
		<!--,-->
		<mark id="sSpan462" xlink:href="#sTok606"/>
		<!--the next-->
		<mark id="sSpan463" xlink:href="#sTok607 #sTok608"/>
		<!--Favilli-->
		<mark id="sSpan464" xlink:href="#sTok609"/>
		<!--is-->
		<mark id="sSpan465" xlink:href="#sTok610"/>
		<!--scoring-->
		<mark id="sSpan466" xlink:href="#sTok611"/>
		<!--a penalty-->
		<mark id="sSpan467" xlink:href="#sTok612 #sTok613"/>
		<!--and-->
		<mark id="sSpan468" xlink:href="#sTok614"/>
		<!--we-->
		<mark id="sSpan469" xlink:href="#sTok615"/>
		<!--'re-->
		<mark id="sSpan470" xlink:href="#sTok616"/>
		<!--one-->
		<mark id="sSpan471" xlink:href="#sTok617"/>
		<!--nil-->
		<mark id="sSpan472" xlink:href="#sTok618"/>
		<!--down-->
		<mark id="sSpan473" xlink:href="#sTok619"/>
		<!--.-->
		<mark id="sSpan474" xlink:href="#sTok620"/>
		<!--Ball-->
		<mark id="sSpan475" xlink:href="#sTok621"/>
		<!--gets-->
		<mark id="sSpan476" xlink:href="#sTok622"/>
		<!--played-->
		<mark id="sSpan477" xlink:href="#sTok623"/>
		<!--in-->
		<mark id="sSpan478" xlink:href="#sTok624"/>
		<!--uh-->
		<mark id="sSpan479" xlink:href="#sTok625"/>
		<!--all-->
		<mark id="sSpan480" xlink:href="#sTok626"/>
		<!--right-->
		<mark id="sSpan481" xlink:href="#sTok627"/>
		<!--apparently-->
		<mark id="sSpan482" xlink:href="#sTok628"/>
		<!--Alderweireld-->
		<mark id="sSpan483" xlink:href="#sTok629"/>
		<!--clipped-->
		<mark id="sSpan484" xlink:href="#sTok630"/>
		<!--Favilli-->
		<mark id="sSpan485" xlink:href="#sTok631"/>
		<!--.-->
		<mark id="sSpan486" xlink:href="#sTok632"/>
		<!--Genoa-->
		<mark id="sSpan487" xlink:href="#sTok633"/>
		<!--take-->
		<mark id="sSpan488" xlink:href="#sTok634"/>
		<!--the lead-->
		<mark id="sSpan489" xlink:href="#sTok635 #sTok636"/>
		<!--one-->
		<mark id="sSpan490" xlink:href="#sTok637"/>
		<!--nil-->
		<mark id="sSpan491" xlink:href="#sTok638"/>
		<!--after-->
		<mark id="sSpan492" xlink:href="#sTok639"/>
		<!--doing-->
		<mark id="sSpan493" xlink:href="#sTok640"/>
		<!--absolutely nothing-->
		<mark id="sSpan494" xlink:href="#sTok641 #sTok642"/>
		<!--all match-->
		<mark id="sSpan495" xlink:href="#sTok643 #sTok644"/>
		<!--.-->
		<mark id="sSpan496" xlink:href="#sTok645"/>
		<!--Van de Beek-->
		<mark id="sSpan497" xlink:href="#sTok646 #sTok647 #sTok648"/>
		<!--,-->
		<mark id="sSpan498" xlink:href="#sTok649"/>
		<!--Paquetá-->
		<mark id="sSpan499" xlink:href="#sTok650"/>
		<!--,-->
		<mark id="sSpan500" xlink:href="#sTok651"/>
		<!--now-->
		<mark id="sSpan501" xlink:href="#sTok652"/>
		<!--Theo-->
		<mark id="sSpan502" xlink:href="#sTok653"/>
		<!--,-->
		<mark id="sSpan503" xlink:href="#sTok654"/>
		<!--Theo-->
		<mark id="sSpan504" xlink:href="#sTok655"/>
		<!--can-->
		<mark id="sSpan505" xlink:href="#sTok656"/>
		<!--finally-->
		<mark id="sSpan506" xlink:href="#sTok657"/>
		<!--cross-->
		<mark id="sSpan507" xlink:href="#sTok658"/>
		<!--to-->
		<mark id="sSpan508" xlink:href="#sTok659"/>
		<!--the back post-->
		<mark id="sSpan509" xlink:href="#sTok660 #sTok661 #sTok662"/>
		<!--deep-->
		<mark id="sSpan510" xlink:href="#sTok663"/>
		<!--,-->
		<mark id="sSpan511" xlink:href="#sTok664"/>
		<!--but-->
		<mark id="sSpan512" xlink:href="#sTok665"/>
		<!--uh-->
		<mark id="sSpan513" xlink:href="#sTok666"/>
		<!--how-->
		<mark id="sSpan514" xlink:href="#sTok667"/>
		<!--many-->
		<mark id="sSpan515" xlink:href="#sTok668"/>
		<!--times-->
		<mark id="sSpan516" xlink:href="#sTok669"/>
		<!--how-->
		<mark id="sSpan517" xlink:href="#sTok670"/>
		<!--many-->
		<mark id="sSpan518" xlink:href="#sTok671"/>
		<!--times-->
		<mark id="sSpan519" xlink:href="#sTok672"/>
		<!--is-->
		<mark id="sSpan520" xlink:href="#sTok673"/>
		<!--he-->
		<mark id="sSpan521" xlink:href="#sTok674"/>
		<!--gon-->
		<mark id="sSpan522" xlink:href="#sTok675"/>
		<!--na-->
		<mark id="sSpan523" xlink:href="#sTok676"/>
		<!--get-->
		<mark id="sSpan524" xlink:href="#sTok677"/>
		<!--an overhead kick-->
		<mark id="sSpan525" xlink:href="#sTok678 #sTok679 #sTok680"/>
		<!--and-->
		<mark id="sSpan526" xlink:href="#sTok681"/>
		<!--miss-->
		<mark id="sSpan527" xlink:href="#sTok682"/>
		<!--.-->
		<mark id="sSpan528" xlink:href="#sTok683"/>
		<!--This guy-->
		<mark id="sSpan529" xlink:href="#sTok684 #sTok685"/>
		<!--has-->
		<mark id="sSpan530" xlink:href="#sTok686"/>
		<!--scored-->
		<mark id="sSpan531" xlink:href="#sTok687"/>
		<!--overhead kicks-->
		<mark id="sSpan532" xlink:href="#sTok688 #sTok689"/>
		<!--from-->
		<mark id="sSpan533" xlink:href="#sTok690"/>
		<!--my field-->
		<mark id="sSpan534" xlink:href="#sTok691 #sTok692"/>
		<!--my-->
		<mark id="sSpan535" xlink:href="#sTok691"/>
		<!--and-->
		<mark id="sSpan536" xlink:href="#sTok693"/>
		<!--can-->
		<mark id="sSpan537" xlink:href="#sTok694"/>
		<!--not-->
		<mark id="sSpan538" xlink:href="#sTok695"/>
		<!--finish-->
		<mark id="sSpan539" xlink:href="#sTok696"/>
		<!--a simple bicycle kick in the Box-->
		<mark id="sSpan540" xlink:href="#sTok697 #sTok698 #sTok699 #sTok700 #sTok701 #sTok702 #sTok703"/>
		<!--the Box-->
		<mark id="sSpan541" xlink:href="#sTok702 #sTok703"/>
		<!--even-->
		<mark id="sSpan542" xlink:href="#sTok704"/>
		<!--a moment-->
		<mark id="sSpan543" xlink:href="#sTok705 #sTok706"/>
		<!--,-->
		<mark id="sSpan544" xlink:href="#sTok707"/>
		<!--I-->
		<mark id="sSpan545" xlink:href="#sTok708"/>
		<!--'m-->
		<mark id="sSpan546" xlink:href="#sTok709"/>
		<!--going-->
		<mark id="sSpan547" xlink:href="#sTok710"/>
		<!--to-->
		<mark id="sSpan548" xlink:href="#sTok711"/>
		<!--release-->
		<mark id="sSpan549" xlink:href="#sTok712"/>
		<!--you-->
		<mark id="sSpan550" xlink:href="#sTok713"/>
		<!--.-->
		<mark id="sSpan551" xlink:href="#sTok714"/>
		<!--Welcome-->
		<mark id="sSpan552" xlink:href="#sTok715"/>
		<!--to-->
		<mark id="sSpan553" xlink:href="#sTok716"/>
		<!--Adam-->
		<mark id="sSpan554" xlink:href="#sTok717"/>
		<!--gets-->
		<mark id="sSpan555" xlink:href="#sTok718"/>
		<!--frustrated-->
		<mark id="sSpan556" xlink:href="#sTok719"/>
		<!--about-->
		<mark id="sSpan557" xlink:href="#sTok720"/>
		<!--losing-->
		<mark id="sSpan558" xlink:href="#sTok721"/>
		<!--against-->
		<mark id="sSpan559" xlink:href="#sTok722"/>
		<!--Genoa-->
		<mark id="sSpan560" xlink:href="#sTok723"/>
		<!--,-->
		<mark id="sSpan561" xlink:href="#sTok724"/>
		<!--one-->
		<mark id="sSpan562" xlink:href="#sTok725"/>
		<!--nil-->
		<mark id="sSpan563" xlink:href="#sTok726"/>
		<!--complete BS-->
		<mark id="sSpan564" xlink:href="#sTok727 #sTok728"/>
		<!--,-->
		<mark id="sSpan565" xlink:href="#sTok729"/>
		<!--how-->
		<mark id="sSpan566" xlink:href="#sTok730"/>
		<!--we-->
		<mark id="sSpan567" xlink:href="#sTok731"/>
		<!--did-->
		<mark id="sSpan568" xlink:href="#sTok732"/>
		<!--n't-->
		<mark id="sSpan569" xlink:href="#sTok733"/>
		<!--score-->
		<mark id="sSpan570" xlink:href="#sTok734"/>
		<!--,-->
		<mark id="sSpan571" xlink:href="#sTok735"/>
		<!--how-->
		<mark id="sSpan572" xlink:href="#sTok736"/>
		<!--they-->
		<mark id="sSpan573" xlink:href="#sTok737"/>
		<!--got-->
		<mark id="sSpan574" xlink:href="#sTok738"/>
		<!--a penalty-->
		<mark id="sSpan575" xlink:href="#sTok739 #sTok740"/>
		<!--,-->
		<mark id="sSpan576" xlink:href="#sTok741"/>
		<!--to-->
		<mark id="sSpan577" xlink:href="#sTok742"/>
		<!--make-->
		<mark id="sSpan578" xlink:href="#sTok743"/>
		<!--things-->
		<mark id="sSpan579" xlink:href="#sTok744"/>
		<!--worse-->
		<mark id="sSpan580" xlink:href="#sTok745"/>
		<!--we-->
		<mark id="sSpan581" xlink:href="#sTok746"/>
		<!--need-->
		<mark id="sSpan582" xlink:href="#sTok747"/>
		<!--to-->
		<mark id="sSpan583" xlink:href="#sTok748"/>
		<!--play-->
		<mark id="sSpan584" xlink:href="#sTok749"/>
		<!--Manchester City , who today 's ah is next-->
		<mark id="sSpan585" xlink:href="#sTok750 #sTok751 #sTok752 #sTok753 #sTok754 #sTok755 #sTok756 #sTok757 #sTok758"/>
		<!--Manchester-->
		<mark id="sSpan586" xlink:href="#sTok750"/>
		<!--today-->
		<mark id="sSpan587" xlink:href="#sTok754"/>
		<!--we-->
		<mark id="sSpan588" xlink:href="#sTok759"/>
		<!--'re-->
		<mark id="sSpan589" xlink:href="#sTok760"/>
		<!--down-->
		<mark id="sSpan590" xlink:href="#sTok761"/>
		<!--to-->
		<mark id="sSpan591" xlink:href="#sTok762"/>
		<!--4th place-->
		<mark id="sSpan592" xlink:href="#sTok763 #sTok764"/>
		<!--and-->
		<mark id="sSpan593" xlink:href="#sTok765"/>
		<!--who-->
		<mark id="sSpan594" xlink:href="#sTok766"/>
		<!--the next-->
		<mark id="sSpan595" xlink:href="#sTok767 #sTok768"/>
		<!--is-->
		<mark id="sSpan596" xlink:href="#sTok769"/>
		<!--in-->
		<mark id="sSpan597" xlink:href="#sTok770"/>
		<!--14th place-->
		<mark id="sSpan598" xlink:href="#sTok771 #sTok772"/>
		<!--,-->
		<mark id="sSpan599" xlink:href="#sTok773"/>
		<!--but-->
		<mark id="sSpan600" xlink:href="#sTok774"/>
		<!--because-->
		<mark id="sSpan601" xlink:href="#sTok775"/>
		<!--I-->
		<mark id="sSpan602" xlink:href="#sTok776"/>
		<!--'m-->
		<mark id="sSpan603" xlink:href="#sTok777"/>
		<!--gon-->
		<mark id="sSpan604" xlink:href="#sTok778"/>
		<!--na-->
		<mark id="sSpan605" xlink:href="#sTok779"/>
		<!--simulate-->
		<mark id="sSpan606" xlink:href="#sTok780"/>
		<!--this-->
		<mark id="sSpan607" xlink:href="#sTok781"/>
		<!--,-->
		<mark id="sSpan608" xlink:href="#sTok782"/>
		<!--it-->
		<mark id="sSpan609" xlink:href="#sTok783"/>
		<!--'s-->
		<mark id="sSpan610" xlink:href="#sTok784"/>
		<!--gon-->
		<mark id="sSpan611" xlink:href="#sTok785"/>
		<!--na-->
		<mark id="sSpan612" xlink:href="#sTok786"/>
		<!--make-->
		<mark id="sSpan613" xlink:href="#sTok787"/>
		<!--me-->
		<mark id="sSpan614" xlink:href="#sTok788"/>
		<!--win-->
		<mark id="sSpan615" xlink:href="#sTok789"/>
		<!--for-->
		<mark id="sSpan616" xlink:href="#sTok790"/>
		<!--sure-->
		<mark id="sSpan617" xlink:href="#sTok791"/>
		<!--.-->
		<mark id="sSpan618" xlink:href="#sTok792"/>
		<!--No remark on Conti , Todibo , Musacchio , Bakker-->
		<mark id="sSpan619" xlink:href="#sTok793 #sTok794 #sTok795 #sTok796 #sTok797 #sTok798 #sTok799 #sTok800 #sTok801 #sTok802"/>
		<!--Conti , Todibo , Musacchio , Bakker-->
		<mark id="sSpan620" xlink:href="#sTok796 #sTok797 #sTok798 #sTok799 #sTok800 #sTok801 #sTok802"/>
		<!--Conti-->
		<mark id="sSpan621" xlink:href="#sTok796"/>
		<!--Todibo-->
		<mark id="sSpan622" xlink:href="#sTok798"/>
		<!--Musacchio-->
		<mark id="sSpan623" xlink:href="#sTok800"/>
		<!--Bakker-->
		<mark id="sSpan624" xlink:href="#sTok802"/>
		<!--,-->
		<mark id="sSpan625" xlink:href="#sTok803"/>
		<!--probably-->
		<mark id="sSpan626" xlink:href="#sTok804"/>
		<!--not-->
		<mark id="sSpan627" xlink:href="#sTok805"/>
		<!--the best back line-->
		<mark id="sSpan628" xlink:href="#sTok806 #sTok807 #sTok808 #sTok809"/>
		<!--but-->
		<mark id="sSpan629" xlink:href="#sTok810"/>
		<!--that-->
		<mark id="sSpan630" xlink:href="#sTok811"/>
		<!--'s-->
		<mark id="sSpan631" xlink:href="#sTok812"/>
		<!--what-->
		<mark id="sSpan632" xlink:href="#sTok813"/>
		<!--I-->
		<mark id="sSpan633" xlink:href="#sTok814"/>
		<!--'m-->
		<mark id="sSpan634" xlink:href="#sTok815"/>
		<!--going-->
		<mark id="sSpan635" xlink:href="#sTok816"/>
		<!--with-->
		<mark id="sSpan636" xlink:href="#sTok817"/>
		<!--.-->
		<mark id="sSpan637" xlink:href="#sTok818"/>
		<!--Paquetá-->
		<mark id="sSpan638" xlink:href="#sTok819"/>
		<!--scoring-->
		<mark id="sSpan639" xlink:href="#sTok820"/>
		<!--one-->
		<mark id="sSpan640" xlink:href="#sTok821"/>
		<!--Jović-->
		<mark id="sSpan641" xlink:href="#sTok822"/>
		<!--scoring-->
		<mark id="sSpan642" xlink:href="#sTok823"/>
		<!--two-->
		<mark id="sSpan643" xlink:href="#sTok824"/>
		<!--very-->
		<mark id="sSpan644" xlink:href="#sTok825"/>
		<!--happy-->
		<mark id="sSpan645" xlink:href="#sTok826"/>
		<!--they-->
		<mark id="sSpan646" xlink:href="#sTok827"/>
		<!--took-->
		<mark id="sSpan647" xlink:href="#sTok828"/>
		<!--Leão-->
		<mark id="sSpan648" xlink:href="#sTok829"/>
		<!--off-->
		<mark id="sSpan649" xlink:href="#sTok830"/>
		<!--but-->
		<mark id="sSpan650" xlink:href="#sTok831"/>
		<!--they-->
		<mark id="sSpan651" xlink:href="#sTok832"/>
		<!--brought-->
		<mark id="sSpan652" xlink:href="#sTok833"/>
		<!--on-->
		<mark id="sSpan653" xlink:href="#sTok834"/>
		<!--Ibrahimovic-->
		<mark id="sSpan654" xlink:href="#sTok835"/>
		<!--so-->
		<mark id="sSpan655" xlink:href="#sTok836"/>
		<!--he-->
		<mark id="sSpan656" xlink:href="#sTok837"/>
		<!--'s-->
		<mark id="sSpan657" xlink:href="#sTok838"/>
		<!--gon-->
		<mark id="sSpan658" xlink:href="#sTok839"/>
		<!--na-->
		<mark id="sSpan659" xlink:href="#sTok840"/>
		<!--be-->
		<mark id="sSpan660" xlink:href="#sTok841"/>
		<!--tired-->
		<mark id="sSpan661" xlink:href="#sTok842"/>
		<!--.-->
		<mark id="sSpan662" xlink:href="#sTok843"/>
		<!--It-->
		<mark id="sSpan663" xlink:href="#sTok844"/>
		<!--'s-->
		<mark id="sSpan664" xlink:href="#sTok845"/>
		<!--a 3 - 1 victory-->
		<mark id="sSpan665" xlink:href="#sTok846 #sTok847 #sTok848 #sTok849 #sTok850"/>
		<!--,-->
		<mark id="sSpan666" xlink:href="#sTok851"/>
		<!--Genoa-->
		<mark id="sSpan667" xlink:href="#sTok852"/>
		<!--was-->
		<mark id="sSpan668" xlink:href="#sTok853"/>
		<!--just-->
		<mark id="sSpan669" xlink:href="#sTok854"/>
		<!--some BS-->
		<mark id="sSpan670" xlink:href="#sTok855 #sTok856"/>
		<!--.-->
		<mark id="sSpan671" xlink:href="#sTok857"/>
		<!--We-->
		<mark id="sSpan672" xlink:href="#sTok858"/>
		<!--did-->
		<mark id="sSpan673" xlink:href="#sTok859"/>
		<!--it-->
		<mark id="sSpan674" xlink:href="#sTok860"/>
		<!--we-->
		<mark id="sSpan675" xlink:href="#sTok861"/>
		<!--made-->
		<mark id="sSpan676" xlink:href="#sTok862"/>
		<!--it-->
		<mark id="sSpan677" xlink:href="#sTok863"/>
		<!--to-->
		<mark id="sSpan678" xlink:href="#sTok864"/>
		<!--the semi - finals-->
		<mark id="sSpan679" xlink:href="#sTok865 #sTok866 #sTok867 #sTok868"/>
		<!--And-->
		<mark id="sSpan680" xlink:href="#sTok869"/>
		<!--I-->
		<mark id="sSpan681" xlink:href="#sTok870"/>
		<!--just-->
		<mark id="sSpan682" xlink:href="#sTok871"/>
		<!--want-->
		<mark id="sSpan683" xlink:href="#sTok872"/>
		<!--to-->
		<mark id="sSpan684" xlink:href="#sTok873"/>
		<!--check-->
		<mark id="sSpan685" xlink:href="#sTok874"/>
		<!--out-->
		<mark id="sSpan686" xlink:href="#sTok875"/>
		<!--what-->
		<mark id="sSpan687" xlink:href="#sTok876"/>
		<!--the club objective-->
		<mark id="sSpan688" xlink:href="#sTok877 #sTok878 #sTok879"/>
		<!--club-->
		<mark id="sSpan689" xlink:href="#sTok878"/>
		<!--was-->
		<mark id="sSpan690" xlink:href="#sTok880"/>
		<!--for-->
		<mark id="sSpan691" xlink:href="#sTok881"/>
		<!--the Champions League-->
		<mark id="sSpan692" xlink:href="#sTok882 #sTok883 #sTok884"/>
		<!--this season-->
		<mark id="sSpan693" xlink:href="#sTok885 #sTok886"/>
		<!--they-->
		<mark id="sSpan694" xlink:href="#sTok887"/>
		<!--wanted-->
		<mark id="sSpan695" xlink:href="#sTok888"/>
		<!--us-->
		<mark id="sSpan696" xlink:href="#sTok889"/>
		<!--to-->
		<mark id="sSpan697" xlink:href="#sTok890"/>
		<!--reach-->
		<mark id="sSpan698" xlink:href="#sTok891"/>
		<!--the semi-finals-->
		<mark id="sSpan699" xlink:href="#sTok892 #sTok893"/>
		<!--they-->
		<mark id="sSpan700" xlink:href="#sTok894"/>
		<!--thought-->
		<mark id="sSpan701" xlink:href="#sTok895"/>
		<!--that-->
		<mark id="sSpan702" xlink:href="#sTok896"/>
		<!--with-->
		<mark id="sSpan703" xlink:href="#sTok897"/>
		<!--the club we had-->
		<mark id="sSpan704" xlink:href="#sTok898 #sTok899 #sTok900 #sTok901"/>
		<!--we-->
		<mark id="sSpan705" xlink:href="#sTok900"/>
		<!--and-->
		<mark id="sSpan706" xlink:href="#sTok902"/>
		<!--the players we had-->
		<mark id="sSpan707" xlink:href="#sTok903 #sTok904 #sTok905 #sTok906"/>
		<!--we-->
		<mark id="sSpan708" xlink:href="#sTok905"/>
		<!--we-->
		<mark id="sSpan709" xlink:href="#sTok907"/>
		<!--could-->
		<mark id="sSpan710" xlink:href="#sTok908"/>
		<!--have-->
		<mark id="sSpan711" xlink:href="#sTok909"/>
		<!--made-->
		<mark id="sSpan712" xlink:href="#sTok910"/>
		<!--it-->
		<mark id="sSpan713" xlink:href="#sTok911"/>
		<!--to-->
		<mark id="sSpan714" xlink:href="#sTok912"/>
		<!--the semis-->
		<mark id="sSpan715" xlink:href="#sTok913 #sTok914"/>
		<!--and-->
		<mark id="sSpan716" xlink:href="#sTok915"/>
		<!--we-->
		<mark id="sSpan717" xlink:href="#sTok916"/>
		<!--did-->
		<mark id="sSpan718" xlink:href="#sTok917"/>
		<!--.-->
		<mark id="sSpan719" xlink:href="#sTok918"/></markList></paula>