<?xml version='1.0' encoding='UTF-8'?><!DOCTYPE paula SYSTEM "paula_mark.dtd">
<paula version="1.1">
	<header paula_id="ref.GENTLE_esports_fifa.mark"/>
	<markList xmlns:xlink="http://www.w3.org/1999/xlink" type="ref" xml:base="GENTLE_esports_fifa.tok.xml">
		<!--last episodes 's amazing conclusion where Napoli they beat us in the first leg of the Champions League quarter-finals and then we brought it to them in the second leg , and now advancing into the semi-finals against Manchester City-->
		<mark id="sSpan133" xlink:href="#sTok3 #sTok4 #sTok5 #sTok6 #sTok7 #sTok8 #sTok9 #sTok10 #sTok11 #sTok12 #sTok13 #sTok14 #sTok15 #sTok16 #sTok17 #sTok18 #sTok19 #sTok20 #sTok21 #sTok22 #sTok23 #sTok24 #sTok25 #sTok26 #sTok27 #sTok28 #sTok29 #sTok30 #sTok31 #sTok32 #sTok33 #sTok34 #sTok35 #sTok36 #sTok37 #sTok38 #sTok39 #sTok40 #sTok41 #sTok42"/>
		<!--last episodes 's-->
		<mark id="sSpan134" xlink:href="#sTok3 #sTok4 #sTok5"/>
		<!--Napoli-->
		<mark id="sSpan135" xlink:href="#sTok9"/>
		<!--they-->
		<mark id="sSpan136" xlink:href="#sTok10"/>
		<!--us-->
		<mark id="sSpan137" xlink:href="#sTok12"/>
		<!--the first leg of the Champions League quarter-finals-->
		<mark id="sSpan138" xlink:href="#sTok14 #sTok15 #sTok16 #sTok17 #sTok18 #sTok19 #sTok20 #sTok21"/>
		<!--the Champions League quarter-finals-->
		<mark id="sSpan139" xlink:href="#sTok18 #sTok19 #sTok20 #sTok21"/>
		<!--Champions League-->
		<mark id="sSpan140" xlink:href="#sTok19 #sTok20"/>
		<!--we-->
		<mark id="sSpan141" xlink:href="#sTok24"/>
		<!--them-->
		<mark id="sSpan142" xlink:href="#sTok28"/>
		<!--the second leg-->
		<mark id="sSpan143" xlink:href="#sTok30 #sTok31 #sTok32"/>
		<!--the semi-finals against Manchester City-->
		<mark id="sSpan144" xlink:href="#sTok38 #sTok39 #sTok40 #sTok41 #sTok42"/>
		<!--Manchester City-->
		<mark id="sSpan145" xlink:href="#sTok41 #sTok42"/>
		<!--Manchester-->
		<mark id="sSpan146" xlink:href="#sTok41"/>
		<!--today 's episode-->
		<mark id="sSpan147" xlink:href="#sTok44 #sTok45 #sTok46"/>
		<!--today 's-->
		<mark id="sSpan148" xlink:href="#sTok44 #sTok45"/>
		<!--three games that you know are n't as hard as the last couple of matches we 've had-->
		<mark id="sSpan149" xlink:href="#sTok53 #sTok54 #sTok55 #sTok56 #sTok57 #sTok58 #sTok59 #sTok60 #sTok61 #sTok62 #sTok63 #sTok64 #sTok65 #sTok66 #sTok67 #sTok68 #sTok69 #sTok70"/>
		<!--you-->
		<mark id="sSpan150" xlink:href="#sTok56"/>
		<!--the last couple of matches we 've had-->
		<mark id="sSpan151" xlink:href="#sTok63 #sTok64 #sTok65 #sTok66 #sTok67 #sTok68 #sTok69 #sTok70"/>
		<!--we-->
		<mark id="sSpan152" xlink:href="#sTok68"/>
		<!--27th of April-->
		<mark id="sSpan153" xlink:href="#sTok76 #sTok77 #sTok78"/>
		<!--April-->
		<mark id="sSpan154" xlink:href="#sTok78"/>
		<!--we-->
		<mark id="sSpan155" xlink:href="#sTok80"/>
		<!--Manchester City-->
		<mark id="sSpan156" xlink:href="#sTok82 #sTok83"/>
		<!--Manchester-->
		<mark id="sSpan157" xlink:href="#sTok82"/>
		<!--the first leg of the semi-finals , which is going to be possibly one of the hardest games I 'm gon na be playing because Napoli has given me our game and Manchester City I know the way they play , they 're exactly like Napoli-->
		<mark id="sSpan158" xlink:href="#sTok85 #sTok86 #sTok87 #sTok88 #sTok89 #sTok90 #sTok91 #sTok92 #sTok93 #sTok94 #sTok95 #sTok96 #sTok97 #sTok98 #sTok99 #sTok100 #sTok101 #sTok102 #sTok103 #sTok104 #sTok105 #sTok106 #sTok107 #sTok108 #sTok109 #sTok110 #sTok111 #sTok112 #sTok113 #sTok114 #sTok115 #sTok116 #sTok117 #sTok118 #sTok119 #sTok120 #sTok121 #sTok122 #sTok123 #sTok124 #sTok125 #sTok126 #sTok127 #sTok128 #sTok129 #sTok130"/>
		<!--the semi-finals-->
		<mark id="sSpan159" xlink:href="#sTok89 #sTok90"/>
		<!--one of the hardest games I 'm gon na be playing-->
		<mark id="sSpan160" xlink:href="#sTok98 #sTok99 #sTok100 #sTok101 #sTok102 #sTok103 #sTok104 #sTok105 #sTok106 #sTok107 #sTok108"/>
		<!--I-->
		<mark id="sSpan161" xlink:href="#sTok103"/>
		<!--Napoli-->
		<mark id="sSpan162" xlink:href="#sTok110"/>
		<!--me-->
		<mark id="sSpan163" xlink:href="#sTok113"/>
		<!--our game-->
		<mark id="sSpan164" xlink:href="#sTok114 #sTok115"/>
		<!--our-->
		<mark id="sSpan165" xlink:href="#sTok114"/>
		<!--Manchester City-->
		<mark id="sSpan166" xlink:href="#sTok117 #sTok118"/>
		<!--Manchester-->
		<mark id="sSpan167" xlink:href="#sTok117"/>
		<!--I-->
		<mark id="sSpan168" xlink:href="#sTok119"/>
		<!--the way they play-->
		<mark id="sSpan169" xlink:href="#sTok121 #sTok122 #sTok123 #sTok124"/>
		<!--they-->
		<mark id="sSpan170" xlink:href="#sTok123"/>
		<!--they-->
		<mark id="sSpan171" xlink:href="#sTok126"/>
		<!--Napoli-->
		<mark id="sSpan172" xlink:href="#sTok130"/>
		<!--we-->
		<mark id="sSpan173" xlink:href="#sTok133"/>
		<!--a simulated match against Benevento-->
		<mark id="sSpan174" xlink:href="#sTok142 #sTok143 #sTok144 #sTok145 #sTok146"/>
		<!--Benevento-->
		<mark id="sSpan175" xlink:href="#sTok146"/>
		<!--We-->
		<mark id="sSpan176" xlink:href="#sTok148"/>
		<!--one of these three games-->
		<mark id="sSpan177" xlink:href="#sTok153 #sTok154 #sTok155 #sTok156 #sTok157"/>
		<!--these three games-->
		<mark id="sSpan178" xlink:href="#sTok155 #sTok156 #sTok157"/>
		<!--the mood of playing games-->
		<mark id="sSpan179" xlink:href="#sTok162 #sTok163 #sTok164 #sTok165 #sTok166"/>
		<!--games-->
		<mark id="sSpan180" xlink:href="#sTok166"/>
		<!--this episode-->
		<mark id="sSpan181" xlink:href="#sTok167 #sTok168"/>
		<!--We-->
		<mark id="sSpan182" xlink:href="#sTok170"/>
		<!--a pretty rotated lineup-->
		<mark id="sSpan183" xlink:href="#sTok173 #sTok174 #sTok175 #sTok176"/>
		<!--Jović-->
		<mark id="sSpan184" xlink:href="#sTok177"/>
		<!--van de Beek-->
		<mark id="sSpan185" xlink:href="#sTok180 #sTok181 #sTok182"/>
		<!--Ibrahimovic-->
		<mark id="sSpan186" xlink:href="#sTok184"/>
		<!--3 - 1 victory-->
		<mark id="sSpan187" xlink:href="#sTok187 #sTok188 #sTok189 #sTok190"/>
		<!--Bakayoko-->
		<mark id="sSpan188" xlink:href="#sTok192"/>
		<!--himself-->
		<mark id="sSpan189" xlink:href="#sTok194"/>
		<!--a red card-->
		<mark id="sSpan190" xlink:href="#sTok195 #sTok196 #sTok197"/>
		<!--I-->
		<mark id="sSpan191" xlink:href="#sTok200"/>
		<!--the Serie A-->
		<mark id="sSpan192" xlink:href="#sTok206 #sTok207 #sTok208"/>
		<!--UVA-->
		<mark id="sSpan193" xlink:href="#sTok209"/>
		<!--the Scudetto-->
		<mark id="sSpan194" xlink:href="#sTok215 #sTok216"/>
		<!--89 points-->
		<mark id="sSpan195" xlink:href="#sTok217 #sTok218"/>
		<!--them-->
		<mark id="sSpan196" xlink:href="#sTok222"/>
		<!--Napoli-->
		<mark id="sSpan197" xlink:href="#sTok224"/>
		<!--us-->
		<mark id="sSpan198" xlink:href="#sTok225"/>
		<!--76-->
		<mark id="sSpan199" xlink:href="#sTok227"/>
		<!--The Scudetto-->
		<mark id="sSpan200" xlink:href="#sTok229 #sTok230"/>
		<!--UVA-->
		<mark id="sSpan201" xlink:href="#sTok239"/>
		<!--Genoa-->
		<mark id="sSpan202" xlink:href="#sTok246"/>
		<!--the next match coming up-->
		<mark id="sSpan203" xlink:href="#sTok248 #sTok249 #sTok250 #sTok251 #sTok252"/>
		<!--I-->
		<mark id="sSpan204" xlink:href="#sTok254"/>
		<!--this match-->
		<mark id="sSpan205" xlink:href="#sTok260 #sTok261"/>
		<!--it-->
		<mark id="sSpan206" xlink:href="#sTok263"/>
		<!--home-->
		<mark id="sSpan207" xlink:href="#sTok266"/>
		<!--I-->
		<mark id="sSpan208" xlink:href="#sTok268"/>
		<!--some of our Academy players-->
		<mark id="sSpan209" xlink:href="#sTok274 #sTok275 #sTok276 #sTok277 #sTok278"/>
		<!--our-->
		<mark id="sSpan210" xlink:href="#sTok276"/>
		<!--Academy-->
		<mark id="sSpan211" xlink:href="#sTok277"/>
		<!--this match-->
		<mark id="sSpan212" xlink:href="#sTok280 #sTok281"/>
		<!--The last match-->
		<mark id="sSpan213" xlink:href="#sTok283 #sTok284 #sTok285"/>
		<!--he-->
		<mark id="sSpan214" xlink:href="#sTok286"/>
		<!--Jović-->
		<mark id="sSpan215" xlink:href="#sTok288"/>
		<!--I-->
		<mark id="sSpan216" xlink:href="#sTok290"/>
		<!--his form-->
		<mark id="sSpan217" xlink:href="#sTok296 #sTok297"/>
		<!--his-->
		<mark id="sSpan218" xlink:href="#sTok296"/>
		<!--this game-->
		<mark id="sSpan219" xlink:href="#sTok299 #sTok300"/>
		<!--He-->
		<mark id="sSpan220" xlink:href="#sTok302"/>
		<!--Galano-->
		<mark id="sSpan221" xlink:href="#sTok307"/>
		<!--Galano-->
		<mark id="sSpan222" xlink:href="#sTok309"/>
		<!--three goals-->
		<mark id="sSpan223" xlink:href="#sTok313 #sTok314"/>
		<!--I-->
		<mark id="sSpan224" xlink:href="#sTok322"/>
		<!--I-->
		<mark id="sSpan225" xlink:href="#sTok327"/>
		<!--he-->
		<mark id="sSpan226" xlink:href="#sTok329"/>
		<!--such a good future star-->
		<mark id="sSpan227" xlink:href="#sTok334 #sTok335 #sTok336 #sTok337 #sTok338"/>
		<!--he-->
		<mark id="sSpan228" xlink:href="#sTok340"/>
		<!--he-->
		<mark id="sSpan229" xlink:href="#sTok346"/>
		<!--himself-->
		<mark id="sSpan230" xlink:href="#sTok349"/>
		<!--some goals-->
		<mark id="sSpan231" xlink:href="#sTok350 #sTok351"/>
		<!--here-->
		<mark id="sSpan232" xlink:href="#sTok352"/>
		<!--Paquetá-->
		<mark id="sSpan233" xlink:href="#sTok354"/>
		<!--Paquetá-->
		<mark id="sSpan234" xlink:href="#sTok358"/>
		<!--Bennacer-->
		<mark id="sSpan235" xlink:href="#sTok360"/>
		<!--van de Beek-->
		<mark id="sSpan236" xlink:href="#sTok361 #sTok362 #sTok363"/>
		<!--Tonali-->
		<mark id="sSpan237" xlink:href="#sTok365"/>
		<!--We-->
		<mark id="sSpan238" xlink:href="#sTok367"/>
		<!--Todibo-->
		<mark id="sSpan239" xlink:href="#sTok369"/>
		<!--Alderweireld-->
		<mark id="sSpan240" xlink:href="#sTok371"/>
		<!--defense-->
		<mark id="sSpan241" xlink:href="#sTok373"/>
		<!--goal-->
		<mark id="sSpan242" xlink:href="#sTok377"/>
		<!--we-->
		<mark id="sSpan243" xlink:href="#sTok378"/>
		<!--Gigio-->
		<mark id="sSpan244" xlink:href="#sTok380"/>
		<!--I-->
		<mark id="sSpan245" xlink:href="#sTok383"/>
		<!--the Scudetto-->
		<mark id="sSpan246" xlink:href="#sTok386 #sTok387"/>
		<!--it-->
		<mark id="sSpan247" xlink:href="#sTok389"/>
		<!--this season-->
		<mark id="sSpan248" xlink:href="#sTok395 #sTok396"/>
		<!--I-->
		<mark id="sSpan249" xlink:href="#sTok398"/>
		<!--all-->
		<mark id="sSpan250" xlink:href="#sTok401"/>
		<!--next season-->
		<mark id="sSpan251" xlink:href="#sTok403 #sTok404"/>
		<!--the Champions League-->
		<mark id="sSpan252" xlink:href="#sTok406 #sTok407 #sTok408"/>
		<!--I-->
		<mark id="sSpan253" xlink:href="#sTok410"/>
		<!--we-->
		<mark id="sSpan254" xlink:href="#sTok412"/>
		<!--win it in our first season back-->
		<mark id="sSpan255" xlink:href="#sTok426 #sTok427 #sTok428 #sTok429 #sTok430 #sTok431 #sTok432"/>
		<!--it-->
		<mark id="sSpan256" xlink:href="#sTok427"/>
		<!--our first season-->
		<mark id="sSpan257" xlink:href="#sTok429 #sTok430 #sTok431"/>
		<!--our-->
		<mark id="sSpan258" xlink:href="#sTok429"/>
		<!--That-->
		<mark id="sSpan259" xlink:href="#sTok434"/>
		<!--something incredibly special-->
		<mark id="sSpan260" xlink:href="#sTok437 #sTok438 #sTok439"/>
		<!--we-->
		<mark id="sSpan261" xlink:href="#sTok443"/>
		<!--that-->
		<mark id="sSpan262" xlink:href="#sTok445"/>
		<!--we-->
		<mark id="sSpan263" xlink:href="#sTok446"/>
		<!--Manchester City-->
		<mark id="sSpan264" xlink:href="#sTok451 #sTok452"/>
		<!--Manchester-->
		<mark id="sSpan265" xlink:href="#sTok451"/>
		<!--that-->
		<mark id="sSpan266" xlink:href="#sTok454"/>
		<!--a poor pass by Paquetá-->
		<mark id="sSpan267" xlink:href="#sTok456 #sTok457 #sTok458 #sTok459 #sTok460"/>
		<!--Paquetá-->
		<mark id="sSpan268" xlink:href="#sTok460"/>
		<!--Paquetá-->
		<mark id="sSpan269" xlink:href="#sTok464"/>
		<!--Galano-->
		<mark id="sSpan270" xlink:href="#sTok467"/>
		<!--Galano-->
		<mark id="sSpan271" xlink:href="#sTok469"/>
		<!--that-->
		<mark id="sSpan272" xlink:href="#sTok473"/>
		<!--great stuff-->
		<mark id="sSpan273" xlink:href="#sTok475 #sTok476"/>
		<!--Galano-->
		<mark id="sSpan274" xlink:href="#sTok477"/>
		<!--opportunity-->
		<mark id="sSpan275" xlink:href="#sTok485"/>
		<!--him-->
		<mark id="sSpan276" xlink:href="#sTok487"/>
		<!--good pass by Paquetá-->
		<mark id="sSpan277" xlink:href="#sTok488 #sTok489 #sTok490 #sTok491"/>
		<!--Paquetá-->
		<mark id="sSpan278" xlink:href="#sTok491"/>
		<!--Sandro Tonali-->
		<mark id="sSpan279" xlink:href="#sTok493 #sTok494"/>
		<!--Luca Jović-->
		<mark id="sSpan280" xlink:href="#sTok496 #sTok497"/>
		<!--he-->
		<mark id="sSpan281" xlink:href="#sTok499"/>
		<!--it-->
		<mark id="sSpan282" xlink:href="#sTok504"/>
		<!--it-->
		<mark id="sSpan283" xlink:href="#sTok509"/>
		<!--I-->
		<mark id="sSpan284" xlink:href="#sTok511"/>
		<!--I-->
		<mark id="sSpan285" xlink:href="#sTok516"/>
		<!--it-->
		<mark id="sSpan286" xlink:href="#sTok521"/>
		<!--the box-->
		<mark id="sSpan287" xlink:href="#sTok526 #sTok527"/>
		<!--you-->
		<mark id="sSpan288" xlink:href="#sTok530"/>
		<!--that-->
		<mark id="sSpan289" xlink:href="#sTok534"/>
		<!--a corner-->
		<mark id="sSpan290" xlink:href="#sTok537 #sTok538"/>
		<!--God-->
		<mark id="sSpan291" xlink:href="#sTok540"/>
		<!--we-->
		<mark id="sSpan292" xlink:href="#sTok542"/>
		<!--anything-->
		<mark id="sSpan293" xlink:href="#sTok545"/>
		<!--corners-->
		<mark id="sSpan294" xlink:href="#sTok547"/>
		<!--Jović-->
		<mark id="sSpan295" xlink:href="#sTok549"/>
		<!--van de Beek-->
		<mark id="sSpan296" xlink:href="#sTok553 #sTok554 #sTok555"/>
		<!--something-->
		<mark id="sSpan297" xlink:href="#sTok559"/>
		<!--He-->
		<mark id="sSpan298" xlink:href="#sTok561"/>
		<!--Galano-->
		<mark id="sSpan299" xlink:href="#sTok563"/>
		<!--some space-->
		<mark id="sSpan300" xlink:href="#sTok565 #sTok566"/>
		<!--somebody-->
		<mark id="sSpan301" xlink:href="#sTok568"/>
		<!--a shot-->
		<mark id="sSpan302" xlink:href="#sTok570 #sTok571"/>
		<!--Favilli-->
		<mark id="sSpan303" xlink:href="#sTok574"/>
		<!--a penalty-->
		<mark id="sSpan304" xlink:href="#sTok588 #sTok589"/>
		<!--One minute-->
		<mark id="sSpan305" xlink:href="#sTok594 #sTok595"/>
		<!--it-->
		<mark id="sSpan306" xlink:href="#sTok596"/>
		<!--it-->
		<mark id="sSpan307" xlink:href="#sTok599"/>
		<!--a corner-->
		<mark id="sSpan308" xlink:href="#sTok604 #sTok605"/>
		<!--the next-->
		<mark id="sSpan309" xlink:href="#sTok607 #sTok608"/>
		<!--Favilli-->
		<mark id="sSpan310" xlink:href="#sTok609"/>
		<!--a penalty-->
		<mark id="sSpan311" xlink:href="#sTok612 #sTok613"/>
		<!--we-->
		<mark id="sSpan312" xlink:href="#sTok615"/>
		<!--Ball-->
		<mark id="sSpan313" xlink:href="#sTok621"/>
		<!--Alderweireld-->
		<mark id="sSpan314" xlink:href="#sTok629"/>
		<!--Favilli-->
		<mark id="sSpan315" xlink:href="#sTok631"/>
		<!--Genoa-->
		<mark id="sSpan316" xlink:href="#sTok633"/>
		<!--the lead-->
		<mark id="sSpan317" xlink:href="#sTok635 #sTok636"/>
		<!--absolutely nothing-->
		<mark id="sSpan318" xlink:href="#sTok641 #sTok642"/>
		<!--all match-->
		<mark id="sSpan319" xlink:href="#sTok643 #sTok644"/>
		<!--Van de Beek-->
		<mark id="sSpan320" xlink:href="#sTok646 #sTok647 #sTok648"/>
		<!--Paquetá-->
		<mark id="sSpan321" xlink:href="#sTok650"/>
		<!--Theo-->
		<mark id="sSpan322" xlink:href="#sTok653"/>
		<!--Theo-->
		<mark id="sSpan323" xlink:href="#sTok655"/>
		<!--the back post-->
		<mark id="sSpan324" xlink:href="#sTok660 #sTok661 #sTok662"/>
		<!--he-->
		<mark id="sSpan325" xlink:href="#sTok674"/>
		<!--an overhead kick-->
		<mark id="sSpan326" xlink:href="#sTok678 #sTok679 #sTok680"/>
		<!--This guy-->
		<mark id="sSpan327" xlink:href="#sTok684 #sTok685"/>
		<!--overhead kicks-->
		<mark id="sSpan328" xlink:href="#sTok688 #sTok689"/>
		<!--my field-->
		<mark id="sSpan329" xlink:href="#sTok691 #sTok692"/>
		<!--my-->
		<mark id="sSpan330" xlink:href="#sTok691"/>
		<!--a simple bicycle kick in the Box-->
		<mark id="sSpan331" xlink:href="#sTok697 #sTok698 #sTok699 #sTok700 #sTok701 #sTok702 #sTok703"/>
		<!--the Box-->
		<mark id="sSpan332" xlink:href="#sTok702 #sTok703"/>
		<!--a moment-->
		<mark id="sSpan333" xlink:href="#sTok705 #sTok706"/>
		<!--I-->
		<mark id="sSpan334" xlink:href="#sTok708"/>
		<!--you-->
		<mark id="sSpan335" xlink:href="#sTok713"/>
		<!--Adam-->
		<mark id="sSpan336" xlink:href="#sTok717"/>
		<!--Genoa-->
		<mark id="sSpan337" xlink:href="#sTok723"/>
		<!--complete BS-->
		<mark id="sSpan338" xlink:href="#sTok727 #sTok728"/>
		<!--we-->
		<mark id="sSpan339" xlink:href="#sTok731"/>
		<!--they-->
		<mark id="sSpan340" xlink:href="#sTok737"/>
		<!--a penalty-->
		<mark id="sSpan341" xlink:href="#sTok739 #sTok740"/>
		<!--we-->
		<mark id="sSpan342" xlink:href="#sTok746"/>
		<!--Manchester City , who today 's ah is next-->
		<mark id="sSpan343" xlink:href="#sTok750 #sTok751 #sTok752 #sTok753 #sTok754 #sTok755 #sTok756 #sTok757 #sTok758"/>
		<!--Manchester-->
		<mark id="sSpan344" xlink:href="#sTok750"/>
		<!--today-->
		<mark id="sSpan345" xlink:href="#sTok754"/>
		<!--we-->
		<mark id="sSpan346" xlink:href="#sTok759"/>
		<!--4th place-->
		<mark id="sSpan347" xlink:href="#sTok763 #sTok764"/>
		<!--the next-->
		<mark id="sSpan348" xlink:href="#sTok767 #sTok768"/>
		<!--14th place-->
		<mark id="sSpan349" xlink:href="#sTok771 #sTok772"/>
		<!--I-->
		<mark id="sSpan350" xlink:href="#sTok776"/>
		<!--this-->
		<mark id="sSpan351" xlink:href="#sTok781"/>
		<!--me-->
		<mark id="sSpan352" xlink:href="#sTok788"/>
		<!--No remark on Conti , Todibo , Musacchio , Bakker-->
		<mark id="sSpan353" xlink:href="#sTok793 #sTok794 #sTok795 #sTok796 #sTok797 #sTok798 #sTok799 #sTok800 #sTok801 #sTok802"/>
		<!--Conti , Todibo , Musacchio , Bakker-->
		<mark id="sSpan354" xlink:href="#sTok796 #sTok797 #sTok798 #sTok799 #sTok800 #sTok801 #sTok802"/>
		<!--Conti-->
		<mark id="sSpan355" xlink:href="#sTok796"/>
		<!--Todibo-->
		<mark id="sSpan356" xlink:href="#sTok798"/>
		<!--Musacchio-->
		<mark id="sSpan357" xlink:href="#sTok800"/>
		<!--Bakker-->
		<mark id="sSpan358" xlink:href="#sTok802"/>
		<!--the best back line-->
		<mark id="sSpan359" xlink:href="#sTok806 #sTok807 #sTok808 #sTok809"/>
		<!--that-->
		<mark id="sSpan360" xlink:href="#sTok811"/>
		<!--I-->
		<mark id="sSpan361" xlink:href="#sTok814"/>
		<!--Paquetá-->
		<mark id="sSpan362" xlink:href="#sTok819"/>
		<!--Jović-->
		<mark id="sSpan363" xlink:href="#sTok822"/>
		<!--two-->
		<mark id="sSpan364" xlink:href="#sTok824"/>
		<!--they-->
		<mark id="sSpan365" xlink:href="#sTok827"/>
		<!--Leão-->
		<mark id="sSpan366" xlink:href="#sTok829"/>
		<!--they-->
		<mark id="sSpan367" xlink:href="#sTok832"/>
		<!--Ibrahimovic-->
		<mark id="sSpan368" xlink:href="#sTok835"/>
		<!--he-->
		<mark id="sSpan369" xlink:href="#sTok837"/>
		<!--It-->
		<mark id="sSpan370" xlink:href="#sTok844"/>
		<!--a 3 - 1 victory-->
		<mark id="sSpan371" xlink:href="#sTok846 #sTok847 #sTok848 #sTok849 #sTok850"/>
		<!--Genoa-->
		<mark id="sSpan372" xlink:href="#sTok852"/>
		<!--some BS-->
		<mark id="sSpan373" xlink:href="#sTok855 #sTok856"/>
		<!--We-->
		<mark id="sSpan374" xlink:href="#sTok858"/>
		<!--we-->
		<mark id="sSpan375" xlink:href="#sTok861"/>
		<!--the semi - finals-->
		<mark id="sSpan376" xlink:href="#sTok865 #sTok866 #sTok867 #sTok868"/>
		<!--I-->
		<mark id="sSpan377" xlink:href="#sTok870"/>
		<!--the club objective-->
		<mark id="sSpan378" xlink:href="#sTok877 #sTok878 #sTok879"/>
		<!--club-->
		<mark id="sSpan379" xlink:href="#sTok878"/>
		<!--the Champions League-->
		<mark id="sSpan380" xlink:href="#sTok882 #sTok883 #sTok884"/>
		<!--this season-->
		<mark id="sSpan381" xlink:href="#sTok885 #sTok886"/>
		<!--they-->
		<mark id="sSpan382" xlink:href="#sTok887"/>
		<!--us-->
		<mark id="sSpan383" xlink:href="#sTok889"/>
		<!--the semi-finals-->
		<mark id="sSpan384" xlink:href="#sTok892 #sTok893"/>
		<!--they-->
		<mark id="sSpan385" xlink:href="#sTok894"/>
		<!--the club we had-->
		<mark id="sSpan386" xlink:href="#sTok898 #sTok899 #sTok900 #sTok901"/>
		<!--we-->
		<mark id="sSpan387" xlink:href="#sTok900"/>
		<!--the players we had-->
		<mark id="sSpan388" xlink:href="#sTok903 #sTok904 #sTok905 #sTok906"/>
		<!--we-->
		<mark id="sSpan389" xlink:href="#sTok905"/>
		<!--we-->
		<mark id="sSpan390" xlink:href="#sTok907"/>
		<!--the semis-->
		<mark id="sSpan391" xlink:href="#sTok913 #sTok914"/>
		<!--we-->
		<mark id="sSpan392" xlink:href="#sTok916"/></markList></paula>