<?xml version='1.0' encoding='UTF-8'?><!DOCTYPE paula SYSTEM "paula_feat.dtd">
<paula version="1.1">
	<header paula_id="ref.GENTLE_esports_fifa.mark_salience"/>
	<featList xmlns:xlink="http://www.w3.org/1999/xlink" type="salience" xml:base="ref.GENTLE_esports_fifa.mark.xml">
		<feat xlink:href="#sSpan136" value="nonsal"/>
		<feat xlink:href="#sSpan137" value="nonsal"/>
		<feat xlink:href="#sSpan138" value="nonsal"/>
		<feat xlink:href="#sSpan139" value="nonsal"/>
		<feat xlink:href="#sSpan140" value="nonsal"/>
		<feat xlink:href="#sSpan141" value="nonsal"/>
		<feat xlink:href="#sSpan142" value="nonsal"/>
		<feat xlink:href="#sSpan143" value="nonsal"/>
		<feat xlink:href="#sSpan144" value="nonsal"/>
		<feat xlink:href="#sSpan145" value="nonsal"/>
		<feat xlink:href="#sSpan146" value="nonsal"/>
		<feat xlink:href="#sSpan147" value="nonsal"/>
		<feat xlink:href="#sSpan148" value="nonsal"/>
		<feat xlink:href="#sSpan149" value="nonsal"/>
		<feat xlink:href="#sSpan151" value="nonsal"/>
		<feat xlink:href="#sSpan152" value="nonsal"/>
		<feat xlink:href="#sSpan159" value="nonsal"/>
		<feat xlink:href="#sSpan160" value="nonsal"/>
		<feat xlink:href="#sSpan161" value="nonsal"/>
		<feat xlink:href="#sSpan162" value="nonsal"/>
		<feat xlink:href="#sSpan168" value="nonsal"/>
		<feat xlink:href="#sSpan169" value="nonsal"/>
		<feat xlink:href="#sSpan171" value="nonsal"/>
		<feat xlink:href="#sSpan173" value="nonsal"/>
		<feat xlink:href="#sSpan174" value="nonsal"/>
		<feat xlink:href="#sSpan176" value="nonsal"/>
		<feat xlink:href="#sSpan177" value="nonsal"/>
		<feat xlink:href="#sSpan178" value="nonsal"/>
		<feat xlink:href="#sSpan179" value="nonsal"/>
		<feat xlink:href="#sSpan180" value="nonsal"/>
		<feat xlink:href="#sSpan181" value="nonsal"/>
		<feat xlink:href="#sSpan182" value="nonsal"/>
		<feat xlink:href="#sSpan183" value="nonsal"/>
		<feat xlink:href="#sSpan184" value="nonsal"/>
		<feat xlink:href="#sSpan185" value="nonsal"/>
		<feat xlink:href="#sSpan186" value="nonsal"/>
		<feat xlink:href="#sSpan187" value="nonsal"/>
		<feat xlink:href="#sSpan188" value="nonsal"/>
		<feat xlink:href="#sSpan189" value="nonsal"/>
		<feat xlink:href="#sSpan190" value="nonsal"/>
		<feat xlink:href="#sSpan193" value="nonsal"/>
		<feat xlink:href="#sSpan202" value="nonsal"/>
		<feat xlink:href="#sSpan203" value="nonsal"/>
		<feat xlink:href="#sSpan205" value="nonsal"/>
		<feat xlink:href="#sSpan210" value="nonsal"/>
		<feat xlink:href="#sSpan211" value="nonsal"/>
		<feat xlink:href="#sSpan216" value="nonsal"/>
		<feat xlink:href="#sSpan217" value="nonsal"/>
		<feat xlink:href="#sSpan218" value="nonsal"/>
		<feat xlink:href="#sSpan220" value="nonsal"/>
		<feat xlink:href="#sSpan223" value="nonsal"/>
		<feat xlink:href="#sSpan224" value="nonsal"/>
		<feat xlink:href="#sSpan227" value="nonsal"/>
		<feat xlink:href="#sSpan229" value="nonsal"/>
		<feat xlink:href="#sSpan232" value="nonsal"/>
		<feat xlink:href="#sSpan234" value="nonsal"/>
		<feat xlink:href="#sSpan236" value="nonsal"/>
		<feat xlink:href="#sSpan237" value="nonsal"/>
		<feat xlink:href="#sSpan240" value="nonsal"/>
		<feat xlink:href="#sSpan246" value="nonsal"/>
		<feat xlink:href="#sSpan247" value="nonsal"/>
		<feat xlink:href="#sSpan253" value="nonsal"/>
		<feat xlink:href="#sSpan254" value="nonsal"/>
		<feat xlink:href="#sSpan258" value="nonsal"/>
		<feat xlink:href="#sSpan260" value="nonsal"/>
		<feat xlink:href="#sSpan261" value="nonsal"/>
		<feat xlink:href="#sSpan263" value="nonsal"/>
		<feat xlink:href="#sSpan265" value="nonsal"/>
		<feat xlink:href="#sSpan274" value="nonsal"/>
		<feat xlink:href="#sSpan282" value="nonsal"/>
		<feat xlink:href="#sSpan284" value="nonsal"/>
		<feat xlink:href="#sSpan286" value="nonsal"/>
		<feat xlink:href="#sSpan292" value="nonsal"/>
		<feat xlink:href="#sSpan294" value="nonsal"/>
		<feat xlink:href="#sSpan297" value="nonsal"/>
		<feat xlink:href="#sSpan299" value="nonsal"/>
		<feat xlink:href="#sSpan305" value="nonsal"/>
		<feat xlink:href="#sSpan306" value="nonsal"/>
		<feat xlink:href="#sSpan307" value="nonsal"/>
		<feat xlink:href="#sSpan309" value="nonsal"/>
		<feat xlink:href="#sSpan311" value="nonsal"/>
		<feat xlink:href="#sSpan312" value="nonsal"/>
		<feat xlink:href="#sSpan314" value="nonsal"/>
		<feat xlink:href="#sSpan316" value="nonsal"/>
		<feat xlink:href="#sSpan322" value="nonsal"/>
		<feat xlink:href="#sSpan323" value="nonsal"/>
		<feat xlink:href="#sSpan325" value="nonsal"/>
		<feat xlink:href="#sSpan327" value="nonsal"/>
		<feat xlink:href="#sSpan332" value="nonsal"/>
		<feat xlink:href="#sSpan334" value="nonsal"/>
		<feat xlink:href="#sSpan338" value="nonsal"/>
		<feat xlink:href="#sSpan346" value="nonsal"/>
		<feat xlink:href="#sSpan351" value="nonsal"/>
		<feat xlink:href="#sSpan353" value="nonsal"/>
		<feat xlink:href="#sSpan358" value="nonsal"/>
		<feat xlink:href="#sSpan360" value="nonsal"/>
		<feat xlink:href="#sSpan366" value="nonsal"/>
		<feat xlink:href="#sSpan369" value="nonsal"/>
		<feat xlink:href="#sSpan370" value="nonsal"/>
		<feat xlink:href="#sSpan371" value="nonsal"/>
		<feat xlink:href="#sSpan373" value="nonsal"/>
		<feat xlink:href="#sSpan377" value="nonsal"/>
		<feat xlink:href="#sSpan379" value="nonsal"/>
		<feat xlink:href="#sSpan380" value="nonsal"/>
		<feat xlink:href="#sSpan382" value="nonsal"/>
		<feat xlink:href="#sSpan384" value="nonsal"/>
		<feat xlink:href="#sSpan386" value="nonsal"/>
		<feat xlink:href="#sSpan388" value="nonsal"/>
		<feat xlink:href="#sSpan390" value="nonsal"/>
		<feat xlink:href="#sSpan394" value="nonsal"/>
		<feat xlink:href="#sSpan395" value="nonsal"/>
		<feat xlink:href="#sSpan397" value="nonsal"/>
		<feat xlink:href="#sSpan400" value="nonsal"/>
		<feat xlink:href="#sSpan403" value="nonsal"/>
		<feat xlink:href="#sSpan405" value="nonsal"/>
		<feat xlink:href="#sSpan411" value="nonsal"/>
		<feat xlink:href="#sSpan413" value="nonsal"/>
		<feat xlink:href="#sSpan416" value="nonsal"/>
		<feat xlink:href="#sSpan418" value="nonsal"/>
		<feat xlink:href="#sSpan420" value="nonsal"/>
		<feat xlink:href="#sSpan422" value="nonsal"/>
		<feat xlink:href="#sSpan424" value="nonsal"/>
		<feat xlink:href="#sSpan438" value="nonsal"/>
		<feat xlink:href="#sSpan439" value="nonsal"/>
		<feat xlink:href="#sSpan440" value="nonsal"/>
		<feat xlink:href="#sSpan441" value="nonsal"/>
		<feat xlink:href="#sSpan443" value="nonsal"/>
		<feat xlink:href="#sSpan446" value="nonsal"/>
		<feat xlink:href="#sSpan450" value="nonsal"/>
		<feat xlink:href="#sSpan452" value="nonsal"/>
		<feat xlink:href="#sSpan453" value="nonsal"/>
		<feat xlink:href="#sSpan458" value="nonsal"/>
		<feat xlink:href="#sSpan459" value="nonsal"/>
		<feat xlink:href="#sSpan461" value="nonsal"/>
		<feat xlink:href="#sSpan463" value="nonsal"/>
		<feat xlink:href="#sSpan464" value="nonsal"/>
		<feat xlink:href="#sSpan468" value="nonsal"/>
		<feat xlink:href="#sSpan471" value="nonsal"/>
		<feat xlink:href="#sSpan473" value="nonsal"/>
		<feat xlink:href="#sSpan477" value="nonsal"/>
		<feat xlink:href="#sSpan479" value="nonsal"/>
		<feat xlink:href="#sSpan480" value="nonsal"/>
		<feat xlink:href="#sSpan488" value="nonsal"/>
		<feat xlink:href="#sSpan490" value="nonsal"/>
		<feat xlink:href="#sSpan491" value="nonsal"/>
		<feat xlink:href="#sSpan492" value="nonsal"/>
		<feat xlink:href="#sSpan494" value="nonsal"/>
		<feat xlink:href="#sSpan496" value="nonsal"/>
		<feat xlink:href="#sSpan498" value="nonsal"/>
		<feat xlink:href="#sSpan503" value="nonsal"/>
		<feat xlink:href="#sSpan508" value="nonsal"/>
		<feat xlink:href="#sSpan510" value="nonsal"/>
		<feat xlink:href="#sSpan515" value="nonsal"/>
		<feat xlink:href="#sSpan520" value="nonsal"/>
		<feat xlink:href="#sSpan525" value="nonsal"/>
		<feat xlink:href="#sSpan528" value="nonsal"/>
		<feat xlink:href="#sSpan532" value="nonsal"/>
		<feat xlink:href="#sSpan535" value="nonsal"/>
		<feat xlink:href="#sSpan537" value="nonsal"/>
		<feat xlink:href="#sSpan539" value="nonsal"/>
		<feat xlink:href="#sSpan542" value="nonsal"/>
		<feat xlink:href="#sSpan544" value="nonsal"/>
		<feat xlink:href="#sSpan546" value="nonsal"/>
		<feat xlink:href="#sSpan550" value="nonsal"/>
		<feat xlink:href="#sSpan554" value="nonsal"/>
		<feat xlink:href="#sSpan556" value="nonsal"/>
		<feat xlink:href="#sSpan558" value="nonsal"/>
		<feat xlink:href="#sSpan560" value="nonsal"/>
		<feat xlink:href="#sSpan562" value="nonsal"/>
		<feat xlink:href="#sSpan564" value="nonsal"/>
		<feat xlink:href="#sSpan567" value="nonsal"/>
		<feat xlink:href="#sSpan580" value="nonsal"/>
		<feat xlink:href="#sSpan585" value="nonsal"/>
		<feat xlink:href="#sSpan586" value="nonsal"/>
		<feat xlink:href="#sSpan589" value="nonsal"/>
		<feat xlink:href="#sSpan594" value="nonsal"/>
		<feat xlink:href="#sSpan596" value="nonsal"/>
		<feat xlink:href="#sSpan597" value="nonsal"/>
		<feat xlink:href="#sSpan600" value="nonsal"/>
		<feat xlink:href="#sSpan602" value="nonsal"/>
		<feat xlink:href="#sSpan608" value="nonsal"/>
		<feat xlink:href="#sSpan616" value="nonsal"/>
		<feat xlink:href="#sSpan618" value="nonsal"/>
		<feat xlink:href="#sSpan620" value="nonsal"/>
		<feat xlink:href="#sSpan622" value="nonsal"/>
		<feat xlink:href="#sSpan627" value="nonsal"/>
		<feat xlink:href="#sSpan628" value="nonsal"/>
		<feat xlink:href="#sSpan630" value="nonsal"/>
		<feat xlink:href="#sSpan632" value="nonsal"/>
		<feat xlink:href="#sSpan635" value="nonsal"/>
		<feat xlink:href="#sSpan637" value="nonsal"/>
		<feat xlink:href="#sSpan642" value="nonsal"/>
		<feat xlink:href="#sSpan654" value="nonsal"/>
		<feat xlink:href="#sSpan658" value="nonsal"/>
		<feat xlink:href="#sSpan662" value="nonsal"/>
		<feat xlink:href="#sSpan665" value="nonsal"/>
		<feat xlink:href="#sSpan667" value="nonsal"/>
		<feat xlink:href="#sSpan668" value="nonsal"/>
		<feat xlink:href="#sSpan673" value="nonsal"/>
		<feat xlink:href="#sSpan674" value="nonsal"/>
		<feat xlink:href="#sSpan676" value="nonsal"/>
		<feat xlink:href="#sSpan678" value="nonsal"/>
		<feat xlink:href="#sSpan683" value="nonsal"/>
		<feat xlink:href="#sSpan687" value="nonsal"/>
		<feat xlink:href="#sSpan693" value="nonsal"/>
		<feat xlink:href="#sSpan697" value="nonsal"/>
		<feat xlink:href="#sSpan700" value="nonsal"/>
		<feat xlink:href="#sSpan706" value="nonsal"/>
		<feat xlink:href="#sSpan708" value="nonsal"/>
		<feat xlink:href="#sSpan714" value="nonsal"/>
		<feat xlink:href="#sSpan718" value="nonsal"/>
		<feat xlink:href="#sSpan719" value="nonsal"/>
		<feat xlink:href="#sSpan720" value="nonsal"/>
		<feat xlink:href="#sSpan721" value="nonsal"/>
		<feat xlink:href="#sSpan725" value="nonsal"/>
		<feat xlink:href="#sSpan728" value="nonsal"/>
		<feat xlink:href="#sSpan731" value="nonsal"/>
		<feat xlink:href="#sSpan735" value="nonsal"/>
		<feat xlink:href="#sSpan740" value="nonsal"/>
		<feat xlink:href="#sSpan747" value="nonsal"/>
		<feat xlink:href="#sSpan752" value="nonsal"/>
		<feat xlink:href="#sSpan753" value="nonsal"/>
		<feat xlink:href="#sSpan754" value="nonsal"/>
		<feat xlink:href="#sSpan755" value="nonsal"/>
		<feat xlink:href="#sSpan756" value="nonsal"/>
		<feat xlink:href="#sSpan757" value="nonsal"/>
		<feat xlink:href="#sSpan761" value="nonsal"/>
		<feat xlink:href="#sSpan763" value="nonsal"/>
		<feat xlink:href="#sSpan766" value="nonsal"/>
		<feat xlink:href="#sSpan771" value="nonsal"/>
		<feat xlink:href="#sSpan774" value="nonsal"/>
		<feat xlink:href="#sSpan776" value="nonsal"/>
		<feat xlink:href="#sSpan779" value="nonsal"/>
		<feat xlink:href="#sSpan781" value="nonsal"/>
		<feat xlink:href="#sSpan784" value="nonsal"/>
		<feat xlink:href="#sSpan787" value="nonsal"/>
		<feat xlink:href="#sSpan789" value="nonsal"/>
		<feat xlink:href="#sSpan796" value="nonsal"/>
		<feat xlink:href="#sSpan798" value="nonsal"/>
		<feat xlink:href="#sSpan800" value="nonsal"/>
		<feat xlink:href="#sSpan803" value="nonsal"/>
		<feat xlink:href="#sSpan805" value="nonsal"/>
		<feat xlink:href="#sSpan807" value="nonsal"/>
		<feat xlink:href="#sSpan808" value="nonsal"/>
		<feat xlink:href="#sSpan812" value="nonsal"/>
		<feat xlink:href="#sSpan814" value="nonsal"/>
		<feat xlink:href="#sSpan821" value="nonsal"/>
		<feat xlink:href="#sSpan822" value="nonsal"/>
		<feat xlink:href="#sSpan825" value="nonsal"/>
		<feat xlink:href="#sSpan826" value="nonsal"/>
		<feat xlink:href="#sSpan827" value="nonsal"/>
		<feat xlink:href="#sSpan829" value="nonsal"/>
		<feat xlink:href="#sSpan832" value="nonsal"/>
		<feat xlink:href="#sSpan833" value="nonsal"/>
		<feat xlink:href="#sSpan837" value="nonsal"/>
		<feat xlink:href="#sSpan838" value="nonsal"/>
		<feat xlink:href="#sSpan840" value="nonsal"/>
		<feat xlink:href="#sSpan841" value="nonsal"/>
		<feat xlink:href="#sSpan842" value="nonsal"/>
		<feat xlink:href="#sSpan848" value="nonsal"/>
		<feat xlink:href="#sSpan850" value="nonsal"/></featList></paula>