<?xml version='1.0' encoding='UTF-8'?><!DOCTYPE paula SYSTEM "paula_feat.dtd">
<paula version="1.1">
	<header paula_id="ref.GENTLE_esports_fifa.mark_identity"/>
	<featList xmlns:xlink="http://www.w3.org/1999/xlink" type="identity" xml:base="ref.GENTLE_esports_fifa.mark.xml">
		<feat xlink:href="#sSpan136" value="S.S.C._Napoli"/>
		<feat xlink:href="#sSpan137" value="S.S.C._Napoli"/>
		<feat xlink:href="#sSpan141" value="UEFA_Champions_League"/>
		<feat xlink:href="#sSpan143" value="S.S.C._Napoli"/>
		<feat xlink:href="#sSpan146" value="Manchester_City_F.C."/>
		<feat xlink:href="#sSpan147" value="Manchester"/>
		<feat xlink:href="#sSpan155" value="April"/>
		<feat xlink:href="#sSpan157" value="Manchester_City_F.C."/>
		<feat xlink:href="#sSpan158" value="Manchester"/>
		<feat xlink:href="#sSpan163" value="S.S.C._Napoli"/>
		<feat xlink:href="#sSpan167" value="Manchester_City_F.C."/>
		<feat xlink:href="#sSpan168" value="Manchester"/>
		<feat xlink:href="#sSpan171" value="Manchester_City_F.C."/>
		<feat xlink:href="#sSpan172" value="Manchester_City_F.C."/>
		<feat xlink:href="#sSpan173" value="S.S.C._Napoli"/>
		<feat xlink:href="#sSpan176" value="Benevento_Calcio"/>
		<feat xlink:href="#sSpan185" value="Luka_Jović"/>
		<feat xlink:href="#sSpan186" value="Donny_van_de_Beek"/>
		<feat xlink:href="#sSpan187" value="Zlatan_Ibrahimović"/>
		<feat xlink:href="#sSpan189" value="Tiémoué_Bakayoko"/>
		<feat xlink:href="#sSpan190" value="Tiémoué_Bakayoko"/>
		<feat xlink:href="#sSpan193" value="Serie_A"/>
		<feat xlink:href="#sSpan195" value="Scudetto"/>
		<feat xlink:href="#sSpan198" value="S.S.C._Napoli"/>
		<feat xlink:href="#sSpan201" value="Scudetto"/>
		<feat xlink:href="#sSpan203" value="Genoa_C.F.C."/>
		<feat xlink:href="#sSpan204" value="Genoa_C.F.C."/>
		<feat xlink:href="#sSpan206" value="Genoa_C.F.C."/>
		<feat xlink:href="#sSpan207" value="Genoa_C.F.C."/>
		<feat xlink:href="#sSpan213" value="Genoa_C.F.C."/>
		<feat xlink:href="#sSpan215" value="Luka_Jović"/>
		<feat xlink:href="#sSpan216" value="Luka_Jović"/>
		<feat xlink:href="#sSpan219" value="Luka_Jović"/>
		<feat xlink:href="#sSpan220" value="Genoa_C.F.C."/>
		<feat xlink:href="#sSpan221" value="Luka_Jović"/>
		<feat xlink:href="#sSpan222" value="Cristian_Galano"/>
		<feat xlink:href="#sSpan223" value="Cristian_Galano"/>
		<feat xlink:href="#sSpan227" value="Cristian_Galano"/>
		<feat xlink:href="#sSpan228" value="Cristian_Galano"/>
		<feat xlink:href="#sSpan229" value="Cristian_Galano"/>
		<feat xlink:href="#sSpan230" value="Cristian_Galano"/>
		<feat xlink:href="#sSpan231" value="Cristian_Galano"/>
		<feat xlink:href="#sSpan234" value="Lucas_Paquetá"/>
		<feat xlink:href="#sSpan235" value="Lucas_Paquetá"/>
		<feat xlink:href="#sSpan236" value="Ismaël_Bennacer"/>
		<feat xlink:href="#sSpan237" value="Donny_van_de_Beek"/>
		<feat xlink:href="#sSpan238" value="Sandro_Tonali"/>
		<feat xlink:href="#sSpan240" value="Jean%2DClair_Todibo"/>
		<feat xlink:href="#sSpan241" value="Toby_Alderweireld"/>
		<feat xlink:href="#sSpan245" value="Gianluigi_Donnarumma"/>
		<feat xlink:href="#sSpan247" value="Scudetto"/>
		<feat xlink:href="#sSpan248" value="Scudetto"/>
		<feat xlink:href="#sSpan253" value="UEFA_Champions_League"/>
		<feat xlink:href="#sSpan257" value="UEFA_Champions_League"/>
		<feat xlink:href="#sSpan265" value="Manchester_City_F.C."/>
		<feat xlink:href="#sSpan266" value="Manchester"/>
		<feat xlink:href="#sSpan269" value="Lucas_Paquetá"/>
		<feat xlink:href="#sSpan270" value="Lucas_Paquetá"/>
		<feat xlink:href="#sSpan271" value="Cristian_Galano"/>
		<feat xlink:href="#sSpan272" value="Cristian_Galano"/>
		<feat xlink:href="#sSpan275" value="Cristian_Galano"/>
		<feat xlink:href="#sSpan277" value="Cristian_Galano"/>
		<feat xlink:href="#sSpan279" value="Lucas_Paquetá"/>
		<feat xlink:href="#sSpan280" value="Sandro_Tonali"/>
		<feat xlink:href="#sSpan281" value="Luka_Jović"/>
		<feat xlink:href="#sSpan282" value="Luka_Jović"/>
		<feat xlink:href="#sSpan292" value="God"/>
		<feat xlink:href="#sSpan296" value="Luka_Jović"/>
		<feat xlink:href="#sSpan297" value="Donny_van_de_Beek"/>
		<feat xlink:href="#sSpan299" value="Donny_van_de_Beek"/>
		<feat xlink:href="#sSpan300" value="Cristian_Galano"/>
		<feat xlink:href="#sSpan315" value="Toby_Alderweireld"/>
		<feat xlink:href="#sSpan317" value="Genoa_C.F.C."/>
		<feat xlink:href="#sSpan320" value="Genoa_C.F.C."/>
		<feat xlink:href="#sSpan321" value="Donny_van_de_Beek"/>
		<feat xlink:href="#sSpan322" value="Lucas_Paquetá"/>
		<feat xlink:href="#sSpan323" value="Theo_Hernandez"/>
		<feat xlink:href="#sSpan324" value="Theo_Hernandez"/>
		<feat xlink:href="#sSpan326" value="Theo_Hernandez"/>
		<feat xlink:href="#sSpan328" value="Theo_Hernandez"/>
		<feat xlink:href="#sSpan336" value="Theo_Hernandez"/>
		<feat xlink:href="#sSpan338" value="Genoa_C.F.C."/>
		<feat xlink:href="#sSpan341" value="Genoa_C.F.C."/>
		<feat xlink:href="#sSpan344" value="Manchester_City_F.C."/>
		<feat xlink:href="#sSpan345" value="Manchester"/>
		<feat xlink:href="#sSpan349" value="Manchester_City_F.C."/>
		<feat xlink:href="#sSpan355" value="Andrea_Conti_%28footballer%2C_born_1994%29"/>
		<feat xlink:href="#sSpan356" value="Andrea_Conti_%28footballer%2C_born_1994%29"/>
		<feat xlink:href="#sSpan357" value="Jean%2DClair_Todibo"/>
		<feat xlink:href="#sSpan358" value="Mateo_Musacchio"/>
		<feat xlink:href="#sSpan359" value="Mitchel_Bakker"/>
		<feat xlink:href="#sSpan361" value="Andrea_Conti_%28footballer%2C_born_1994%29"/>
		<feat xlink:href="#sSpan363" value="Lucas_Paquetá"/>
		<feat xlink:href="#sSpan364" value="Luka_Jović"/>
		<feat xlink:href="#sSpan366" value="Manchester_City_F.C."/>
		<feat xlink:href="#sSpan367" value="Rafael_Leão"/>
		<feat xlink:href="#sSpan368" value="Manchester_City_F.C."/>
		<feat xlink:href="#sSpan369" value="Zlatan_Ibrahimović"/>
		<feat xlink:href="#sSpan370" value="Zlatan_Ibrahimović"/>
		<feat xlink:href="#sSpan373" value="Genoa_C.F.C."/>
		<feat xlink:href="#sSpan382" value="UEFA_Champions_League"/></featList></paula>