<?xml version='1.0' encoding='UTF-8'?><!DOCTYPE paula SYSTEM "paula_feat.dtd">
<paula version="1.1">
	<header paula_id="ref.GENTLE_esports_fifa.mark_entity"/>
	<featList xmlns:xlink="http://www.w3.org/1999/xlink" type="entity" xml:base="ref.GENTLE_esports_fifa.mark.xml">
		<feat xlink:href="#sSpan134" value="event"/>
		<feat xlink:href="#sSpan135" value="abstract"/>
		<feat xlink:href="#sSpan136" value="organization"/>
		<feat xlink:href="#sSpan137" value="organization"/>
		<feat xlink:href="#sSpan138" value="person"/>
		<feat xlink:href="#sSpan139" value="time"/>
		<feat xlink:href="#sSpan140" value="event"/>
		<feat xlink:href="#sSpan141" value="event"/>
		<feat xlink:href="#sSpan142" value="person"/>
		<feat xlink:href="#sSpan143" value="organization"/>
		<feat xlink:href="#sSpan144" value="time"/>
		<feat xlink:href="#sSpan145" value="event"/>
		<feat xlink:href="#sSpan146" value="organization"/>
		<feat xlink:href="#sSpan147" value="place"/>
		<feat xlink:href="#sSpan148" value="event"/>
		<feat xlink:href="#sSpan149" value="time"/>
		<feat xlink:href="#sSpan150" value="event"/>
		<feat xlink:href="#sSpan151" value="person"/>
		<feat xlink:href="#sSpan152" value="event"/>
		<feat xlink:href="#sSpan153" value="person"/>
		<feat xlink:href="#sSpan154" value="time"/>
		<feat xlink:href="#sSpan155" value="time"/>
		<feat xlink:href="#sSpan156" value="person"/>
		<feat xlink:href="#sSpan157" value="organization"/>
		<feat xlink:href="#sSpan158" value="place"/>
		<feat xlink:href="#sSpan159" value="time"/>
		<feat xlink:href="#sSpan160" value="event"/>
		<feat xlink:href="#sSpan161" value="time"/>
		<feat xlink:href="#sSpan162" value="person"/>
		<feat xlink:href="#sSpan163" value="organization"/>
		<feat xlink:href="#sSpan164" value="person"/>
		<feat xlink:href="#sSpan165" value="event"/>
		<feat xlink:href="#sSpan166" value="person"/>
		<feat xlink:href="#sSpan167" value="organization"/>
		<feat xlink:href="#sSpan168" value="place"/>
		<feat xlink:href="#sSpan169" value="person"/>
		<feat xlink:href="#sSpan170" value="abstract"/>
		<feat xlink:href="#sSpan171" value="organization"/>
		<feat xlink:href="#sSpan172" value="organization"/>
		<feat xlink:href="#sSpan173" value="organization"/>
		<feat xlink:href="#sSpan174" value="person"/>
		<feat xlink:href="#sSpan175" value="event"/>
		<feat xlink:href="#sSpan176" value="organization"/>
		<feat xlink:href="#sSpan177" value="person"/>
		<feat xlink:href="#sSpan178" value="event"/>
		<feat xlink:href="#sSpan179" value="event"/>
		<feat xlink:href="#sSpan180" value="abstract"/>
		<feat xlink:href="#sSpan181" value="abstract"/>
		<feat xlink:href="#sSpan182" value="event"/>
		<feat xlink:href="#sSpan183" value="person"/>
		<feat xlink:href="#sSpan184" value="abstract"/>
		<feat xlink:href="#sSpan185" value="person"/>
		<feat xlink:href="#sSpan186" value="person"/>
		<feat xlink:href="#sSpan187" value="person"/>
		<feat xlink:href="#sSpan188" value="event"/>
		<feat xlink:href="#sSpan189" value="person"/>
		<feat xlink:href="#sSpan190" value="person"/>
		<feat xlink:href="#sSpan191" value="object"/>
		<feat xlink:href="#sSpan192" value="person"/>
		<feat xlink:href="#sSpan193" value="event"/>
		<feat xlink:href="#sSpan194" value="organization"/>
		<feat xlink:href="#sSpan195" value="abstract"/>
		<feat xlink:href="#sSpan196" value="abstract"/>
		<feat xlink:href="#sSpan197" value="organization"/>
		<feat xlink:href="#sSpan198" value="organization"/>
		<feat xlink:href="#sSpan199" value="person"/>
		<feat xlink:href="#sSpan200" value="abstract"/>
		<feat xlink:href="#sSpan201" value="abstract"/>
		<feat xlink:href="#sSpan202" value="person"/>
		<feat xlink:href="#sSpan203" value="organization"/>
		<feat xlink:href="#sSpan204" value="event"/>
		<feat xlink:href="#sSpan205" value="person"/>
		<feat xlink:href="#sSpan206" value="event"/>
		<feat xlink:href="#sSpan207" value="event"/>
		<feat xlink:href="#sSpan208" value="place"/>
		<feat xlink:href="#sSpan209" value="person"/>
		<feat xlink:href="#sSpan210" value="person"/>
		<feat xlink:href="#sSpan211" value="person"/>
		<feat xlink:href="#sSpan212" value="organization"/>
		<feat xlink:href="#sSpan213" value="event"/>
		<feat xlink:href="#sSpan214" value="event"/>
		<feat xlink:href="#sSpan215" value="person"/>
		<feat xlink:href="#sSpan216" value="person"/>
		<feat xlink:href="#sSpan217" value="person"/>
		<feat xlink:href="#sSpan218" value="abstract"/>
		<feat xlink:href="#sSpan219" value="person"/>
		<feat xlink:href="#sSpan220" value="event"/>
		<feat xlink:href="#sSpan221" value="person"/>
		<feat xlink:href="#sSpan222" value="person"/>
		<feat xlink:href="#sSpan223" value="person"/>
		<feat xlink:href="#sSpan224" value="event"/>
		<feat xlink:href="#sSpan225" value="person"/>
		<feat xlink:href="#sSpan226" value="person"/>
		<feat xlink:href="#sSpan227" value="person"/>
		<feat xlink:href="#sSpan228" value="person"/>
		<feat xlink:href="#sSpan229" value="person"/>
		<feat xlink:href="#sSpan230" value="person"/>
		<feat xlink:href="#sSpan231" value="person"/>
		<feat xlink:href="#sSpan232" value="event"/>
		<feat xlink:href="#sSpan233" value="place"/>
		<feat xlink:href="#sSpan234" value="person"/>
		<feat xlink:href="#sSpan235" value="person"/>
		<feat xlink:href="#sSpan236" value="person"/>
		<feat xlink:href="#sSpan237" value="person"/>
		<feat xlink:href="#sSpan238" value="person"/>
		<feat xlink:href="#sSpan239" value="person"/>
		<feat xlink:href="#sSpan240" value="person"/>
		<feat xlink:href="#sSpan241" value="person"/>
		<feat xlink:href="#sSpan242" value="abstract"/>
		<feat xlink:href="#sSpan243" value="place"/>
		<feat xlink:href="#sSpan244" value="person"/>
		<feat xlink:href="#sSpan245" value="person"/>
		<feat xlink:href="#sSpan246" value="person"/>
		<feat xlink:href="#sSpan247" value="abstract"/>
		<feat xlink:href="#sSpan248" value="abstract"/>
		<feat xlink:href="#sSpan249" value="time"/>
		<feat xlink:href="#sSpan250" value="person"/>
		<feat xlink:href="#sSpan251" value="abstract"/>
		<feat xlink:href="#sSpan252" value="time"/>
		<feat xlink:href="#sSpan253" value="event"/>
		<feat xlink:href="#sSpan254" value="person"/>
		<feat xlink:href="#sSpan255" value="person"/>
		<feat xlink:href="#sSpan256" value="event"/>
		<feat xlink:href="#sSpan257" value="event"/>
		<feat xlink:href="#sSpan258" value="time"/>
		<feat xlink:href="#sSpan259" value="person"/>
		<feat xlink:href="#sSpan260" value="event"/>
		<feat xlink:href="#sSpan261" value="event"/>
		<feat xlink:href="#sSpan262" value="person"/>
		<feat xlink:href="#sSpan263" value="event"/>
		<feat xlink:href="#sSpan264" value="person"/>
		<feat xlink:href="#sSpan265" value="organization"/>
		<feat xlink:href="#sSpan266" value="place"/>
		<feat xlink:href="#sSpan267" value="event"/>
		<feat xlink:href="#sSpan268" value="event"/>
		<feat xlink:href="#sSpan269" value="person"/>
		<feat xlink:href="#sSpan270" value="person"/>
		<feat xlink:href="#sSpan271" value="person"/>
		<feat xlink:href="#sSpan272" value="person"/>
		<feat xlink:href="#sSpan273" value="event"/>
		<feat xlink:href="#sSpan274" value="event"/>
		<feat xlink:href="#sSpan275" value="person"/>
		<feat xlink:href="#sSpan276" value="event"/>
		<feat xlink:href="#sSpan277" value="person"/>
		<feat xlink:href="#sSpan278" value="event"/>
		<feat xlink:href="#sSpan279" value="person"/>
		<feat xlink:href="#sSpan280" value="person"/>
		<feat xlink:href="#sSpan281" value="person"/>
		<feat xlink:href="#sSpan282" value="person"/>
		<feat xlink:href="#sSpan283" value="object"/>
		<feat xlink:href="#sSpan284" value="object"/>
		<feat xlink:href="#sSpan285" value="person"/>
		<feat xlink:href="#sSpan286" value="person"/>
		<feat xlink:href="#sSpan287" value="object"/>
		<feat xlink:href="#sSpan288" value="place"/>
		<feat xlink:href="#sSpan289" value="person"/>
		<feat xlink:href="#sSpan290" value="event"/>
		<feat xlink:href="#sSpan291" value="event"/>
		<feat xlink:href="#sSpan292" value="person"/>
		<feat xlink:href="#sSpan293" value="person"/>
		<feat xlink:href="#sSpan294" value="abstract"/>
		<feat xlink:href="#sSpan295" value="event"/>
		<feat xlink:href="#sSpan296" value="person"/>
		<feat xlink:href="#sSpan297" value="person"/>
		<feat xlink:href="#sSpan298" value="abstract"/>
		<feat xlink:href="#sSpan299" value="person"/>
		<feat xlink:href="#sSpan300" value="person"/>
		<feat xlink:href="#sSpan301" value="place"/>
		<feat xlink:href="#sSpan302" value="person"/>
		<feat xlink:href="#sSpan303" value="event"/>
		<feat xlink:href="#sSpan304" value="person"/>
		<feat xlink:href="#sSpan305" value="event"/>
		<feat xlink:href="#sSpan306" value="time"/>
		<feat xlink:href="#sSpan307" value="event"/>
		<feat xlink:href="#sSpan308" value="event"/>
		<feat xlink:href="#sSpan309" value="event"/>
		<feat xlink:href="#sSpan310" value="time"/>
		<feat xlink:href="#sSpan311" value="person"/>
		<feat xlink:href="#sSpan312" value="event"/>
		<feat xlink:href="#sSpan313" value="person"/>
		<feat xlink:href="#sSpan314" value="object"/>
		<feat xlink:href="#sSpan315" value="person"/>
		<feat xlink:href="#sSpan316" value="person"/>
		<feat xlink:href="#sSpan317" value="organization"/>
		<feat xlink:href="#sSpan318" value="abstract"/>
		<feat xlink:href="#sSpan319" value="abstract"/>
		<feat xlink:href="#sSpan320" value="event"/>
		<feat xlink:href="#sSpan321" value="person"/>
		<feat xlink:href="#sSpan322" value="person"/>
		<feat xlink:href="#sSpan323" value="person"/>
		<feat xlink:href="#sSpan324" value="person"/>
		<feat xlink:href="#sSpan325" value="place"/>
		<feat xlink:href="#sSpan326" value="person"/>
		<feat xlink:href="#sSpan327" value="event"/>
		<feat xlink:href="#sSpan328" value="person"/>
		<feat xlink:href="#sSpan329" value="event"/>
		<feat xlink:href="#sSpan330" value="place"/>
		<feat xlink:href="#sSpan331" value="person"/>
		<feat xlink:href="#sSpan332" value="event"/>
		<feat xlink:href="#sSpan333" value="place"/>
		<feat xlink:href="#sSpan334" value="time"/>
		<feat xlink:href="#sSpan335" value="person"/>
		<feat xlink:href="#sSpan336" value="person"/>
		<feat xlink:href="#sSpan337" value="person"/>
		<feat xlink:href="#sSpan338" value="organization"/>
		<feat xlink:href="#sSpan339" value="event"/>
		<feat xlink:href="#sSpan340" value="person"/>
		<feat xlink:href="#sSpan341" value="organization"/>
		<feat xlink:href="#sSpan342" value="event"/>
		<feat xlink:href="#sSpan343" value="person"/>
		<feat xlink:href="#sSpan344" value="organization"/>
		<feat xlink:href="#sSpan345" value="place"/>
		<feat xlink:href="#sSpan346" value="time"/>
		<feat xlink:href="#sSpan347" value="person"/>
		<feat xlink:href="#sSpan348" value="abstract"/>
		<feat xlink:href="#sSpan349" value="organization"/>
		<feat xlink:href="#sSpan350" value="abstract"/>
		<feat xlink:href="#sSpan351" value="person"/>
		<feat xlink:href="#sSpan352" value="event"/>
		<feat xlink:href="#sSpan353" value="person"/>
		<feat xlink:href="#sSpan354" value="abstract"/>
		<feat xlink:href="#sSpan355" value="person"/>
		<feat xlink:href="#sSpan356" value="person"/>
		<feat xlink:href="#sSpan357" value="person"/>
		<feat xlink:href="#sSpan358" value="person"/>
		<feat xlink:href="#sSpan359" value="person"/>
		<feat xlink:href="#sSpan360" value="abstract"/>
		<feat xlink:href="#sSpan361" value="person"/>
		<feat xlink:href="#sSpan362" value="person"/>
		<feat xlink:href="#sSpan363" value="person"/>
		<feat xlink:href="#sSpan364" value="person"/>
		<feat xlink:href="#sSpan365" value="abstract"/>
		<feat xlink:href="#sSpan366" value="organization"/>
		<feat xlink:href="#sSpan367" value="person"/>
		<feat xlink:href="#sSpan368" value="organization"/>
		<feat xlink:href="#sSpan369" value="person"/>
		<feat xlink:href="#sSpan370" value="person"/>
		<feat xlink:href="#sSpan371" value="event"/>
		<feat xlink:href="#sSpan372" value="event"/>
		<feat xlink:href="#sSpan373" value="event"/>
		<feat xlink:href="#sSpan374" value="event"/>
		<feat xlink:href="#sSpan375" value="person"/>
		<feat xlink:href="#sSpan376" value="event"/>
		<feat xlink:href="#sSpan377" value="person"/>
		<feat xlink:href="#sSpan378" value="event"/>
		<feat xlink:href="#sSpan379" value="person"/>
		<feat xlink:href="#sSpan380" value="abstract"/>
		<feat xlink:href="#sSpan381" value="organization"/>
		<feat xlink:href="#sSpan382" value="event"/>
		<feat xlink:href="#sSpan383" value="time"/>
		<feat xlink:href="#sSpan384" value="person"/>
		<feat xlink:href="#sSpan385" value="person"/>
		<feat xlink:href="#sSpan386" value="event"/>
		<feat xlink:href="#sSpan387" value="person"/>
		<feat xlink:href="#sSpan388" value="organization"/>
		<feat xlink:href="#sSpan389" value="person"/>
		<feat xlink:href="#sSpan390" value="person"/>
		<feat xlink:href="#sSpan391" value="person"/>
		<feat xlink:href="#sSpan392" value="person"/>
		<feat xlink:href="#sSpan393" value="event"/>
		<feat xlink:href="#sSpan394" value="person"/></featList></paula>