<?xml version='1.0' encoding='UTF-8'?><!DOCTYPE paula SYSTEM "paula_feat.dtd">
<paula version="1.1">
	<header paula_id="ref.GENTLE_esports_fifa.mark_identity"/>
	<featList xmlns:xlink="http://www.w3.org/1999/xlink" type="identity" xml:base="ref.GENTLE_esports_fifa.mark.xml">
		<feat xlink:href="#sSpan5" value="S.S.C._Napoli"/>
		<feat xlink:href="#sSpan6" value="S.S.C._Napoli"/>
		<feat xlink:href="#sSpan10" value="UEFA_Champions_League"/>
		<feat xlink:href="#sSpan12" value="S.S.C._Napoli"/>
		<feat xlink:href="#sSpan15" value="Manchester_City_F.C."/>
		<feat xlink:href="#sSpan16" value="Manchester"/>
		<feat xlink:href="#sSpan36" value="April"/>
		<feat xlink:href="#sSpan40" value="Manchester_City_F.C."/>
		<feat xlink:href="#sSpan41" value="Manchester"/>
		<feat xlink:href="#sSpan47" value="S.S.C._Napoli"/>
		<feat xlink:href="#sSpan51" value="Manchester_City_F.C."/>
		<feat xlink:href="#sSpan52" value="Manchester"/>
		<feat xlink:href="#sSpan55" value="Manchester_City_F.C."/>
		<feat xlink:href="#sSpan56" value="Manchester_City_F.C."/>
		<feat xlink:href="#sSpan57" value="S.S.C._Napoli"/>
		<feat xlink:href="#sSpan70" value="Benevento_Calcio"/>
		<feat xlink:href="#sSpan91" value="Luka_Jović"/>
		<feat xlink:href="#sSpan94" value="Donny_van_de_Beek"/>
		<feat xlink:href="#sSpan96" value="Zlatan_Ibrahimović"/>
		<feat xlink:href="#sSpan101" value="Tiémoué_Bakayoko"/>
		<feat xlink:href="#sSpan103" value="Tiémoué_Bakayoko"/>
		<feat xlink:href="#sSpan113" value="Serie_A"/>
		<feat xlink:href="#sSpan120" value="Scudetto"/>
		<feat xlink:href="#sSpan127" value="S.S.C._Napoli"/>
		<feat xlink:href="#sSpan132" value="Scudetto"/>
		<feat xlink:href="#sSpan149" value="Genoa_C.F.C."/>
		<feat xlink:href="#sSpan151" value="Genoa_C.F.C."/>
		<feat xlink:href="#sSpan159" value="Genoa_C.F.C."/>
		<feat xlink:href="#sSpan161" value="Genoa_C.F.C."/>
		<feat xlink:href="#sSpan176" value="Genoa_C.F.C."/>
		<feat xlink:href="#sSpan179" value="Luka_Jović"/>
		<feat xlink:href="#sSpan181" value="Luka_Jović"/>
		<feat xlink:href="#sSpan190" value="Luka_Jović"/>
		<feat xlink:href="#sSpan192" value="Genoa_C.F.C."/>
		<feat xlink:href="#sSpan194" value="Luka_Jović"/>
		<feat xlink:href="#sSpan199" value="Cristian_Galano"/>
		<feat xlink:href="#sSpan201" value="Cristian_Galano"/>
		<feat xlink:href="#sSpan220" value="Cristian_Galano"/>
		<feat xlink:href="#sSpan225" value="Cristian_Galano"/>
		<feat xlink:href="#sSpan227" value="Cristian_Galano"/>
		<feat xlink:href="#sSpan233" value="Cristian_Galano"/>
		<feat xlink:href="#sSpan236" value="Cristian_Galano"/>
		<feat xlink:href="#sSpan240" value="Lucas_Paquetá"/>
		<feat xlink:href="#sSpan244" value="Lucas_Paquetá"/>
		<feat xlink:href="#sSpan246" value="Ismaël_Bennacer"/>
		<feat xlink:href="#sSpan247" value="Donny_van_de_Beek"/>
		<feat xlink:href="#sSpan249" value="Sandro_Tonali"/>
		<feat xlink:href="#sSpan253" value="Jean%2DClair_Todibo"/>
		<feat xlink:href="#sSpan255" value="Toby_Alderweireld"/>
		<feat xlink:href="#sSpan264" value="Gianluigi_Donnarumma"/>
		<feat xlink:href="#sSpan270" value="Scudetto"/>
		<feat xlink:href="#sSpan272" value="Scudetto"/>
		<feat xlink:href="#sSpan287" value="UEFA_Champions_League"/>
		<feat xlink:href="#sSpan306" value="UEFA_Champions_League"/>
		<feat xlink:href="#sSpan325" value="Manchester_City_F.C."/>
		<feat xlink:href="#sSpan326" value="Manchester"/>
		<feat xlink:href="#sSpan331" value="Lucas_Paquetá"/>
		<feat xlink:href="#sSpan335" value="Lucas_Paquetá"/>
		<feat xlink:href="#sSpan338" value="Cristian_Galano"/>
		<feat xlink:href="#sSpan340" value="Cristian_Galano"/>
		<feat xlink:href="#sSpan347" value="Cristian_Galano"/>
		<feat xlink:href="#sSpan357" value="Cristian_Galano"/>
		<feat xlink:href="#sSpan359" value="Lucas_Paquetá"/>
		<feat xlink:href="#sSpan361" value="Sandro_Tonali"/>
		<feat xlink:href="#sSpan363" value="Luka_Jović"/>
		<feat xlink:href="#sSpan365" value="Luka_Jović"/>
		<feat xlink:href="#sSpan404" value="God"/>
		<feat xlink:href="#sSpan413" value="Luka_Jović"/>
		<feat xlink:href="#sSpan417" value="Donny_van_de_Beek"/>
		<feat xlink:href="#sSpan423" value="Donny_van_de_Beek"/>
		<feat xlink:href="#sSpan425" value="Cristian_Galano"/>
		<feat xlink:href="#sSpan483" value="Toby_Alderweireld"/>
		<feat xlink:href="#sSpan487" value="Genoa_C.F.C."/>
		<feat xlink:href="#sSpan495" value="Genoa_C.F.C."/>
		<feat xlink:href="#sSpan497" value="Donny_van_de_Beek"/>
		<feat xlink:href="#sSpan499" value="Lucas_Paquetá"/>
		<feat xlink:href="#sSpan502" value="Theo_Hernandez"/>
		<feat xlink:href="#sSpan504" value="Theo_Hernandez"/>
		<feat xlink:href="#sSpan521" value="Theo_Hernandez"/>
		<feat xlink:href="#sSpan529" value="Theo_Hernandez"/>
		<feat xlink:href="#sSpan550" value="Theo_Hernandez"/>
		<feat xlink:href="#sSpan560" value="Genoa_C.F.C."/>
		<feat xlink:href="#sSpan573" value="Genoa_C.F.C."/>
		<feat xlink:href="#sSpan585" value="Manchester_City_F.C."/>
		<feat xlink:href="#sSpan586" value="Manchester"/>
		<feat xlink:href="#sSpan595" value="Manchester_City_F.C."/>
		<feat xlink:href="#sSpan620" value="Andrea_Conti_%28footballer%2C_born_1994%29"/>
		<feat xlink:href="#sSpan621" value="Andrea_Conti_%28footballer%2C_born_1994%29"/>
		<feat xlink:href="#sSpan622" value="Jean%2DClair_Todibo"/>
		<feat xlink:href="#sSpan623" value="Mateo_Musacchio"/>
		<feat xlink:href="#sSpan624" value="Mitchel_Bakker"/>
		<feat xlink:href="#sSpan630" value="Andrea_Conti_%28footballer%2C_born_1994%29"/>
		<feat xlink:href="#sSpan638" value="Lucas_Paquetá"/>
		<feat xlink:href="#sSpan641" value="Luka_Jović"/>
		<feat xlink:href="#sSpan646" value="Manchester_City_F.C."/>
		<feat xlink:href="#sSpan648" value="Rafael_Leão"/>
		<feat xlink:href="#sSpan651" value="Manchester_City_F.C."/>
		<feat xlink:href="#sSpan654" value="Zlatan_Ibrahimović"/>
		<feat xlink:href="#sSpan656" value="Zlatan_Ibrahimović"/>
		<feat xlink:href="#sSpan667" value="Genoa_C.F.C."/>
		<feat xlink:href="#sSpan692" value="UEFA_Champions_League"/></featList></paula>