<?xml version='1.0' encoding='UTF-8'?><!DOCTYPE paula SYSTEM "paula_feat.dtd">
<paula version="1.1">
	<header paula_id="ref.GENTLE_esports_fifa.coref_type"/>
	<featList xmlns:xlink="http://www.w3.org/1999/xlink" type="type" xml:base="ref.GENTLE_esports_fifa.coref.xml">
		<feat xlink:href="#sPointingRel1170" value="ana"/>
		<feat xlink:href="#sPointingRel1171" value="ana"/>
		<feat xlink:href="#sPointingRel1172" value="ana"/>
		<feat xlink:href="#sPointingRel1173" value="coref"/>
		<feat xlink:href="#sPointingRel1174" value="ana"/>
		<feat xlink:href="#sPointingRel1175" value="coref"/>
		<feat xlink:href="#sPointingRel1176" value="coref"/>
		<feat xlink:href="#sPointingRel1177" value="coref"/>
		<feat xlink:href="#sPointingRel1178" value="coref"/>
		<feat xlink:href="#sPointingRel1179" value="coref"/>
		<feat xlink:href="#sPointingRel1180" value="coref"/>
		<feat xlink:href="#sPointingRel1181" value="coref"/>
		<feat xlink:href="#sPointingRel1182" value="ana"/>
		<feat xlink:href="#sPointingRel1183" value="ana"/>
		<feat xlink:href="#sPointingRel1184" value="ana"/>
		<feat xlink:href="#sPointingRel1185" value="coref"/>
		<feat xlink:href="#sPointingRel1186" value="coref"/>
		<feat xlink:href="#sPointingRel1187" value="ana"/>
		<feat xlink:href="#sPointingRel1188" value="coref"/>
		<feat xlink:href="#sPointingRel1189" value="ana"/>
		<feat xlink:href="#sPointingRel1190" value="ana"/>
		<feat xlink:href="#sPointingRel1191" value="ana"/>
		<feat xlink:href="#sPointingRel1192" value="coref"/>
		<feat xlink:href="#sPointingRel1193" value="ana"/>
		<feat xlink:href="#sPointingRel1194" value="ana"/>
		<feat xlink:href="#sPointingRel1195" value="coref"/>
		<feat xlink:href="#sPointingRel1196" value="coref"/>
		<feat xlink:href="#sPointingRel1197" value="ana"/>
		<feat xlink:href="#sPointingRel1198" value="ana"/>
		<feat xlink:href="#sPointingRel1199" value="ana"/>
		<feat xlink:href="#sPointingRel1200" value="ana"/>
		<feat xlink:href="#sPointingRel1201" value="coref"/>
		<feat xlink:href="#sPointingRel1202" value="coref"/>
		<feat xlink:href="#sPointingRel1203" value="ana"/>
		<feat xlink:href="#sPointingRel1204" value="ana"/>
		<feat xlink:href="#sPointingRel1205" value="ana"/>
		<feat xlink:href="#sPointingRel1206" value="coref"/>
		<feat xlink:href="#sPointingRel1207" value="coref"/>
		<feat xlink:href="#sPointingRel1208" value="ana"/>
		<feat xlink:href="#sPointingRel1209" value="coref"/>
		<feat xlink:href="#sPointingRel1210" value="coref"/>
		<feat xlink:href="#sPointingRel1211" value="coref"/>
		<feat xlink:href="#sPointingRel1212" value="ana"/>
		<feat xlink:href="#sPointingRel1213" value="ana"/>
		<feat xlink:href="#sPointingRel1214" value="coref"/>
		<feat xlink:href="#sPointingRel1215" value="ana"/>
		<feat xlink:href="#sPointingRel1216" value="ana"/>
		<feat xlink:href="#sPointingRel1217" value="coref"/>
		<feat xlink:href="#sPointingRel1218" value="coref"/>
		<feat xlink:href="#sPointingRel1219" value="ana"/>
		<feat xlink:href="#sPointingRel1220" value="ana"/>
		<feat xlink:href="#sPointingRel1221" value="ana"/>
		<feat xlink:href="#sPointingRel1222" value="coref"/>
		<feat xlink:href="#sPointingRel1223" value="coref"/>
		<feat xlink:href="#sPointingRel1224" value="coref"/>
		<feat xlink:href="#sPointingRel1225" value="ana"/>
		<feat xlink:href="#sPointingRel1226" value="ana"/>
		<feat xlink:href="#sPointingRel1227" value="ana"/>
		<feat xlink:href="#sPointingRel1228" value="coref"/>
		<feat xlink:href="#sPointingRel1229" value="ana"/>
		<feat xlink:href="#sPointingRel1230" value="ana"/>
		<feat xlink:href="#sPointingRel1231" value="ana"/>
		<feat xlink:href="#sPointingRel1232" value="coref"/>
		<feat xlink:href="#sPointingRel1233" value="coref"/>
		<feat xlink:href="#sPointingRel1234" value="coref"/>
		<feat xlink:href="#sPointingRel1235" value="coref"/>
		<feat xlink:href="#sPointingRel1236" value="coref"/>
		<feat xlink:href="#sPointingRel1237" value="ana"/>
		<feat xlink:href="#sPointingRel1238" value="coref"/>
		<feat xlink:href="#sPointingRel1239" value="coref"/>
		<feat xlink:href="#sPointingRel1240" value="ana"/>
		<feat xlink:href="#sPointingRel1241" value="ana"/>
		<feat xlink:href="#sPointingRel1242" value="ana"/>
		<feat xlink:href="#sPointingRel1243" value="coref"/>
		<feat xlink:href="#sPointingRel1244" value="ana"/>
		<feat xlink:href="#sPointingRel1245" value="ana"/>
		<feat xlink:href="#sPointingRel1246" value="ana"/>
		<feat xlink:href="#sPointingRel1247" value="ana"/>
		<feat xlink:href="#sPointingRel1248" value="disc"/>
		<feat xlink:href="#sPointingRel1249" value="coref"/>
		<feat xlink:href="#sPointingRel1250" value="coref"/>
		<feat xlink:href="#sPointingRel1251" value="ana"/>
		<feat xlink:href="#sPointingRel1252" value="coref"/>
		<feat xlink:href="#sPointingRel1253" value="ana"/>
		<feat xlink:href="#sPointingRel1254" value="ana"/>
		<feat xlink:href="#sPointingRel1255" value="ana"/>
		<feat xlink:href="#sPointingRel1256" value="coref"/>
		<feat xlink:href="#sPointingRel1257" value="coref"/>
		<feat xlink:href="#sPointingRel1258" value="coref"/>
		<feat xlink:href="#sPointingRel1259" value="coref"/>
		<feat xlink:href="#sPointingRel1260" value="coref"/>
		<feat xlink:href="#sPointingRel1261" value="coref"/>
		<feat xlink:href="#sPointingRel1262" value="coref"/>
		<feat xlink:href="#sPointingRel1263" value="coref"/>
		<feat xlink:href="#sPointingRel1264" value="ana"/>
		<feat xlink:href="#sPointingRel1265" value="coref"/>
		<feat xlink:href="#sPointingRel1266" value="coref"/>
		<feat xlink:href="#sPointingRel1267" value="ana"/>
		<feat xlink:href="#sPointingRel1268" value="coref"/>
		<feat xlink:href="#sPointingRel1269" value="ana"/>
		<feat xlink:href="#sPointingRel1270" value="cata"/>
		<feat xlink:href="#sPointingRel1271" value="ana"/>
		<feat xlink:href="#sPointingRel1272" value="ana"/>
		<feat xlink:href="#sPointingRel1273" value="coref"/>
		<feat xlink:href="#sPointingRel1274" value="coref"/>
		<feat xlink:href="#sPointingRel1275" value="ana"/>
		<feat xlink:href="#sPointingRel1276" value="coref"/>
		<feat xlink:href="#sPointingRel1277" value="ana"/>
		<feat xlink:href="#sPointingRel1278" value="coref"/>
		<feat xlink:href="#sPointingRel1279" value="ana"/>
		<feat xlink:href="#sPointingRel1280" value="coref"/>
		<feat xlink:href="#sPointingRel1281" value="coref"/>
		<feat xlink:href="#sPointingRel1283" value="ana"/>
		<feat xlink:href="#sPointingRel1284" value="coref"/>
		<feat xlink:href="#sPointingRel1285" value="coref"/>
		<feat xlink:href="#sPointingRel1286" value="ana"/>
		<feat xlink:href="#sPointingRel1287" value="coref"/>
		<feat xlink:href="#sPointingRel1288" value="coref"/>
		<feat xlink:href="#sPointingRel1289" value="coref"/>
		<feat xlink:href="#sPointingRel1290" value="coref"/>
		<feat xlink:href="#sPointingRel1291" value="ana"/>
		<feat xlink:href="#sPointingRel1292" value="coref"/>
		<feat xlink:href="#sPointingRel1293" value="coref"/>
		<feat xlink:href="#sPointingRel1294" value="ana"/>
		<feat xlink:href="#sPointingRel1295" value="ana"/>
		<feat xlink:href="#sPointingRel1296" value="coref"/>
		<feat xlink:href="#sPointingRel1297" value="ana"/>
		<feat xlink:href="#sPointingRel1298" value="ana"/>
		<feat xlink:href="#sPointingRel1299" value="pred"/>
		<feat xlink:href="#sPointingRel1300" value="ana"/>
		<feat xlink:href="#sPointingRel1301" value="ana"/>
		<feat xlink:href="#sPointingRel1302" value="coref"/>
		<feat xlink:href="#sPointingRel1303" value="ana"/>
		<feat xlink:href="#sPointingRel1304" value="ana"/>
		<feat xlink:href="#sPointingRel1305" value="ana"/>
		<feat xlink:href="#sPointingRel1306" value="ana"/>
		<feat xlink:href="#sPointingRel1307" value="coref"/>
		<feat xlink:href="#sPointingRel1311" value="ana"/>
		<feat xlink:href="#sPointingRel1312" value="ana"/>
		<feat xlink:href="#sPointingRel1313" value="ana"/>
		<feat xlink:href="#sPointingRel1314" value="ana"/>
		<feat xlink:href="#sPointingRel1315" value="cata"/>
		<feat xlink:href="#sPointingRel1316" value="ana"/>
		<feat xlink:href="#sPointingRel1317" value="ana"/>
		<feat xlink:href="#sPointingRel1318" value="coref"/>
		<feat xlink:href="#sPointingRel1319" value="coref"/>
		<feat xlink:href="#sPointingRel1320" value="ana"/>
		<feat xlink:href="#sPointingRel1321" value="ana"/>
		<feat xlink:href="#sPointingRel1322" value="coref"/>
		<feat xlink:href="#sPointingRel1323" value="ana"/>
		<feat xlink:href="#sPointingRel1324" value="ana"/>
		<feat xlink:href="#sPointingRel1325" value="ana"/></featList></paula>