<?xml version='1.0' encoding='UTF-8'?><!DOCTYPE paula SYSTEM "paula_feat.dtd">
<paula version="1.1">
	<header paula_id="rsd.GENTLE_esports_fifa.mark_stype"/>
	<featList xmlns:xlink="http://www.w3.org/1999/xlink" type="stype" xml:base="rsd.GENTLE_esports_fifa.mark.xml">
		<feat xlink:href="#sSpan1" value="decl"/>
		<feat xlink:href="#sSpan2" value="decl"/>
		<feat xlink:href="#sSpan3" value="decl"/>
		<feat xlink:href="#sSpan4" value="decl"/>
		<feat xlink:href="#sSpan5" value="decl"/>
		<feat xlink:href="#sSpan6" value="decl"/>
		<feat xlink:href="#sSpan7" value="decl"/>
		<feat xlink:href="#sSpan8" value="decl"/>
		<feat xlink:href="#sSpan9" value="decl"/>
		<feat xlink:href="#sSpan10" value="decl"/>
		<feat xlink:href="#sSpan11" value="decl"/>
		<feat xlink:href="#sSpan12" value="decl"/>
		<feat xlink:href="#sSpan13" value="decl"/>
		<feat xlink:href="#sSpan14" value="decl"/>
		<feat xlink:href="#sSpan15" value="decl"/>
		<feat xlink:href="#sSpan16" value="decl"/>
		<feat xlink:href="#sSpan17" value="decl"/>
		<feat xlink:href="#sSpan18" value="decl"/>
		<feat xlink:href="#sSpan19" value="decl"/>
		<feat xlink:href="#sSpan20" value="decl"/>
		<feat xlink:href="#sSpan21" value="decl"/>
		<feat xlink:href="#sSpan22" value="decl"/>
		<feat xlink:href="#sSpan23" value="decl"/>
		<feat xlink:href="#sSpan24" value="decl"/>
		<feat xlink:href="#sSpan25" value="decl"/>
		<feat xlink:href="#sSpan26" value="decl"/>
		<feat xlink:href="#sSpan27" value="decl"/>
		<feat xlink:href="#sSpan28" value="decl"/>
		<feat xlink:href="#sSpan29" value="decl"/>
		<feat xlink:href="#sSpan30" value="decl"/>
		<feat xlink:href="#sSpan31" value="decl"/>
		<feat xlink:href="#sSpan32" value="decl"/>
		<feat xlink:href="#sSpan33" value="decl"/>
		<feat xlink:href="#sSpan34" value="decl"/>
		<feat xlink:href="#sSpan35" value="decl"/>
		<feat xlink:href="#sSpan36" value="decl"/>
		<feat xlink:href="#sSpan37" value="decl"/>
		<feat xlink:href="#sSpan38" value="decl"/>
		<feat xlink:href="#sSpan39" value="decl"/>
		<feat xlink:href="#sSpan40" value="decl"/>
		<feat xlink:href="#sSpan41" value="decl"/>
		<feat xlink:href="#sSpan42" value="decl"/>
		<feat xlink:href="#sSpan43" value="decl"/>
		<feat xlink:href="#sSpan44" value="decl"/>
		<feat xlink:href="#sSpan45" value="decl"/>
		<feat xlink:href="#sSpan46" value="decl"/>
		<feat xlink:href="#sSpan47" value="frag"/>
		<feat xlink:href="#sSpan48" value="decl"/>
		<feat xlink:href="#sSpan49" value="decl"/>
		<feat xlink:href="#sSpan50" value="decl"/>
		<feat xlink:href="#sSpan51" value="decl"/>
		<feat xlink:href="#sSpan52" value="decl"/>
		<feat xlink:href="#sSpan53" value="decl"/>
		<feat xlink:href="#sSpan54" value="decl"/>
		<feat xlink:href="#sSpan55" value="decl"/>
		<feat xlink:href="#sSpan56" value="decl"/>
		<feat xlink:href="#sSpan57" value="decl"/>
		<feat xlink:href="#sSpan58" value="decl"/>
		<feat xlink:href="#sSpan59" value="decl"/>
		<feat xlink:href="#sSpan60" value="decl"/>
		<feat xlink:href="#sSpan61" value="decl"/>
		<feat xlink:href="#sSpan62" value="decl"/>
		<feat xlink:href="#sSpan63" value="decl"/>
		<feat xlink:href="#sSpan64" value="decl"/>
		<feat xlink:href="#sSpan65" value="decl"/>
		<feat xlink:href="#sSpan66" value="decl"/>
		<feat xlink:href="#sSpan67" value="decl"/>
		<feat xlink:href="#sSpan68" value="decl"/>
		<feat xlink:href="#sSpan69" value="decl"/>
		<feat xlink:href="#sSpan70" value="decl"/>
		<feat xlink:href="#sSpan71" value="decl"/>
		<feat xlink:href="#sSpan72" value="decl"/>
		<feat xlink:href="#sSpan73" value="decl"/>
		<feat xlink:href="#sSpan74" value="decl"/>
		<feat xlink:href="#sSpan75" value="decl"/>
		<feat xlink:href="#sSpan76" value="decl"/>
		<feat xlink:href="#sSpan77" value="decl"/>
		<feat xlink:href="#sSpan78" value="decl"/>
		<feat xlink:href="#sSpan79" value="decl"/>
		<feat xlink:href="#sSpan80" value="decl"/>
		<feat xlink:href="#sSpan81" value="frag"/>
		<feat xlink:href="#sSpan82" value="frag"/>
		<feat xlink:href="#sSpan83" value="wh"/>
		<feat xlink:href="#sSpan84" value="wh"/>
		<feat xlink:href="#sSpan85" value="wh"/>
		<feat xlink:href="#sSpan86" value="decl"/>
		<feat xlink:href="#sSpan87" value="decl"/>
		<feat xlink:href="#sSpan88" value="decl"/>
		<feat xlink:href="#sSpan89" value="decl"/>
		<feat xlink:href="#sSpan90" value="decl"/>
		<feat xlink:href="#sSpan91" value="decl"/>
		<feat xlink:href="#sSpan92" value="decl"/>
		<feat xlink:href="#sSpan93" value="decl"/>
		<feat xlink:href="#sSpan94" value="decl"/>
		<feat xlink:href="#sSpan95" value="decl"/>
		<feat xlink:href="#sSpan96" value="decl"/>
		<feat xlink:href="#sSpan97" value="decl"/>
		<feat xlink:href="#sSpan98" value="decl"/>
		<feat xlink:href="#sSpan99" value="decl"/>
		<feat xlink:href="#sSpan100" value="decl"/>
		<feat xlink:href="#sSpan101" value="decl"/>
		<feat xlink:href="#sSpan102" value="decl"/>
		<feat xlink:href="#sSpan103" value="decl"/>
		<feat xlink:href="#sSpan104" value="decl"/>
		<feat xlink:href="#sSpan105" value="decl"/>
		<feat xlink:href="#sSpan106" value="decl"/>
		<feat xlink:href="#sSpan107" value="decl"/>
		<feat xlink:href="#sSpan108" value="decl"/>
		<feat xlink:href="#sSpan109" value="decl"/>
		<feat xlink:href="#sSpan110" value="decl"/>
		<feat xlink:href="#sSpan111" value="multiple"/>
		<feat xlink:href="#sSpan112" value="multiple"/>
		<feat xlink:href="#sSpan113" value="multiple"/>
		<feat xlink:href="#sSpan114" value="multiple"/>
		<feat xlink:href="#sSpan115" value="multiple"/>
		<feat xlink:href="#sSpan116" value="multiple"/>
		<feat xlink:href="#sSpan117" value="multiple"/>
		<feat xlink:href="#sSpan118" value="multiple"/>
		<feat xlink:href="#sSpan119" value="multiple"/>
		<feat xlink:href="#sSpan120" value="decl"/>
		<feat xlink:href="#sSpan121" value="decl"/>
		<feat xlink:href="#sSpan122" value="decl"/>
		<feat xlink:href="#sSpan123" value="decl"/>
		<feat xlink:href="#sSpan124" value="decl"/>
		<feat xlink:href="#sSpan125" value="decl"/>
		<feat xlink:href="#sSpan126" value="decl"/>
		<feat xlink:href="#sSpan127" value="decl"/>
		<feat xlink:href="#sSpan128" value="decl"/>
		<feat xlink:href="#sSpan129" value="decl"/>
		<feat xlink:href="#sSpan130" value="decl"/>
		<feat xlink:href="#sSpan131" value="decl"/>
		<feat xlink:href="#sSpan132" value="decl"/></featList></paula>