<?xml version='1.0' encoding='UTF-8'?><!DOCTYPE paula SYSTEM "paula_feat.dtd">
<paula version="1.1">
	<header paula_id="rsd.GENTLE_esports_fifa.mark_head_pos"/>
	<featList xmlns:xlink="http://www.w3.org/1999/xlink" type="head_pos" xml:base="rsd.GENTLE_esports_fifa.mark.xml">
		<feat xlink:href="#sSpan1" value="NN"/>
		<feat xlink:href="#sSpan2" value="VVD"/>
		<feat xlink:href="#sSpan3" value="VVD"/>
		<feat xlink:href="#sSpan4" value="VVG"/>
		<feat xlink:href="#sSpan5" value="VVG"/>
		<feat xlink:href="#sSpan6" value="WDT"/>
		<feat xlink:href="#sSpan7" value="VVP"/>
		<feat xlink:href="#sSpan8" value="JJ"/>
		<feat xlink:href="#sSpan9" value="VHN"/>
		<feat xlink:href="#sSpan10" value="VHP"/>
		<feat xlink:href="#sSpan11" value="VVG"/>
		<feat xlink:href="#sSpan12" value="VVG"/>
		<feat xlink:href="#sSpan13" value="VVN"/>
		<feat xlink:href="#sSpan14" value="VVP"/>
		<feat xlink:href="#sSpan15" value="VVP"/>
		<feat xlink:href="#sSpan16" value="NP"/>
		<feat xlink:href="#sSpan17" value="VVG"/>
		<feat xlink:href="#sSpan18" value="VVG"/>
		<feat xlink:href="#sSpan19" value="VV"/>
		<feat xlink:href="#sSpan20" value="VVG"/>
		<feat xlink:href="#sSpan21" value="NN"/>
		<feat xlink:href="#sSpan22" value="VVN"/>
		<feat xlink:href="#sSpan23" value="VVG"/>
		<feat xlink:href="#sSpan24" value="VVG"/>
		<feat xlink:href="#sSpan25" value="VVG"/>
		<feat xlink:href="#sSpan26" value="VVN"/>
		<feat xlink:href="#sSpan27" value="VVN"/>
		<feat xlink:href="#sSpan28" value="PP"/>
		<feat xlink:href="#sSpan29" value="VVG"/>
		<feat xlink:href="#sSpan30" value="JJ"/>
		<feat xlink:href="#sSpan31" value="NN"/>
		<feat xlink:href="#sSpan32" value="VVG"/>
		<feat xlink:href="#sSpan33" value="VVG"/>
		<feat xlink:href="#sSpan34" value="NN"/>
		<feat xlink:href="#sSpan35" value="VV"/>
		<feat xlink:href="#sSpan36" value="VVD"/>
		<feat xlink:href="#sSpan37" value="VVG"/>
		<feat xlink:href="#sSpan38" value="NN"/>
		<feat xlink:href="#sSpan39" value="VVD"/>
		<feat xlink:href="#sSpan40" value="NNS"/>
		<feat xlink:href="#sSpan41" value="VVN"/>
		<feat xlink:href="#sSpan42" value="VV"/>
		<feat xlink:href="#sSpan43" value="VVD"/>
		<feat xlink:href="#sSpan44" value="VVG"/>
		<feat xlink:href="#sSpan45" value="JJ"/>
		<feat xlink:href="#sSpan46" value="VV"/>
		<feat xlink:href="#sSpan47" value="NP"/>
		<feat xlink:href="#sSpan48" value="VVG"/>
		<feat xlink:href="#sSpan49" value="VHP"/>
		<feat xlink:href="#sSpan50" value="VHP"/>
		<feat xlink:href="#sSpan51" value="VVD"/>
		<feat xlink:href="#sSpan52" value="NP"/>
		<feat xlink:href="#sSpan53" value="VVG"/>
		<feat xlink:href="#sSpan54" value="VVG"/>
		<feat xlink:href="#sSpan55" value="VVP"/>
		<feat xlink:href="#sSpan56" value="VVG"/>
		<feat xlink:href="#sSpan57" value="VV"/>
		<feat xlink:href="#sSpan58" value="NN"/>
		<feat xlink:href="#sSpan59" value="CC"/>
		<feat xlink:href="#sSpan60" value="VVP"/>
		<feat xlink:href="#sSpan61" value="VVP"/>
		<feat xlink:href="#sSpan62" value="NN"/>
		<feat xlink:href="#sSpan63" value="RB"/>
		<feat xlink:href="#sSpan64" value="VVG"/>
		<feat xlink:href="#sSpan65" value="RB"/>
		<feat xlink:href="#sSpan66" value="NN"/>
		<feat xlink:href="#sSpan67" value="VVN"/>
		<feat xlink:href="#sSpan68" value="PP"/>
		<feat xlink:href="#sSpan69" value="NN"/>
		<feat xlink:href="#sSpan70" value="NP"/>
		<feat xlink:href="#sSpan71" value="VVG"/>
		<feat xlink:href="#sSpan72" value="VV"/>
		<feat xlink:href="#sSpan73" value="VVD"/>
		<feat xlink:href="#sSpan74" value="VVN"/>
		<feat xlink:href="#sSpan75" value="VVP"/>
		<feat xlink:href="#sSpan76" value="VVD"/>
		<feat xlink:href="#sSpan77" value="RB"/>
		<feat xlink:href="#sSpan78" value="VVD"/>
		<feat xlink:href="#sSpan79" value="VVG"/>
		<feat xlink:href="#sSpan80" value="VVZ"/>
		<feat xlink:href="#sSpan81" value="VV"/>
		<feat xlink:href="#sSpan82" value="IN"/>
		<feat xlink:href="#sSpan83" value="WP"/>
		<feat xlink:href="#sSpan84" value="WRB"/>
		<feat xlink:href="#sSpan85" value="VBZ"/>
		<feat xlink:href="#sSpan86" value="VVD"/>
		<feat xlink:href="#sSpan87" value="VVD"/>
		<feat xlink:href="#sSpan88" value="VVG"/>
		<feat xlink:href="#sSpan89" value="JJ"/>
		<feat xlink:href="#sSpan90" value="VVN"/>
		<feat xlink:href="#sSpan91" value="VVD"/>
		<feat xlink:href="#sSpan92" value="VVP"/>
		<feat xlink:href="#sSpan93" value="VVG"/>
		<feat xlink:href="#sSpan94" value="NP"/>
		<feat xlink:href="#sSpan95" value="NP"/>
		<feat xlink:href="#sSpan96" value="VV"/>
		<feat xlink:href="#sSpan97" value="VVG"/>
		<feat xlink:href="#sSpan98" value="VV"/>
		<feat xlink:href="#sSpan99" value="VVN"/>
		<feat xlink:href="#sSpan100" value="VV"/>
		<feat xlink:href="#sSpan101" value="VVG"/>
		<feat xlink:href="#sSpan102" value="UH"/>
		<feat xlink:href="#sSpan103" value="NN"/>
		<feat xlink:href="#sSpan104" value="VV"/>
		<feat xlink:href="#sSpan105" value="VVP"/>
		<feat xlink:href="#sSpan106" value="JJ"/>
		<feat xlink:href="#sSpan107" value="RB"/>
		<feat xlink:href="#sSpan108" value="NN"/>
		<feat xlink:href="#sSpan109" value="CC"/>
		<feat xlink:href="#sSpan110" value="VVG"/>
		<feat xlink:href="#sSpan111" value="VVG"/>
		<feat xlink:href="#sSpan112" value="NN"/>
		<feat xlink:href="#sSpan113" value="NN"/>
		<feat xlink:href="#sSpan114" value="WP"/>
		<feat xlink:href="#sSpan115" value="VVG"/>
		<feat xlink:href="#sSpan116" value="VVG"/>
		<feat xlink:href="#sSpan117" value="JJ"/>
		<feat xlink:href="#sSpan118" value="VVD"/>
		<feat xlink:href="#sSpan119" value="VVD"/>
		<feat xlink:href="#sSpan120" value="VVG"/>
		<feat xlink:href="#sSpan121" value="NN"/>
		<feat xlink:href="#sSpan122" value="NN"/>
		<feat xlink:href="#sSpan123" value="VVD"/>
		<feat xlink:href="#sSpan124" value="VVD"/>
		<feat xlink:href="#sSpan125" value="VVP"/>
		<feat xlink:href="#sSpan126" value="VVD"/>
		<feat xlink:href="#sSpan127" value="VVD"/>
		<feat xlink:href="#sSpan128" value="NN"/>
		<feat xlink:href="#sSpan129" value="VHD"/>
		<feat xlink:href="#sSpan130" value="NNS"/>
		<feat xlink:href="#sSpan131" value="VHD"/>
		<feat xlink:href="#sSpan132" value="VVN"/>
		<feat xlink:href="#sSpan133" value="VVD"/></featList></paula>