<?xml version='1.0' encoding='UTF-8'?><!DOCTYPE paula SYSTEM "paula_feat.dtd">
<paula version="1.1">
	<header paula_id="rsd.GENTLE_esports_fifa.mark_rsd_rel"/>
	<featList xmlns:xlink="http://www.w3.org/1999/xlink" type="rsd_rel" xml:base="rsd.GENTLE_esports_fifa.mark.xml">
		<feat xlink:href="#sSpan1" value="context-background_r"/>
		<feat xlink:href="#sSpan2" value="elaboration-attribute_r"/>
		<feat xlink:href="#sSpan3" value="joint-sequence_m"/>
		<feat xlink:href="#sSpan4" value="joint-sequence_m"/>
		<feat xlink:href="#sSpan5" value="same-unit_m"/>
		<feat xlink:href="#sSpan6" value="evaluation-comment_r"/>
		<feat xlink:href="#sSpan7" value="organization-phatic_r"/>
		<feat xlink:href="#sSpan8" value="same-unit_m"/>
		<feat xlink:href="#sSpan9" value="elaboration-attribute_r"/>
		<feat xlink:href="#sSpan10" value="joint-sequence_m"/>
		<feat xlink:href="#sSpan11" value="evaluation-comment_r"/>
		<feat xlink:href="#sSpan12" value="elaboration-attribute_r"/>
		<feat xlink:href="#sSpan13" value="context-background_r"/>
		<feat xlink:href="#sSpan14" value="explanation-justify_r"/>
		<feat xlink:href="#sSpan15" value="elaboration-attribute_r"/>
		<feat xlink:href="#sSpan16" value="elaboration-additional_r"/>
		<feat xlink:href="#sSpan17" value="ROOT"/>
		<feat xlink:href="#sSpan18" value="elaboration-additional_r"/>
		<feat xlink:href="#sSpan19" value="purpose-goal_r"/>
		<feat xlink:href="#sSpan20" value="elaboration-attribute_r"/>
		<feat xlink:href="#sSpan21" value="same-unit_m"/>
		<feat xlink:href="#sSpan22" value="evaluation-comment_r"/>
		<feat xlink:href="#sSpan23" value="elaboration-additional_r"/>
		<feat xlink:href="#sSpan24" value="joint-list_m"/>
		<feat xlink:href="#sSpan25" value="joint-list_m"/>
		<feat xlink:href="#sSpan26" value="attribution-positive_r"/>
		<feat xlink:href="#sSpan27" value="explanation-evidence_r"/>
		<feat xlink:href="#sSpan28" value="joint-list_m"/>
		<feat xlink:href="#sSpan29" value="evaluation-comment_r"/>
		<feat xlink:href="#sSpan30" value="explanation-justify_r"/>
		<feat xlink:href="#sSpan31" value="context-background_r"/>
		<feat xlink:href="#sSpan32" value="elaboration-attribute_r"/>
		<feat xlink:href="#sSpan33" value="elaboration-additional_r"/>
		<feat xlink:href="#sSpan34" value="explanation-justify_r"/>
		<feat xlink:href="#sSpan35" value="context-background_r"/>
		<feat xlink:href="#sSpan36" value="explanation-evidence_r"/>
		<feat xlink:href="#sSpan37" value="context-background_r"/>
		<feat xlink:href="#sSpan38" value="evaluation-comment_r"/>
		<feat xlink:href="#sSpan39" value="elaboration-additional_r"/>
		<feat xlink:href="#sSpan40" value="explanation-evidence_r"/>
		<feat xlink:href="#sSpan41" value="adversative-contrast_m"/>
		<feat xlink:href="#sSpan42" value="organization-phatic_r"/>
		<feat xlink:href="#sSpan43" value="attribution-positive_r"/>
		<feat xlink:href="#sSpan44" value="evaluation-comment_r"/>
		<feat xlink:href="#sSpan45" value="explanation-justify_r"/>
		<feat xlink:href="#sSpan46" value="adversative-concession_r"/>
		<feat xlink:href="#sSpan47" value="organization-phatic_r"/>
		<feat xlink:href="#sSpan48" value="joint-other_m"/>
		<feat xlink:href="#sSpan49" value="joint-list_m"/>
		<feat xlink:href="#sSpan50" value="joint-list_m"/>
		<feat xlink:href="#sSpan51" value="context-background_r"/>
		<feat xlink:href="#sSpan52" value="joint-other_m"/>
		<feat xlink:href="#sSpan53" value="contingency-condition_r"/>
		<feat xlink:href="#sSpan54" value="same-unit_m"/>
		<feat xlink:href="#sSpan55" value="attribution-positive_r"/>
		<feat xlink:href="#sSpan56" value="adversative-concession_r"/>
		<feat xlink:href="#sSpan57" value="joint-sequence_m"/>
		<feat xlink:href="#sSpan58" value="evaluation-comment_r"/>
		<feat xlink:href="#sSpan59" value="joint-other_m"/>
		<feat xlink:href="#sSpan60" value="context-circumstance_r"/>
		<feat xlink:href="#sSpan61" value="same-unit_m"/>
		<feat xlink:href="#sSpan62" value="joint-sequence_m"/>
		<feat xlink:href="#sSpan63" value="organization-preparation_r"/>
		<feat xlink:href="#sSpan64" value="joint-sequence_m"/>
		<feat xlink:href="#sSpan65" value="context-circumstance_r"/>
		<feat xlink:href="#sSpan66" value="evaluation-comment_r"/>
		<feat xlink:href="#sSpan67" value="joint-sequence_m"/>
		<feat xlink:href="#sSpan68" value="joint-sequence_m"/>
		<feat xlink:href="#sSpan69" value="joint-sequence_m"/>
		<feat xlink:href="#sSpan70" value="joint-sequence_m"/>
		<feat xlink:href="#sSpan71" value="joint-sequence_m"/>
		<feat xlink:href="#sSpan72" value="restatement-repetition_m"/>
		<feat xlink:href="#sSpan73" value="organization-phatic_r"/>
		<feat xlink:href="#sSpan74" value="adversative-concession_r"/>
		<feat xlink:href="#sSpan75" value="organization-preparation_r"/>
		<feat xlink:href="#sSpan76" value="evaluation-comment_r"/>
		<feat xlink:href="#sSpan77" value="evaluation-comment_r"/>
		<feat xlink:href="#sSpan78" value="joint-sequence_m"/>
		<feat xlink:href="#sSpan79" value="context-circumstance_r"/>
		<feat xlink:href="#sSpan80" value="joint-sequence_m"/>
		<feat xlink:href="#sSpan81" value="joint-sequence_m"/>
		<feat xlink:href="#sSpan82" value="joint-sequence_m"/>
		<feat xlink:href="#sSpan83" value="organization-preparation_r"/>
		<feat xlink:href="#sSpan84" value="restatement-repetition_m"/>
		<feat xlink:href="#sSpan85" value="joint-sequence_m"/>
		<feat xlink:href="#sSpan86" value="restatement-partial_r"/>
		<feat xlink:href="#sSpan87" value="explanation-justify_r"/>
		<feat xlink:href="#sSpan88" value="adversative-contrast_m"/>
		<feat xlink:href="#sSpan89" value="causal-result_r"/>
		<feat xlink:href="#sSpan90" value="joint-sequence_m"/>
		<feat xlink:href="#sSpan91" value="joint-sequence_m"/>
		<feat xlink:href="#sSpan92" value="joint-sequence_m"/>
		<feat xlink:href="#sSpan93" value="context-circumstance_r"/>
		<feat xlink:href="#sSpan94" value="joint-sequence_m"/>
		<feat xlink:href="#sSpan95" value="joint-sequence_m"/>
		<feat xlink:href="#sSpan96" value="adversative-concession_r"/>
		<feat xlink:href="#sSpan97" value="evaluation-comment_r"/>
		<feat xlink:href="#sSpan98" value="joint-sequence_m"/>
		<feat xlink:href="#sSpan99" value="adversative-antithesis_r"/>
		<feat xlink:href="#sSpan100" value="restatement-partial_r"/>
		<feat xlink:href="#sSpan101" value="causal-result_r"/>
		<feat xlink:href="#sSpan102" value="evaluation-comment_r"/>
		<feat xlink:href="#sSpan103" value="evaluation-comment_r"/>
		<feat xlink:href="#sSpan104" value="evaluation-comment_r"/>
		<feat xlink:href="#sSpan105" value="adversative-concession_r"/>
		<feat xlink:href="#sSpan106" value="elaboration-attribute_r"/>
		<feat xlink:href="#sSpan107" value="adversative-antithesis_r"/>
		<feat xlink:href="#sSpan108" value="joint-list_m"/>
		<feat xlink:href="#sSpan109" value="context-background_r"/>
		<feat xlink:href="#sSpan110" value="causal-cause_r"/>
		<feat xlink:href="#sSpan111" value="same-unit_m"/>
		<feat xlink:href="#sSpan112" value="adversative-concession_r"/>
		<feat xlink:href="#sSpan113" value="adversative-concession_r"/>
		<feat xlink:href="#sSpan114" value="evaluation-comment_r"/>
		<feat xlink:href="#sSpan115" value="joint-sequence_m"/>
		<feat xlink:href="#sSpan116" value="joint-sequence_m"/>
		<feat xlink:href="#sSpan117" value="evaluation-comment_r"/>
		<feat xlink:href="#sSpan118" value="context-background_r"/>
		<feat xlink:href="#sSpan119" value="adversative-contrast_m"/>
		<feat xlink:href="#sSpan120" value="causal-result_r"/>
		<feat xlink:href="#sSpan121" value="joint-sequence_m"/>
		<feat xlink:href="#sSpan122" value="evaluation-comment_r"/>
		<feat xlink:href="#sSpan123" value="causal-result_r"/>
		<feat xlink:href="#sSpan124" value="restatement-repetition_m"/>
		<feat xlink:href="#sSpan125" value="organization-preparation_r"/>
		<feat xlink:href="#sSpan126" value="context-background_r"/>
		<feat xlink:href="#sSpan127" value="attribution-positive_r"/>
		<feat xlink:href="#sSpan128" value="joint-list_m"/>
		<feat xlink:href="#sSpan129" value="elaboration-attribute_r"/>
		<feat xlink:href="#sSpan130" value="same-unit_m"/>
		<feat xlink:href="#sSpan131" value="elaboration-attribute_r"/>
		<feat xlink:href="#sSpan132" value="same-unit_m"/>
		<feat xlink:href="#sSpan133" value="elaboration-additional_r"/></featList></paula>