<?xml version='1.0' encoding='UTF-8'?><!DOCTYPE paula SYSTEM "paula_feat.dtd">
<paula version="1.1">
	<header paula_id="rsd.GENTLE_esports_fifa.mark_sid"/>
	<featList xmlns:xlink="http://www.w3.org/1999/xlink" type="sid" xml:base="rsd.GENTLE_esports_fifa.mark.xml">
		<feat xlink:href="#sSpan720" value="1"/>
		<feat xlink:href="#sSpan721" value="1"/>
		<feat xlink:href="#sSpan722" value="1"/>
		<feat xlink:href="#sSpan723" value="1"/>
		<feat xlink:href="#sSpan724" value="1"/>
		<feat xlink:href="#sSpan725" value="1"/>
		<feat xlink:href="#sSpan726" value="1"/>
		<feat xlink:href="#sSpan727" value="1"/>
		<feat xlink:href="#sSpan728" value="1"/>
		<feat xlink:href="#sSpan729" value="1"/>
		<feat xlink:href="#sSpan730" value="1"/>
		<feat xlink:href="#sSpan731" value="1"/>
		<feat xlink:href="#sSpan732" value="1"/>
		<feat xlink:href="#sSpan733" value="1"/>
		<feat xlink:href="#sSpan734" value="1"/>
		<feat xlink:href="#sSpan735" value="1"/>
		<feat xlink:href="#sSpan736" value="2"/>
		<feat xlink:href="#sSpan737" value="3"/>
		<feat xlink:href="#sSpan738" value="3"/>
		<feat xlink:href="#sSpan739" value="3"/>
		<feat xlink:href="#sSpan740" value="3"/>
		<feat xlink:href="#sSpan741" value="4"/>
		<feat xlink:href="#sSpan742" value="4"/>
		<feat xlink:href="#sSpan743" value="4"/>
		<feat xlink:href="#sSpan744" value="5"/>
		<feat xlink:href="#sSpan745" value="6"/>
		<feat xlink:href="#sSpan746" value="6"/>
		<feat xlink:href="#sSpan747" value="6"/>
		<feat xlink:href="#sSpan748" value="7"/>
		<feat xlink:href="#sSpan749" value="7"/>
		<feat xlink:href="#sSpan750" value="8"/>
		<feat xlink:href="#sSpan751" value="8"/>
		<feat xlink:href="#sSpan752" value="8"/>
		<feat xlink:href="#sSpan753" value="8"/>
		<feat xlink:href="#sSpan754" value="9"/>
		<feat xlink:href="#sSpan755" value="10"/>
		<feat xlink:href="#sSpan756" value="10"/>
		<feat xlink:href="#sSpan757" value="11"/>
		<feat xlink:href="#sSpan758" value="12"/>
		<feat xlink:href="#sSpan759" value="12"/>
		<feat xlink:href="#sSpan760" value="12"/>
		<feat xlink:href="#sSpan761" value="13"/>
		<feat xlink:href="#sSpan762" value="14"/>
		<feat xlink:href="#sSpan763" value="14"/>
		<feat xlink:href="#sSpan764" value="14"/>
		<feat xlink:href="#sSpan765" value="14"/>
		<feat xlink:href="#sSpan766" value="15"/>
		<feat xlink:href="#sSpan767" value="15"/>
		<feat xlink:href="#sSpan768" value="16"/>
		<feat xlink:href="#sSpan769" value="16"/>
		<feat xlink:href="#sSpan770" value="17"/>
		<feat xlink:href="#sSpan771" value="17"/>
		<feat xlink:href="#sSpan772" value="17"/>
		<feat xlink:href="#sSpan773" value="17"/>
		<feat xlink:href="#sSpan774" value="18"/>
		<feat xlink:href="#sSpan775" value="18"/>
		<feat xlink:href="#sSpan776" value="18"/>
		<feat xlink:href="#sSpan777" value="19"/>
		<feat xlink:href="#sSpan778" value="19"/>
		<feat xlink:href="#sSpan779" value="19"/>
		<feat xlink:href="#sSpan780" value="19"/>
		<feat xlink:href="#sSpan781" value="19"/>
		<feat xlink:href="#sSpan782" value="20"/>
		<feat xlink:href="#sSpan783" value="20"/>
		<feat xlink:href="#sSpan784" value="20"/>
		<feat xlink:href="#sSpan785" value="20"/>
		<feat xlink:href="#sSpan786" value="20"/>
		<feat xlink:href="#sSpan787" value="20"/>
		<feat xlink:href="#sSpan788" value="20"/>
		<feat xlink:href="#sSpan789" value="21"/>
		<feat xlink:href="#sSpan790" value="21"/>
		<feat xlink:href="#sSpan791" value="21"/>
		<feat xlink:href="#sSpan792" value="22"/>
		<feat xlink:href="#sSpan793" value="22"/>
		<feat xlink:href="#sSpan794" value="22"/>
		<feat xlink:href="#sSpan795" value="22"/>
		<feat xlink:href="#sSpan796" value="22"/>
		<feat xlink:href="#sSpan797" value="23"/>
		<feat xlink:href="#sSpan798" value="23"/>
		<feat xlink:href="#sSpan799" value="24"/>
		<feat xlink:href="#sSpan800" value="24"/>
		<feat xlink:href="#sSpan801" value="25"/>
		<feat xlink:href="#sSpan802" value="25"/>
		<feat xlink:href="#sSpan803" value="26"/>
		<feat xlink:href="#sSpan804" value="26"/>
		<feat xlink:href="#sSpan805" value="26"/>
		<feat xlink:href="#sSpan806" value="27"/>
		<feat xlink:href="#sSpan807" value="27"/>
		<feat xlink:href="#sSpan808" value="27"/>
		<feat xlink:href="#sSpan809" value="28"/>
		<feat xlink:href="#sSpan810" value="28"/>
		<feat xlink:href="#sSpan811" value="29"/>
		<feat xlink:href="#sSpan812" value="29"/>
		<feat xlink:href="#sSpan813" value="30"/>
		<feat xlink:href="#sSpan814" value="30"/>
		<feat xlink:href="#sSpan815" value="30"/>
		<feat xlink:href="#sSpan816" value="30"/>
		<feat xlink:href="#sSpan817" value="30"/>
		<feat xlink:href="#sSpan818" value="31"/>
		<feat xlink:href="#sSpan819" value="31"/>
		<feat xlink:href="#sSpan820" value="31"/>
		<feat xlink:href="#sSpan821" value="32"/>
		<feat xlink:href="#sSpan822" value="32"/>
		<feat xlink:href="#sSpan823" value="32"/>
		<feat xlink:href="#sSpan824" value="32"/>
		<feat xlink:href="#sSpan825" value="32"/>
		<feat xlink:href="#sSpan826" value="32"/>
		<feat xlink:href="#sSpan827" value="32"/>
		<feat xlink:href="#sSpan828" value="32"/>
		<feat xlink:href="#sSpan829" value="32"/>
		<feat xlink:href="#sSpan830" value="32"/>
		<feat xlink:href="#sSpan831" value="33"/>
		<feat xlink:href="#sSpan832" value="33"/>
		<feat xlink:href="#sSpan833" value="33"/>
		<feat xlink:href="#sSpan834" value="34"/>
		<feat xlink:href="#sSpan835" value="34"/>
		<feat xlink:href="#sSpan836" value="34"/>
		<feat xlink:href="#sSpan837" value="34"/>
		<feat xlink:href="#sSpan838" value="34"/>
		<feat xlink:href="#sSpan839" value="34"/>
		<feat xlink:href="#sSpan840" value="35"/>
		<feat xlink:href="#sSpan841" value="35"/>
		<feat xlink:href="#sSpan842" value="36"/>
		<feat xlink:href="#sSpan843" value="36"/>
		<feat xlink:href="#sSpan844" value="37"/>
		<feat xlink:href="#sSpan845" value="37"/>
		<feat xlink:href="#sSpan846" value="37"/>
		<feat xlink:href="#sSpan847" value="37"/>
		<feat xlink:href="#sSpan848" value="37"/>
		<feat xlink:href="#sSpan849" value="37"/>
		<feat xlink:href="#sSpan850" value="37"/>
		<feat xlink:href="#sSpan851" value="37"/>
		<feat xlink:href="#sSpan852" value="37"/></featList></paula>