<?xml version='1.0' encoding='UTF-8'?><!DOCTYPE paula SYSTEM "paula_mark.dtd">
<paula version="1.1">
	<header paula_id="rsd.GENTLE_esports_fifa.mark"/>
	<markList xmlns:xlink="http://www.w3.org/1999/xlink" type="rsd" xml:base="GENTLE_esports_fifa.tok.xml">
		<!--Now after last episodes 's amazing conclusion-->
		<mark id="sSpan1" xlink:href="#sTok1 #sTok2 #sTok3 #sTok4 #sTok5 #sTok6 #sTok7"/>
		<!--where Napoli they beat us in the first leg of the Champions League quarter-finals-->
		<mark id="sSpan2" xlink:href="#sTok8 #sTok9 #sTok10 #sTok11 #sTok12 #sTok13 #sTok14 #sTok15 #sTok16 #sTok17 #sTok18 #sTok19 #sTok20 #sTok21"/>
		<!--and then we brought it to them in the second leg ,-->
		<mark id="sSpan3" xlink:href="#sTok22 #sTok23 #sTok24 #sTok25 #sTok26 #sTok27 #sTok28 #sTok29 #sTok30 #sTok31 #sTok32 #sTok33"/>
		<!--and now advancing into the semi-finals against Manchester City ,-->
		<mark id="sSpan4" xlink:href="#sTok34 #sTok35 #sTok36 #sTok37 #sTok38 #sTok39 #sTok40 #sTok41 #sTok42 #sTok43"/>
		<!--today 's episode is gon na start off with three games-->
		<mark id="sSpan5" xlink:href="#sTok44 #sTok45 #sTok46 #sTok47 #sTok48 #sTok49 #sTok50 #sTok51 #sTok52 #sTok53 #sTok54"/>
		<!--that-->
		<mark id="sSpan6" xlink:href="#sTok55"/>
		<!--you know-->
		<mark id="sSpan7" xlink:href="#sTok56 #sTok57"/>
		<!--are n't as hard as the last couple of matches-->
		<mark id="sSpan8" xlink:href="#sTok58 #sTok59 #sTok60 #sTok61 #sTok62 #sTok63 #sTok64 #sTok65 #sTok66 #sTok67"/>
		<!--we 've had ,-->
		<mark id="sSpan9" xlink:href="#sTok68 #sTok69 #sTok70 #sTok71"/>
		<!--and then on uh 27th of April , we have Manchester City in the first leg of the semi-finals ,-->
		<mark id="sSpan10" xlink:href="#sTok72 #sTok73 #sTok74 #sTok75 #sTok76 #sTok77 #sTok78 #sTok79 #sTok80 #sTok81 #sTok82 #sTok83 #sTok84 #sTok85 #sTok86 #sTok87 #sTok88 #sTok89 #sTok90 #sTok91"/>
		<!--which is going to be possibly one of the hardest games-->
		<mark id="sSpan11" xlink:href="#sTok92 #sTok93 #sTok94 #sTok95 #sTok96 #sTok97 #sTok98 #sTok99 #sTok100 #sTok101 #sTok102"/>
		<!--I 'm gon na be playing-->
		<mark id="sSpan12" xlink:href="#sTok103 #sTok104 #sTok105 #sTok106 #sTok107 #sTok108"/>
		<!--because Napoli has given me our game-->
		<mark id="sSpan13" xlink:href="#sTok109 #sTok110 #sTok111 #sTok112 #sTok113 #sTok114 #sTok115"/>
		<!--and Manchester City I know the way-->
		<mark id="sSpan14" xlink:href="#sTok116 #sTok117 #sTok118 #sTok119 #sTok120 #sTok121 #sTok122"/>
		<!--they play ,-->
		<mark id="sSpan15" xlink:href="#sTok123 #sTok124 #sTok125"/>
		<!--they 're exactly like Napoli .-->
		<mark id="sSpan16" xlink:href="#sTok126 #sTok127 #sTok128 #sTok129 #sTok130 #sTok131"/>
		<!--So we 're just gon na start off straightaway with a simulated match against Benevento .-->
		<mark id="sSpan17" xlink:href="#sTok132 #sTok133 #sTok134 #sTok135 #sTok136 #sTok137 #sTok138 #sTok139 #sTok140 #sTok141 #sTok142 #sTok143 #sTok144 #sTok145 #sTok146 #sTok147"/>
		<!--We 're gon na play one of these three games-->
		<mark id="sSpan18" xlink:href="#sTok148 #sTok149 #sTok150 #sTok151 #sTok152 #sTok153 #sTok154 #sTok155 #sTok156 #sTok157"/>
		<!--just to get in the mood-->
		<mark id="sSpan19" xlink:href="#sTok158 #sTok159 #sTok160 #sTok161 #sTok162 #sTok163"/>
		<!--of playing games-->
		<mark id="sSpan20" xlink:href="#sTok164 #sTok165 #sTok166"/>
		<!--this episode .-->
		<mark id="sSpan21" xlink:href="#sTok167 #sTok168 #sTok169"/>
		<!--We 've got a pretty rotated lineup-->
		<mark id="sSpan22" xlink:href="#sTok170 #sTok171 #sTok172 #sTok173 #sTok174 #sTok175 #sTok176"/>
		<!--Jović scoring ,-->
		<mark id="sSpan23" xlink:href="#sTok177 #sTok178 #sTok179"/>
		<!--van de Beek and Ibrahimovic coming on 3 - 1 victory .-->
		<mark id="sSpan24" xlink:href="#sTok180 #sTok181 #sTok182 #sTok183 #sTok184 #sTok185 #sTok186 #sTok187 #sTok188 #sTok189 #sTok190 #sTok191"/>
		<!--Bakayoko getting himself a red card .-->
		<mark id="sSpan25" xlink:href="#sTok192 #sTok193 #sTok194 #sTok195 #sTok196 #sTok197 #sTok198"/>
		<!--Now I 've mentioned-->
		<mark id="sSpan26" xlink:href="#sTok199 #sTok200 #sTok201 #sTok202"/>
		<!--that earlier in the Serie A UVA has just ran away with the Scudetto 89 points-->
		<mark id="sSpan27" xlink:href="#sTok203 #sTok204 #sTok205 #sTok206 #sTok207 #sTok208 #sTok209 #sTok210 #sTok211 #sTok212 #sTok213 #sTok214 #sTok215 #sTok216 #sTok217 #sTok218"/>
		<!--and right behind them is Napoli us with 76 .-->
		<mark id="sSpan28" xlink:href="#sTok219 #sTok220 #sTok221 #sTok222 #sTok223 #sTok224 #sTok225 #sTok226 #sTok227 #sTok228"/>
		<!--The Scudetto was gon na be tough all the time-->
		<mark id="sSpan29" xlink:href="#sTok229 #sTok230 #sTok231 #sTok232 #sTok233 #sTok234 #sTok235 #sTok236 #sTok237 #sTok238"/>
		<!--UVA 's just way too strong .-->
		<mark id="sSpan30" xlink:href="#sTok239 #sTok240 #sTok241 #sTok242 #sTok243 #sTok244 #sTok245"/>
		<!--Genoa is the next match-->
		<mark id="sSpan31" xlink:href="#sTok246 #sTok247 #sTok248 #sTok249 #sTok250"/>
		<!--coming up-->
		<mark id="sSpan32" xlink:href="#sTok251 #sTok252"/>
		<!--and I 'm going to be playing this match-->
		<mark id="sSpan33" xlink:href="#sTok253 #sTok254 #sTok255 #sTok256 #sTok257 #sTok258 #sTok259 #sTok260 #sTok261"/>
		<!--because it 's at home .-->
		<mark id="sSpan34" xlink:href="#sTok262 #sTok263 #sTok264 #sTok265 #sTok266 #sTok267"/>
		<!--I 'd like to maybe play some of our Academy players in this match .-->
		<mark id="sSpan35" xlink:href="#sTok268 #sTok269 #sTok270 #sTok271 #sTok272 #sTok273 #sTok274 #sTok275 #sTok276 #sTok277 #sTok278 #sTok279 #sTok280 #sTok281 #sTok282"/>
		<!--The last match he scored Jović-->
		<mark id="sSpan36" xlink:href="#sTok283 #sTok284 #sTok285 #sTok286 #sTok287 #sTok288"/>
		<!--so I 'm gon na continue hopefully his form in this game .-->
		<mark id="sSpan37" xlink:href="#sTok289 #sTok290 #sTok291 #sTok292 #sTok293 #sTok294 #sTok295 #sTok296 #sTok297 #sTok298 #sTok299 #sTok300 #sTok301"/>
		<!--He 's up top with Galano .-->
		<mark id="sSpan38" xlink:href="#sTok302 #sTok303 #sTok304 #sTok305 #sTok306 #sTok307 #sTok308"/>
		<!--Galano started off well-->
		<mark id="sSpan39" xlink:href="#sTok309 #sTok310 #sTok311 #sTok312"/>
		<!--three goals-->
		<mark id="sSpan40" xlink:href="#sTok313 #sTok314"/>
		<!--and then just has n't scored .-->
		<mark id="sSpan41" xlink:href="#sTok315 #sTok316 #sTok317 #sTok318 #sTok319 #sTok320 #sTok321"/>
		<!--I do n't know .-->
		<mark id="sSpan42" xlink:href="#sTok322 #sTok323 #sTok324 #sTok325 #sTok326"/>
		<!--I thought-->
		<mark id="sSpan43" xlink:href="#sTok327 #sTok328"/>
		<!--he was gon na be such a good future star-->
		<mark id="sSpan44" xlink:href="#sTok329 #sTok330 #sTok331 #sTok332 #sTok333 #sTok334 #sTok335 #sTok336 #sTok337 #sTok338"/>
		<!--but he 's still young-->
		<mark id="sSpan45" xlink:href="#sTok339 #sTok340 #sTok341 #sTok342 #sTok343"/>
		<!--so maybe he can get himself some goals here .-->
		<mark id="sSpan46" xlink:href="#sTok344 #sTok345 #sTok346 #sTok347 #sTok348 #sTok349 #sTok350 #sTok351 #sTok352 #sTok353"/>
		<!--Paquetá and almost starting Paquetá over Bennacer van de Beek , Tonali .-->
		<mark id="sSpan47" xlink:href="#sTok354 #sTok355 #sTok356 #sTok357 #sTok358 #sTok359 #sTok360 #sTok361 #sTok362 #sTok363 #sTok364 #sTok365 #sTok366"/>
		<!--We have Todibo , Alderweireld in defense-->
		<mark id="sSpan48" xlink:href="#sTok367 #sTok368 #sTok369 #sTok370 #sTok371 #sTok372 #sTok373"/>
		<!--and obviously in goal we have Gigio .-->
		<mark id="sSpan49" xlink:href="#sTok374 #sTok375 #sTok376 #sTok377 #sTok378 #sTok379 #sTok380 #sTok381"/>
		<!--Like I said ,-->
		<mark id="sSpan50" xlink:href="#sTok382 #sTok383 #sTok384 #sTok385"/>
		<!--the Scudetto-->
		<mark id="sSpan51" xlink:href="#sTok386 #sTok387"/>
		<!--if it was n't gon na be this season ,-->
		<mark id="sSpan52" xlink:href="#sTok388 #sTok389 #sTok390 #sTok391 #sTok392 #sTok393 #sTok394 #sTok395 #sTok396 #sTok397"/>
		<!--I 'm pushing all for next season in the Champions League .-->
		<mark id="sSpan53" xlink:href="#sTok398 #sTok399 #sTok400 #sTok401 #sTok402 #sTok403 #sTok404 #sTok405 #sTok406 #sTok407 #sTok408 #sTok409"/>
		<!--I think-->
		<mark id="sSpan54" xlink:href="#sTok410 #sTok411"/>
		<!--we 're gon na have to just try and go all - out-->
		<mark id="sSpan55" xlink:href="#sTok412 #sTok413 #sTok414 #sTok415 #sTok416 #sTok417 #sTok418 #sTok419 #sTok420 #sTok421 #sTok422 #sTok423 #sTok424"/>
		<!--and win it in our first season back .-->
		<mark id="sSpan56" xlink:href="#sTok425 #sTok426 #sTok427 #sTok428 #sTok429 #sTok430 #sTok431 #sTok432 #sTok433"/>
		<!--That would be something incredibly special ,-->
		<mark id="sSpan57" xlink:href="#sTok434 #sTok435 #sTok436 #sTok437 #sTok438 #sTok439 #sTok440"/>
		<!--but-->
		<mark id="sSpan58" xlink:href="#sTok441"/>
		<!--before we do that-->
		<mark id="sSpan59" xlink:href="#sTok442 #sTok443 #sTok444 #sTok445"/>
		<!--we need to get through Manchester City-->
		<mark id="sSpan60" xlink:href="#sTok446 #sTok447 #sTok448 #sTok449 #sTok450 #sTok451 #sTok452"/>
		<!--and that is a poor pass by Paquetá .-->
		<mark id="sSpan61" xlink:href="#sTok453 #sTok454 #sTok455 #sTok456 #sTok457 #sTok458 #sTok459 #sTok460 #sTok461"/>
		<!--Here 's Paquetá now-->
		<mark id="sSpan62" xlink:href="#sTok462 #sTok463 #sTok464 #sTok465"/>
		<!--finding Galano ,-->
		<mark id="sSpan63" xlink:href="#sTok466 #sTok467 #sTok468"/>
		<!--Galano is in behind-->
		<mark id="sSpan64" xlink:href="#sTok469 #sTok470 #sTok471 #sTok472"/>
		<!--that is great stuff-->
		<mark id="sSpan65" xlink:href="#sTok473 #sTok474 #sTok475 #sTok476"/>
		<!--Galano and maybe could have went to ground-->
		<mark id="sSpan66" xlink:href="#sTok477 #sTok478 #sTok479 #sTok480 #sTok481 #sTok482 #sTok483 #sTok484"/>
		<!--opportunity for him-->
		<mark id="sSpan67" xlink:href="#sTok485 #sTok486 #sTok487"/>
		<!--good pass by Paquetá .-->
		<mark id="sSpan68" xlink:href="#sTok488 #sTok489 #sTok490 #sTok491 #sTok492"/>
		<!--Sandro Tonali , Luca Jović ,-->
		<mark id="sSpan69" xlink:href="#sTok493 #sTok494 #sTok495 #sTok496 #sTok497 #sTok498"/>
		<!--he 's gon na touch it-->
		<mark id="sSpan70" xlink:href="#sTok499 #sTok500 #sTok501 #sTok502 #sTok503 #sTok504"/>
		<!--and try to hit it .-->
		<mark id="sSpan71" xlink:href="#sTok505 #sTok506 #sTok507 #sTok508 #sTok509 #sTok510"/>
		<!--I did n't ah - -->
		<mark id="sSpan72" xlink:href="#sTok511 #sTok512 #sTok513 #sTok514 #sTok515"/>
		<!--I should have maybe taken it a little bit inside the box ,-->
		<mark id="sSpan73" xlink:href="#sTok516 #sTok517 #sTok518 #sTok519 #sTok520 #sTok521 #sTok522 #sTok523 #sTok524 #sTok525 #sTok526 #sTok527 #sTok528"/>
		<!--but you know what ,-->
		<mark id="sSpan74" xlink:href="#sTok529 #sTok530 #sTok531 #sTok532 #sTok533"/>
		<!--that resulted in a corner-->
		<mark id="sSpan75" xlink:href="#sTok534 #sTok535 #sTok536 #sTok537 #sTok538"/>
		<!--and God forbid we would get anything off corners .-->
		<mark id="sSpan76" xlink:href="#sTok539 #sTok540 #sTok541 #sTok542 #sTok543 #sTok544 #sTok545 #sTok546 #sTok547 #sTok548"/>
		<!--Jović , turned ,-->
		<mark id="sSpan77" xlink:href="#sTok549 #sTok550 #sTok551 #sTok552"/>
		<!--van de Beek , looking for something .-->
		<mark id="sSpan78" xlink:href="#sTok553 #sTok554 #sTok555 #sTok556 #sTok557 #sTok558 #sTok559 #sTok560"/>
		<!--He finds Galano in some space ,-->
		<mark id="sSpan79" xlink:href="#sTok561 #sTok562 #sTok563 #sTok564 #sTok565 #sTok566 #sTok567"/>
		<!--somebody take a shot .-->
		<mark id="sSpan80" xlink:href="#sTok568 #sTok569 #sTok570 #sTok571 #sTok572"/>
		<!--Ok Favilli and of —-->
		<mark id="sSpan81" xlink:href="#sTok573 #sTok574 #sTok575 #sTok576 #sTok577"/>
		<!--what ?-->
		<mark id="sSpan82" xlink:href="#sTok578 #sTok579"/>
		<!--How ...-->
		<mark id="sSpan83" xlink:href="#sTok580 #sTok581"/>
		<!--what sorry what how is there a penalty-->
		<mark id="sSpan84" xlink:href="#sTok582 #sTok583 #sTok584 #sTok585 #sTok586 #sTok587 #sTok588 #sTok589"/>
		<!--what just happened ?-->
		<mark id="sSpan85" xlink:href="#sTok590 #sTok591 #sTok592 #sTok593"/>
		<!--One minute it looked like it was gon na be a corner ,-->
		<mark id="sSpan86" xlink:href="#sTok594 #sTok595 #sTok596 #sTok597 #sTok598 #sTok599 #sTok600 #sTok601 #sTok602 #sTok603 #sTok604 #sTok605 #sTok606"/>
		<!--the next Favilli is scoring a penalty-->
		<mark id="sSpan87" xlink:href="#sTok607 #sTok608 #sTok609 #sTok610 #sTok611 #sTok612 #sTok613"/>
		<!--and we 're one nil down .-->
		<mark id="sSpan88" xlink:href="#sTok614 #sTok615 #sTok616 #sTok617 #sTok618 #sTok619 #sTok620"/>
		<!--Ball gets played in-->
		<mark id="sSpan89" xlink:href="#sTok621 #sTok622 #sTok623 #sTok624"/>
		<!--uh all right apparently Alderweireld clipped Favilli .-->
		<mark id="sSpan90" xlink:href="#sTok625 #sTok626 #sTok627 #sTok628 #sTok629 #sTok630 #sTok631 #sTok632"/>
		<!--Genoa take the lead one nil-->
		<mark id="sSpan91" xlink:href="#sTok633 #sTok634 #sTok635 #sTok636 #sTok637 #sTok638"/>
		<!--after doing absolutely nothing all match .-->
		<mark id="sSpan92" xlink:href="#sTok639 #sTok640 #sTok641 #sTok642 #sTok643 #sTok644 #sTok645"/>
		<!--Van de Beek , Paquetá ,-->
		<mark id="sSpan93" xlink:href="#sTok646 #sTok647 #sTok648 #sTok649 #sTok650 #sTok651"/>
		<!--now Theo ,-->
		<mark id="sSpan94" xlink:href="#sTok652 #sTok653 #sTok654"/>
		<!--Theo can finally cross to the back post deep ,-->
		<mark id="sSpan95" xlink:href="#sTok655 #sTok656 #sTok657 #sTok658 #sTok659 #sTok660 #sTok661 #sTok662 #sTok663 #sTok664"/>
		<!--but uh how many times how many times is he gon na get an overhead kick-->
		<mark id="sSpan96" xlink:href="#sTok665 #sTok666 #sTok667 #sTok668 #sTok669 #sTok670 #sTok671 #sTok672 #sTok673 #sTok674 #sTok675 #sTok676 #sTok677 #sTok678 #sTok679 #sTok680"/>
		<!--and miss .-->
		<mark id="sSpan97" xlink:href="#sTok681 #sTok682 #sTok683"/>
		<!--This guy has scored overhead kicks from my field-->
		<mark id="sSpan98" xlink:href="#sTok684 #sTok685 #sTok686 #sTok687 #sTok688 #sTok689 #sTok690 #sTok691 #sTok692"/>
		<!--and can not finish a simple bicycle kick in the Box even a moment ,-->
		<mark id="sSpan99" xlink:href="#sTok693 #sTok694 #sTok695 #sTok696 #sTok697 #sTok698 #sTok699 #sTok700 #sTok701 #sTok702 #sTok703 #sTok704 #sTok705 #sTok706 #sTok707"/>
		<!--I 'm going to release you .-->
		<mark id="sSpan100" xlink:href="#sTok708 #sTok709 #sTok710 #sTok711 #sTok712 #sTok713 #sTok714"/>
		<!--Welcome to Adam gets frustrated about losing against Genoa , one nil-->
		<mark id="sSpan101" xlink:href="#sTok715 #sTok716 #sTok717 #sTok718 #sTok719 #sTok720 #sTok721 #sTok722 #sTok723 #sTok724 #sTok725 #sTok726"/>
		<!--complete BS , how we did n't score , how they got a penalty ,-->
		<mark id="sSpan102" xlink:href="#sTok727 #sTok728 #sTok729 #sTok730 #sTok731 #sTok732 #sTok733 #sTok734 #sTok735 #sTok736 #sTok737 #sTok738 #sTok739 #sTok740 #sTok741"/>
		<!--to make things worse-->
		<mark id="sSpan103" xlink:href="#sTok742 #sTok743 #sTok744 #sTok745"/>
		<!--we need to play Manchester City ,-->
		<mark id="sSpan104" xlink:href="#sTok746 #sTok747 #sTok748 #sTok749 #sTok750 #sTok751 #sTok752"/>
		<!--who today 's ah is next-->
		<mark id="sSpan105" xlink:href="#sTok753 #sTok754 #sTok755 #sTok756 #sTok757 #sTok758"/>
		<!--we 're down to 4th place-->
		<mark id="sSpan106" xlink:href="#sTok759 #sTok760 #sTok761 #sTok762 #sTok763 #sTok764"/>
		<!--and who the next is in 14th place ,-->
		<mark id="sSpan107" xlink:href="#sTok765 #sTok766 #sTok767 #sTok768 #sTok769 #sTok770 #sTok771 #sTok772 #sTok773"/>
		<!--but-->
		<mark id="sSpan108" xlink:href="#sTok774"/>
		<!--because I 'm gon na simulate this ,-->
		<mark id="sSpan109" xlink:href="#sTok775 #sTok776 #sTok777 #sTok778 #sTok779 #sTok780 #sTok781 #sTok782"/>
		<!--it 's gon na make me win for sure .-->
		<mark id="sSpan110" xlink:href="#sTok783 #sTok784 #sTok785 #sTok786 #sTok787 #sTok788 #sTok789 #sTok790 #sTok791 #sTok792"/>
		<!--No remark on Conti , Todibo , Musacchio , Bakker ,-->
		<mark id="sSpan111" xlink:href="#sTok793 #sTok794 #sTok795 #sTok796 #sTok797 #sTok798 #sTok799 #sTok800 #sTok801 #sTok802 #sTok803"/>
		<!--probably not the best back line-->
		<mark id="sSpan112" xlink:href="#sTok804 #sTok805 #sTok806 #sTok807 #sTok808 #sTok809"/>
		<!--but that 's what I 'm going with .-->
		<mark id="sSpan113" xlink:href="#sTok810 #sTok811 #sTok812 #sTok813 #sTok814 #sTok815 #sTok816 #sTok817 #sTok818"/>
		<!--Paquetá scoring one-->
		<mark id="sSpan114" xlink:href="#sTok819 #sTok820 #sTok821"/>
		<!--Jović scoring two-->
		<mark id="sSpan115" xlink:href="#sTok822 #sTok823 #sTok824"/>
		<!--very happy-->
		<mark id="sSpan116" xlink:href="#sTok825 #sTok826"/>
		<!--they took Leão off-->
		<mark id="sSpan117" xlink:href="#sTok827 #sTok828 #sTok829 #sTok830"/>
		<!--but they brought on Ibrahimovic-->
		<mark id="sSpan118" xlink:href="#sTok831 #sTok832 #sTok833 #sTok834 #sTok835"/>
		<!--so he 's gon na be tired .-->
		<mark id="sSpan119" xlink:href="#sTok836 #sTok837 #sTok838 #sTok839 #sTok840 #sTok841 #sTok842 #sTok843"/>
		<!--It 's a 3 - 1 victory ,-->
		<mark id="sSpan120" xlink:href="#sTok844 #sTok845 #sTok846 #sTok847 #sTok848 #sTok849 #sTok850 #sTok851"/>
		<!--Genoa was just some BS .-->
		<mark id="sSpan121" xlink:href="#sTok852 #sTok853 #sTok854 #sTok855 #sTok856 #sTok857"/>
		<!--We did it-->
		<mark id="sSpan122" xlink:href="#sTok858 #sTok859 #sTok860"/>
		<!--we made it to the semi - finals-->
		<mark id="sSpan123" xlink:href="#sTok861 #sTok862 #sTok863 #sTok864 #sTok865 #sTok866 #sTok867 #sTok868"/>
		<!--And I just want to check out what the club objective was for the Champions League this season-->
		<mark id="sSpan124" xlink:href="#sTok869 #sTok870 #sTok871 #sTok872 #sTok873 #sTok874 #sTok875 #sTok876 #sTok877 #sTok878 #sTok879 #sTok880 #sTok881 #sTok882 #sTok883 #sTok884 #sTok885 #sTok886"/>
		<!--they wanted us to reach the semi-finals-->
		<mark id="sSpan125" xlink:href="#sTok887 #sTok888 #sTok889 #sTok890 #sTok891 #sTok892 #sTok893"/>
		<!--they thought-->
		<mark id="sSpan126" xlink:href="#sTok894 #sTok895"/>
		<!--that with the club-->
		<mark id="sSpan127" xlink:href="#sTok896 #sTok897 #sTok898 #sTok899"/>
		<!--we had-->
		<mark id="sSpan128" xlink:href="#sTok900 #sTok901"/>
		<!--and the players-->
		<mark id="sSpan129" xlink:href="#sTok902 #sTok903 #sTok904"/>
		<!--we had-->
		<mark id="sSpan130" xlink:href="#sTok905 #sTok906"/>
		<!--we could have made it to the semis-->
		<mark id="sSpan131" xlink:href="#sTok907 #sTok908 #sTok909 #sTok910 #sTok911 #sTok912 #sTok913 #sTok914"/>
		<!--and we did .-->
		<mark id="sSpan132" xlink:href="#sTok915 #sTok916 #sTok917 #sTok918"/></markList></paula>