<?xml version='1.0' encoding='UTF-8'?><!DOCTYPE paula SYSTEM "paula_feat.dtd">
<paula version="1.1">
	<header paula_id="rsd.GENTLE_esports_fifa.mark_stype"/>
	<featList xmlns:xlink="http://www.w3.org/1999/xlink" type="stype" xml:base="rsd.GENTLE_esports_fifa.mark.xml">
		<feat xlink:href="#sSpan720" value="decl"/>
		<feat xlink:href="#sSpan721" value="decl"/>
		<feat xlink:href="#sSpan722" value="decl"/>
		<feat xlink:href="#sSpan723" value="decl"/>
		<feat xlink:href="#sSpan724" value="decl"/>
		<feat xlink:href="#sSpan725" value="decl"/>
		<feat xlink:href="#sSpan726" value="decl"/>
		<feat xlink:href="#sSpan727" value="decl"/>
		<feat xlink:href="#sSpan728" value="decl"/>
		<feat xlink:href="#sSpan729" value="decl"/>
		<feat xlink:href="#sSpan730" value="decl"/>
		<feat xlink:href="#sSpan731" value="decl"/>
		<feat xlink:href="#sSpan732" value="decl"/>
		<feat xlink:href="#sSpan733" value="decl"/>
		<feat xlink:href="#sSpan734" value="decl"/>
		<feat xlink:href="#sSpan735" value="decl"/>
		<feat xlink:href="#sSpan736" value="decl"/>
		<feat xlink:href="#sSpan737" value="decl"/>
		<feat xlink:href="#sSpan738" value="decl"/>
		<feat xlink:href="#sSpan739" value="decl"/>
		<feat xlink:href="#sSpan740" value="decl"/>
		<feat xlink:href="#sSpan741" value="decl"/>
		<feat xlink:href="#sSpan742" value="decl"/>
		<feat xlink:href="#sSpan743" value="decl"/>
		<feat xlink:href="#sSpan744" value="decl"/>
		<feat xlink:href="#sSpan745" value="decl"/>
		<feat xlink:href="#sSpan746" value="decl"/>
		<feat xlink:href="#sSpan747" value="decl"/>
		<feat xlink:href="#sSpan748" value="decl"/>
		<feat xlink:href="#sSpan749" value="decl"/>
		<feat xlink:href="#sSpan750" value="decl"/>
		<feat xlink:href="#sSpan751" value="decl"/>
		<feat xlink:href="#sSpan752" value="decl"/>
		<feat xlink:href="#sSpan753" value="decl"/>
		<feat xlink:href="#sSpan754" value="decl"/>
		<feat xlink:href="#sSpan755" value="decl"/>
		<feat xlink:href="#sSpan756" value="decl"/>
		<feat xlink:href="#sSpan757" value="decl"/>
		<feat xlink:href="#sSpan758" value="decl"/>
		<feat xlink:href="#sSpan759" value="decl"/>
		<feat xlink:href="#sSpan760" value="decl"/>
		<feat xlink:href="#sSpan761" value="decl"/>
		<feat xlink:href="#sSpan762" value="decl"/>
		<feat xlink:href="#sSpan763" value="decl"/>
		<feat xlink:href="#sSpan764" value="decl"/>
		<feat xlink:href="#sSpan765" value="decl"/>
		<feat xlink:href="#sSpan766" value="frag"/>
		<feat xlink:href="#sSpan767" value="frag"/>
		<feat xlink:href="#sSpan768" value="decl"/>
		<feat xlink:href="#sSpan769" value="decl"/>
		<feat xlink:href="#sSpan770" value="decl"/>
		<feat xlink:href="#sSpan771" value="decl"/>
		<feat xlink:href="#sSpan772" value="decl"/>
		<feat xlink:href="#sSpan773" value="decl"/>
		<feat xlink:href="#sSpan774" value="decl"/>
		<feat xlink:href="#sSpan775" value="decl"/>
		<feat xlink:href="#sSpan776" value="decl"/>
		<feat xlink:href="#sSpan777" value="decl"/>
		<feat xlink:href="#sSpan778" value="decl"/>
		<feat xlink:href="#sSpan779" value="decl"/>
		<feat xlink:href="#sSpan780" value="decl"/>
		<feat xlink:href="#sSpan781" value="decl"/>
		<feat xlink:href="#sSpan782" value="decl"/>
		<feat xlink:href="#sSpan783" value="decl"/>
		<feat xlink:href="#sSpan784" value="decl"/>
		<feat xlink:href="#sSpan785" value="decl"/>
		<feat xlink:href="#sSpan786" value="decl"/>
		<feat xlink:href="#sSpan787" value="decl"/>
		<feat xlink:href="#sSpan788" value="decl"/>
		<feat xlink:href="#sSpan789" value="decl"/>
		<feat xlink:href="#sSpan790" value="decl"/>
		<feat xlink:href="#sSpan791" value="decl"/>
		<feat xlink:href="#sSpan792" value="decl"/>
		<feat xlink:href="#sSpan793" value="decl"/>
		<feat xlink:href="#sSpan794" value="decl"/>
		<feat xlink:href="#sSpan795" value="decl"/>
		<feat xlink:href="#sSpan796" value="decl"/>
		<feat xlink:href="#sSpan797" value="decl"/>
		<feat xlink:href="#sSpan798" value="decl"/>
		<feat xlink:href="#sSpan799" value="decl"/>
		<feat xlink:href="#sSpan800" value="decl"/>
		<feat xlink:href="#sSpan801" value="frag"/>
		<feat xlink:href="#sSpan802" value="frag"/>
		<feat xlink:href="#sSpan803" value="wh"/>
		<feat xlink:href="#sSpan804" value="wh"/>
		<feat xlink:href="#sSpan805" value="wh"/>
		<feat xlink:href="#sSpan806" value="decl"/>
		<feat xlink:href="#sSpan807" value="decl"/>
		<feat xlink:href="#sSpan808" value="decl"/>
		<feat xlink:href="#sSpan809" value="decl"/>
		<feat xlink:href="#sSpan810" value="decl"/>
		<feat xlink:href="#sSpan811" value="decl"/>
		<feat xlink:href="#sSpan812" value="decl"/>
		<feat xlink:href="#sSpan813" value="decl"/>
		<feat xlink:href="#sSpan814" value="decl"/>
		<feat xlink:href="#sSpan815" value="decl"/>
		<feat xlink:href="#sSpan816" value="decl"/>
		<feat xlink:href="#sSpan817" value="decl"/>
		<feat xlink:href="#sSpan818" value="decl"/>
		<feat xlink:href="#sSpan819" value="decl"/>
		<feat xlink:href="#sSpan820" value="decl"/>
		<feat xlink:href="#sSpan821" value="decl"/>
		<feat xlink:href="#sSpan822" value="decl"/>
		<feat xlink:href="#sSpan823" value="decl"/>
		<feat xlink:href="#sSpan824" value="decl"/>
		<feat xlink:href="#sSpan825" value="decl"/>
		<feat xlink:href="#sSpan826" value="decl"/>
		<feat xlink:href="#sSpan827" value="decl"/>
		<feat xlink:href="#sSpan828" value="decl"/>
		<feat xlink:href="#sSpan829" value="decl"/>
		<feat xlink:href="#sSpan830" value="decl"/>
		<feat xlink:href="#sSpan831" value="multiple"/>
		<feat xlink:href="#sSpan832" value="multiple"/>
		<feat xlink:href="#sSpan833" value="multiple"/>
		<feat xlink:href="#sSpan834" value="multiple"/>
		<feat xlink:href="#sSpan835" value="multiple"/>
		<feat xlink:href="#sSpan836" value="multiple"/>
		<feat xlink:href="#sSpan837" value="multiple"/>
		<feat xlink:href="#sSpan838" value="multiple"/>
		<feat xlink:href="#sSpan839" value="multiple"/>
		<feat xlink:href="#sSpan840" value="decl"/>
		<feat xlink:href="#sSpan841" value="decl"/>
		<feat xlink:href="#sSpan842" value="decl"/>
		<feat xlink:href="#sSpan843" value="decl"/>
		<feat xlink:href="#sSpan844" value="decl"/>
		<feat xlink:href="#sSpan845" value="decl"/>
		<feat xlink:href="#sSpan846" value="decl"/>
		<feat xlink:href="#sSpan847" value="decl"/>
		<feat xlink:href="#sSpan848" value="decl"/>
		<feat xlink:href="#sSpan849" value="decl"/>
		<feat xlink:href="#sSpan850" value="decl"/>
		<feat xlink:href="#sSpan851" value="decl"/>
		<feat xlink:href="#sSpan852" value="decl"/></featList></paula>