<?xml version='1.0' encoding='UTF-8'?><!DOCTYPE paula SYSTEM "paula_feat.dtd">
<paula version="1.1">
	<header paula_id="rsd.GENTLE_esports_fifa.mark_edu_num"/>
	<featList xmlns:xlink="http://www.w3.org/1999/xlink" type="edu_num" xml:base="rsd.GENTLE_esports_fifa.mark.xml">
		<feat xlink:href="#sSpan1" value="1"/>
		<feat xlink:href="#sSpan2" value="2"/>
		<feat xlink:href="#sSpan3" value="3"/>
		<feat xlink:href="#sSpan4" value="4"/>
		<feat xlink:href="#sSpan5" value="5"/>
		<feat xlink:href="#sSpan6" value="6"/>
		<feat xlink:href="#sSpan7" value="7"/>
		<feat xlink:href="#sSpan8" value="8"/>
		<feat xlink:href="#sSpan9" value="9"/>
		<feat xlink:href="#sSpan10" value="10"/>
		<feat xlink:href="#sSpan11" value="11"/>
		<feat xlink:href="#sSpan12" value="12"/>
		<feat xlink:href="#sSpan13" value="13"/>
		<feat xlink:href="#sSpan14" value="14"/>
		<feat xlink:href="#sSpan15" value="15"/>
		<feat xlink:href="#sSpan16" value="16"/>
		<feat xlink:href="#sSpan17" value="17"/>
		<feat xlink:href="#sSpan18" value="18"/>
		<feat xlink:href="#sSpan19" value="19"/>
		<feat xlink:href="#sSpan20" value="20"/>
		<feat xlink:href="#sSpan21" value="21"/>
		<feat xlink:href="#sSpan22" value="22"/>
		<feat xlink:href="#sSpan23" value="23"/>
		<feat xlink:href="#sSpan24" value="24"/>
		<feat xlink:href="#sSpan25" value="25"/>
		<feat xlink:href="#sSpan26" value="26"/>
		<feat xlink:href="#sSpan27" value="27"/>
		<feat xlink:href="#sSpan28" value="28"/>
		<feat xlink:href="#sSpan29" value="29"/>
		<feat xlink:href="#sSpan30" value="30"/>
		<feat xlink:href="#sSpan31" value="31"/>
		<feat xlink:href="#sSpan32" value="32"/>
		<feat xlink:href="#sSpan33" value="33"/>
		<feat xlink:href="#sSpan34" value="34"/>
		<feat xlink:href="#sSpan35" value="35"/>
		<feat xlink:href="#sSpan36" value="36"/>
		<feat xlink:href="#sSpan37" value="37"/>
		<feat xlink:href="#sSpan38" value="38"/>
		<feat xlink:href="#sSpan39" value="39"/>
		<feat xlink:href="#sSpan40" value="40"/>
		<feat xlink:href="#sSpan41" value="41"/>
		<feat xlink:href="#sSpan42" value="42"/>
		<feat xlink:href="#sSpan43" value="43"/>
		<feat xlink:href="#sSpan44" value="44"/>
		<feat xlink:href="#sSpan45" value="45"/>
		<feat xlink:href="#sSpan46" value="46"/>
		<feat xlink:href="#sSpan47" value="47"/>
		<feat xlink:href="#sSpan48" value="48"/>
		<feat xlink:href="#sSpan49" value="49"/>
		<feat xlink:href="#sSpan50" value="50"/>
		<feat xlink:href="#sSpan51" value="51"/>
		<feat xlink:href="#sSpan52" value="52"/>
		<feat xlink:href="#sSpan53" value="53"/>
		<feat xlink:href="#sSpan54" value="54"/>
		<feat xlink:href="#sSpan55" value="55"/>
		<feat xlink:href="#sSpan56" value="56"/>
		<feat xlink:href="#sSpan57" value="57"/>
		<feat xlink:href="#sSpan58" value="58"/>
		<feat xlink:href="#sSpan59" value="59"/>
		<feat xlink:href="#sSpan60" value="60"/>
		<feat xlink:href="#sSpan61" value="61"/>
		<feat xlink:href="#sSpan62" value="62"/>
		<feat xlink:href="#sSpan63" value="63"/>
		<feat xlink:href="#sSpan64" value="64"/>
		<feat xlink:href="#sSpan65" value="65"/>
		<feat xlink:href="#sSpan66" value="66"/>
		<feat xlink:href="#sSpan67" value="67"/>
		<feat xlink:href="#sSpan68" value="68"/>
		<feat xlink:href="#sSpan69" value="69"/>
		<feat xlink:href="#sSpan70" value="70"/>
		<feat xlink:href="#sSpan71" value="71"/>
		<feat xlink:href="#sSpan72" value="72"/>
		<feat xlink:href="#sSpan73" value="73"/>
		<feat xlink:href="#sSpan74" value="74"/>
		<feat xlink:href="#sSpan75" value="75"/>
		<feat xlink:href="#sSpan76" value="76"/>
		<feat xlink:href="#sSpan77" value="77"/>
		<feat xlink:href="#sSpan78" value="78"/>
		<feat xlink:href="#sSpan79" value="79"/>
		<feat xlink:href="#sSpan80" value="80"/>
		<feat xlink:href="#sSpan81" value="81"/>
		<feat xlink:href="#sSpan82" value="82"/>
		<feat xlink:href="#sSpan83" value="83"/>
		<feat xlink:href="#sSpan84" value="84"/>
		<feat xlink:href="#sSpan85" value="85"/>
		<feat xlink:href="#sSpan86" value="86"/>
		<feat xlink:href="#sSpan87" value="87"/>
		<feat xlink:href="#sSpan88" value="88"/>
		<feat xlink:href="#sSpan89" value="89"/>
		<feat xlink:href="#sSpan90" value="90"/>
		<feat xlink:href="#sSpan91" value="91"/>
		<feat xlink:href="#sSpan92" value="92"/>
		<feat xlink:href="#sSpan93" value="93"/>
		<feat xlink:href="#sSpan94" value="94"/>
		<feat xlink:href="#sSpan95" value="95"/>
		<feat xlink:href="#sSpan96" value="96"/>
		<feat xlink:href="#sSpan97" value="97"/>
		<feat xlink:href="#sSpan98" value="98"/>
		<feat xlink:href="#sSpan99" value="99"/>
		<feat xlink:href="#sSpan100" value="100"/>
		<feat xlink:href="#sSpan101" value="101"/>
		<feat xlink:href="#sSpan102" value="102"/>
		<feat xlink:href="#sSpan103" value="103"/>
		<feat xlink:href="#sSpan104" value="104"/>
		<feat xlink:href="#sSpan105" value="105"/>
		<feat xlink:href="#sSpan106" value="106"/>
		<feat xlink:href="#sSpan107" value="107"/>
		<feat xlink:href="#sSpan108" value="108"/>
		<feat xlink:href="#sSpan109" value="109"/>
		<feat xlink:href="#sSpan110" value="110"/>
		<feat xlink:href="#sSpan111" value="111"/>
		<feat xlink:href="#sSpan112" value="112"/>
		<feat xlink:href="#sSpan113" value="113"/>
		<feat xlink:href="#sSpan114" value="114"/>
		<feat xlink:href="#sSpan115" value="115"/>
		<feat xlink:href="#sSpan116" value="116"/>
		<feat xlink:href="#sSpan117" value="117"/>
		<feat xlink:href="#sSpan118" value="118"/>
		<feat xlink:href="#sSpan119" value="119"/>
		<feat xlink:href="#sSpan120" value="120"/>
		<feat xlink:href="#sSpan121" value="121"/>
		<feat xlink:href="#sSpan122" value="122"/>
		<feat xlink:href="#sSpan123" value="123"/>
		<feat xlink:href="#sSpan124" value="124"/>
		<feat xlink:href="#sSpan125" value="125"/>
		<feat xlink:href="#sSpan126" value="126"/>
		<feat xlink:href="#sSpan127" value="127"/>
		<feat xlink:href="#sSpan128" value="128"/>
		<feat xlink:href="#sSpan129" value="129"/>
		<feat xlink:href="#sSpan130" value="130"/>
		<feat xlink:href="#sSpan131" value="131"/>
		<feat xlink:href="#sSpan132" value="132"/></featList></paula>