<?xml version='1.0' encoding='UTF-8'?><!DOCTYPE paula SYSTEM "paula_feat.dtd">
<paula version="1.1">
	<header paula_id="rsd.GENTLE_esports_fifa.mark_head_tok"/>
	<featList xmlns:xlink="http://www.w3.org/1999/xlink" type="head_tok" xml:base="rsd.GENTLE_esports_fifa.mark.xml">
		<feat xlink:href="#sSpan720" value="conclusion"/>
		<feat xlink:href="#sSpan721" value="beat"/>
		<feat xlink:href="#sSpan722" value="bring"/>
		<feat xlink:href="#sSpan723" value="advance"/>
		<feat xlink:href="#sSpan724" value="go"/>
		<feat xlink:href="#sSpan725" value="that"/>
		<feat xlink:href="#sSpan726" value="know"/>
		<feat xlink:href="#sSpan727" value="hard"/>
		<feat xlink:href="#sSpan728" value="have"/>
		<feat xlink:href="#sSpan729" value="have"/>
		<feat xlink:href="#sSpan730" value="go"/>
		<feat xlink:href="#sSpan731" value="go"/>
		<feat xlink:href="#sSpan732" value="give"/>
		<feat xlink:href="#sSpan733" value="know"/>
		<feat xlink:href="#sSpan734" value="play"/>
		<feat xlink:href="#sSpan735" value="Napoli"/>
		<feat xlink:href="#sSpan736" value="go"/>
		<feat xlink:href="#sSpan737" value="go"/>
		<feat xlink:href="#sSpan738" value="get"/>
		<feat xlink:href="#sSpan739" value="play"/>
		<feat xlink:href="#sSpan740" value="episode"/>
		<feat xlink:href="#sSpan741" value="get"/>
		<feat xlink:href="#sSpan742" value="score"/>
		<feat xlink:href="#sSpan743" value="come"/>
		<feat xlink:href="#sSpan744" value="get"/>
		<feat xlink:href="#sSpan745" value="mention"/>
		<feat xlink:href="#sSpan746" value="run"/>
		<feat xlink:href="#sSpan747" value="they"/>
		<feat xlink:href="#sSpan748" value="go"/>
		<feat xlink:href="#sSpan749" value="strong"/>
		<feat xlink:href="#sSpan750" value="match"/>
		<feat xlink:href="#sSpan751" value="come"/>
		<feat xlink:href="#sSpan752" value="go"/>
		<feat xlink:href="#sSpan753" value="home"/>
		<feat xlink:href="#sSpan754" value="like"/>
		<feat xlink:href="#sSpan755" value="score"/>
		<feat xlink:href="#sSpan756" value="go"/>
		<feat xlink:href="#sSpan757" value="top"/>
		<feat xlink:href="#sSpan758" value="start"/>
		<feat xlink:href="#sSpan759" value="goal"/>
		<feat xlink:href="#sSpan760" value="score"/>
		<feat xlink:href="#sSpan761" value="know"/>
		<feat xlink:href="#sSpan762" value="think"/>
		<feat xlink:href="#sSpan763" value="go"/>
		<feat xlink:href="#sSpan764" value="young"/>
		<feat xlink:href="#sSpan765" value="get"/>
		<feat xlink:href="#sSpan766" value="Paquetá"/>
		<feat xlink:href="#sSpan767" value="start"/>
		<feat xlink:href="#sSpan768" value="have"/>
		<feat xlink:href="#sSpan769" value="have"/>
		<feat xlink:href="#sSpan770" value="say"/>
		<feat xlink:href="#sSpan771" value="Scudetto"/>
		<feat xlink:href="#sSpan772" value="go"/>
		<feat xlink:href="#sSpan773" value="push"/>
		<feat xlink:href="#sSpan774" value="think"/>
		<feat xlink:href="#sSpan775" value="go"/>
		<feat xlink:href="#sSpan776" value="win"/>
		<feat xlink:href="#sSpan777" value="something"/>
		<feat xlink:href="#sSpan778" value="but"/>
		<feat xlink:href="#sSpan779" value="do"/>
		<feat xlink:href="#sSpan780" value="need"/>
		<feat xlink:href="#sSpan781" value="pass"/>
		<feat xlink:href="#sSpan782" value="now"/>
		<feat xlink:href="#sSpan783" value="find"/>
		<feat xlink:href="#sSpan784" value="behind"/>
		<feat xlink:href="#sSpan785" value="stuff"/>
		<feat xlink:href="#sSpan786" value="go"/>
		<feat xlink:href="#sSpan787" value="he"/>
		<feat xlink:href="#sSpan788" value="pass"/>
		<feat xlink:href="#sSpan789" value="Sandro"/>
		<feat xlink:href="#sSpan790" value="go"/>
		<feat xlink:href="#sSpan791" value="try"/>
		<feat xlink:href="#sSpan792" value="do"/>
		<feat xlink:href="#sSpan793" value="take"/>
		<feat xlink:href="#sSpan794" value="know"/>
		<feat xlink:href="#sSpan795" value="result"/>
		<feat xlink:href="#sSpan796" value="forbid"/>
		<feat xlink:href="#sSpan797" value="turn"/>
		<feat xlink:href="#sSpan798" value="look"/>
		<feat xlink:href="#sSpan799" value="find"/>
		<feat xlink:href="#sSpan800" value="take"/>
		<feat xlink:href="#sSpan801" value="of"/>
		<feat xlink:href="#sSpan802" value="what"/>
		<feat xlink:href="#sSpan803" value="how"/>
		<feat xlink:href="#sSpan804" value="be"/>
		<feat xlink:href="#sSpan805" value="happen"/>
		<feat xlink:href="#sSpan806" value="look"/>
		<feat xlink:href="#sSpan807" value="score"/>
		<feat xlink:href="#sSpan808" value="down"/>
		<feat xlink:href="#sSpan809" value="play"/>
		<feat xlink:href="#sSpan810" value="clip"/>
		<feat xlink:href="#sSpan811" value="take"/>
		<feat xlink:href="#sSpan812" value="do"/>
		<feat xlink:href="#sSpan813" value="van"/>
		<feat xlink:href="#sSpan814" value="Theo"/>
		<feat xlink:href="#sSpan815" value="cross"/>
		<feat xlink:href="#sSpan816" value="go"/>
		<feat xlink:href="#sSpan817" value="miss"/>
		<feat xlink:href="#sSpan818" value="score"/>
		<feat xlink:href="#sSpan819" value="finish"/>
		<feat xlink:href="#sSpan820" value="go"/>
		<feat xlink:href="#sSpan821" value="welcome"/>
		<feat xlink:href="#sSpan822" value="BS"/>
		<feat xlink:href="#sSpan823" value="make"/>
		<feat xlink:href="#sSpan824" value="need"/>
		<feat xlink:href="#sSpan825" value="next"/>
		<feat xlink:href="#sSpan826" value="down"/>
		<feat xlink:href="#sSpan827" value="place"/>
		<feat xlink:href="#sSpan828" value="but"/>
		<feat xlink:href="#sSpan829" value="go"/>
		<feat xlink:href="#sSpan830" value="go"/>
		<feat xlink:href="#sSpan831" value="remark"/>
		<feat xlink:href="#sSpan832" value="line"/>
		<feat xlink:href="#sSpan833" value="what"/>
		<feat xlink:href="#sSpan834" value="score"/>
		<feat xlink:href="#sSpan835" value="score"/>
		<feat xlink:href="#sSpan836" value="happy"/>
		<feat xlink:href="#sSpan837" value="take"/>
		<feat xlink:href="#sSpan838" value="bring"/>
		<feat xlink:href="#sSpan839" value="go"/>
		<feat xlink:href="#sSpan840" value="victory"/>
		<feat xlink:href="#sSpan841" value="BS"/>
		<feat xlink:href="#sSpan842" value="do"/>
		<feat xlink:href="#sSpan843" value="make"/>
		<feat xlink:href="#sSpan844" value="want"/>
		<feat xlink:href="#sSpan845" value="want"/>
		<feat xlink:href="#sSpan846" value="think"/>
		<feat xlink:href="#sSpan847" value="club"/>
		<feat xlink:href="#sSpan848" value="have"/>
		<feat xlink:href="#sSpan849" value="player"/>
		<feat xlink:href="#sSpan850" value="have"/>
		<feat xlink:href="#sSpan851" value="make"/>
		<feat xlink:href="#sSpan852" value="do"/></featList></paula>