<?xml version='1.0' encoding='UTF-8'?><!DOCTYPE paula SYSTEM "paula_feat.dtd">
<paula version="1.1">
	<header paula_id="rsd.GENTLE_esports_fifa.mark_pos1"/>
	<featList xmlns:xlink="http://www.w3.org/1999/xlink" type="pos1" xml:base="rsd.GENTLE_esports_fifa.mark.xml">
		<feat xlink:href="#sSpan1" value="RB"/>
		<feat xlink:href="#sSpan2" value="WRB"/>
		<feat xlink:href="#sSpan3" value="CC"/>
		<feat xlink:href="#sSpan4" value="CC"/>
		<feat xlink:href="#sSpan5" value="NN"/>
		<feat xlink:href="#sSpan6" value="WDT"/>
		<feat xlink:href="#sSpan7" value="PP"/>
		<feat xlink:href="#sSpan8" value="VBP"/>
		<feat xlink:href="#sSpan9" value="PP"/>
		<feat xlink:href="#sSpan10" value="CC"/>
		<feat xlink:href="#sSpan11" value="WDT"/>
		<feat xlink:href="#sSpan12" value="PP"/>
		<feat xlink:href="#sSpan13" value="IN"/>
		<feat xlink:href="#sSpan14" value="CC"/>
		<feat xlink:href="#sSpan15" value="PP"/>
		<feat xlink:href="#sSpan16" value="PP"/>
		<feat xlink:href="#sSpan17" value="UH"/>
		<feat xlink:href="#sSpan18" value="PP"/>
		<feat xlink:href="#sSpan19" value="RB"/>
		<feat xlink:href="#sSpan20" value="IN"/>
		<feat xlink:href="#sSpan21" value="DT"/>
		<feat xlink:href="#sSpan22" value="PP"/>
		<feat xlink:href="#sSpan23" value="NP"/>
		<feat xlink:href="#sSpan24" value="NP"/>
		<feat xlink:href="#sSpan25" value="NP"/>
		<feat xlink:href="#sSpan26" value="UH"/>
		<feat xlink:href="#sSpan27" value="IN/that"/>
		<feat xlink:href="#sSpan28" value="CC"/>
		<feat xlink:href="#sSpan29" value="DT"/>
		<feat xlink:href="#sSpan30" value="NP"/>
		<feat xlink:href="#sSpan31" value="NP"/>
		<feat xlink:href="#sSpan32" value="VVG"/>
		<feat xlink:href="#sSpan33" value="CC"/>
		<feat xlink:href="#sSpan34" value="IN"/>
		<feat xlink:href="#sSpan35" value="PP"/>
		<feat xlink:href="#sSpan36" value="DT"/>
		<feat xlink:href="#sSpan37" value="RB"/>
		<feat xlink:href="#sSpan38" value="PP"/>
		<feat xlink:href="#sSpan39" value="NP"/>
		<feat xlink:href="#sSpan40" value="CD"/>
		<feat xlink:href="#sSpan41" value="CC"/>
		<feat xlink:href="#sSpan42" value="PP"/>
		<feat xlink:href="#sSpan43" value="PP"/>
		<feat xlink:href="#sSpan44" value="PP"/>
		<feat xlink:href="#sSpan45" value="CC"/>
		<feat xlink:href="#sSpan46" value="RB"/>
		<feat xlink:href="#sSpan47" value="NP"/>
		<feat xlink:href="#sSpan48" value="PP"/>
		<feat xlink:href="#sSpan49" value="CC"/>
		<feat xlink:href="#sSpan50" value="IN"/>
		<feat xlink:href="#sSpan51" value="DT"/>
		<feat xlink:href="#sSpan52" value="IN"/>
		<feat xlink:href="#sSpan53" value="PP"/>
		<feat xlink:href="#sSpan54" value="PP"/>
		<feat xlink:href="#sSpan55" value="PP"/>
		<feat xlink:href="#sSpan56" value="CC"/>
		<feat xlink:href="#sSpan57" value="DT"/>
		<feat xlink:href="#sSpan58" value="CC"/>
		<feat xlink:href="#sSpan59" value="IN"/>
		<feat xlink:href="#sSpan60" value="PP"/>
		<feat xlink:href="#sSpan61" value="CC"/>
		<feat xlink:href="#sSpan62" value="RB"/>
		<feat xlink:href="#sSpan63" value="VVG"/>
		<feat xlink:href="#sSpan64" value="NP"/>
		<feat xlink:href="#sSpan65" value="DT"/>
		<feat xlink:href="#sSpan66" value="NP"/>
		<feat xlink:href="#sSpan67" value="NN"/>
		<feat xlink:href="#sSpan68" value="JJ"/>
		<feat xlink:href="#sSpan69" value="NP"/>
		<feat xlink:href="#sSpan70" value="PP"/>
		<feat xlink:href="#sSpan71" value="CC"/>
		<feat xlink:href="#sSpan72" value="PP"/>
		<feat xlink:href="#sSpan73" value="PP"/>
		<feat xlink:href="#sSpan74" value="CC"/>
		<feat xlink:href="#sSpan75" value="DT"/>
		<feat xlink:href="#sSpan76" value="CC"/>
		<feat xlink:href="#sSpan77" value="NP"/>
		<feat xlink:href="#sSpan78" value="NP"/>
		<feat xlink:href="#sSpan79" value="PP"/>
		<feat xlink:href="#sSpan80" value="NN"/>
		<feat xlink:href="#sSpan81" value="UH"/>
		<feat xlink:href="#sSpan82" value="WP"/>
		<feat xlink:href="#sSpan83" value="WRB"/>
		<feat xlink:href="#sSpan84" value="WP"/>
		<feat xlink:href="#sSpan85" value="WP"/>
		<feat xlink:href="#sSpan86" value="CD"/>
		<feat xlink:href="#sSpan87" value="DT"/>
		<feat xlink:href="#sSpan88" value="CC"/>
		<feat xlink:href="#sSpan89" value="NN"/>
		<feat xlink:href="#sSpan90" value="UH"/>
		<feat xlink:href="#sSpan91" value="NP"/>
		<feat xlink:href="#sSpan92" value="IN"/>
		<feat xlink:href="#sSpan93" value="NP"/>
		<feat xlink:href="#sSpan94" value="RB"/>
		<feat xlink:href="#sSpan95" value="NP"/>
		<feat xlink:href="#sSpan96" value="CC"/>
		<feat xlink:href="#sSpan97" value="CC"/>
		<feat xlink:href="#sSpan98" value="DT"/>
		<feat xlink:href="#sSpan99" value="CC"/>
		<feat xlink:href="#sSpan100" value="PP"/>
		<feat xlink:href="#sSpan101" value="UH"/>
		<feat xlink:href="#sSpan102" value="JJ"/>
		<feat xlink:href="#sSpan103" value="TO"/>
		<feat xlink:href="#sSpan104" value="PP"/>
		<feat xlink:href="#sSpan105" value="WP"/>
		<feat xlink:href="#sSpan106" value="PP"/>
		<feat xlink:href="#sSpan107" value="CC"/>
		<feat xlink:href="#sSpan108" value="CC"/>
		<feat xlink:href="#sSpan109" value="IN"/>
		<feat xlink:href="#sSpan110" value="PP"/>
		<feat xlink:href="#sSpan111" value="DT"/>
		<feat xlink:href="#sSpan112" value="RB"/>
		<feat xlink:href="#sSpan113" value="CC"/>
		<feat xlink:href="#sSpan114" value="NP"/>
		<feat xlink:href="#sSpan115" value="NP"/>
		<feat xlink:href="#sSpan116" value="RB"/>
		<feat xlink:href="#sSpan117" value="PP"/>
		<feat xlink:href="#sSpan118" value="CC"/>
		<feat xlink:href="#sSpan119" value="RB"/>
		<feat xlink:href="#sSpan120" value="PP"/>
		<feat xlink:href="#sSpan121" value="NP"/>
		<feat xlink:href="#sSpan122" value="PP"/>
		<feat xlink:href="#sSpan123" value="PP"/>
		<feat xlink:href="#sSpan124" value="CC"/>
		<feat xlink:href="#sSpan125" value="PP"/>
		<feat xlink:href="#sSpan126" value="PP"/>
		<feat xlink:href="#sSpan127" value="IN/that"/>
		<feat xlink:href="#sSpan128" value="PP"/>
		<feat xlink:href="#sSpan129" value="CC"/>
		<feat xlink:href="#sSpan130" value="PP"/>
		<feat xlink:href="#sSpan131" value="PP"/>
		<feat xlink:href="#sSpan132" value="CC"/></featList></paula>