<?xml version='1.0' encoding='UTF-8'?><!DOCTYPE paula SYSTEM "paula_feat.dtd">
<paula version="1.1">
	<header paula_id="rst.GENTLE_esports_fifa.struct_type"/>
	<featList xmlns:xlink="http://www.w3.org/1999/xlink" type="type" xml:base="rst.GENTLE_esports_fifa.struct.xml">
		<feat xlink:href="#structure4" value="multinuc"/>
		<feat xlink:href="#structure6" value="span"/>
		<feat xlink:href="#structure11" value="span"/>
		<feat xlink:href="#structure12" value="span"/>
		<feat xlink:href="#structure13" value="multinuc"/>
		<feat xlink:href="#structure15" value="span"/>
		<feat xlink:href="#structure16" value="multinuc"/>
		<feat xlink:href="#structure23" value="span"/>
		<feat xlink:href="#structure24" value="span"/>
		<feat xlink:href="#structure25" value="span"/>
		<feat xlink:href="#structure26" value="span"/>
		<feat xlink:href="#structure27" value="span"/>
		<feat xlink:href="#structure29" value="span"/>
		<feat xlink:href="#structure30" value="multinuc"/>
		<feat xlink:href="#structure34" value="span"/>
		<feat xlink:href="#structure36" value="span"/>
		<feat xlink:href="#structure37" value="multinuc"/>
		<feat xlink:href="#structure43" value="multinuc"/>
		<feat xlink:href="#structure44" value="span"/>
		<feat xlink:href="#structure45" value="span"/>
		<feat xlink:href="#structure51" value="multinuc"/>
		<feat xlink:href="#structure52" value="span"/>
		<feat xlink:href="#structure53" value="span"/>
		<feat xlink:href="#structure54" value="span"/>
		<feat xlink:href="#structure55" value="span"/>
		<feat xlink:href="#structure56" value="span"/>
		<feat xlink:href="#structure63" value="span"/>
		<feat xlink:href="#structure66" value="span"/>
		<feat xlink:href="#structure67" value="multinuc"/>
		<feat xlink:href="#structure68" value="multinuc"/>
		<feat xlink:href="#structure69" value="span"/>
		<feat xlink:href="#structure70" value="multinuc"/>
		<feat xlink:href="#structure76" value="span"/>
		<feat xlink:href="#structure77" value="multinuc"/>
		<feat xlink:href="#structure79" value="span"/>
		<feat xlink:href="#structure80" value="span"/>
		<feat xlink:href="#structure83" value="span"/>
		<feat xlink:href="#structure84" value="multinuc"/>
		<feat xlink:href="#structure87" value="span"/>
		<feat xlink:href="#structure89" value="span"/>
		<feat xlink:href="#structure90" value="span"/>
		<feat xlink:href="#structure91" value="span"/>
		<feat xlink:href="#structure92" value="span"/>
		<feat xlink:href="#structure93" value="span"/>
		<feat xlink:href="#structure101" value="span"/>
		<feat xlink:href="#structure104" value="span"/>
		<feat xlink:href="#structure105" value="multinuc"/>
		<feat xlink:href="#structure106" value="span"/>
		<feat xlink:href="#structure107" value="multinuc"/>
		<feat xlink:href="#structure109" value="span"/>
		<feat xlink:href="#structure110" value="span"/>
		<feat xlink:href="#structure112" value="span"/>
		<feat xlink:href="#structure113" value="multinuc"/>
		<feat xlink:href="#structure118" value="span"/>
		<feat xlink:href="#structure119" value="span"/>
		<feat xlink:href="#structure120" value="span"/>
		<feat xlink:href="#structure136" value="span"/>
		<feat xlink:href="#structure137" value="span"/>
		<feat xlink:href="#structure138" value="span"/>
		<feat xlink:href="#structure143" value="span"/>
		<feat xlink:href="#structure147" value="span"/>
		<feat xlink:href="#structure148" value="span"/>
		<feat xlink:href="#structure149" value="span"/>
		<feat xlink:href="#structure150" value="multinuc"/>
		<feat xlink:href="#structure151" value="span"/>
		<feat xlink:href="#structure154" value="span"/>
		<feat xlink:href="#structure159" value="multinuc"/>
		<feat xlink:href="#structure160" value="span"/>
		<feat xlink:href="#structure164" value="span"/>
		<feat xlink:href="#structure165" value="multinuc"/>
		<feat xlink:href="#structure166" value="span"/>
		<feat xlink:href="#structure167" value="span"/>
		<feat xlink:href="#structure170" value="span"/>
		<feat xlink:href="#structure175" value="multinuc"/>
		<feat xlink:href="#structure178" value="span"/>
		<feat xlink:href="#structure179" value="span"/>
		<feat xlink:href="#structure180" value="span"/>
		<feat xlink:href="#structure181" value="span"/>
		<feat xlink:href="#structure183" value="span"/>
		<feat xlink:href="#structure186" value="span"/>
		<feat xlink:href="#structure187" value="multinuc"/>
		<feat xlink:href="#structure191" value="span"/>
		<feat xlink:href="#structure195" value="span"/>
		<feat xlink:href="#structure201" value="span"/>
		<feat xlink:href="#structure202" value="span"/>
		<feat xlink:href="#structure203" value="span"/>
		<feat xlink:href="#structure204" value="span"/>
		<feat xlink:href="#structure205" value="multinuc"/>
		<feat xlink:href="#structure206" value="span"/>
		<feat xlink:href="#structure208" value="span"/>
		<feat xlink:href="#structure209" value="span"/>
		<feat xlink:href="#structure210" value="span"/>
		<feat xlink:href="#structure215" value="span"/>
		<feat xlink:href="#structure216" value="multinuc"/>
		<feat xlink:href="#structure221" value="span"/>
		<feat xlink:href="#structure222" value="multinuc"/>
		<feat xlink:href="#structure223" value="span"/>
		<feat xlink:href="#structure228" value="multinuc"/>
		<feat xlink:href="#structure229" value="span"/>
		<feat xlink:href="#structure230" value="span"/>
		<feat xlink:href="#structure232" value="span"/>
		<feat xlink:href="#structure235" value="span"/>
		<feat xlink:href="#structure236" value="multinuc"/>
		<feat xlink:href="#structure237" value="multinuc"/>
		<feat xlink:href="#structure238" value="span"/>
		<feat xlink:href="#structure239" value="span"/>
		<feat xlink:href="#structure240" value="span"/>
		<feat xlink:href="#structure241" value="multinuc"/>
		<feat xlink:href="#structure242" value="span"/>
		<feat xlink:href="#structure243" value="span"/></featList></paula>