<?xml version='1.0' encoding='UTF-8'?><!DOCTYPE paula SYSTEM "paula_feat.dtd">
<paula version="1.1">
	<header paula_id="rst.GENTLE_esports_fifa.struct_kind"/>
	<featList xmlns:xlink="http://www.w3.org/1999/xlink" type="kind" xml:base="rst.GENTLE_esports_fifa.struct.xml">
		<feat xlink:href="#structure1" value="segment"/>
		<feat xlink:href="#structure2" value="segment"/>
		<feat xlink:href="#structure3" value="segment"/>
		<feat xlink:href="#structure4" value="group"/>
		<feat xlink:href="#structure5" value="segment"/>
		<feat xlink:href="#structure6" value="group"/>
		<feat xlink:href="#structure7" value="segment"/>
		<feat xlink:href="#structure8" value="segment"/>
		<feat xlink:href="#structure9" value="segment"/>
		<feat xlink:href="#structure10" value="segment"/>
		<feat xlink:href="#structure11" value="group"/>
		<feat xlink:href="#structure12" value="group"/>
		<feat xlink:href="#structure13" value="group"/>
		<feat xlink:href="#structure14" value="segment"/>
		<feat xlink:href="#structure15" value="group"/>
		<feat xlink:href="#structure16" value="group"/>
		<feat xlink:href="#structure17" value="segment"/>
		<feat xlink:href="#structure18" value="segment"/>
		<feat xlink:href="#structure19" value="segment"/>
		<feat xlink:href="#structure20" value="segment"/>
		<feat xlink:href="#structure21" value="segment"/>
		<feat xlink:href="#structure22" value="segment"/>
		<feat xlink:href="#structure23" value="group"/>
		<feat xlink:href="#structure24" value="group"/>
		<feat xlink:href="#structure25" value="group"/>
		<feat xlink:href="#structure26" value="group"/>
		<feat xlink:href="#structure27" value="group"/>
		<feat xlink:href="#structure28" value="segment"/>
		<feat xlink:href="#structure29" value="group"/>
		<feat xlink:href="#structure30" value="group"/>
		<feat xlink:href="#structure31" value="segment"/>
		<feat xlink:href="#structure32" value="segment"/>
		<feat xlink:href="#structure33" value="segment"/>
		<feat xlink:href="#structure34" value="group"/>
		<feat xlink:href="#structure35" value="segment"/>
		<feat xlink:href="#structure36" value="group"/>
		<feat xlink:href="#structure37" value="group"/>
		<feat xlink:href="#structure38" value="segment"/>
		<feat xlink:href="#structure39" value="segment"/>
		<feat xlink:href="#structure40" value="segment"/>
		<feat xlink:href="#structure41" value="segment"/>
		<feat xlink:href="#structure42" value="segment"/>
		<feat xlink:href="#structure43" value="group"/>
		<feat xlink:href="#structure44" value="group"/>
		<feat xlink:href="#structure45" value="group"/>
		<feat xlink:href="#structure46" value="segment"/>
		<feat xlink:href="#structure47" value="segment"/>
		<feat xlink:href="#structure48" value="segment"/>
		<feat xlink:href="#structure49" value="segment"/>
		<feat xlink:href="#structure50" value="segment"/>
		<feat xlink:href="#structure51" value="group"/>
		<feat xlink:href="#structure52" value="group"/>
		<feat xlink:href="#structure53" value="group"/>
		<feat xlink:href="#structure54" value="group"/>
		<feat xlink:href="#structure55" value="group"/>
		<feat xlink:href="#structure56" value="group"/>
		<feat xlink:href="#structure57" value="segment"/>
		<feat xlink:href="#structure58" value="segment"/>
		<feat xlink:href="#structure59" value="segment"/>
		<feat xlink:href="#structure60" value="segment"/>
		<feat xlink:href="#structure61" value="segment"/>
		<feat xlink:href="#structure62" value="segment"/>
		<feat xlink:href="#structure63" value="group"/>
		<feat xlink:href="#structure64" value="segment"/>
		<feat xlink:href="#structure65" value="segment"/>
		<feat xlink:href="#structure66" value="group"/>
		<feat xlink:href="#structure67" value="group"/>
		<feat xlink:href="#structure68" value="group"/>
		<feat xlink:href="#structure69" value="group"/>
		<feat xlink:href="#structure70" value="group"/>
		<feat xlink:href="#structure71" value="segment"/>
		<feat xlink:href="#structure72" value="segment"/>
		<feat xlink:href="#structure73" value="segment"/>
		<feat xlink:href="#structure74" value="segment"/>
		<feat xlink:href="#structure75" value="segment"/>
		<feat xlink:href="#structure76" value="group"/>
		<feat xlink:href="#structure77" value="group"/>
		<feat xlink:href="#structure78" value="segment"/>
		<feat xlink:href="#structure79" value="group"/>
		<feat xlink:href="#structure80" value="group"/>
		<feat xlink:href="#structure81" value="segment"/>
		<feat xlink:href="#structure82" value="segment"/>
		<feat xlink:href="#structure83" value="group"/>
		<feat xlink:href="#structure84" value="group"/>
		<feat xlink:href="#structure85" value="segment"/>
		<feat xlink:href="#structure86" value="segment"/>
		<feat xlink:href="#structure87" value="group"/>
		<feat xlink:href="#structure88" value="segment"/>
		<feat xlink:href="#structure89" value="group"/>
		<feat xlink:href="#structure90" value="group"/>
		<feat xlink:href="#structure91" value="group"/>
		<feat xlink:href="#structure92" value="group"/>
		<feat xlink:href="#structure93" value="group"/>
		<feat xlink:href="#structure94" value="segment"/>
		<feat xlink:href="#structure95" value="segment"/>
		<feat xlink:href="#structure96" value="segment"/>
		<feat xlink:href="#structure97" value="segment"/>
		<feat xlink:href="#structure98" value="segment"/>
		<feat xlink:href="#structure99" value="segment"/>
		<feat xlink:href="#structure100" value="segment"/>
		<feat xlink:href="#structure101" value="group"/>
		<feat xlink:href="#structure102" value="segment"/>
		<feat xlink:href="#structure103" value="segment"/>
		<feat xlink:href="#structure104" value="group"/>
		<feat xlink:href="#structure105" value="group"/>
		<feat xlink:href="#structure106" value="group"/>
		<feat xlink:href="#structure107" value="group"/>
		<feat xlink:href="#structure108" value="segment"/>
		<feat xlink:href="#structure109" value="group"/>
		<feat xlink:href="#structure110" value="group"/>
		<feat xlink:href="#structure111" value="segment"/>
		<feat xlink:href="#structure112" value="group"/>
		<feat xlink:href="#structure113" value="group"/>
		<feat xlink:href="#structure114" value="segment"/>
		<feat xlink:href="#structure115" value="segment"/>
		<feat xlink:href="#structure116" value="segment"/>
		<feat xlink:href="#structure117" value="segment"/>
		<feat xlink:href="#structure118" value="group"/>
		<feat xlink:href="#structure119" value="group"/>
		<feat xlink:href="#structure120" value="group"/>
		<feat xlink:href="#structure121" value="segment"/>
		<feat xlink:href="#structure122" value="segment"/>
		<feat xlink:href="#structure123" value="segment"/>
		<feat xlink:href="#structure124" value="segment"/>
		<feat xlink:href="#structure125" value="segment"/>
		<feat xlink:href="#structure126" value="segment"/>
		<feat xlink:href="#structure127" value="segment"/>
		<feat xlink:href="#structure128" value="segment"/>
		<feat xlink:href="#structure129" value="segment"/>
		<feat xlink:href="#structure130" value="segment"/>
		<feat xlink:href="#structure131" value="segment"/>
		<feat xlink:href="#structure132" value="segment"/>
		<feat xlink:href="#structure133" value="segment"/>
		<feat xlink:href="#structure134" value="segment"/>
		<feat xlink:href="#structure135" value="segment"/>
		<feat xlink:href="#structure136" value="group"/>
		<feat xlink:href="#structure137" value="group"/>
		<feat xlink:href="#structure138" value="group"/>
		<feat xlink:href="#structure139" value="segment"/>
		<feat xlink:href="#structure140" value="segment"/>
		<feat xlink:href="#structure141" value="segment"/>
		<feat xlink:href="#structure142" value="segment"/>
		<feat xlink:href="#structure143" value="group"/>
		<feat xlink:href="#structure144" value="segment"/>
		<feat xlink:href="#structure145" value="segment"/>
		<feat xlink:href="#structure146" value="segment"/>
		<feat xlink:href="#structure147" value="group"/>
		<feat xlink:href="#structure148" value="group"/>
		<feat xlink:href="#structure149" value="group"/>
		<feat xlink:href="#structure150" value="group"/>
		<feat xlink:href="#structure151" value="group"/>
		<feat xlink:href="#structure152" value="segment"/>
		<feat xlink:href="#structure153" value="segment"/>
		<feat xlink:href="#structure154" value="group"/>
		<feat xlink:href="#structure155" value="segment"/>
		<feat xlink:href="#structure156" value="segment"/>
		<feat xlink:href="#structure157" value="segment"/>
		<feat xlink:href="#structure158" value="segment"/>
		<feat xlink:href="#structure159" value="group"/>
		<feat xlink:href="#structure160" value="group"/>
		<feat xlink:href="#structure161" value="segment"/>
		<feat xlink:href="#structure162" value="segment"/>
		<feat xlink:href="#structure163" value="segment"/>
		<feat xlink:href="#structure164" value="group"/>
		<feat xlink:href="#structure165" value="group"/>
		<feat xlink:href="#structure166" value="group"/>
		<feat xlink:href="#structure167" value="group"/>
		<feat xlink:href="#structure168" value="segment"/>
		<feat xlink:href="#structure169" value="segment"/>
		<feat xlink:href="#structure170" value="group"/>
		<feat xlink:href="#structure171" value="segment"/>
		<feat xlink:href="#structure172" value="segment"/>
		<feat xlink:href="#structure173" value="segment"/>
		<feat xlink:href="#structure174" value="segment"/>
		<feat xlink:href="#structure175" value="group"/>
		<feat xlink:href="#structure176" value="segment"/>
		<feat xlink:href="#structure177" value="segment"/>
		<feat xlink:href="#structure178" value="group"/>
		<feat xlink:href="#structure179" value="group"/>
		<feat xlink:href="#structure180" value="group"/>
		<feat xlink:href="#structure181" value="group"/>
		<feat xlink:href="#structure182" value="segment"/>
		<feat xlink:href="#structure183" value="group"/>
		<feat xlink:href="#structure184" value="segment"/>
		<feat xlink:href="#structure185" value="segment"/>
		<feat xlink:href="#structure186" value="group"/>
		<feat xlink:href="#structure187" value="group"/>
		<feat xlink:href="#structure188" value="segment"/>
		<feat xlink:href="#structure189" value="segment"/>
		<feat xlink:href="#structure190" value="segment"/>
		<feat xlink:href="#structure191" value="group"/>
		<feat xlink:href="#structure192" value="segment"/>
		<feat xlink:href="#structure193" value="segment"/>
		<feat xlink:href="#structure194" value="segment"/>
		<feat xlink:href="#structure195" value="group"/>
		<feat xlink:href="#structure196" value="segment"/>
		<feat xlink:href="#structure197" value="segment"/>
		<feat xlink:href="#structure198" value="segment"/>
		<feat xlink:href="#structure199" value="segment"/>
		<feat xlink:href="#structure200" value="segment"/>
		<feat xlink:href="#structure201" value="group"/>
		<feat xlink:href="#structure202" value="group"/>
		<feat xlink:href="#structure203" value="group"/>
		<feat xlink:href="#structure204" value="group"/>
		<feat xlink:href="#structure205" value="group"/>
		<feat xlink:href="#structure206" value="group"/>
		<feat xlink:href="#structure207" value="segment"/>
		<feat xlink:href="#structure208" value="group"/>
		<feat xlink:href="#structure209" value="group"/>
		<feat xlink:href="#structure210" value="group"/>
		<feat xlink:href="#structure211" value="segment"/>
		<feat xlink:href="#structure212" value="segment"/>
		<feat xlink:href="#structure213" value="segment"/>
		<feat xlink:href="#structure214" value="segment"/>
		<feat xlink:href="#structure215" value="group"/>
		<feat xlink:href="#structure216" value="group"/>
		<feat xlink:href="#structure217" value="segment"/>
		<feat xlink:href="#structure218" value="segment"/>
		<feat xlink:href="#structure219" value="segment"/>
		<feat xlink:href="#structure220" value="segment"/>
		<feat xlink:href="#structure221" value="group"/>
		<feat xlink:href="#structure222" value="group"/>
		<feat xlink:href="#structure223" value="group"/>
		<feat xlink:href="#structure224" value="segment"/>
		<feat xlink:href="#structure225" value="segment"/>
		<feat xlink:href="#structure226" value="segment"/>
		<feat xlink:href="#structure227" value="segment"/>
		<feat xlink:href="#structure228" value="group"/>
		<feat xlink:href="#structure229" value="group"/>
		<feat xlink:href="#structure230" value="group"/>
		<feat xlink:href="#structure231" value="segment"/>
		<feat xlink:href="#structure232" value="group"/>
		<feat xlink:href="#structure233" value="segment"/>
		<feat xlink:href="#structure234" value="segment"/>
		<feat xlink:href="#structure235" value="group"/>
		<feat xlink:href="#structure236" value="group"/>
		<feat xlink:href="#structure237" value="group"/>
		<feat xlink:href="#structure238" value="group"/>
		<feat xlink:href="#structure239" value="group"/>
		<feat xlink:href="#structure240" value="group"/>
		<feat xlink:href="#structure241" value="group"/>
		<feat xlink:href="#structure242" value="group"/>
		<feat xlink:href="#structure243" value="group"/></featList></paula>