<?xml version='1.0' encoding='UTF-8'?><!DOCTYPE paula SYSTEM "paula_feat.dtd">
<paula version="1.1">
	<header paula_id="tei.GENTLE_esports_fifa.mark_w"/>
	<featList xmlns:xlink="http://www.w3.org/1999/xlink" type="w" xml:base="tei.GENTLE_esports_fifa.mark.xml">
		<feat xlink:href="#sSpan396" value="w"/>
		<feat xlink:href="#sSpan397" value="w"/>
		<feat xlink:href="#sSpan399" value="w"/>
		<feat xlink:href="#sSpan401" value="w"/>
		<feat xlink:href="#sSpan403" value="w"/>
		<feat xlink:href="#sSpan408" value="w"/>
		<feat xlink:href="#sSpan412" value="w"/>
		<feat xlink:href="#sSpan417" value="w"/>
		<feat xlink:href="#sSpan421" value="w"/>
		<feat xlink:href="#sSpan423" value="w"/>
		<feat xlink:href="#sSpan424" value="w"/>
		<feat xlink:href="#sSpan429" value="w"/>
		<feat xlink:href="#sSpan436" value="w"/>
		<feat xlink:href="#sSpan440" value="w"/>
		<feat xlink:href="#sSpan442" value="w"/>
		<feat xlink:href="#sSpan444" value="w"/>
		<feat xlink:href="#sSpan445" value="w"/>
		<feat xlink:href="#sSpan448" value="w"/>
		<feat xlink:href="#sSpan450" value="w"/></featList></paula>