<?xml version='1.0' encoding='UTF-8'?><!DOCTYPE paula SYSTEM "paula_feat.dtd">
<paula version="1.1">
	<header paula_id="tei.GENTLE_esports_fifa.mark_s_transition"/>
	<featList xmlns:xlink="http://www.w3.org/1999/xlink" type="s_transition" xml:base="tei.GENTLE_esports_fifa.mark.xml">
		<feat xlink:href="#sSpan393" value="establishment"/>
		<feat xlink:href="#sSpan398" value="establishment"/>
		<feat xlink:href="#sSpan400" value="continue"/>
		<feat xlink:href="#sSpan402" value="continue"/>
		<feat xlink:href="#sSpan404" value="zero"/>
		<feat xlink:href="#sSpan405" value="null"/>
		<feat xlink:href="#sSpan407" value="establishment"/>
		<feat xlink:href="#sSpan409" value="zero"/>
		<feat xlink:href="#sSpan410" value="establishment"/>
		<feat xlink:href="#sSpan411" value="continue"/>
		<feat xlink:href="#sSpan413" value="smooth-shift"/>
		<feat xlink:href="#sSpan414" value="smooth-shift"/>
		<feat xlink:href="#sSpan415" value="zero"/>
		<feat xlink:href="#sSpan416" value="establishment"/>
		<feat xlink:href="#sSpan418" value="zero"/>
		<feat xlink:href="#sSpan419" value="null"/>
		<feat xlink:href="#sSpan420" value="null"/>
		<feat xlink:href="#sSpan422" value="establishment"/>
		<feat xlink:href="#sSpan425" value="smooth-shift"/>
		<feat xlink:href="#sSpan426" value="rough-shift"/>
		<feat xlink:href="#sSpan428" value="zero"/>
		<feat xlink:href="#sSpan430" value="establishment"/>
		<feat xlink:href="#sSpan431" value="zero"/>
		<feat xlink:href="#sSpan432" value="establishment"/>
		<feat xlink:href="#sSpan433" value="zero"/>
		<feat xlink:href="#sSpan434" value="null"/>
		<feat xlink:href="#sSpan435" value="establishment"/>
		<feat xlink:href="#sSpan437" value="smooth-shift"/>
		<feat xlink:href="#sSpan438" value="zero"/>
		<feat xlink:href="#sSpan439" value="null"/>
		<feat xlink:href="#sSpan441" value="establishment"/>
		<feat xlink:href="#sSpan443" value="rough-shift"/>
		<feat xlink:href="#sSpan446" value="retain"/>
		<feat xlink:href="#sSpan447" value="zero"/>
		<feat xlink:href="#sSpan449" value="null"/>
		<feat xlink:href="#sSpan451" value="null"/>
		<feat xlink:href="#sSpan452" value="establishment"/></featList></paula>