<?xml version='1.0' encoding='UTF-8'?><!DOCTYPE paula SYSTEM "paula_feat.dtd">
<paula version="1.1">
	<header paula_id="tei.GENTLE_esports_fifa.mark_w"/>
	<featList xmlns:xlink="http://www.w3.org/1999/xlink" type="w" xml:base="tei.GENTLE_esports_fifa.mark.xml">
		<feat xlink:href="#sSpan855" value="w"/>
		<feat xlink:href="#sSpan856" value="w"/>
		<feat xlink:href="#sSpan858" value="w"/>
		<feat xlink:href="#sSpan860" value="w"/>
		<feat xlink:href="#sSpan862" value="w"/>
		<feat xlink:href="#sSpan867" value="w"/>
		<feat xlink:href="#sSpan871" value="w"/>
		<feat xlink:href="#sSpan876" value="w"/>
		<feat xlink:href="#sSpan880" value="w"/>
		<feat xlink:href="#sSpan882" value="w"/>
		<feat xlink:href="#sSpan883" value="w"/>
		<feat xlink:href="#sSpan888" value="w"/>
		<feat xlink:href="#sSpan895" value="w"/>
		<feat xlink:href="#sSpan899" value="w"/>
		<feat xlink:href="#sSpan901" value="w"/>
		<feat xlink:href="#sSpan903" value="w"/>
		<feat xlink:href="#sSpan904" value="w"/>
		<feat xlink:href="#sSpan907" value="w"/>
		<feat xlink:href="#sSpan909" value="w"/></featList></paula>