<?xml version='1.0' encoding='UTF-8'?><!DOCTYPE paula SYSTEM "paula_feat.dtd">
<paula version="1.1">
	<header paula_id="tei.GENTLE_esports_fifa.mark_s_type"/>
	<featList xmlns:xlink="http://www.w3.org/1999/xlink" type="s_type" xml:base="tei.GENTLE_esports_fifa.mark.xml">
		<feat xlink:href="#sSpan393" value="decl"/>
		<feat xlink:href="#sSpan398" value="decl"/>
		<feat xlink:href="#sSpan400" value="decl"/>
		<feat xlink:href="#sSpan402" value="decl"/>
		<feat xlink:href="#sSpan404" value="decl"/>
		<feat xlink:href="#sSpan405" value="decl"/>
		<feat xlink:href="#sSpan407" value="decl"/>
		<feat xlink:href="#sSpan409" value="decl"/>
		<feat xlink:href="#sSpan410" value="decl"/>
		<feat xlink:href="#sSpan411" value="decl"/>
		<feat xlink:href="#sSpan413" value="decl"/>
		<feat xlink:href="#sSpan414" value="decl"/>
		<feat xlink:href="#sSpan415" value="decl"/>
		<feat xlink:href="#sSpan416" value="decl"/>
		<feat xlink:href="#sSpan418" value="frag"/>
		<feat xlink:href="#sSpan419" value="decl"/>
		<feat xlink:href="#sSpan420" value="decl"/>
		<feat xlink:href="#sSpan422" value="decl"/>
		<feat xlink:href="#sSpan425" value="decl"/>
		<feat xlink:href="#sSpan426" value="decl"/>
		<feat xlink:href="#sSpan428" value="decl"/>
		<feat xlink:href="#sSpan430" value="decl"/>
		<feat xlink:href="#sSpan431" value="decl"/>
		<feat xlink:href="#sSpan432" value="decl"/>
		<feat xlink:href="#sSpan433" value="frag"/>
		<feat xlink:href="#sSpan434" value="wh"/>
		<feat xlink:href="#sSpan435" value="decl"/>
		<feat xlink:href="#sSpan437" value="decl"/>
		<feat xlink:href="#sSpan438" value="decl"/>
		<feat xlink:href="#sSpan439" value="decl"/>
		<feat xlink:href="#sSpan441" value="decl"/>
		<feat xlink:href="#sSpan443" value="decl"/>
		<feat xlink:href="#sSpan446" value="multiple"/>
		<feat xlink:href="#sSpan447" value="multiple"/>
		<feat xlink:href="#sSpan449" value="decl"/>
		<feat xlink:href="#sSpan451" value="decl"/>
		<feat xlink:href="#sSpan452" value="decl"/></featList></paula>