<?xml version='1.0' encoding='UTF-8'?><!DOCTYPE paula SYSTEM "paula_mark.dtd">
<paula version="1.1">
	<header paula_id="tei.GENTLE_esports_fifa.mark"/>
	<markList xmlns:xlink="http://www.w3.org/1999/xlink" type="tei" xml:base="GENTLE_esports_fifa.tok.xml">
		<!--Now after last episodes 's amazing conclusion where Napoli they beat us in the first leg of the Champions League quarter-finals and then we brought it to them in the second leg , and now advancing into the semi-finals against Manchester City , today 's episode is gon na start off with three games that you know are n't as hard as the last couple of matches we 've had , and then on uh 27th of April , we have Manchester City in the first leg of the semi-finals , which is going to be possibly one of the hardest games I 'm gon na be playing because Napoli has given me our game and Manchester City I know the way they play , they 're exactly like Napoli .-->
		<mark id="sSpan395" xlink:href="#sTok1 #sTok2 #sTok3 #sTok4 #sTok5 #sTok6 #sTok7 #sTok8 #sTok9 #sTok10 #sTok11 #sTok12 #sTok13 #sTok14 #sTok15 #sTok16 #sTok17 #sTok18 #sTok19 #sTok20 #sTok21 #sTok22 #sTok23 #sTok24 #sTok25 #sTok26 #sTok27 #sTok28 #sTok29 #sTok30 #sTok31 #sTok32 #sTok33 #sTok34 #sTok35 #sTok36 #sTok37 #sTok38 #sTok39 #sTok40 #sTok41 #sTok42 #sTok43 #sTok44 #sTok45 #sTok46 #sTok47 #sTok48 #sTok49 #sTok50 #sTok51 #sTok52 #sTok53 #sTok54 #sTok55 #sTok56 #sTok57 #sTok58 #sTok59 #sTok60 #sTok61 #sTok62 #sTok63 #sTok64 #sTok65 #sTok66 #sTok67 #sTok68 #sTok69 #sTok70 #sTok71 #sTok72 #sTok73 #sTok74 #sTok75 #sTok76 #sTok77 #sTok78 #sTok79 #sTok80 #sTok81 #sTok82 #sTok83 #sTok84 #sTok85 #sTok86 #sTok87 #sTok88 #sTok89 #sTok90 #sTok91 #sTok92 #sTok93 #sTok94 #sTok95 #sTok96 #sTok97 #sTok98 #sTok99 #sTok100 #sTok101 #sTok102 #sTok103 #sTok104 #sTok105 #sTok106 #sTok107 #sTok108 #sTok109 #sTok110 #sTok111 #sTok112 #sTok113 #sTok114 #sTok115 #sTok116 #sTok117 #sTok118 #sTok119 #sTok120 #sTok121 #sTok122 #sTok123 #sTok124 #sTok125 #sTok126 #sTok127 #sTok128 #sTok129 #sTok130 #sTok131"/>
		<!--today 's-->
		<mark id="sSpan396" xlink:href="#sTok44 #sTok45"/>
		<!--gon na-->
		<mark id="sSpan397" xlink:href="#sTok48 #sTok49"/>
		<!--gon na-->
		<mark id="sSpan398" xlink:href="#sTok105 #sTok106"/>
		<!--So we 're just gon na start off straightaway with a simulated match against Benevento .-->
		<mark id="sSpan399" xlink:href="#sTok132 #sTok133 #sTok134 #sTok135 #sTok136 #sTok137 #sTok138 #sTok139 #sTok140 #sTok141 #sTok142 #sTok143 #sTok144 #sTok145 #sTok146 #sTok147"/>
		<!--gon na-->
		<mark id="sSpan400" xlink:href="#sTok136 #sTok137"/>
		<!--We 're gon na play one of these three games just to get in the mood of playing games this episode .-->
		<mark id="sSpan401" xlink:href="#sTok148 #sTok149 #sTok150 #sTok151 #sTok152 #sTok153 #sTok154 #sTok155 #sTok156 #sTok157 #sTok158 #sTok159 #sTok160 #sTok161 #sTok162 #sTok163 #sTok164 #sTok165 #sTok166 #sTok167 #sTok168 #sTok169"/>
		<!--gon na-->
		<mark id="sSpan402" xlink:href="#sTok150 #sTok151"/>
		<!--We 've got a pretty rotated lineup Jović scoring , van de Beek and Ibrahimovic coming on 3 - 1 victory .-->
		<mark id="sSpan403" xlink:href="#sTok170 #sTok171 #sTok172 #sTok173 #sTok174 #sTok175 #sTok176 #sTok177 #sTok178 #sTok179 #sTok180 #sTok181 #sTok182 #sTok183 #sTok184 #sTok185 #sTok186 #sTok187 #sTok188 #sTok189 #sTok190 #sTok191"/>
		<!--3 - 1-->
		<mark id="sSpan404" xlink:href="#sTok187 #sTok188 #sTok189"/>
		<!--Bakayoko getting himself a red card .-->
		<mark id="sSpan405" xlink:href="#sTok192 #sTok193 #sTok194 #sTok195 #sTok196 #sTok197 #sTok198"/>
		<!--Now I 've mentioned that earlier in the Serie A UVA has just ran away with the Scudetto 89 points and right behind them is Napoli us with 76 .-->
		<mark id="sSpan406" xlink:href="#sTok199 #sTok200 #sTok201 #sTok202 #sTok203 #sTok204 #sTok205 #sTok206 #sTok207 #sTok208 #sTok209 #sTok210 #sTok211 #sTok212 #sTok213 #sTok214 #sTok215 #sTok216 #sTok217 #sTok218 #sTok219 #sTok220 #sTok221 #sTok222 #sTok223 #sTok224 #sTok225 #sTok226 #sTok227 #sTok228"/>
		<!--ran-->
		<mark id="sSpan407" xlink:href="#sTok212"/>
		<!--The Scudetto was gon na be tough all the time you 've as just way too strong .-->
		<mark id="sSpan408" xlink:href="#sTok229 #sTok230 #sTok231 #sTok232 #sTok233 #sTok234 #sTok235 #sTok236 #sTok237 #sTok238 #sTok239 #sTok240 #sTok241 #sTok242 #sTok243 #sTok244 #sTok245 #sTok246"/>
		<!--gon na-->
		<mark id="sSpan409" xlink:href="#sTok232 #sTok233"/>
		<!--Genoa is the next match coming up and I 'm going to be playing this match because it 's at home .-->
		<mark id="sSpan410" xlink:href="#sTok247 #sTok248 #sTok249 #sTok250 #sTok251 #sTok252 #sTok253 #sTok254 #sTok255 #sTok256 #sTok257 #sTok258 #sTok259 #sTok260 #sTok261 #sTok262 #sTok263 #sTok264 #sTok265 #sTok266 #sTok267 #sTok268"/>
		<!--I 'd like to maybe play some of our Academy players in this match .-->
		<mark id="sSpan411" xlink:href="#sTok269 #sTok270 #sTok271 #sTok272 #sTok273 #sTok274 #sTok275 #sTok276 #sTok277 #sTok278 #sTok279 #sTok280 #sTok281 #sTok282 #sTok283"/>
		<!--The last match he scored Jović so I 'm gon na continue hopefully his form in this game .-->
		<mark id="sSpan412" xlink:href="#sTok284 #sTok285 #sTok286 #sTok287 #sTok288 #sTok289 #sTok290 #sTok291 #sTok292 #sTok293 #sTok294 #sTok295 #sTok296 #sTok297 #sTok298 #sTok299 #sTok300 #sTok301 #sTok302"/>
		<!--gon na-->
		<mark id="sSpan413" xlink:href="#sTok293 #sTok294"/>
		<!--He 's up top with Galano .-->
		<mark id="sSpan414" xlink:href="#sTok303 #sTok304 #sTok305 #sTok306 #sTok307 #sTok308 #sTok309"/>
		<!--Galano started off well three goals and then just has n't scored .-->
		<mark id="sSpan415" xlink:href="#sTok310 #sTok311 #sTok312 #sTok313 #sTok314 #sTok315 #sTok316 #sTok317 #sTok318 #sTok319 #sTok320 #sTok321 #sTok322"/>
		<!--I do n't know .-->
		<mark id="sSpan416" xlink:href="#sTok323 #sTok324 #sTok325 #sTok326 #sTok327"/>
		<!--I thought he was gon na be such a good future star but he 's still young so maybe he can get himself some goals here .-->
		<mark id="sSpan417" xlink:href="#sTok328 #sTok329 #sTok330 #sTok331 #sTok332 #sTok333 #sTok334 #sTok335 #sTok336 #sTok337 #sTok338 #sTok339 #sTok340 #sTok341 #sTok342 #sTok343 #sTok344 #sTok345 #sTok346 #sTok347 #sTok348 #sTok349 #sTok350 #sTok351 #sTok352 #sTok353 #sTok354"/>
		<!--gon na-->
		<mark id="sSpan418" xlink:href="#sTok332 #sTok333"/>
		<!--Paquetá and almost starting Paquetá over Bennacer van de Beek , Tonali .-->
		<mark id="sSpan419" xlink:href="#sTok355 #sTok356 #sTok357 #sTok358 #sTok359 #sTok360 #sTok361 #sTok362 #sTok363 #sTok364 #sTok365 #sTok366 #sTok367"/>
		<!--We have Todibo , Alderweireld in defense and obviously in goal we have Gigio .-->
		<mark id="sSpan420" xlink:href="#sTok368 #sTok369 #sTok370 #sTok371 #sTok372 #sTok373 #sTok374 #sTok375 #sTok376 #sTok377 #sTok378 #sTok379 #sTok380 #sTok381 #sTok382"/>
		<!--Like I said , the Scudetto if it was n't gon na be this season , I 'm pushing all for next season in the Champions League .-->
		<mark id="sSpan421" xlink:href="#sTok383 #sTok384 #sTok385 #sTok386 #sTok387 #sTok388 #sTok389 #sTok390 #sTok391 #sTok392 #sTok393 #sTok394 #sTok395 #sTok396 #sTok397 #sTok398 #sTok399 #sTok400 #sTok401 #sTok402 #sTok403 #sTok404 #sTok405 #sTok406 #sTok407 #sTok408 #sTok409 #sTok410"/>
		<!--gon na-->
		<mark id="sSpan422" xlink:href="#sTok393 #sTok394"/>
		<!--I think we 're gon na have to just try and go all - out and win it in our first season back .-->
		<mark id="sSpan423" xlink:href="#sTok411 #sTok412 #sTok413 #sTok414 #sTok415 #sTok416 #sTok417 #sTok418 #sTok419 #sTok420 #sTok421 #sTok422 #sTok423 #sTok424 #sTok425 #sTok426 #sTok427 #sTok428 #sTok429 #sTok430 #sTok431 #sTok432 #sTok433 #sTok434"/>
		<!--gon na-->
		<mark id="sSpan424" xlink:href="#sTok415 #sTok416"/>
		<!--all - out-->
		<mark id="sSpan425" xlink:href="#sTok423 #sTok424 #sTok425"/>
		<!--That would be something incredibly special , but before we do that we need to get through Manchester City and that is a poor pass by Paquetá .-->
		<mark id="sSpan426" xlink:href="#sTok435 #sTok436 #sTok437 #sTok438 #sTok439 #sTok440 #sTok441 #sTok442 #sTok443 #sTok444 #sTok445 #sTok446 #sTok447 #sTok448 #sTok449 #sTok450 #sTok451 #sTok452 #sTok453 #sTok454 #sTok455 #sTok456 #sTok457 #sTok458 #sTok459 #sTok460 #sTok461 #sTok462"/>
		<!--Here 's Paquetá now finding Galano , Galano is in behind that is great stuff Galano and maybe could have went to ground opportunity for him good pass by Paquetá .-->
		<mark id="sSpan427" xlink:href="#sTok463 #sTok464 #sTok465 #sTok466 #sTok467 #sTok468 #sTok469 #sTok470 #sTok471 #sTok472 #sTok473 #sTok474 #sTok475 #sTok476 #sTok477 #sTok478 #sTok479 #sTok480 #sTok481 #sTok482 #sTok483 #sTok484 #sTok485 #sTok486 #sTok487 #sTok488 #sTok489 #sTok490 #sTok491 #sTok492 #sTok493"/>
		<!--went-->
		<mark id="sSpan428" xlink:href="#sTok483"/>
		<!--Sandro Tonali , Luca Jović , he 's gon na touch it and try to hit it .-->
		<mark id="sSpan429" xlink:href="#sTok494 #sTok495 #sTok496 #sTok497 #sTok498 #sTok499 #sTok500 #sTok501 #sTok502 #sTok503 #sTok504 #sTok505 #sTok506 #sTok507 #sTok508 #sTok509 #sTok510 #sTok511"/>
		<!--gon na-->
		<mark id="sSpan430" xlink:href="#sTok502 #sTok503"/>
		<!--I did n't ah - I should have maybe taken it a little bit inside the box , but you know what , that resulted in a corner and God forbid we would get anything off corners .-->
		<mark id="sSpan431" xlink:href="#sTok512 #sTok513 #sTok514 #sTok515 #sTok516 #sTok517 #sTok518 #sTok519 #sTok520 #sTok521 #sTok522 #sTok523 #sTok524 #sTok525 #sTok526 #sTok527 #sTok528 #sTok529 #sTok530 #sTok531 #sTok532 #sTok533 #sTok534 #sTok535 #sTok536 #sTok537 #sTok538 #sTok539 #sTok540 #sTok541 #sTok542 #sTok543 #sTok544 #sTok545 #sTok546 #sTok547 #sTok548 #sTok549"/>
		<!--Jović , turned , van de Beek , looking for something .-->
		<mark id="sSpan432" xlink:href="#sTok550 #sTok551 #sTok552 #sTok553 #sTok554 #sTok555 #sTok556 #sTok557 #sTok558 #sTok559 #sTok560 #sTok561"/>
		<!--He finds Galano in some space , somebody take a shot .-->
		<mark id="sSpan433" xlink:href="#sTok562 #sTok563 #sTok564 #sTok565 #sTok566 #sTok567 #sTok568 #sTok569 #sTok570 #sTok571 #sTok572 #sTok573"/>
		<!--Ok Favilli and of what ?-->
		<mark id="sSpan434" xlink:href="#sTok574 #sTok575 #sTok576 #sTok577 #sTok578 #sTok579"/>
		<!--How ... what sorry what how is there a penalty what just happened ?-->
		<mark id="sSpan435" xlink:href="#sTok580 #sTok581 #sTok582 #sTok583 #sTok584 #sTok585 #sTok586 #sTok587 #sTok588 #sTok589 #sTok590 #sTok591 #sTok592 #sTok593"/>
		<!--One minute it looked like it was gon na be a corner , the next Favilli is scoring a penalty and we 're one nil down .-->
		<mark id="sSpan436" xlink:href="#sTok594 #sTok595 #sTok596 #sTok597 #sTok598 #sTok599 #sTok600 #sTok601 #sTok602 #sTok603 #sTok604 #sTok605 #sTok606 #sTok607 #sTok608 #sTok609 #sTok610 #sTok611 #sTok612 #sTok613 #sTok614 #sTok615 #sTok616 #sTok617 #sTok618 #sTok619 #sTok620"/>
		<!--gon na-->
		<mark id="sSpan437" xlink:href="#sTok601 #sTok602"/>
		<!--Ball gets played in uh all right apparently Alderweireld clipped Favilli .-->
		<mark id="sSpan438" xlink:href="#sTok621 #sTok622 #sTok623 #sTok624 #sTok625 #sTok626 #sTok627 #sTok628 #sTok629 #sTok630 #sTok631 #sTok632"/>
		<!--Genoa take the lead one nil after doing absolutely nothing all match .-->
		<mark id="sSpan439" xlink:href="#sTok633 #sTok634 #sTok635 #sTok636 #sTok637 #sTok638 #sTok639 #sTok640 #sTok641 #sTok642 #sTok643 #sTok644 #sTok645"/>
		<!--Van de Beek , Paquetá , now Theo , Theo can finally cross to the back post deep , but uh how many times how many times is he gon na get an overhead kick and miss .-->
		<mark id="sSpan440" xlink:href="#sTok646 #sTok647 #sTok648 #sTok649 #sTok650 #sTok651 #sTok652 #sTok653 #sTok654 #sTok655 #sTok656 #sTok657 #sTok658 #sTok659 #sTok660 #sTok661 #sTok662 #sTok663 #sTok664 #sTok665 #sTok666 #sTok667 #sTok668 #sTok669 #sTok670 #sTok671 #sTok672 #sTok673 #sTok674 #sTok675 #sTok676 #sTok677 #sTok678 #sTok679 #sTok680 #sTok681 #sTok682 #sTok683"/>
		<!--gon na-->
		<mark id="sSpan441" xlink:href="#sTok675 #sTok676"/>
		<!--This guy has scored overhead kicks from my field and can not finish a simple bicycle kick in the Box even a moment , I 'm going to release you .-->
		<mark id="sSpan442" xlink:href="#sTok684 #sTok685 #sTok686 #sTok687 #sTok688 #sTok689 #sTok690 #sTok691 #sTok692 #sTok693 #sTok694 #sTok695 #sTok696 #sTok697 #sTok698 #sTok699 #sTok700 #sTok701 #sTok702 #sTok703 #sTok704 #sTok705 #sTok706 #sTok707 #sTok708 #sTok709 #sTok710 #sTok711 #sTok712 #sTok713 #sTok714"/>
		<!--can not-->
		<mark id="sSpan443" xlink:href="#sTok694 #sTok695"/>
		<!--Welcome to Adam gets frustrated about losing against Genoa , one nil complete BS , how we did n't score , how they got a penalty , to make things worse we need to play Manchester City , who today 's ah is next we 're down to 4th place and who the next is in 14th place , but because I 'm gon na simulate this , it 's gon na make me win for sure .-->
		<mark id="sSpan444" xlink:href="#sTok715 #sTok716 #sTok717 #sTok718 #sTok719 #sTok720 #sTok721 #sTok722 #sTok723 #sTok724 #sTok725 #sTok726 #sTok727 #sTok728 #sTok729 #sTok730 #sTok731 #sTok732 #sTok733 #sTok734 #sTok735 #sTok736 #sTok737 #sTok738 #sTok739 #sTok740 #sTok741 #sTok742 #sTok743 #sTok744 #sTok745 #sTok746 #sTok747 #sTok748 #sTok749 #sTok750 #sTok751 #sTok752 #sTok753 #sTok754 #sTok755 #sTok756 #sTok757 #sTok758 #sTok759 #sTok760 #sTok761 #sTok762 #sTok763 #sTok764 #sTok765 #sTok766 #sTok767 #sTok768 #sTok769 #sTok770 #sTok771 #sTok772 #sTok773 #sTok774 #sTok775 #sTok776 #sTok777 #sTok778 #sTok779 #sTok780 #sTok781 #sTok782 #sTok783 #sTok784 #sTok785 #sTok786 #sTok787 #sTok788 #sTok789 #sTok790 #sTok791 #sTok792"/>
		<!--gon na-->
		<mark id="sSpan445" xlink:href="#sTok778 #sTok779"/>
		<!--gon na-->
		<mark id="sSpan446" xlink:href="#sTok785 #sTok786"/>
		<!--No remark on Conti , Todibo , Musacchio , Bakker , probably not the best back line but that 's what I 'm going with .-->
		<mark id="sSpan447" xlink:href="#sTok793 #sTok794 #sTok795 #sTok796 #sTok797 #sTok798 #sTok799 #sTok800 #sTok801 #sTok802 #sTok803 #sTok804 #sTok805 #sTok806 #sTok807 #sTok808 #sTok809 #sTok810 #sTok811 #sTok812 #sTok813 #sTok814 #sTok815 #sTok816 #sTok817 #sTok818"/>
		<!--Paquetá scoring one Jović scoring two very happy they took Leão off but they brought on Ibrahimovic so he 's gon na be tired .-->
		<mark id="sSpan448" xlink:href="#sTok819 #sTok820 #sTok821 #sTok822 #sTok823 #sTok824 #sTok825 #sTok826 #sTok827 #sTok828 #sTok829 #sTok830 #sTok831 #sTok832 #sTok833 #sTok834 #sTok835 #sTok836 #sTok837 #sTok838 #sTok839 #sTok840 #sTok841 #sTok842 #sTok843"/>
		<!--gon na-->
		<mark id="sSpan449" xlink:href="#sTok839 #sTok840"/>
		<!--It 's a 3 - 1 victory , Genoa was just some BS .-->
		<mark id="sSpan450" xlink:href="#sTok844 #sTok845 #sTok846 #sTok847 #sTok848 #sTok849 #sTok850 #sTok851 #sTok852 #sTok853 #sTok854 #sTok855 #sTok856 #sTok857"/>
		<!--3 - 1-->
		<mark id="sSpan451" xlink:href="#sTok847 #sTok848 #sTok849"/>
		<!--We did it we made it to the semi - finals-->
		<mark id="sSpan452" xlink:href="#sTok858 #sTok859 #sTok860 #sTok861 #sTok862 #sTok863 #sTok864 #sTok865 #sTok866 #sTok867 #sTok868"/>
		<!--And I just want to check out what the club objective was for the Champions League this season they wanted us to reach the semi-finals they thought that with the club we had and the players we had we could have made it to the semis and we did .-->
		<mark id="sSpan453" xlink:href="#sTok869 #sTok870 #sTok871 #sTok872 #sTok873 #sTok874 #sTok875 #sTok876 #sTok877 #sTok878 #sTok879 #sTok880 #sTok881 #sTok882 #sTok883 #sTok884 #sTok885 #sTok886 #sTok887 #sTok888 #sTok889 #sTok890 #sTok891 #sTok892 #sTok893 #sTok894 #sTok895 #sTok896 #sTok897 #sTok898 #sTok899 #sTok900 #sTok901 #sTok902 #sTok903 #sTok904 #sTok905 #sTok906 #sTok907 #sTok908 #sTok909 #sTok910 #sTok911 #sTok912 #sTok913 #sTok914 #sTok915 #sTok916 #sTok917 #sTok918"/></markList></paula>