<?xml version='1.0' encoding='UTF-8'?><!DOCTYPE paula SYSTEM "paula_feat.dtd">
<paula version="1.1">
	<header paula_id="bridge.GENTLE_esports_fortnite.bridge_type"/>
	<featList xmlns:xlink="http://www.w3.org/1999/xlink" type="type" xml:base="bridge.GENTLE_esports_fortnite.bridge.xml">
		<feat xlink:href="#sPointingRel1694_13603" value="bridge:def"/>
		<feat xlink:href="#sPointingRel1696_13604" value="bridge:def"/>
		<feat xlink:href="#sPointingRel1698_13605" value="bridge:def"/>
		<feat xlink:href="#sPointingRel1700_13606" value="bridge:other"/>
		<feat xlink:href="#sPointingRel1702_13607" value="bridge:aggr"/>
		<feat xlink:href="#sPointingRel1704" value="bridge:def"/>
		<feat xlink:href="#sPointingRel1706" value="bridge:aggr"/>
		<feat xlink:href="#sPointingRel1708" value="bridge:def"/>
		<feat xlink:href="#sPointingRel1710" value="bridge:def"/>
		<feat xlink:href="#sPointingRel1712" value="bridge:def"/></featList></paula>