<?xml version='1.0' encoding='UTF-8'?><!DOCTYPE paula SYSTEM "paula_feat.dtd">
<paula version="1.1">
	<header paula_id="const.GENTLE_esports_fortnite.struct_func"/>
	<featList xmlns:xlink="http://www.w3.org/1999/xlink" type="func" xml:base="const.GENTLE_esports_fortnite.struct.xml">
		<feat xlink:href="#sDomRel1574" value="TMP"/>
		<feat xlink:href="#sDomRel1577" value="SBJ"/>
		<feat xlink:href="#sDomRel1592" value="MNR"/>
		<feat xlink:href="#sDomRel1595" value="SBJ"/>
		<feat xlink:href="#sDomRel1632" value="TMP"/>
		<feat xlink:href="#sDomRel1658" value="ADV"/>
		<feat xlink:href="#sDomRel1668" value="LOC"/>
		<feat xlink:href="#sDomRel1719" value="SBJ"/>
		<feat xlink:href="#sDomRel1720" value="LOC"/>
		<feat xlink:href="#sDomRel1755" value="PUT"/>
		<feat xlink:href="#sDomRel1756" value="TMP"/>
		<feat xlink:href="#sDomRel1761" value="PRP"/>
		<feat xlink:href="#sDomRel1768" value="TMP"/>
		<feat xlink:href="#sDomRel1781" value="TMP"/>
		<feat xlink:href="#sDomRel1803" value="EXT"/>
		<feat xlink:href="#sDomRel1804" value="SBJ"/>
		<feat xlink:href="#sDomRel1815" value="SBJ"/>
		<feat xlink:href="#sDomRel1836" value="PRD"/>
		<feat xlink:href="#sDomRel1840" value="SBJ"/>
		<feat xlink:href="#sDomRel1853" value="TMP"/>
		<feat xlink:href="#sDomRel1855" value="SBJ"/>
		<feat xlink:href="#sDomRel1882" value="MNR"/>
		<feat xlink:href="#sDomRel1883" value="PRP"/>
		<feat xlink:href="#sDomRel1885" value="SBJ"/>
		<feat xlink:href="#sDomRel1888" value="SBJ"/>
		<feat xlink:href="#sDomRel1902" value="LOC-PRD"/>
		<feat xlink:href="#sDomRel1903" value="SBJ"/>
		<feat xlink:href="#sDomRel1930" value="TMP"/>
		<feat xlink:href="#sDomRel1959" value="PRP"/>
		<feat xlink:href="#sDomRel1975" value="PRP"/>
		<feat xlink:href="#sDomRel1977" value="SBJ"/>
		<feat xlink:href="#sDomRel2010" value="SBJ"/>
		<feat xlink:href="#sDomRel2013" value="PRP"/>
		<feat xlink:href="#sDomRel2015" value="ADV"/>
		<feat xlink:href="#sDomRel2023" value="SBJ"/>
		<feat xlink:href="#sDomRel2038" value="SBJ"/>
		<feat xlink:href="#sDomRel2042" value="SBJ"/>
		<feat xlink:href="#sDomRel2053" value="SBJ"/>
		<feat xlink:href="#sDomRel2078" value="SBJ"/>
		<feat xlink:href="#sDomRel2089" value="SBJ"/>
		<feat xlink:href="#sDomRel2134" value="SBJ"/>
		<feat xlink:href="#sDomRel2160" value="SBJ"/>
		<feat xlink:href="#sDomRel2166" value="MNR"/>
		<feat xlink:href="#sDomRel2169" value="SBJ"/>
		<feat xlink:href="#sDomRel2170" value="TMP"/>
		<feat xlink:href="#sDomRel2179" value="SBJ"/>
		<feat xlink:href="#sDomRel2205" value="SBJ"/>
		<feat xlink:href="#sDomRel2232" value="VOC"/>
		<feat xlink:href="#sDomRel2249" value="TMP"/>
		<feat xlink:href="#sDomRel2253" value="LOC-PRD"/>
		<feat xlink:href="#sDomRel2254" value="TMP"/>
		<feat xlink:href="#sDomRel2258" value="SBJ"/>
		<feat xlink:href="#sDomRel2264" value="PRD"/>
		<feat xlink:href="#sDomRel2265" value="SBJ"/>
		<feat xlink:href="#sDomRel2271" value="SBJ"/>
		<feat xlink:href="#sDomRel2281" value="SBJ"/>
		<feat xlink:href="#sDomRel2301" value="LOC"/>
		<feat xlink:href="#sDomRel2308" value="ADV"/>
		<feat xlink:href="#sDomRel2311" value="SBJ"/>
		<feat xlink:href="#sDomRel2323" value="TMP"/>
		<feat xlink:href="#sDomRel2329" value="SBJ"/>
		<feat xlink:href="#sDomRel2343" value="TMP"/>
		<feat xlink:href="#sDomRel2354" value="SBJ"/>
		<feat xlink:href="#sDomRel2362" value="PRD"/>
		<feat xlink:href="#sDomRel2364" value="SBJ"/>
		<feat xlink:href="#sDomRel2371" value="SBJ"/>
		<feat xlink:href="#sDomRel2407" value="LOC"/>
		<feat xlink:href="#sDomRel2408" value="SBJ"/>
		<feat xlink:href="#sDomRel2413" value="ADV"/>
		<feat xlink:href="#sDomRel2414" value="SBJ"/>
		<feat xlink:href="#sDomRel2458" value="SBJ"/>
		<feat xlink:href="#sDomRel2468" value="TMP"/>
		<feat xlink:href="#sDomRel2493" value="PRP"/>
		<feat xlink:href="#sDomRel2507" value="PRD"/>
		<feat xlink:href="#sDomRel2509" value="SBJ"/>
		<feat xlink:href="#sDomRel2513" value="MNR"/>
		<feat xlink:href="#sDomRel2514" value="SBJ"/>
		<feat xlink:href="#sDomRel2538" value="LOC"/>
		<feat xlink:href="#sDomRel2543" value="SBJ"/>
		<feat xlink:href="#sDomRel2551" value="PRD"/>
		<feat xlink:href="#sDomRel2552" value="SBJ"/>
		<feat xlink:href="#sDomRel2567" value="TMP"/>
		<feat xlink:href="#sDomRel2573" value="PRD"/>
		<feat xlink:href="#sDomRel2574" value="SBJ"/>
		<feat xlink:href="#sDomRel2588" value="SBJ"/>
		<feat xlink:href="#sDomRel2602" value="SBJ"/>
		<feat xlink:href="#sDomRel2604" value="TMP"/>
		<feat xlink:href="#sDomRel2605" value="SBJ"/>
		<feat xlink:href="#sDomRel2622" value="PRD"/>
		<feat xlink:href="#sDomRel2624" value="SBJ"/>
		<feat xlink:href="#sDomRel2633" value="SBJ"/>
		<feat xlink:href="#sDomRel2636" value="PRD"/>
		<feat xlink:href="#sDomRel2657" value="SBJ"/>
		<feat xlink:href="#sDomRel2666" value="TMP"/>
		<feat xlink:href="#sDomRel2680" value="PRP"/>
		<feat xlink:href="#sDomRel2686" value="PRP"/>
		<feat xlink:href="#sDomRel2691" value="SBJ"/>
		<feat xlink:href="#sDomRel2705" value="SBJ"/>
		<feat xlink:href="#sDomRel2719" value="SBJ"/>
		<feat xlink:href="#sDomRel2736" value="SBJ"/>
		<feat xlink:href="#sDomRel2745" value="TMP"/>
		<feat xlink:href="#sDomRel2751" value="SBJ"/>
		<feat xlink:href="#sDomRel2761" value="SBJ"/>
		<feat xlink:href="#sDomRel2793" value="TMP"/>
		<feat xlink:href="#sDomRel2796" value="SBJ"/>
		<feat xlink:href="#sDomRel2815" value="ADV"/>
		<feat xlink:href="#sDomRel2826" value="SBJ"/>
		<feat xlink:href="#sDomRel2836" value="SBJ"/>
		<feat xlink:href="#sDomRel2863" value="TMP"/>
		<feat xlink:href="#sDomRel2872" value="SBJ"/>
		<feat xlink:href="#sDomRel2892" value="SBJ"/>
		<feat xlink:href="#sDomRel2933" value="SBJ"/>
		<feat xlink:href="#sDomRel2955" value="TMP"/>
		<feat xlink:href="#sDomRel2958" value="SBJ"/>
		<feat xlink:href="#sDomRel2982" value="SBJ"/>
		<feat xlink:href="#sDomRel2994" value="SBJ"/>
		<feat xlink:href="#sDomRel3000" value="TMP"/>
		<feat xlink:href="#sDomRel3003" value="SBJ"/>
		<feat xlink:href="#sDomRel3015" value="TMP"/>
		<feat xlink:href="#sDomRel3017" value="PRD"/>
		<feat xlink:href="#sDomRel3018" value="SBJ"/>
		<feat xlink:href="#sDomRel3035" value="TMP"/>
		<feat xlink:href="#sDomRel3036" value="SBJ"/>
		<feat xlink:href="#sDomRel3039" value="PRD"/>
		<feat xlink:href="#sDomRel3077" value="PRD"/>
		<feat xlink:href="#sDomRel3078" value="MNR"/>
		<feat xlink:href="#sDomRel3082" value="SBJ"/>
		<feat xlink:href="#sDomRel3091" value="SBJ"/>
		<feat xlink:href="#sDomRel3105" value="SBJ"/>
		<feat xlink:href="#sDomRel3123" value="EXT"/>
		<feat xlink:href="#sDomRel3129" value="TMP"/>
		<feat xlink:href="#sDomRel3133" value="SBJ"/>
		<feat xlink:href="#sDomRel3152" value="PRP"/>
		<feat xlink:href="#sDomRel3154" value="SBJ"/>
		<feat xlink:href="#sDomRel3173" value="LOC"/>
		<feat xlink:href="#sDomRel3192" value="LOC"/>
		<feat xlink:href="#sDomRel3199" value="ADV"/>
		<feat xlink:href="#sDomRel3204" value="LOC"/>
		<feat xlink:href="#sDomRel3218" value="SBJ"/>
		<feat xlink:href="#sDomRel3240" value="SBJ"/>
		<feat xlink:href="#sDomRel3249" value="PRD"/>
		<feat xlink:href="#sDomRel3258" value="SBJ"/>
		<feat xlink:href="#sDomRel3263" value="SBJ"/>
		<feat xlink:href="#sDomRel3281" value="DIR"/>
		<feat xlink:href="#sDomRel3282" value="SBJ"/>
		<feat xlink:href="#sDomRel3304" value="DIR"/>
		<feat xlink:href="#sDomRel3309" value="TMP"/>
		<feat xlink:href="#sDomRel3310" value="SBJ"/>
		<feat xlink:href="#sDomRel3329" value="SBJ"/>
		<feat xlink:href="#sDomRel3351" value="PRP"/>
		<feat xlink:href="#sDomRel3369" value="SBJ"/>
		<feat xlink:href="#sDomRel3377" value="PRD"/>
		<feat xlink:href="#sDomRel3380" value="SBJ"/>
		<feat xlink:href="#sDomRel3389" value="SBJ"/>
		<feat xlink:href="#sDomRel3396" value="SBJ"/>
		<feat xlink:href="#sDomRel3418" value="PRP"/>
		<feat xlink:href="#sDomRel3426" value="SBJ"/>
		<feat xlink:href="#sDomRel3454" value="SBJ"/>
		<feat xlink:href="#sDomRel3466" value="SBJ"/>
		<feat xlink:href="#sDomRel3476" value="SBJ"/>
		<feat xlink:href="#sDomRel3515" value="SBJ"/>
		<feat xlink:href="#sDomRel3520" value="ADV"/>
		<feat xlink:href="#sDomRel3541" value="TMP"/>
		<feat xlink:href="#sDomRel3552" value="PRP"/>
		<feat xlink:href="#sDomRel3555" value="NOM"/>
		<feat xlink:href="#sDomRel3567" value="SBJ"/>
		<feat xlink:href="#sDomRel3575" value="TMP"/>
		<feat xlink:href="#sDomRel3586" value="SBJ"/>
		<feat xlink:href="#sDomRel3594" value="SBJ"/>
		<feat xlink:href="#sDomRel3617" value="TMP"/>
		<feat xlink:href="#sDomRel3627" value="PRD"/>
		<feat xlink:href="#sDomRel3635" value="ADV"/>
		<feat xlink:href="#sDomRel3646" value="PRD"/>
		<feat xlink:href="#sDomRel3650" value="SBJ"/>
		<feat xlink:href="#sDomRel3661" value="ADV"/>
		<feat xlink:href="#sDomRel3665" value="SBJ"/>
		<feat xlink:href="#sDomRel3685" value="LOC"/>
		<feat xlink:href="#sDomRel3687" value="LOC"/>
		<feat xlink:href="#sDomRel3698" value="SBJ"/>
		<feat xlink:href="#sDomRel3719" value="SBJ"/>
		<feat xlink:href="#sDomRel3726" value="ADV"/>
		<feat xlink:href="#sDomRel3742" value="SBJ"/>
		<feat xlink:href="#sDomRel3764" value="PRD"/>
		<feat xlink:href="#sDomRel3765" value="SBJ"/>
		<feat xlink:href="#sDomRel3780" value="SBJ"/>
		<feat xlink:href="#sDomRel3788" value="SBJ"/>
		<feat xlink:href="#sDomRel3824" value="TMP"/>
		<feat xlink:href="#sDomRel3837" value="PRP"/>
		<feat xlink:href="#sDomRel3850" value="LOC"/>
		<feat xlink:href="#sDomRel3857" value="SBJ"/>
		<feat xlink:href="#sDomRel3876" value="PRD"/>
		<feat xlink:href="#sDomRel3877" value="ADV"/>
		<feat xlink:href="#sDomRel3878" value="SBJ"/></featList></paula>