<?xml version='1.0' encoding='UTF-8'?><!DOCTYPE paula SYSTEM "paula_rel.dtd">
<paula version="1.1">
	<header paula_id="edep.GENTLE_esports_fortnite.edep"/>
	<relList xmlns:xlink="http://www.w3.org/1999/xlink" type="edep">
		<rel id="sPointingRel5" xlink:href="GENTLE_esports_fortnite.tok.xml#sTok8" target="GENTLE_esports_fortnite.tok.xml#sTok4"/>
		<rel id="sPointingRel27" xlink:href="GENTLE_esports_fortnite.tok.xml#sTok24" target="GENTLE_esports_fortnite.tok.xml#sTok27"/>
		<rel id="sPointingRel38" xlink:href="GENTLE_esports_fortnite.tok.xml#sTok34" target="GENTLE_esports_fortnite.tok.xml#sTok37"/>
		<rel id="sPointingRel41" xlink:href="GENTLE_esports_fortnite.tok.xml#sTok37" target="GENTLE_esports_fortnite.tok.xml#sTok39"/>
		<rel id="sPointingRel54" xlink:href="GENTLE_esports_fortnite.tok.xml#sTok48" target="GENTLE_esports_fortnite.tok.xml#sTok52"/>
		<rel id="sPointingRel58" xlink:href="GENTLE_esports_fortnite.tok.xml#sTok53" target="GENTLE_esports_fortnite.tok.xml#sTok55"/>
		<rel id="sPointingRel65" xlink:href="GENTLE_esports_fortnite.tok.xml#sTok58" target="GENTLE_esports_fortnite.tok.xml#sTok61"/>
		<rel id="sPointingRel69" xlink:href="GENTLE_esports_fortnite.tok.xml#sTok63" target="GENTLE_esports_fortnite.tok.xml#sTok65"/>
		<rel id="sPointingRel73" xlink:href="GENTLE_esports_fortnite.tok.xml#sTok63" target="GENTLE_esports_fortnite.tok.xml#sTok68"/>
		<rel id="sPointingRel84" xlink:href="GENTLE_esports_fortnite.tok.xml#sTok71" target="GENTLE_esports_fortnite.tok.xml#sTok78"/>
		<rel id="sPointingRel89" xlink:href="GENTLE_esports_fortnite.tok.xml#sTok74" target="GENTLE_esports_fortnite.tok.xml#sTok82"/>
		<rel id="sPointingRel90" xlink:href="GENTLE_esports_fortnite.tok.xml#sTok80" target="GENTLE_esports_fortnite.tok.xml#sTok82"/>
		<rel id="sPointingRel93" xlink:href="GENTLE_esports_fortnite.tok.xml#sTok74" target="GENTLE_esports_fortnite.tok.xml#sTok84"/>
		<rel id="sPointingRel94" xlink:href="GENTLE_esports_fortnite.tok.xml#sTok80" target="GENTLE_esports_fortnite.tok.xml#sTok84"/>
		<rel id="sPointingRel97" xlink:href="GENTLE_esports_fortnite.tok.xml#sTok74" target="GENTLE_esports_fortnite.tok.xml#sTok86"/>
		<rel id="sPointingRel98" xlink:href="GENTLE_esports_fortnite.tok.xml#sTok80" target="GENTLE_esports_fortnite.tok.xml#sTok86"/>
		<rel id="sPointingRel101" xlink:href="GENTLE_esports_fortnite.tok.xml#sTok74" target="GENTLE_esports_fortnite.tok.xml#sTok88"/>
		<rel id="sPointingRel102" xlink:href="GENTLE_esports_fortnite.tok.xml#sTok80" target="GENTLE_esports_fortnite.tok.xml#sTok88"/>
		<rel id="sPointingRel105" xlink:href="GENTLE_esports_fortnite.tok.xml#sTok74" target="GENTLE_esports_fortnite.tok.xml#sTok90"/>
		<rel id="sPointingRel106" xlink:href="GENTLE_esports_fortnite.tok.xml#sTok80" target="GENTLE_esports_fortnite.tok.xml#sTok90"/>
		<rel id="sPointingRel109" xlink:href="GENTLE_esports_fortnite.tok.xml#sTok74" target="GENTLE_esports_fortnite.tok.xml#sTok92"/>
		<rel id="sPointingRel110" xlink:href="GENTLE_esports_fortnite.tok.xml#sTok80" target="GENTLE_esports_fortnite.tok.xml#sTok92"/>
		<rel id="sPointingRel114" xlink:href="GENTLE_esports_fortnite.tok.xml#sTok74" target="GENTLE_esports_fortnite.tok.xml#sTok95"/>
		<rel id="sPointingRel115" xlink:href="GENTLE_esports_fortnite.tok.xml#sTok80" target="GENTLE_esports_fortnite.tok.xml#sTok95"/>
		<rel id="sPointingRel122" xlink:href="GENTLE_esports_fortnite.tok.xml#sTok98" target="GENTLE_esports_fortnite.tok.xml#sTok102"/>
		<rel id="sPointingRel125" xlink:href="GENTLE_esports_fortnite.tok.xml#sTok98" target="GENTLE_esports_fortnite.tok.xml#sTok104"/>
		<rel id="sPointingRel133" xlink:href="GENTLE_esports_fortnite.tok.xml#sTok108" target="GENTLE_esports_fortnite.tok.xml#sTok111"/>
		<rel id="sPointingRel137" xlink:href="GENTLE_esports_fortnite.tok.xml#sTok112" target="GENTLE_esports_fortnite.tok.xml#sTok114"/>
		<rel id="sPointingRel142" xlink:href="GENTLE_esports_fortnite.tok.xml#sTok114" target="GENTLE_esports_fortnite.tok.xml#sTok118"/>
		<rel id="sPointingRel149" xlink:href="GENTLE_esports_fortnite.tok.xml#sTok123" target="GENTLE_esports_fortnite.tok.xml#sTok125"/>
		<rel id="sPointingRel152" xlink:href="GENTLE_esports_fortnite.tok.xml#sTok123" target="GENTLE_esports_fortnite.tok.xml#sTok127"/>
		<rel id="sPointingRel157" xlink:href="GENTLE_esports_fortnite.tok.xml#sTok129" target="GENTLE_esports_fortnite.tok.xml#sTok131"/>
		<rel id="sPointingRel158" xlink:href="GENTLE_esports_fortnite.tok.xml#sTok132" target="GENTLE_esports_fortnite.tok.xml#sTok131"/>
		<rel id="sPointingRel164" xlink:href="GENTLE_esports_fortnite.tok.xml#sTok132" target="GENTLE_esports_fortnite.tok.xml#sTok136"/>
		<rel id="sPointingRel172" xlink:href="GENTLE_esports_fortnite.tok.xml#sTok132" target="GENTLE_esports_fortnite.tok.xml#sTok143"/>
		<rel id="sPointingRel176" xlink:href="GENTLE_esports_fortnite.tok.xml#sTok143" target="GENTLE_esports_fortnite.tok.xml#sTok146"/>
		<rel id="sPointingRel188" xlink:href="GENTLE_esports_fortnite.tok.xml#sTok154" target="GENTLE_esports_fortnite.tok.xml#sTok158"/>
		<rel id="sPointingRel207" xlink:href="GENTLE_esports_fortnite.tok.xml#sTok171" target="GENTLE_esports_fortnite.tok.xml#sTok178"/>
		<rel id="sPointingRel214" xlink:href="GENTLE_esports_fortnite.tok.xml#sTok178" target="GENTLE_esports_fortnite.tok.xml#sTok184"/>
		<rel id="sPointingRel224" xlink:href="GENTLE_esports_fortnite.tok.xml#sTok197" target="GENTLE_esports_fortnite.tok.xml#sTok193"/>
		<rel id="sPointingRel226" xlink:href="GENTLE_esports_fortnite.tok.xml#sTok201" target="GENTLE_esports_fortnite.tok.xml#sTok194"/>
		<rel id="sPointingRel227" xlink:href="GENTLE_esports_fortnite.tok.xml#sTok203" target="GENTLE_esports_fortnite.tok.xml#sTok194"/>
		<rel id="sPointingRel228" xlink:href="GENTLE_esports_fortnite.tok.xml#sTok205" target="GENTLE_esports_fortnite.tok.xml#sTok194"/>
		<rel id="sPointingRel247" xlink:href="GENTLE_esports_fortnite.tok.xml#sTok205" target="GENTLE_esports_fortnite.tok.xml#sTok213"/>
		<rel id="sPointingRel260" xlink:href="GENTLE_esports_fortnite.tok.xml#sTok218" target="GENTLE_esports_fortnite.tok.xml#sTok226"/>
		<rel id="sPointingRel267" xlink:href="GENTLE_esports_fortnite.tok.xml#sTok229" target="GENTLE_esports_fortnite.tok.xml#sTok232"/>
		<rel id="sPointingRel276" xlink:href="GENTLE_esports_fortnite.tok.xml#sTok242" target="GENTLE_esports_fortnite.tok.xml#sTok240"/>
		<rel id="sPointingRel283" xlink:href="GENTLE_esports_fortnite.tok.xml#sTok242" target="GENTLE_esports_fortnite.tok.xml#sTok247"/>
		<rel id="sPointingRel286" xlink:href="GENTLE_esports_fortnite.tok.xml#sTok253" target="GENTLE_esports_fortnite.tok.xml#sTok249"/>
		<rel id="sPointingRel287" xlink:href="GENTLE_esports_fortnite.tok.xml#sTok257" target="GENTLE_esports_fortnite.tok.xml#sTok249"/>
		<rel id="sPointingRel296" xlink:href="GENTLE_esports_fortnite.tok.xml#sTok251" target="GENTLE_esports_fortnite.tok.xml#sTok257"/>
		<rel id="sPointingRel297" xlink:href="GENTLE_esports_fortnite.tok.xml#sTok253" target="GENTLE_esports_fortnite.tok.xml#sTok257"/>
		<rel id="sPointingRel308" xlink:href="GENTLE_esports_fortnite.tok.xml#sTok263" target="GENTLE_esports_fortnite.tok.xml#sTok267"/>
		<rel id="sPointingRel324" xlink:href="GENTLE_esports_fortnite.tok.xml#sTok285" target="GENTLE_esports_fortnite.tok.xml#sTok282"/>
		<rel id="sPointingRel325" xlink:href="GENTLE_esports_fortnite.tok.xml#sTok288" target="GENTLE_esports_fortnite.tok.xml#sTok282"/>
		<rel id="sPointingRel330" xlink:href="GENTLE_esports_fortnite.tok.xml#sTok288" target="GENTLE_esports_fortnite.tok.xml#sTok286"/>
		<rel id="sPointingRel338" xlink:href="GENTLE_esports_fortnite.tok.xml#sTok297" target="GENTLE_esports_fortnite.tok.xml#sTok293"/>
		<rel id="sPointingRel341" xlink:href="GENTLE_esports_fortnite.tok.xml#sTok283" target="GENTLE_esports_fortnite.tok.xml#sTok295"/>
		<rel id="sPointingRel349" xlink:href="GENTLE_esports_fortnite.tok.xml#sTok306" target="GENTLE_esports_fortnite.tok.xml#sTok304"/>
		<rel id="sPointingRel359" xlink:href="GENTLE_esports_fortnite.tok.xml#sTok302" target="GENTLE_esports_fortnite.tok.xml#sTok313"/>
		<rel id="sPointingRel383" xlink:href="GENTLE_esports_fortnite.tok.xml#sTok336" target="GENTLE_esports_fortnite.tok.xml#sTok338"/>
		<rel id="sPointingRel393" xlink:href="GENTLE_esports_fortnite.tok.xml#sTok338" target="GENTLE_esports_fortnite.tok.xml#sTok347"/>
		<rel id="sPointingRel394" xlink:href="GENTLE_esports_fortnite.tok.xml#sTok345" target="GENTLE_esports_fortnite.tok.xml#sTok347"/>
		<rel id="sPointingRel399" xlink:href="GENTLE_esports_fortnite.tok.xml#sTok338" target="GENTLE_esports_fortnite.tok.xml#sTok351"/>
		<rel id="sPointingRel400" xlink:href="GENTLE_esports_fortnite.tok.xml#sTok345" target="GENTLE_esports_fortnite.tok.xml#sTok351"/>
		<rel id="sPointingRel409" xlink:href="GENTLE_esports_fortnite.tok.xml#sTok355" target="GENTLE_esports_fortnite.tok.xml#sTok359"/>
		<rel id="sPointingRel412" xlink:href="GENTLE_esports_fortnite.tok.xml#sTok359" target="GENTLE_esports_fortnite.tok.xml#sTok361"/>
		<rel id="sPointingRel417" xlink:href="GENTLE_esports_fortnite.tok.xml#sTok361" target="GENTLE_esports_fortnite.tok.xml#sTok365"/>
		<rel id="sPointingRel419" xlink:href="GENTLE_esports_fortnite.tok.xml#sTok374" target="GENTLE_esports_fortnite.tok.xml#sTok367"/>
		<rel id="sPointingRel422" xlink:href="GENTLE_esports_fortnite.tok.xml#sTok367" target="GENTLE_esports_fortnite.tok.xml#sTok369"/>
		<rel id="sPointingRel436" xlink:href="GENTLE_esports_fortnite.tok.xml#sTok378" target="GENTLE_esports_fortnite.tok.xml#sTok382"/>
		<rel id="sPointingRel445" xlink:href="GENTLE_esports_fortnite.tok.xml#sTok396" target="GENTLE_esports_fortnite.tok.xml#sTok390"/>
		<rel id="sPointingRel459" xlink:href="GENTLE_esports_fortnite.tok.xml#sTok400" target="GENTLE_esports_fortnite.tok.xml#sTok404"/>
		<rel id="sPointingRel463" xlink:href="GENTLE_esports_fortnite.tok.xml#sTok404" target="GENTLE_esports_fortnite.tok.xml#sTok407"/>
		<rel id="sPointingRel467" xlink:href="GENTLE_esports_fortnite.tok.xml#sTok413" target="GENTLE_esports_fortnite.tok.xml#sTok410"/>
		<rel id="sPointingRel474" xlink:href="GENTLE_esports_fortnite.tok.xml#sTok411" target="GENTLE_esports_fortnite.tok.xml#sTok417"/>
		<rel id="sPointingRel487" xlink:href="GENTLE_esports_fortnite.tok.xml#sTok426" target="GENTLE_esports_fortnite.tok.xml#sTok429"/>
		<rel id="sPointingRel502" xlink:href="GENTLE_esports_fortnite.tok.xml#sTok442" target="GENTLE_esports_fortnite.tok.xml#sTok444"/>
		<rel id="sPointingRel507" xlink:href="GENTLE_esports_fortnite.tok.xml#sTok447" target="GENTLE_esports_fortnite.tok.xml#sTok449"/>
		<rel id="sPointingRel508" xlink:href="GENTLE_esports_fortnite.tok.xml#sTok450" target="GENTLE_esports_fortnite.tok.xml#sTok449"/>
		<rel id="sPointingRel513" xlink:href="GENTLE_esports_fortnite.tok.xml#sTok450" target="GENTLE_esports_fortnite.tok.xml#sTok453"/>
		<rel id="sPointingRel519" xlink:href="GENTLE_esports_fortnite.tok.xml#sTok455" target="GENTLE_esports_fortnite.tok.xml#sTok458"/>
		<rel id="sPointingRel522" xlink:href="GENTLE_esports_fortnite.tok.xml#sTok458" target="GENTLE_esports_fortnite.tok.xml#sTok460"/>
		<rel id="sPointingRel533" xlink:href="GENTLE_esports_fortnite.tok.xml#sTok467" target="GENTLE_esports_fortnite.tok.xml#sTok471"/>
		<rel id="sPointingRel536" xlink:href="GENTLE_esports_fortnite.tok.xml#sTok471" target="GENTLE_esports_fortnite.tok.xml#sTok473"/>
		<rel id="sPointingRel546" xlink:href="GENTLE_esports_fortnite.tok.xml#sTok480" target="GENTLE_esports_fortnite.tok.xml#sTok482"/>
		<rel id="sPointingRel563" xlink:href="GENTLE_esports_fortnite.tok.xml#sTok498" target="GENTLE_esports_fortnite.tok.xml#sTok500"/>
		<rel id="sPointingRel586" xlink:href="GENTLE_esports_fortnite.tok.xml#sTok518" target="GENTLE_esports_fortnite.tok.xml#sTok523"/>
		<rel id="sPointingRel592" xlink:href="GENTLE_esports_fortnite.tok.xml#sTok525" target="GENTLE_esports_fortnite.tok.xml#sTok528"/>
		<rel id="sPointingRel597" xlink:href="GENTLE_esports_fortnite.tok.xml#sTok528" target="GENTLE_esports_fortnite.tok.xml#sTok532"/>
		<rel id="sPointingRel604" xlink:href="GENTLE_esports_fortnite.tok.xml#sTok525" target="GENTLE_esports_fortnite.tok.xml#sTok538"/>
		<rel id="sPointingRel612" xlink:href="GENTLE_esports_fortnite.tok.xml#sTok525" target="GENTLE_esports_fortnite.tok.xml#sTok545"/>
		<rel id="sPointingRel613" xlink:href="GENTLE_esports_fortnite.tok.xml#sTok538" target="GENTLE_esports_fortnite.tok.xml#sTok545"/>
		<rel id="sPointingRel617" xlink:href="GENTLE_esports_fortnite.tok.xml#sTok545" target="GENTLE_esports_fortnite.tok.xml#sTok548"/>
		<rel id="sPointingRel620" xlink:href="GENTLE_esports_fortnite.tok.xml#sTok554" target="GENTLE_esports_fortnite.tok.xml#sTok550"/>
		<rel id="sPointingRel633" xlink:href="GENTLE_esports_fortnite.tok.xml#sTok560" target="GENTLE_esports_fortnite.tok.xml#sTok562"/>
		<rel id="sPointingRel636" xlink:href="GENTLE_esports_fortnite.tok.xml#sTok568" target="GENTLE_esports_fortnite.tok.xml#sTok564"/>
		<rel id="sPointingRel637" xlink:href="GENTLE_esports_fortnite.tok.xml#sTok570" target="GENTLE_esports_fortnite.tok.xml#sTok564"/>
		<rel id="sPointingRel644" xlink:href="GENTLE_esports_fortnite.tok.xml#sTok565" target="GENTLE_esports_fortnite.tok.xml#sTok570"/>
		<rel id="sPointingRel645" xlink:href="GENTLE_esports_fortnite.tok.xml#sTok568" target="GENTLE_esports_fortnite.tok.xml#sTok570"/>
		<rel id="sPointingRel659" xlink:href="GENTLE_esports_fortnite.tok.xml#sTok586" target="GENTLE_esports_fortnite.tok.xml#sTok585"/>
		<rel id="sPointingRel664" xlink:href="GENTLE_esports_fortnite.tok.xml#sTok584" target="GENTLE_esports_fortnite.tok.xml#sTok589"/>
		<rel id="sPointingRel675" xlink:href="GENTLE_esports_fortnite.tok.xml#sTok597" target="GENTLE_esports_fortnite.tok.xml#sTok600"/>
		<rel id="sPointingRel680" xlink:href="GENTLE_esports_fortnite.tok.xml#sTok600" target="GENTLE_esports_fortnite.tok.xml#sTok604"/>
		<rel id="sPointingRel687" xlink:href="GENTLE_esports_fortnite.tok.xml#sTok608" target="GENTLE_esports_fortnite.tok.xml#sTok611"/>
		<rel id="sPointingRel691" xlink:href="GENTLE_esports_fortnite.tok.xml#sTok611" target="GENTLE_esports_fortnite.tok.xml#sTok614"/>
		<rel id="sPointingRel705" xlink:href="GENTLE_esports_fortnite.tok.xml#sTok632" target="GENTLE_esports_fortnite.tok.xml#sTok629"/>
		<rel id="sPointingRel711" xlink:href="GENTLE_esports_fortnite.tok.xml#sTok630" target="GENTLE_esports_fortnite.tok.xml#sTok635"/>
		<rel id="sPointingRel717" xlink:href="GENTLE_esports_fortnite.tok.xml#sTok637" target="GENTLE_esports_fortnite.tok.xml#sTok640"/>
		<rel id="sPointingRel739" xlink:href="GENTLE_esports_fortnite.tok.xml#sTok658" target="GENTLE_esports_fortnite.tok.xml#sTok663"/>
		<rel id="sPointingRel742" xlink:href="GENTLE_esports_fortnite.tok.xml#sTok669" target="GENTLE_esports_fortnite.tok.xml#sTok665"/>
		<rel id="sPointingRel754" xlink:href="GENTLE_esports_fortnite.tok.xml#sTok680" target="GENTLE_esports_fortnite.tok.xml#sTok677"/>
		<rel id="sPointingRel756" xlink:href="GENTLE_esports_fortnite.tok.xml#sTok674" target="GENTLE_esports_fortnite.tok.xml#sTok678"/>
		<rel id="sPointingRel763" xlink:href="GENTLE_esports_fortnite.tok.xml#sTok704" target="GENTLE_esports_fortnite.tok.xml#sTok684"/>
		<rel id="sPointingRel766" xlink:href="GENTLE_esports_fortnite.tok.xml#sTok702" target="GENTLE_esports_fortnite.tok.xml#sTok686"/>
		<rel id="sPointingRel767" xlink:href="GENTLE_esports_fortnite.tok.xml#sTok704" target="GENTLE_esports_fortnite.tok.xml#sTok686"/>
		<rel id="sPointingRel771" xlink:href="GENTLE_esports_fortnite.tok.xml#sTok692" target="GENTLE_esports_fortnite.tok.xml#sTok689"/>
		<rel id="sPointingRel773" xlink:href="GENTLE_esports_fortnite.tok.xml#sTok689" target="GENTLE_esports_fortnite.tok.xml#sTok690"/>
		<rel id="sPointingRel784" xlink:href="GENTLE_esports_fortnite.tok.xml#sTok698" target="GENTLE_esports_fortnite.tok.xml#sTok700"/>
		<rel id="sPointingRel791" xlink:href="GENTLE_esports_fortnite.tok.xml#sTok704" target="GENTLE_esports_fortnite.tok.xml#sTok707"/>
		<rel id="sPointingRel799" xlink:href="GENTLE_esports_fortnite.tok.xml#sTok712" target="GENTLE_esports_fortnite.tok.xml#sTok715"/>
		<rel id="sPointingRel814" xlink:href="GENTLE_esports_fortnite.tok.xml#sTok728" target="GENTLE_esports_fortnite.tok.xml#sTok730"/>
		<rel id="sPointingRel822" xlink:href="GENTLE_esports_fortnite.tok.xml#sTok734" target="GENTLE_esports_fortnite.tok.xml#sTok738"/>
		<rel id="sPointingRel844" xlink:href="GENTLE_esports_fortnite.tok.xml#sTok756" target="GENTLE_esports_fortnite.tok.xml#sTok760"/>
		<rel id="sPointingRel848" xlink:href="GENTLE_esports_fortnite.tok.xml#sTok760" target="GENTLE_esports_fortnite.tok.xml#sTok763"/>
		<rel id="sPointingRel851" xlink:href="GENTLE_esports_fortnite.tok.xml#sTok770" target="GENTLE_esports_fortnite.tok.xml#sTok765"/>
		<rel id="sPointingRel853" xlink:href="GENTLE_esports_fortnite.tok.xml#sTok770" target="GENTLE_esports_fortnite.tok.xml#sTok766"/>
		<rel id="sPointingRel856" xlink:href="GENTLE_esports_fortnite.tok.xml#sTok756" target="GENTLE_esports_fortnite.tok.xml#sTok768"/>
		<rel id="sPointingRel859" xlink:href="GENTLE_esports_fortnite.tok.xml#sTok756" target="GENTLE_esports_fortnite.tok.xml#sTok770"/>
		<rel id="sPointingRel860" xlink:href="GENTLE_esports_fortnite.tok.xml#sTok768" target="GENTLE_esports_fortnite.tok.xml#sTok770"/>
		<rel id="sPointingRel875" xlink:href="GENTLE_esports_fortnite.tok.xml#sTok787" target="GENTLE_esports_fortnite.tok.xml#sTok786"/>
		<rel id="sPointingRel880" xlink:href="GENTLE_esports_fortnite.tok.xml#sTok787" target="GENTLE_esports_fortnite.tok.xml#sTok790"/>
		<rel id="sPointingRel890" xlink:href="GENTLE_esports_fortnite.tok.xml#sTok798" target="GENTLE_esports_fortnite.tok.xml#sTok800"/>
		<rel id="sPointingRel903" xlink:href="GENTLE_esports_fortnite.tok.xml#sTok807" target="GENTLE_esports_fortnite.tok.xml#sTok812"/>
		<rel id="sPointingRel907" xlink:href="GENTLE_esports_fortnite.tok.xml#sTok812" target="GENTLE_esports_fortnite.tok.xml#sTok815"/>
		<rel id="sPointingRel916" xlink:href="GENTLE_esports_fortnite.tok.xml#sTok820" target="GENTLE_esports_fortnite.tok.xml#sTok824"/>
		<rel id="sPointingRel924" xlink:href="GENTLE_esports_fortnite.tok.xml#sTok828" target="GENTLE_esports_fortnite.tok.xml#sTok832"/>
		<rel id="sPointingRel930" xlink:href="GENTLE_esports_fortnite.tok.xml#sTok834" target="GENTLE_esports_fortnite.tok.xml#sTok837"/>
		<rel id="sPointingRel931" xlink:href="GENTLE_esports_fortnite.tok.xml#sTok845" target="GENTLE_esports_fortnite.tok.xml#sTok837"/>
		<rel id="sPointingRel933" xlink:href="GENTLE_esports_fortnite.tok.xml#sTok837" target="GENTLE_esports_fortnite.tok.xml#sTok838"/>
		<rel id="sPointingRel946" xlink:href="GENTLE_esports_fortnite.tok.xml#sTok868" target="GENTLE_esports_fortnite.tok.xml#sTok850"/>
		<rel id="sPointingRel947" xlink:href="GENTLE_esports_fortnite.tok.xml#sTok873" target="GENTLE_esports_fortnite.tok.xml#sTok850"/>
		<rel id="sPointingRel951" xlink:href="GENTLE_esports_fortnite.tok.xml#sTok851" target="GENTLE_esports_fortnite.tok.xml#sTok853"/>
		<rel id="sPointingRel954" xlink:href="GENTLE_esports_fortnite.tok.xml#sTok850" target="GENTLE_esports_fortnite.tok.xml#sTok855"/>
		<rel id="sPointingRel955" xlink:href="GENTLE_esports_fortnite.tok.xml#sTok851" target="GENTLE_esports_fortnite.tok.xml#sTok855"/>
		<rel id="sPointingRel960" xlink:href="GENTLE_esports_fortnite.tok.xml#sTok855" target="GENTLE_esports_fortnite.tok.xml#sTok859"/>
		<rel id="sPointingRel963" xlink:href="GENTLE_esports_fortnite.tok.xml#sTok859" target="GENTLE_esports_fortnite.tok.xml#sTok861"/>
		<rel id="sPointingRel967" xlink:href="GENTLE_esports_fortnite.tok.xml#sTok859" target="GENTLE_esports_fortnite.tok.xml#sTok864"/>
		<rel id="sPointingRel974" xlink:href="GENTLE_esports_fortnite.tok.xml#sTok868" target="GENTLE_esports_fortnite.tok.xml#sTok871"/>
		<rel id="sPointingRel977" xlink:href="GENTLE_esports_fortnite.tok.xml#sTok866" target="GENTLE_esports_fortnite.tok.xml#sTok873"/>
		<rel id="sPointingRel978" xlink:href="GENTLE_esports_fortnite.tok.xml#sTok868" target="GENTLE_esports_fortnite.tok.xml#sTok873"/>
		<rel id="sPointingRel981" xlink:href="GENTLE_esports_fortnite.tok.xml#sTok868" target="GENTLE_esports_fortnite.tok.xml#sTok875"/>
		<rel id="sPointingRel982" xlink:href="GENTLE_esports_fortnite.tok.xml#sTok873" target="GENTLE_esports_fortnite.tok.xml#sTok875"/>
		<rel id="sPointingRel987" xlink:href="GENTLE_esports_fortnite.tok.xml#sTok875" target="GENTLE_esports_fortnite.tok.xml#sTok879"/>
		<rel id="sPointingRel996" xlink:href="GENTLE_esports_fortnite.tok.xml#sTok884" target="GENTLE_esports_fortnite.tok.xml#sTok888"/>
		<rel id="sPointingRel1002" xlink:href="GENTLE_esports_fortnite.tok.xml#sTok883" target="GENTLE_esports_fortnite.tok.xml#sTok893"/>
		<rel id="sPointingRel1006" xlink:href="GENTLE_esports_fortnite.tok.xml#sTok883" target="GENTLE_esports_fortnite.tok.xml#sTok896"/>
		<rel id="sPointingRel1013" xlink:href="GENTLE_esports_fortnite.tok.xml#sTok898" target="GENTLE_esports_fortnite.tok.xml#sTok902"/>
		<rel id="sPointingRel1020" xlink:href="GENTLE_esports_fortnite.tok.xml#sTok916" target="GENTLE_esports_fortnite.tok.xml#sTok908"/>
		<rel id="sPointingRel1024" xlink:href="GENTLE_esports_fortnite.tok.xml#sTok908" target="GENTLE_esports_fortnite.tok.xml#sTok911"/>
		<rel id="sPointingRel1028" xlink:href="GENTLE_esports_fortnite.tok.xml#sTok911" target="GENTLE_esports_fortnite.tok.xml#sTok914"/>
		<rel id="sPointingRel1030" xlink:href="GENTLE_esports_fortnite.tok.xml#sTok918" target="GENTLE_esports_fortnite.tok.xml#sTok915"/>
		<rel id="sPointingRel1042" xlink:href="GENTLE_esports_fortnite.tok.xml#sTok923" target="GENTLE_esports_fortnite.tok.xml#sTok927"/>
		<rel id="sPointingRel1047" xlink:href="GENTLE_esports_fortnite.tok.xml#sTok932" target="GENTLE_esports_fortnite.tok.xml#sTok931"/>
		<rel id="sPointingRel1061" xlink:href="GENTLE_esports_fortnite.tok.xml#sTok942" target="GENTLE_esports_fortnite.tok.xml#sTok946"/>
		<rel id="sPointingRel1065" xlink:href="GENTLE_esports_fortnite.tok.xml#sTok946" target="GENTLE_esports_fortnite.tok.xml#sTok949"/>
		<rel id="sPointingRel1074" xlink:href="GENTLE_esports_fortnite.tok.xml#sTok955" target="GENTLE_esports_fortnite.tok.xml#sTok958"/>
		<rel id="sPointingRel1092" xlink:href="GENTLE_esports_fortnite.tok.xml#sTok981" target="GENTLE_esports_fortnite.tok.xml#sTok977"/>
		<rel id="sPointingRel1100" xlink:href="GENTLE_esports_fortnite.tok.xml#sTok979" target="GENTLE_esports_fortnite.tok.xml#sTok985"/>
		<rel id="sPointingRel1104" xlink:href="GENTLE_esports_fortnite.tok.xml#sTok985" target="GENTLE_esports_fortnite.tok.xml#sTok988"/>
		<rel id="sPointingRel1116" xlink:href="GENTLE_esports_fortnite.tok.xml#sTok996" target="GENTLE_esports_fortnite.tok.xml#sTok1000"/>
		<rel id="sPointingRel1126" xlink:href="GENTLE_esports_fortnite.tok.xml#sTok1005" target="GENTLE_esports_fortnite.tok.xml#sTok1009"/>
		<rel id="sPointingRel1151" xlink:href="GENTLE_esports_fortnite.tok.xml#sTok1032" target="GENTLE_esports_fortnite.tok.xml#sTok1035"/>
		<rel id="sPointingRel1154" xlink:href="GENTLE_esports_fortnite.tok.xml#sTok1032" target="GENTLE_esports_fortnite.tok.xml#sTok1037"/>
		<rel id="sPointingRel1161" xlink:href="GENTLE_esports_fortnite.tok.xml#sTok1037" target="GENTLE_esports_fortnite.tok.xml#sTok1043"/>
		<rel id="sPointingRel1165" xlink:href="GENTLE_esports_fortnite.tok.xml#sTok1051" target="GENTLE_esports_fortnite.tok.xml#sTok1046"/>
		<rel id="sPointingRel1175" xlink:href="GENTLE_esports_fortnite.tok.xml#sTok1051" target="GENTLE_esports_fortnite.tok.xml#sTok1056"/>
		<rel id="sPointingRel1180" xlink:href="GENTLE_esports_fortnite.tok.xml#sTok1056" target="GENTLE_esports_fortnite.tok.xml#sTok1060"/>
		<rel id="sPointingRel1206" xlink:href="GENTLE_esports_fortnite.tok.xml#sTok1089" target="GENTLE_esports_fortnite.tok.xml#sTok1086"/>
		<rel id="sPointingRel1220" xlink:href="GENTLE_esports_fortnite.tok.xml#sTok1097" target="GENTLE_esports_fortnite.tok.xml#sTok1101"/>
		<rel id="sPointingRel1233" xlink:href="GENTLE_esports_fortnite.tok.xml#sTok1111" target="GENTLE_esports_fortnite.tok.xml#sTok1113"/>
		<rel id="sPointingRel1236" xlink:href="GENTLE_esports_fortnite.tok.xml#sTok1113" target="GENTLE_esports_fortnite.tok.xml#sTok1115"/>
		<rel id="sPointingRel1239" xlink:href="GENTLE_esports_fortnite.tok.xml#sTok1121" target="GENTLE_esports_fortnite.tok.xml#sTok1117"/>
		<rel id="sPointingRel1247" xlink:href="GENTLE_esports_fortnite.tok.xml#sTok1121" target="GENTLE_esports_fortnite.tok.xml#sTok1125"/>
		<rel id="sPointingRel1252" xlink:href="GENTLE_esports_fortnite.tok.xml#sTok1126" target="GENTLE_esports_fortnite.tok.xml#sTok1129"/>
		<rel id="sPointingRel1255" xlink:href="GENTLE_esports_fortnite.tok.xml#sTok1129" target="GENTLE_esports_fortnite.tok.xml#sTok1131"/>
		<rel id="sPointingRel1260" xlink:href="GENTLE_esports_fortnite.tok.xml#sTok1138" target="GENTLE_esports_fortnite.tok.xml#sTok1135"/>
		<rel id="sPointingRel1266" xlink:href="GENTLE_esports_fortnite.tok.xml#sTok1138" target="GENTLE_esports_fortnite.tok.xml#sTok1141"/>
		<rel id="sPointingRel1269" xlink:href="GENTLE_esports_fortnite.tok.xml#sTok1141" target="GENTLE_esports_fortnite.tok.xml#sTok1143"/>
		<rel id="sPointingRel1274" xlink:href="GENTLE_esports_fortnite.tok.xml#sTok1138" target="GENTLE_esports_fortnite.tok.xml#sTok1147"/>
		<rel id="sPointingRel1294" xlink:href="GENTLE_esports_fortnite.tok.xml#sTok1166" target="GENTLE_esports_fortnite.tok.xml#sTok1169"/>
		<rel id="sPointingRel1301" xlink:href="GENTLE_esports_fortnite.tok.xml#sTok1175" target="GENTLE_esports_fortnite.tok.xml#sTok1177"/>
		<rel id="sPointingRel1304" xlink:href="GENTLE_esports_fortnite.tok.xml#sTok1183" target="GENTLE_esports_fortnite.tok.xml#sTok1180"/>
		<rel id="sPointingRel1308" xlink:href="GENTLE_esports_fortnite.tok.xml#sTok1179" target="GENTLE_esports_fortnite.tok.xml#sTok1183"/>
		<rel id="sPointingRel1316" xlink:href="GENTLE_esports_fortnite.tok.xml#sTok1186" target="GENTLE_esports_fortnite.tok.xml#sTok1191"/>
		<rel id="sPointingRel1319" xlink:href="GENTLE_esports_fortnite.tok.xml#sTok1186" target="GENTLE_esports_fortnite.tok.xml#sTok1193"/>
		<rel id="sPointingRel1320" xlink:href="GENTLE_esports_fortnite.tok.xml#sTok1191" target="GENTLE_esports_fortnite.tok.xml#sTok1193"/>
		<rel id="sPointingRel1332" xlink:href="GENTLE_esports_fortnite.tok.xml#sTok1200" target="GENTLE_esports_fortnite.tok.xml#sTok1204"/>
		<rel id="sPointingRel1337" xlink:href="GENTLE_esports_fortnite.tok.xml#sTok1200" target="GENTLE_esports_fortnite.tok.xml#sTok1208"/>
		<rel id="sPointingRel1346" xlink:href="GENTLE_esports_fortnite.tok.xml#sTok1215" target="GENTLE_esports_fortnite.tok.xml#sTok1217"/>
		<rel id="sPointingRel1349" xlink:href="GENTLE_esports_fortnite.tok.xml#sTok1210" target="GENTLE_esports_fortnite.tok.xml#sTok1219"/>
		<rel id="sPointingRel1359" xlink:href="GENTLE_esports_fortnite.tok.xml#sTok1220" target="GENTLE_esports_fortnite.tok.xml#sTok1228"/>
		<rel id="sPointingRel1360" xlink:href="GENTLE_esports_fortnite.tok.xml#sTok1222" target="GENTLE_esports_fortnite.tok.xml#sTok1228"/>
		<rel id="sPointingRel1363" xlink:href="GENTLE_esports_fortnite.tok.xml#sTok1228" target="GENTLE_esports_fortnite.tok.xml#sTok1230"/></relList></paula>