<?xml version='1.0' encoding='UTF-8'?><!DOCTYPE paula SYSTEM "paula_feat.dtd">
<paula version="1.1">
	<header paula_id="morph.GENTLE_esports_fortnite.mark_NumType"/>
	<featList xmlns:xlink="http://www.w3.org/1999/xlink" type="NumType" xml:base="morph.GENTLE_esports_fortnite.mark.xml">
		<feat xlink:href="#sSpan622" value="Card"/>
		<feat xlink:href="#sSpan639" value="Card"/>
		<feat xlink:href="#sSpan694" value="Card"/>
		<feat xlink:href="#sSpan713" value="Ord"/>
		<feat xlink:href="#sSpan717" value="Card"/>
		<feat xlink:href="#sSpan721" value="Card"/>
		<feat xlink:href="#sSpan731" value="Ord"/>
		<feat xlink:href="#sSpan735" value="Card"/>
		<feat xlink:href="#sSpan754" value="Ord"/>
		<feat xlink:href="#sSpan756" value="Card"/>
		<feat xlink:href="#sSpan770" value="Card"/>
		<feat xlink:href="#sSpan785" value="Card"/>
		<feat xlink:href="#sSpan801" value="Ord"/>
		<feat xlink:href="#sSpan856" value="Card"/>
		<feat xlink:href="#sSpan869" value="Ord"/>
		<feat xlink:href="#sSpan894" value="Ord"/>
		<feat xlink:href="#sSpan919" value="Card"/>
		<feat xlink:href="#sSpan920" value="Card"/>
		<feat xlink:href="#sSpan981" value="Card"/>
		<feat xlink:href="#sSpan984" value="Card"/>
		<feat xlink:href="#sSpan1057" value="Card"/>
		<feat xlink:href="#sSpan1098" value="Card"/>
		<feat xlink:href="#sSpan1106" value="Card"/>
		<feat xlink:href="#sSpan1111" value="Ord"/>
		<feat xlink:href="#sSpan1113" value="Card"/>
		<feat xlink:href="#sSpan1351" value="Card"/>
		<feat xlink:href="#sSpan1442" value="Card"/>
		<feat xlink:href="#sSpan1462" value="Card"/>
		<feat xlink:href="#sSpan1470" value="Ord"/>
		<feat xlink:href="#sSpan1479" value="Card"/>
		<feat xlink:href="#sSpan1546" value="Card"/>
		<feat xlink:href="#sSpan1599" value="Ord"/>
		<feat xlink:href="#sSpan1605" value="Card"/>
		<feat xlink:href="#sSpan1763" value="Card"/>
		<feat xlink:href="#sSpan1766" value="Card"/>
		<feat xlink:href="#sSpan1770" value="Ord"/>
		<feat xlink:href="#sSpan1775" value="Card"/>
		<feat xlink:href="#sSpan1776" value="Card"/>
		<feat xlink:href="#sSpan1823" value="Card"/>
		<feat xlink:href="#sSpan1862" value="Ord"/>
		<feat xlink:href="#sSpan2058" value="Card"/>
		<feat xlink:href="#sSpan2063" value="Card"/>
		<feat xlink:href="#sSpan2120" value="Mult"/>
		<feat xlink:href="#sSpan2158" value="Card"/>
		<feat xlink:href="#sSpan2161" value="Card"/>
		<feat xlink:href="#sSpan2221" value="Card"/></featList></paula>