<?xml version='1.0' encoding='UTF-8'?><!DOCTYPE paula SYSTEM "paula_feat.dtd">
<paula version="1.1">
	<header paula_id="morph.GENTLE_esports_fortnite.mark_NumForm"/>
	<featList xmlns:xlink="http://www.w3.org/1999/xlink" type="NumForm" xml:base="morph.GENTLE_esports_fortnite.mark.xml">
		<feat xlink:href="#sSpan1251" value="Word"/>
		<feat xlink:href="#sSpan1269" value="Digit"/>
		<feat xlink:href="#sSpan1323" value="Word"/>
		<feat xlink:href="#sSpan1344" value="Combi"/>
		<feat xlink:href="#sSpan1346" value="Digit"/>
		<feat xlink:href="#sSpan1350" value="Digit"/>
		<feat xlink:href="#sSpan1360" value="Word"/>
		<feat xlink:href="#sSpan1365" value="Word"/>
		<feat xlink:href="#sSpan1381" value="Word"/>
		<feat xlink:href="#sSpan1384" value="Word"/>
		<feat xlink:href="#sSpan1399" value="Word"/>
		<feat xlink:href="#sSpan1414" value="Word"/>
		<feat xlink:href="#sSpan1433" value="Word"/>
		<feat xlink:href="#sSpan1485" value="Digit"/>
		<feat xlink:href="#sSpan1498" value="Word"/>
		<feat xlink:href="#sSpan1524" value="Word"/>
		<feat xlink:href="#sSpan1548" value="Word"/>
		<feat xlink:href="#sSpan1550" value="Word"/>
		<feat xlink:href="#sSpan1610" value="Word"/>
		<feat xlink:href="#sSpan1612" value="Word"/>
		<feat xlink:href="#sSpan1682" value="Word"/>
		<feat xlink:href="#sSpan1721" value="Digit"/>
		<feat xlink:href="#sSpan1730" value="Word"/>
		<feat xlink:href="#sSpan1735" value="Word"/>
		<feat xlink:href="#sSpan1736" value="Word"/>
		<feat xlink:href="#sSpan1971" value="Digit"/>
		<feat xlink:href="#sSpan2059" value="Digit"/>
		<feat xlink:href="#sSpan2079" value="Digit"/>
		<feat xlink:href="#sSpan2086" value="Word"/>
		<feat xlink:href="#sSpan2094" value="Digit"/>
		<feat xlink:href="#sSpan2156" value="Word"/>
		<feat xlink:href="#sSpan2206" value="Word"/>
		<feat xlink:href="#sSpan2210" value="Word"/>
		<feat xlink:href="#sSpan2368" value="Digit"/>
		<feat xlink:href="#sSpan2371" value="Digit"/>
		<feat xlink:href="#sSpan2377" value="Word"/>
		<feat xlink:href="#sSpan2380" value="Word"/>
		<feat xlink:href="#sSpan2382" value="Word"/>
		<feat xlink:href="#sSpan2424" value="Digit"/>
		<feat xlink:href="#sSpan2465" value="Combi"/>
		<feat xlink:href="#sSpan2660" value="Word"/>
		<feat xlink:href="#sSpan2663" value="Digit"/>
		<feat xlink:href="#sSpan2719" value="Word"/>
		<feat xlink:href="#sSpan2759" value="Digit"/>
		<feat xlink:href="#sSpan2761" value="Digit"/>
		<feat xlink:href="#sSpan2817" value="Word"/></featList></paula>