<?xml version='1.0' encoding='UTF-8'?><!DOCTYPE paula SYSTEM "paula_feat.dtd">
<paula version="1.1">
	<header paula_id="morph.GENTLE_esports_fortnite.mark_Definite"/>
	<featList xmlns:xlink="http://www.w3.org/1999/xlink" type="Definite" xml:base="morph.GENTLE_esports_fortnite.mark.xml">
		<feat xlink:href="#sSpan611" value="Def"/>
		<feat xlink:href="#sSpan626" value="Def"/>
		<feat xlink:href="#sSpan657" value="Ind"/>
		<feat xlink:href="#sSpan663" value="Def"/>
		<feat xlink:href="#sSpan665" value="Def"/>
		<feat xlink:href="#sSpan672" value="Def"/>
		<feat xlink:href="#sSpan675" value="Def"/>
		<feat xlink:href="#sSpan681" value="Def"/>
		<feat xlink:href="#sSpan697" value="Def"/>
		<feat xlink:href="#sSpan708" value="Def"/>
		<feat xlink:href="#sSpan749" value="Def"/>
		<feat xlink:href="#sSpan751" value="Def"/>
		<feat xlink:href="#sSpan782" value="Def"/>
		<feat xlink:href="#sSpan801" value="Def"/>
		<feat xlink:href="#sSpan816" value="Def"/>
		<feat xlink:href="#sSpan843" value="Def"/>
		<feat xlink:href="#sSpan868" value="Def"/>
		<feat xlink:href="#sSpan875" value="Def"/>
		<feat xlink:href="#sSpan911" value="Ind"/>
		<feat xlink:href="#sSpan1007" value="Def"/>
		<feat xlink:href="#sSpan1101" value="Ind"/>
		<feat xlink:href="#sSpan1107" value="Def"/>
		<feat xlink:href="#sSpan1132" value="Def"/>
		<feat xlink:href="#sSpan1173" value="Def"/>
		<feat xlink:href="#sSpan1178" value="Def"/>
		<feat xlink:href="#sSpan1182" value="Def"/>
		<feat xlink:href="#sSpan1198" value="Ind"/>
		<feat xlink:href="#sSpan1213" value="Def"/>
		<feat xlink:href="#sSpan1232" value="Def"/>
		<feat xlink:href="#sSpan1248" value="Def"/>
		<feat xlink:href="#sSpan1303" value="Ind"/>
		<feat xlink:href="#sSpan1329" value="Ind"/>
		<feat xlink:href="#sSpan1335" value="Ind"/>
		<feat xlink:href="#sSpan1365" value="Def"/>
		<feat xlink:href="#sSpan1463" value="Def"/>
		<feat xlink:href="#sSpan1481" value="Def"/>
		<feat xlink:href="#sSpan1510" value="Ind"/>
		<feat xlink:href="#sSpan1525" value="Def"/>
		<feat xlink:href="#sSpan1556" value="Ind"/>
		<feat xlink:href="#sSpan1565" value="Def"/>
		<feat xlink:href="#sSpan1567" value="Def"/>
		<feat xlink:href="#sSpan1577" value="Ind"/>
		<feat xlink:href="#sSpan1633" value="Def"/>
		<feat xlink:href="#sSpan1676" value="Def"/>
		<feat xlink:href="#sSpan1702" value="Def"/>
		<feat xlink:href="#sSpan1720" value="Def"/>
		<feat xlink:href="#sSpan1723" value="Def"/>
		<feat xlink:href="#sSpan1745" value="Def"/>
		<feat xlink:href="#sSpan1776" value="Ind"/>
		<feat xlink:href="#sSpan1792" value="Def"/>
		<feat xlink:href="#sSpan1825" value="Def"/>
		<feat xlink:href="#sSpan1846" value="Ind"/>
		<feat xlink:href="#sSpan1877" value="Ind"/>
		<feat xlink:href="#sSpan1884" value="Def"/>
		<feat xlink:href="#sSpan1896" value="Def"/>
		<feat xlink:href="#sSpan1920" value="Def"/>
		<feat xlink:href="#sSpan1924" value="Def"/>
		<feat xlink:href="#sSpan1927" value="Def"/>
		<feat xlink:href="#sSpan1966" value="Def"/>
		<feat xlink:href="#sSpan1980" value="Def"/>
		<feat xlink:href="#sSpan1982" value="Def"/>
		<feat xlink:href="#sSpan1993" value="Def"/>
		<feat xlink:href="#sSpan2014" value="Def"/>
		<feat xlink:href="#sSpan2059" value="Ind"/>
		<feat xlink:href="#sSpan2064" value="Def"/>
		<feat xlink:href="#sSpan2071" value="Def"/>
		<feat xlink:href="#sSpan2097" value="Def"/>
		<feat xlink:href="#sSpan2183" value="Ind"/>
		<feat xlink:href="#sSpan2204" value="Def"/>
		<feat xlink:href="#sSpan2209" value="Def"/>
		<feat xlink:href="#sSpan2246" value="Ind"/>
		<feat xlink:href="#sSpan2301" value="Def"/>
		<feat xlink:href="#sSpan2311" value="Def"/>
		<feat xlink:href="#sSpan2313" value="Ind"/>
		<feat xlink:href="#sSpan2318" value="Ind"/></featList></paula>