<?xml version='1.0' encoding='UTF-8'?><!DOCTYPE paula SYSTEM "paula_feat.dtd">
<paula version="1.1">
	<header paula_id="morph.GENTLE_esports_fortnite.mark_VerbForm"/>
	<featList xmlns:xlink="http://www.w3.org/1999/xlink" type="VerbForm" xml:base="morph.GENTLE_esports_fortnite.mark.xml">
		<feat xlink:href="#sSpan616" value="Fin"/>
		<feat xlink:href="#sSpan619" value="Part"/>
		<feat xlink:href="#sSpan632" value="Fin"/>
		<feat xlink:href="#sSpan651" value="Ger"/>
		<feat xlink:href="#sSpan658" value="Ger"/>
		<feat xlink:href="#sSpan668" value="Ger"/>
		<feat xlink:href="#sSpan686" value="Fin"/>
		<feat xlink:href="#sSpan724" value="Inf"/>
		<feat xlink:href="#sSpan738" value="Inf"/>
		<feat xlink:href="#sSpan746" value="Fin"/>
		<feat xlink:href="#sSpan767" value="Fin"/>
		<feat xlink:href="#sSpan775" value="Fin"/>
		<feat xlink:href="#sSpan778" value="Part"/>
		<feat xlink:href="#sSpan796" value="Fin"/>
		<feat xlink:href="#sSpan797" value="Part"/>
		<feat xlink:href="#sSpan806" value="Fin"/>
		<feat xlink:href="#sSpan812" value="Inf"/>
		<feat xlink:href="#sSpan817" value="Fin"/>
		<feat xlink:href="#sSpan823" value="Inf"/>
		<feat xlink:href="#sSpan831" value="Inf"/>
		<feat xlink:href="#sSpan851" value="Fin"/>
		<feat xlink:href="#sSpan862" value="Fin"/>
		<feat xlink:href="#sSpan884" value="Fin"/>
		<feat xlink:href="#sSpan898" value="Inf"/>
		<feat xlink:href="#sSpan899" value="Inf"/>
		<feat xlink:href="#sSpan900" value="Ger"/>
		<feat xlink:href="#sSpan902" value="Inf"/>
		<feat xlink:href="#sSpan914" value="Fin"/>
		<feat xlink:href="#sSpan916" value="Inf"/>
		<feat xlink:href="#sSpan931" value="Fin"/>
		<feat xlink:href="#sSpan933" value="Part"/>
		<feat xlink:href="#sSpan936" value="Inf"/>
		<feat xlink:href="#sSpan939" value="Inf"/>
		<feat xlink:href="#sSpan945" value="Fin"/>
		<feat xlink:href="#sSpan949" value="Fin"/>
		<feat xlink:href="#sSpan952" value="Inf"/>
		<feat xlink:href="#sSpan958" value="Inf"/>
		<feat xlink:href="#sSpan964" value="Fin"/>
		<feat xlink:href="#sSpan969" value="Inf"/>
		<feat xlink:href="#sSpan978" value="Fin"/>
		<feat xlink:href="#sSpan996" value="Part"/>
		<feat xlink:href="#sSpan997" value="Inf"/>
		<feat xlink:href="#sSpan1003" value="Inf"/>
		<feat xlink:href="#sSpan1016" value="Fin"/>
		<feat xlink:href="#sSpan1017" value="Part"/>
		<feat xlink:href="#sSpan1020" value="Inf"/>
		<feat xlink:href="#sSpan1022" value="Fin"/>
		<feat xlink:href="#sSpan1032" value="Inf"/>
		<feat xlink:href="#sSpan1042" value="Fin"/>
		<feat xlink:href="#sSpan1049" value="Fin"/>
		<feat xlink:href="#sSpan1064" value="Fin"/>
		<feat xlink:href="#sSpan1078" value="Fin"/>
		<feat xlink:href="#sSpan1090" value="Fin"/>
		<feat xlink:href="#sSpan1114" value="Inf"/>
		<feat xlink:href="#sSpan1122" value="Fin"/>
		<feat xlink:href="#sSpan1129" value="Fin"/>
		<feat xlink:href="#sSpan1137" value="Part"/>
		<feat xlink:href="#sSpan1146" value="Fin"/>
		<feat xlink:href="#sSpan1157" value="Fin"/>
		<feat xlink:href="#sSpan1165" value="Fin"/>
		<feat xlink:href="#sSpan1170" value="Inf"/>
		<feat xlink:href="#sSpan1175" value="Part"/>
		<feat xlink:href="#sSpan1195" value="Fin"/>
		<feat xlink:href="#sSpan1196" value="Inf"/>
		<feat xlink:href="#sSpan1204" value="Part"/>
		<feat xlink:href="#sSpan1207" value="Fin"/>
		<feat xlink:href="#sSpan1208" value="Inf"/>
		<feat xlink:href="#sSpan1210" value="Part"/>
		<feat xlink:href="#sSpan1220" value="Fin"/>
		<feat xlink:href="#sSpan1226" value="Fin"/>
		<feat xlink:href="#sSpan1236" value="Fin"/>
		<feat xlink:href="#sSpan1246" value="Part"/>
		<feat xlink:href="#sSpan1264" value="Fin"/>
		<feat xlink:href="#sSpan1268" value="Part"/>
		<feat xlink:href="#sSpan1273" value="Fin"/>
		<feat xlink:href="#sSpan1279" value="Inf"/>
		<feat xlink:href="#sSpan1281" value="Inf"/>
		<feat xlink:href="#sSpan1282" value="Part"/>
		<feat xlink:href="#sSpan1301" value="Fin"/>
		<feat xlink:href="#sSpan1307" value="Inf"/>
		<feat xlink:href="#sSpan1314" value="Part"/>
		<feat xlink:href="#sSpan1329" value="Fin"/>
		<feat xlink:href="#sSpan1349" value="Fin"/>
		<feat xlink:href="#sSpan1362" value="Fin"/>
		<feat xlink:href="#sSpan1377" value="Fin"/>
		<feat xlink:href="#sSpan1389" value="Fin"/>
		<feat xlink:href="#sSpan1402" value="Part"/>
		<feat xlink:href="#sSpan1403" value="Inf"/>
		<feat xlink:href="#sSpan1404" value="Inf"/>
		<feat xlink:href="#sSpan1407" value="Fin"/>
		<feat xlink:href="#sSpan1413" value="Fin"/>
		<feat xlink:href="#sSpan1421" value="Inf"/>
		<feat xlink:href="#sSpan1428" value="Part"/>
		<feat xlink:href="#sSpan1432" value="Part"/>
		<feat xlink:href="#sSpan1434" value="Fin"/>
		<feat xlink:href="#sSpan1436" value="Inf"/>
		<feat xlink:href="#sSpan1438" value="Inf"/>
		<feat xlink:href="#sSpan1441" value="Inf"/>
		<feat xlink:href="#sSpan1445" value="Fin"/>
		<feat xlink:href="#sSpan1451" value="Part"/>
		<feat xlink:href="#sSpan1454" value="Inf"/>
		<feat xlink:href="#sSpan1461" value="Fin"/>
		<feat xlink:href="#sSpan1465" value="Part"/>
		<feat xlink:href="#sSpan1474" value="Fin"/>
		<feat xlink:href="#sSpan1478" value="Inf"/>
		<feat xlink:href="#sSpan1482" value="Part"/>
		<feat xlink:href="#sSpan1490" value="Fin"/>
		<feat xlink:href="#sSpan1494" value="Part"/>
		<feat xlink:href="#sSpan1502" value="Part"/>
		<feat xlink:href="#sSpan1504" value="Inf"/>
		<feat xlink:href="#sSpan1510" value="Fin"/>
		<feat xlink:href="#sSpan1511" value="Inf"/>
		<feat xlink:href="#sSpan1522" value="Fin"/>
		<feat xlink:href="#sSpan1525" value="Part"/>
		<feat xlink:href="#sSpan1526" value="Inf"/>
		<feat xlink:href="#sSpan1533" value="Fin"/>
		<feat xlink:href="#sSpan1540" value="Part"/>
		<feat xlink:href="#sSpan1542" value="Inf"/>
		<feat xlink:href="#sSpan1552" value="Fin"/>
		<feat xlink:href="#sSpan1555" value="Part"/>
		<feat xlink:href="#sSpan1564" value="Part"/>
		<feat xlink:href="#sSpan1567" value="Inf"/>
		<feat xlink:href="#sSpan1577" value="Fin"/>
		<feat xlink:href="#sSpan1588" value="Fin"/>
		<feat xlink:href="#sSpan1609" value="Fin"/>
		<feat xlink:href="#sSpan1610" value="Inf"/>
		<feat xlink:href="#sSpan1624" value="Fin"/>
		<feat xlink:href="#sSpan1625" value="Inf"/>
		<feat xlink:href="#sSpan1636" value="Fin"/>
		<feat xlink:href="#sSpan1650" value="Fin"/>
		<feat xlink:href="#sSpan1656" value="Part"/>
		<feat xlink:href="#sSpan1657" value="Part"/>
		<feat xlink:href="#sSpan1664" value="Fin"/>
		<feat xlink:href="#sSpan1678" value="Fin"/>
		<feat xlink:href="#sSpan1686" value="Fin"/>
		<feat xlink:href="#sSpan1692" value="Ger"/>
		<feat xlink:href="#sSpan1700" value="Fin"/>
		<feat xlink:href="#sSpan1704" value="Part"/>
		<feat xlink:href="#sSpan1710" value="Part"/>
		<feat xlink:href="#sSpan1715" value="Fin"/>
		<feat xlink:href="#sSpan1733" value="Fin"/>
		<feat xlink:href="#sSpan1739" value="Inf"/>
		<feat xlink:href="#sSpan1744" value="Fin"/>
		<feat xlink:href="#sSpan1750" value="Inf"/>
		<feat xlink:href="#sSpan1754" value="Inf"/>
		<feat xlink:href="#sSpan1755" value="Inf"/>
		<feat xlink:href="#sSpan1761" value="Fin"/>
		<feat xlink:href="#sSpan1779" value="Part"/>
		<feat xlink:href="#sSpan1791" value="Fin"/>
		<feat xlink:href="#sSpan1794" value="Part"/>
		<feat xlink:href="#sSpan1796" value="Inf"/>
		<feat xlink:href="#sSpan1800" value="Inf"/>
		<feat xlink:href="#sSpan1801" value="Inf"/>
		<feat xlink:href="#sSpan1821" value="Fin"/>
		<feat xlink:href="#sSpan1841" value="Fin"/>
		<feat xlink:href="#sSpan1848" value="Fin"/>
		<feat xlink:href="#sSpan1856" value="Fin"/>
		<feat xlink:href="#sSpan1875" value="Fin"/>
		<feat xlink:href="#sSpan1880" value="Part"/>
		<feat xlink:href="#sSpan1882" value="Inf"/>
		<feat xlink:href="#sSpan1888" value="Part"/>
		<feat xlink:href="#sSpan1896" value="Fin"/>
		<feat xlink:href="#sSpan1900" value="Fin"/>
		<feat xlink:href="#sSpan1909" value="Fin"/>
		<feat xlink:href="#sSpan1915" value="Part"/>
		<feat xlink:href="#sSpan1924" value="Fin"/>
		<feat xlink:href="#sSpan1929" value="Inf"/>
		<feat xlink:href="#sSpan1941" value="Fin"/>
		<feat xlink:href="#sSpan1943" value="Part"/>
		<feat xlink:href="#sSpan1960" value="Fin"/>
		<feat xlink:href="#sSpan1969" value="Fin"/>
		<feat xlink:href="#sSpan1980" value="Fin"/>
		<feat xlink:href="#sSpan1993" value="Fin"/>
		<feat xlink:href="#sSpan1997" value="Part"/>
		<feat xlink:href="#sSpan1998" value="Inf"/>
		<feat xlink:href="#sSpan2002" value="Inf"/>
		<feat xlink:href="#sSpan2014" value="Fin"/>
		<feat xlink:href="#sSpan2017" value="Fin"/>
		<feat xlink:href="#sSpan2030" value="Fin"/>
		<feat xlink:href="#sSpan2031" value="Inf"/>
		<feat xlink:href="#sSpan2051" value="Fin"/>
		<feat xlink:href="#sSpan2074" value="Fin"/>
		<feat xlink:href="#sSpan2081" value="Fin"/>
		<feat xlink:href="#sSpan2086" value="Inf"/>
		<feat xlink:href="#sSpan2093" value="Fin"/>
		<feat xlink:href="#sSpan2094" value="Inf"/>
		<feat xlink:href="#sSpan2095" value="Inf"/>
		<feat xlink:href="#sSpan2100" value="Part"/>
		<feat xlink:href="#sSpan2105" value="Inf"/>
		<feat xlink:href="#sSpan2106" value="Inf"/>
		<feat xlink:href="#sSpan2112" value="Part"/>
		<feat xlink:href="#sSpan2126" value="Fin"/>
		<feat xlink:href="#sSpan2139" value="Fin"/>
		<feat xlink:href="#sSpan2150" value="Fin"/>
		<feat xlink:href="#sSpan2153" value="Part"/>
		<feat xlink:href="#sSpan2170" value="Fin"/>
		<feat xlink:href="#sSpan2174" value="Inf"/>
		<feat xlink:href="#sSpan2181" value="Part"/>
		<feat xlink:href="#sSpan2184" value="Part"/>
		<feat xlink:href="#sSpan2187" value="Fin"/>
		<feat xlink:href="#sSpan2188" value="Inf"/>
		<feat xlink:href="#sSpan2204" value="Fin"/>
		<feat xlink:href="#sSpan2206" value="Part"/>
		<feat xlink:href="#sSpan2207" value="Inf"/>
		<feat xlink:href="#sSpan2212" value="Part"/>
		<feat xlink:href="#sSpan2223" value="Part"/>
		<feat xlink:href="#sSpan2226" value="Inf"/>
		<feat xlink:href="#sSpan2239" value="Fin"/>
		<feat xlink:href="#sSpan2263" value="Fin"/>
		<feat xlink:href="#sSpan2272" value="Fin"/>
		<feat xlink:href="#sSpan2277" value="Part"/>
		<feat xlink:href="#sSpan2285" value="Fin"/>
		<feat xlink:href="#sSpan2292" value="Ger"/>
		<feat xlink:href="#sSpan2293" value="Ger"/>
		<feat xlink:href="#sSpan2294" value="Fin"/>
		<feat xlink:href="#sSpan2301" value="Fin"/>
		<feat xlink:href="#sSpan2306" value="Inf"/>
		<feat xlink:href="#sSpan2307" value="Inf"/>
		<feat xlink:href="#sSpan2314" value="Fin"/>
		<feat xlink:href="#sSpan2316" value="Inf"/>
		<feat xlink:href="#sSpan2324" value="Inf"/>
		<feat xlink:href="#sSpan2331" value="Fin"/>
		<feat xlink:href="#sSpan2337" value="Part"/>
		<feat xlink:href="#sSpan2349" value="Fin"/>
		<feat xlink:href="#sSpan2355" value="Inf"/></featList></paula>