<?xml version='1.0' encoding='UTF-8'?><!DOCTYPE paula SYSTEM "paula_feat.dtd">
<paula version="1.1">
	<header paula_id="morph.GENTLE_esports_fortnite.mark_Gender"/>
	<featList xmlns:xlink="http://www.w3.org/1999/xlink" type="Gender" xml:base="morph.GENTLE_esports_fortnite.mark.xml">
		<feat xlink:href="#sSpan1357" value="Masc"/>
		<feat xlink:href="#sSpan1387" value="Neut"/>
		<feat xlink:href="#sSpan1415" value="Masc"/>
		<feat xlink:href="#sSpan1437" value="Masc"/>
		<feat xlink:href="#sSpan1446" value="Masc"/>
		<feat xlink:href="#sSpan1452" value="Neut"/>
		<feat xlink:href="#sSpan1470" value="Masc"/>
		<feat xlink:href="#sSpan1504" value="Masc"/>
		<feat xlink:href="#sSpan1514" value="Masc"/>
		<feat xlink:href="#sSpan1528" value="Masc"/>
		<feat xlink:href="#sSpan1548" value="Masc"/>
		<feat xlink:href="#sSpan1578" value="Masc"/>
		<feat xlink:href="#sSpan1597" value="Masc"/>
		<feat xlink:href="#sSpan1615" value="Masc"/>
		<feat xlink:href="#sSpan1620" value="Masc"/>
		<feat xlink:href="#sSpan1629" value="Masc"/>
		<feat xlink:href="#sSpan1645" value="Masc"/>
		<feat xlink:href="#sSpan1703" value="Masc"/>
		<feat xlink:href="#sSpan1770" value="Masc"/>
		<feat xlink:href="#sSpan1805" value="Masc"/>
		<feat xlink:href="#sSpan1864" value="Neut"/>
		<feat xlink:href="#sSpan1868" value="Masc"/>
		<feat xlink:href="#sSpan2004" value="Neut"/>
		<feat xlink:href="#sSpan2035" value="Neut"/>
		<feat xlink:href="#sSpan2108" value="Masc"/>
		<feat xlink:href="#sSpan2192" value="Masc"/>
		<feat xlink:href="#sSpan2224" value="Masc"/>
		<feat xlink:href="#sSpan2241" value="Neut"/>
		<feat xlink:href="#sSpan2284" value="Neut"/>
		<feat xlink:href="#sSpan2330" value="Masc"/>
		<feat xlink:href="#sSpan2341" value="Masc"/>
		<feat xlink:href="#sSpan2395" value="Masc"/>
		<feat xlink:href="#sSpan2402" value="Neut"/>
		<feat xlink:href="#sSpan2414" value="Masc"/>
		<feat xlink:href="#sSpan2531" value="Neut"/>
		<feat xlink:href="#sSpan2536" value="Masc"/>
		<feat xlink:href="#sSpan2551" value="Masc"/>
		<feat xlink:href="#sSpan2565" value="Masc"/>
		<feat xlink:href="#sSpan2589" value="Masc"/>
		<feat xlink:href="#sSpan2620" value="Neut"/>
		<feat xlink:href="#sSpan2630" value="Masc"/>
		<feat xlink:href="#sSpan2674" value="Masc"/>
		<feat xlink:href="#sSpan2702" value="Neut"/>
		<feat xlink:href="#sSpan2706" value="Neut"/>
		<feat xlink:href="#sSpan2761" value="Masc"/>
		<feat xlink:href="#sSpan2779" value="Masc"/>
		<feat xlink:href="#sSpan2819" value="Neut"/>
		<feat xlink:href="#sSpan2847" value="Masc"/>
		<feat xlink:href="#sSpan2859" value="Neut"/>
		<feat xlink:href="#sSpan2867" value="Masc"/>
		<feat xlink:href="#sSpan2920" value="Masc"/></featList></paula>