<?xml version='1.0' encoding='UTF-8'?><!DOCTYPE paula SYSTEM "paula_feat.dtd">
<paula version="1.1">
	<header paula_id="morph.GENTLE_esports_fortnite.mark_Case"/>
	<featList xmlns:xlink="http://www.w3.org/1999/xlink" type="Case" xml:base="morph.GENTLE_esports_fortnite.mark.xml">
		<feat xlink:href="#sSpan647" value="Gen"/>
		<feat xlink:href="#sSpan691" value="Gen"/>
		<feat xlink:href="#sSpan729" value="Acc"/>
		<feat xlink:href="#sSpan760" value="Nom"/>
		<feat xlink:href="#sSpan790" value="Nom"/>
		<feat xlink:href="#sSpan813" value="Nom"/>
		<feat xlink:href="#sSpan820" value="Nom"/>
		<feat xlink:href="#sSpan830" value="Acc"/>
		<feat xlink:href="#sSpan836" value="Gen"/>
		<feat xlink:href="#sSpan850" value="Nom"/>
		<feat xlink:href="#sSpan878" value="Nom"/>
		<feat xlink:href="#sSpan888" value="Gen"/>
		<feat xlink:href="#sSpan905" value="Acc"/>
		<feat xlink:href="#sSpan929" value="Nom"/>
		<feat xlink:href="#sSpan942" value="Nom"/>
		<feat xlink:href="#sSpan955" value="Nom"/>
		<feat xlink:href="#sSpan965" value="Nom"/>
		<feat xlink:href="#sSpan975" value="Nom"/>
		<feat xlink:href="#sSpan994" value="Gen"/>
		<feat xlink:href="#sSpan1001" value="Acc"/>
		<feat xlink:href="#sSpan1013" value="Nom"/>
		<feat xlink:href="#sSpan1030" value="Gen"/>
		<feat xlink:href="#sSpan1039" value="Nom"/>
		<feat xlink:href="#sSpan1073" value="Nom"/>
		<feat xlink:href="#sSpan1087" value="Nom"/>
		<feat xlink:href="#sSpan1142" value="Nom"/>
		<feat xlink:href="#sSpan1152" value="Nom"/>
		<feat xlink:href="#sSpan1164" value="Acc"/>
		<feat xlink:href="#sSpan1167" value="Nom"/>
		<feat xlink:href="#sSpan1190" value="Nom"/>
		<feat xlink:href="#sSpan1252" value="Acc"/>
		<feat xlink:href="#sSpan1255" value="Nom"/>
		<feat xlink:href="#sSpan1286" value="Acc"/>
		<feat xlink:href="#sSpan1323" value="Nom"/>
		<feat xlink:href="#sSpan1340" value="Nom"/>
		<feat xlink:href="#sSpan1356" value="Nom"/>
		<feat xlink:href="#sSpan1369" value="Nom"/>
		<feat xlink:href="#sSpan1378" value="Nom"/>
		<feat xlink:href="#sSpan1390" value="Acc"/>
		<feat xlink:href="#sSpan1396" value="Nom"/>
		<feat xlink:href="#sSpan1420" value="Acc"/>
		<feat xlink:href="#sSpan1501" value="Nom"/>
		<feat xlink:href="#sSpan1593" value="Gen"/>
		<feat xlink:href="#sSpan1615" value="Nom"/>
		<feat xlink:href="#sSpan1626" value="Nom"/>
		<feat xlink:href="#sSpan1641" value="Nom"/>
		<feat xlink:href="#sSpan1667" value="Gen"/>
		<feat xlink:href="#sSpan1687" value="Acc"/>
		<feat xlink:href="#sSpan1693" value="Nom"/>
		<feat xlink:href="#sSpan1715" value="Gen"/>
		<feat xlink:href="#sSpan1732" value="Nom"/>
		<feat xlink:href="#sSpan1739" value="Nom"/>
		<feat xlink:href="#sSpan1800" value="Gen"/>
		<feat xlink:href="#sSpan1821" value="Gen"/>
		<feat xlink:href="#sSpan1830" value="Nom"/>
		<feat xlink:href="#sSpan1861" value="Nom"/>
		<feat xlink:href="#sSpan1905" value="Nom"/>
		<feat xlink:href="#sSpan1912" value="Acc"/>
		<feat xlink:href="#sSpan1941" value="Acc"/>
		<feat xlink:href="#sSpan1945" value="Nom"/>
		<feat xlink:href="#sSpan1958" value="Nom"/>
		<feat xlink:href="#sSpan1970" value="Nom"/>
		<feat xlink:href="#sSpan1997" value="Gen"/>
		<feat xlink:href="#sSpan2019" value="Acc"/>
		<feat xlink:href="#sSpan2021" value="Nom"/>
		<feat xlink:href="#sSpan2029" value="Acc"/>
		<feat xlink:href="#sSpan2031" value="Gen"/>
		<feat xlink:href="#sSpan2040" value="Nom"/>
		<feat xlink:href="#sSpan2084" value="Nom"/>
		<feat xlink:href="#sSpan2112" value="Acc"/>
		<feat xlink:href="#sSpan2117" value="Nom"/>
		<feat xlink:href="#sSpan2126" value="Acc"/>
		<feat xlink:href="#sSpan2140" value="Nom"/>
		<feat xlink:href="#sSpan2159" value="Nom"/>
		<feat xlink:href="#sSpan2171" value="Acc"/>
		<feat xlink:href="#sSpan2189" value="Nom"/>
		<feat xlink:href="#sSpan2227" value="Nom"/>
		<feat xlink:href="#sSpan2237" value="Acc"/>
		<feat xlink:href="#sSpan2239" value="Gen"/>
		<feat xlink:href="#sSpan2264" value="Nom"/>
		<feat xlink:href="#sSpan2273" value="Acc"/>
		<feat xlink:href="#sSpan2280" value="Nom"/>
		<feat xlink:href="#sSpan2337" value="Gen"/></featList></paula>