<?xml version='1.0' encoding='UTF-8'?><!DOCTYPE paula SYSTEM "paula_feat.dtd">
<paula version="1.1">
	<header paula_id="morph.GENTLE_esports_fortnite.mark_Style"/>
	<featList xmlns:xlink="http://www.w3.org/1999/xlink" type="Style" xml:base="morph.GENTLE_esports_fortnite.mark.xml">
		<feat xlink:href="#sSpan935" value="Vrnc"/>
		<feat xlink:href="#sSpan995" value="Vrnc"/>
		<feat xlink:href="#sSpan1019" value="Vrnc"/>
		<feat xlink:href="#sSpan1501" value="Vrnc"/>
		<feat xlink:href="#sSpan1523" value="Vrnc"/>
		<feat xlink:href="#sSpan1541" value="Vrnc"/>
		<feat xlink:href="#sSpan1565" value="Vrnc"/>
		<feat xlink:href="#sSpan1793" value="Vrnc"/>
		<feat xlink:href="#sSpan2225" value="Vrnc"/></featList></paula>