<?xml version='1.0' encoding='UTF-8'?><!DOCTYPE paula SYSTEM "paula_feat.dtd">
<paula version="1.1">
	<header paula_id="morph.GENTLE_esports_fortnite.mark_PronType"/>
	<featList xmlns:xlink="http://www.w3.org/1999/xlink" type="PronType" xml:base="morph.GENTLE_esports_fortnite.mark.xml">
		<feat xlink:href="#sSpan1238" value="Art"/>
		<feat xlink:href="#sSpan1254" value="Art"/>
		<feat xlink:href="#sSpan1266" value="Dem"/>
		<feat xlink:href="#sSpan1267" value="Tot"/>
		<feat xlink:href="#sSpan1273" value="Prs"/>
		<feat xlink:href="#sSpan1277" value="Dem"/>
		<feat xlink:href="#sSpan1283" value="Tot"/>
		<feat xlink:href="#sSpan1285" value="Art"/>
		<feat xlink:href="#sSpan1291" value="Art"/>
		<feat xlink:href="#sSpan1294" value="Art"/>
		<feat xlink:href="#sSpan1298" value="Dem"/>
		<feat xlink:href="#sSpan1299" value="Art"/>
		<feat xlink:href="#sSpan1304" value="Art"/>
		<feat xlink:href="#sSpan1309" value="Art"/>
		<feat xlink:href="#sSpan1311" value="Dem"/>
		<feat xlink:href="#sSpan1321" value="Prs"/>
		<feat xlink:href="#sSpan1325" value="Art"/>
		<feat xlink:href="#sSpan1336" value="Art"/>
		<feat xlink:href="#sSpan1353" value="Prs"/>
		<feat xlink:href="#sSpan1374" value="Art"/>
		<feat xlink:href="#sSpan1378" value="Art"/>
		<feat xlink:href="#sSpan1385" value="Prs"/>
		<feat xlink:href="#sSpan1406" value="Art"/>
		<feat xlink:href="#sSpan1409" value="Tot"/>
		<feat xlink:href="#sSpan1413" value="Prs"/>
		<feat xlink:href="#sSpan1426" value="Art"/>
		<feat xlink:href="#sSpan1433" value="Prs"/>
		<feat xlink:href="#sSpan1439" value="Art"/>
		<feat xlink:href="#sSpan1448" value="Prs"/>
		<feat xlink:href="#sSpan1454" value="Prs"/>
		<feat xlink:href="#sSpan1456" value="Dem"/>
		<feat xlink:href="#sSpan1458" value="Prs"/>
		<feat xlink:href="#sSpan1467" value="Art"/>
		<feat xlink:href="#sSpan1472" value="Prs"/>
		<feat xlink:href="#sSpan1493" value="Art"/>
		<feat xlink:href="#sSpan1497" value="Art"/>
		<feat xlink:href="#sSpan1502" value="Prs"/>
		<feat xlink:href="#sSpan1515" value="Prs"/>
		<feat xlink:href="#sSpan1529" value="Prs"/>
		<feat xlink:href="#sSpan1533" value="Art"/>
		<feat xlink:href="#sSpan1536" value="Dem"/>
		<feat xlink:href="#sSpan1549" value="Prs"/>
		<feat xlink:href="#sSpan1566" value="Prs"/>
		<feat xlink:href="#sSpan1579" value="Prs"/>
		<feat xlink:href="#sSpan1584" value="Prs"/>
		<feat xlink:href="#sSpan1596" value="Prs"/>
		<feat xlink:href="#sSpan1609" value="Dem"/>
		<feat xlink:href="#sSpan1612" value="Prs"/>
		<feat xlink:href="#sSpan1621" value="Prs"/>
		<feat xlink:href="#sSpan1626" value="Art"/>
		<feat xlink:href="#sSpan1632" value="Prs"/>
		<feat xlink:href="#sSpan1646" value="Prs"/>
		<feat xlink:href="#sSpan1652" value="Dem"/>
		<feat xlink:href="#sSpan1657" value="Prs"/>
		<feat xlink:href="#sSpan1664" value="Dem"/>
		<feat xlink:href="#sSpan1678" value="Dem"/>
		<feat xlink:href="#sSpan1687" value="Dem"/>
		<feat xlink:href="#sSpan1690" value="Prs"/>
		<feat xlink:href="#sSpan1700" value="Dem"/>
		<feat xlink:href="#sSpan1701" value="Rel"/>
		<feat xlink:href="#sSpan1706" value="Prs"/>
		<feat xlink:href="#sSpan1719" value="Art"/>
		<feat xlink:href="#sSpan1726" value="Art"/>
		<feat xlink:href="#sSpan1734" value="Dem"/>
		<feat xlink:href="#sSpan1742" value="Rel"/>
		<feat xlink:href="#sSpan1749" value="Art"/>
		<feat xlink:href="#sSpan1755" value="Dem"/>
		<feat xlink:href="#sSpan1761" value="Prs"/>
		<feat xlink:href="#sSpan1767" value="Prs"/>
		<feat xlink:href="#sSpan1777" value="Prs"/>
		<feat xlink:href="#sSpan1783" value="Prs"/>
		<feat xlink:href="#sSpan1787" value="Tot"/>
		<feat xlink:href="#sSpan1788" value="Art"/>
		<feat xlink:href="#sSpan1793" value="Art"/>
		<feat xlink:href="#sSpan1798" value="Art"/>
		<feat xlink:href="#sSpan1803" value="Prs"/>
		<feat xlink:href="#sSpan1814" value="Art"/>
		<feat xlink:href="#sSpan1816" value="Ind"/>
		<feat xlink:href="#sSpan1827" value="Art"/>
		<feat xlink:href="#sSpan1830" value="Int"/>
		<feat xlink:href="#sSpan1838" value="Ind"/>
		<feat xlink:href="#sSpan1846" value="Art"/>
		<feat xlink:href="#sSpan1860" value="Art"/>
		<feat xlink:href="#sSpan1863" value="Prs"/>
		<feat xlink:href="#sSpan1871" value="Prs"/>
		<feat xlink:href="#sSpan1882" value="Ind"/>
		<feat xlink:href="#sSpan1900" value="Prs"/>
		<feat xlink:href="#sSpan1903" value="Dem"/>
		<feat xlink:href="#sSpan1908" value="Dem"/>
		<feat xlink:href="#sSpan1915" value="Art"/>
		<feat xlink:href="#sSpan1921" value="Dem"/>
		<feat xlink:href="#sSpan1935" value="Prs"/>
		<feat xlink:href="#sSpan1941" value="Art"/>
		<feat xlink:href="#sSpan1948" value="Art"/>
		<feat xlink:href="#sSpan1953" value="Prs"/>
		<feat xlink:href="#sSpan1968" value="Prs"/>
		<feat xlink:href="#sSpan1976" value="Art"/>
		<feat xlink:href="#sSpan1980" value="Prs"/>
		<feat xlink:href="#sSpan1990" value="Prs"/>
		<feat xlink:href="#sSpan2001" value="Prs"/>
		<feat xlink:href="#sSpan2006" value="Prs"/>
		<feat xlink:href="#sSpan2014" value="Int"/>
		<feat xlink:href="#sSpan2034" value="Prs"/>
		<feat xlink:href="#sSpan2062" value="Rel"/>
		<feat xlink:href="#sSpan2074" value="Art"/>
		<feat xlink:href="#sSpan2089" value="Art"/>
		<feat xlink:href="#sSpan2099" value="Dem"/>
		<feat xlink:href="#sSpan2101" value="Dem"/>
		<feat xlink:href="#sSpan2111" value="Prs"/>
		<feat xlink:href="#sSpan2115" value="Dem"/>
		<feat xlink:href="#sSpan2117" value="Art"/>
		<feat xlink:href="#sSpan2128" value="Tot"/>
		<feat xlink:href="#sSpan2130" value="Art"/>
		<feat xlink:href="#sSpan2139" value="Art"/>
		<feat xlink:href="#sSpan2143" value="Dem"/>
		<feat xlink:href="#sSpan2149" value="Rel"/>
		<feat xlink:href="#sSpan2157" value="Rcp"/>
		<feat xlink:href="#sSpan2160" value="Art"/>
		<feat xlink:href="#sSpan2166" value="Art"/>
		<feat xlink:href="#sSpan2169" value="Art"/>
		<feat xlink:href="#sSpan2177" value="Art"/>
		<feat xlink:href="#sSpan2190" value="Prs"/>
		<feat xlink:href="#sSpan2203" value="Dem"/>
		<feat xlink:href="#sSpan2215" value="Prs"/>
		<feat xlink:href="#sSpan2221" value="Rel"/>
		<feat xlink:href="#sSpan2226" value="Prs"/>
		<feat xlink:href="#sSpan2232" value="Art"/>
		<feat xlink:href="#sSpan2235" value="Dem"/>
		<feat xlink:href="#sSpan2238" value="Int"/>
		<feat xlink:href="#sSpan2240" value="Prs"/>
		<feat xlink:href="#sSpan2256" value="Dem"/>
		<feat xlink:href="#sSpan2264" value="Prs"/>
		<feat xlink:href="#sSpan2270" value="Dem"/>
		<feat xlink:href="#sSpan2275" value="Art"/>
		<feat xlink:href="#sSpan2286" value="Prs"/>
		<feat xlink:href="#sSpan2289" value="Prs"/>
		<feat xlink:href="#sSpan2300" value="Art"/>
		<feat xlink:href="#sSpan2315" value="Prs"/>
		<feat xlink:href="#sSpan2320" value="Art"/>
		<feat xlink:href="#sSpan2323" value="Art"/>
		<feat xlink:href="#sSpan2325" value="Int"/>
		<feat xlink:href="#sSpan2331" value="Prs"/>
		<feat xlink:href="#sSpan2334" value="Dem"/>
		<feat xlink:href="#sSpan2340" value="Prs"/>
		<feat xlink:href="#sSpan2344" value="Art"/>
		<feat xlink:href="#sSpan2350" value="Rel"/>
		<feat xlink:href="#sSpan2374" value="Art"/>
		<feat xlink:href="#sSpan2377" value="Dem"/>
		<feat xlink:href="#sSpan2386" value="Art"/>
		<feat xlink:href="#sSpan2394" value="Prs"/>
		<feat xlink:href="#sSpan2403" value="Emp"/>
		<feat xlink:href="#sSpan2417" value="Prs"/>
		<feat xlink:href="#sSpan2421" value="Art"/>
		<feat xlink:href="#sSpan2425" value="Prs"/>
		<feat xlink:href="#sSpan2433" value="Dem"/>
		<feat xlink:href="#sSpan2441" value="Art"/>
		<feat xlink:href="#sSpan2443" value="Rel"/>
		<feat xlink:href="#sSpan2453" value="Int"/>
		<feat xlink:href="#sSpan2454" value="Prs"/>
		<feat xlink:href="#sSpan2463" value="Dem"/>
		<feat xlink:href="#sSpan2469" value="Art"/>
		<feat xlink:href="#sSpan2475" value="Art"/>
		<feat xlink:href="#sSpan2487" value="Art"/>
		<feat xlink:href="#sSpan2496" value="Prs"/>
		<feat xlink:href="#sSpan2503" value="Prs"/>
		<feat xlink:href="#sSpan2511" value="Art"/>
		<feat xlink:href="#sSpan2516" value="Art"/>
		<feat xlink:href="#sSpan2518" value="Art"/>
		<feat xlink:href="#sSpan2533" value="Prs"/>
		<feat xlink:href="#sSpan2534" value="Prs"/>
		<feat xlink:href="#sSpan2539" value="Dem"/>
		<feat xlink:href="#sSpan2552" value="Prs"/>
		<feat xlink:href="#sSpan2559" value="Art"/>
		<feat xlink:href="#sSpan2564" value="Prs"/>
		<feat xlink:href="#sSpan2571" value="Art"/>
		<feat xlink:href="#sSpan2574" value="Art"/>
		<feat xlink:href="#sSpan2585" value="Art"/>
		<feat xlink:href="#sSpan2594" value="Prs"/>
		<feat xlink:href="#sSpan2605" value="Art"/>
		<feat xlink:href="#sSpan2608" value="Prs"/>
		<feat xlink:href="#sSpan2612" value="Prs"/>
		<feat xlink:href="#sSpan2622" value="Prs"/>
		<feat xlink:href="#sSpan2624" value="Prs"/>
		<feat xlink:href="#sSpan2629" value="Prs"/>
		<feat xlink:href="#sSpan2639" value="Dem"/>
		<feat xlink:href="#sSpan2651" value="Art"/>
		<feat xlink:href="#sSpan2655" value="Art"/>
		<feat xlink:href="#sSpan2664" value="Art"/>
		<feat xlink:href="#sSpan2673" value="Dem"/>
		<feat xlink:href="#sSpan2677" value="Prs"/>
		<feat xlink:href="#sSpan2683" value="Dem"/>
		<feat xlink:href="#sSpan2687" value="Art"/>
		<feat xlink:href="#sSpan2693" value="Dem"/>
		<feat xlink:href="#sSpan2701" value="Prs"/>
		<feat xlink:href="#sSpan2708" value="Prs"/>
		<feat xlink:href="#sSpan2716" value="Prs"/>
		<feat xlink:href="#sSpan2725" value="Dem"/>
		<feat xlink:href="#sSpan2730" value="Prs"/>
		<feat xlink:href="#sSpan2740" value="Dem"/>
		<feat xlink:href="#sSpan2748" value="Prs"/>
		<feat xlink:href="#sSpan2759" value="Prs"/>
		<feat xlink:href="#sSpan2766" value="Dem"/>
		<feat xlink:href="#sSpan2772" value="Art"/>
		<feat xlink:href="#sSpan2777" value="Prs"/>
		<feat xlink:href="#sSpan2791" value="Art"/>
		<feat xlink:href="#sSpan2796" value="Art"/>
		<feat xlink:href="#sSpan2799" value="Dem"/>
		<feat xlink:href="#sSpan2807" value="Rcp"/>
		<feat xlink:href="#sSpan2809" value="Prs"/>
		<feat xlink:href="#sSpan2820" value="Prs"/>
		<feat xlink:href="#sSpan2827" value="Prs"/>
		<feat xlink:href="#sSpan2830" value="Art"/>
		<feat xlink:href="#sSpan2836" value="Dem"/>
		<feat xlink:href="#sSpan2843" value="Art"/>
		<feat xlink:href="#sSpan2846" value="Prs"/>
		<feat xlink:href="#sSpan2861" value="Prs"/>
		<feat xlink:href="#sSpan2866" value="Prs"/>
		<feat xlink:href="#sSpan2881" value="Dem"/>
		<feat xlink:href="#sSpan2886" value="Art"/>
		<feat xlink:href="#sSpan2895" value="Art"/>
		<feat xlink:href="#sSpan2899" value="Art"/>
		<feat xlink:href="#sSpan2904" value="Art"/>
		<feat xlink:href="#sSpan2917" value="Rel"/>
		<feat xlink:href="#sSpan2923" value="Prs"/>
		<feat xlink:href="#sSpan2931" value="Int"/></featList></paula>