<?xml version='1.0' encoding='UTF-8'?><!DOCTYPE paula SYSTEM "paula_feat.dtd">
<paula version="1.1">
	<header paula_id="morph.GENTLE_esports_fortnite.mark_Person"/>
	<featList xmlns:xlink="http://www.w3.org/1999/xlink" type="Person" xml:base="morph.GENTLE_esports_fortnite.mark.xml">
		<feat xlink:href="#sSpan618" value="3"/>
		<feat xlink:href="#sSpan634" value="3"/>
		<feat xlink:href="#sSpan643" value="2"/>
		<feat xlink:href="#sSpan684" value="3"/>
		<feat xlink:href="#sSpan693" value="2"/>
		<feat xlink:href="#sSpan726" value="3"/>
		<feat xlink:href="#sSpan747" value="3"/>
		<feat xlink:href="#sSpan761" value="3"/>
		<feat xlink:href="#sSpan767" value="3"/>
		<feat xlink:href="#sSpan774" value="3"/>
		<feat xlink:href="#sSpan788" value="3"/>
		<feat xlink:href="#sSpan796" value="3"/>
		<feat xlink:href="#sSpan812" value="3"/>
		<feat xlink:href="#sSpan824" value="3"/>
		<feat xlink:href="#sSpan829" value="3"/>
		<feat xlink:href="#sSpan835" value="1"/>
		<feat xlink:href="#sSpan846" value="3"/>
		<feat xlink:href="#sSpan851" value="3"/>
		<feat xlink:href="#sSpan867" value="3"/>
		<feat xlink:href="#sSpan880" value="3"/>
		<feat xlink:href="#sSpan887" value="3"/>
		<feat xlink:href="#sSpan889" value="3"/>
		<feat xlink:href="#sSpan908" value="3"/>
		<feat xlink:href="#sSpan918" value="2"/>
		<feat xlink:href="#sSpan926" value="3"/>
		<feat xlink:href="#sSpan932" value="3"/>
		<feat xlink:href="#sSpan943" value="1"/>
		<feat xlink:href="#sSpan947" value="1"/>
		<feat xlink:href="#sSpan954" value="2"/>
		<feat xlink:href="#sSpan956" value="3"/>
		<feat xlink:href="#sSpan962" value="2"/>
		<feat xlink:href="#sSpan966" value="2"/>
		<feat xlink:href="#sSpan972" value="2"/>
		<feat xlink:href="#sSpan974" value="3"/>
		<feat xlink:href="#sSpan982" value="3"/>
		<feat xlink:href="#sSpan993" value="3"/>
		<feat xlink:href="#sSpan1000" value="3"/>
		<feat xlink:href="#sSpan1010" value="3"/>
		<feat xlink:href="#sSpan1015" value="3"/>
		<feat xlink:href="#sSpan1025" value="2"/>
		<feat xlink:href="#sSpan1031" value="3"/>
		<feat xlink:href="#sSpan1036" value="1"/>
		<feat xlink:href="#sSpan1044" value="1"/>
		<feat xlink:href="#sSpan1054" value="3"/>
		<feat xlink:href="#sSpan1068" value="3"/>
		<feat xlink:href="#sSpan1075" value="2"/>
		<feat xlink:href="#sSpan1079" value="2"/>
		<feat xlink:href="#sSpan1088" value="3"/>
		<feat xlink:href="#sSpan1089" value="3"/>
		<feat xlink:href="#sSpan1120" value="3"/>
		<feat xlink:href="#sSpan1128" value="3"/>
		<feat xlink:href="#sSpan1144" value="1"/>
		<feat xlink:href="#sSpan1148" value="1"/>
		<feat xlink:href="#sSpan1153" value="3"/>
		<feat xlink:href="#sSpan1156" value="3"/>
		<feat xlink:href="#sSpan1162" value="3"/>
		<feat xlink:href="#sSpan1166" value="2"/>
		<feat xlink:href="#sSpan1188" value="3"/>
		<feat xlink:href="#sSpan1194" value="3"/>
		<feat xlink:href="#sSpan1220" value="3"/>
		<feat xlink:href="#sSpan1227" value="3"/>
		<feat xlink:href="#sSpan1237" value="3"/>
		<feat xlink:href="#sSpan1253" value="3"/>
		<feat xlink:href="#sSpan1259" value="3"/>
		<feat xlink:href="#sSpan1260" value="3"/>
		<feat xlink:href="#sSpan1272" value="3"/>
		<feat xlink:href="#sSpan1278" value="2"/>
		<feat xlink:href="#sSpan1288" value="3"/>
		<feat xlink:href="#sSpan1300" value="3"/>
		<feat xlink:href="#sSpan1322" value="1"/>
		<feat xlink:href="#sSpan1327" value="1"/>
		<feat xlink:href="#sSpan1341" value="2"/>
		<feat xlink:href="#sSpan1344" value="2"/>
		<feat xlink:href="#sSpan1354" value="2"/>
		<feat xlink:href="#sSpan1361" value="2"/>
		<feat xlink:href="#sSpan1370" value="2"/>
		<feat xlink:href="#sSpan1375" value="2"/>
		<feat xlink:href="#sSpan1379" value="2"/>
		<feat xlink:href="#sSpan1385" value="2"/>
		<feat xlink:href="#sSpan1392" value="3"/>
		<feat xlink:href="#sSpan1395" value="2"/>
		<feat xlink:href="#sSpan1405" value="3"/>
		<feat xlink:href="#sSpan1409" value="3"/>
		<feat xlink:href="#sSpan1421" value="3"/>
		<feat xlink:href="#sSpan1431" value="2"/>
		<feat xlink:href="#sSpan1444" value="3"/>
		<feat xlink:href="#sSpan1457" value="3"/>
		<feat xlink:href="#sSpan1469" value="3"/>
		<feat xlink:href="#sSpan1484" value="3"/>
		<feat xlink:href="#sSpan1503" value="3"/>
		<feat xlink:href="#sSpan1514" value="3"/>
		<feat xlink:href="#sSpan1530" value="3"/>
		<feat xlink:href="#sSpan1547" value="3"/>
		<feat xlink:href="#sSpan1571" value="3"/>
		<feat xlink:href="#sSpan1586" value="3"/>
		<feat xlink:href="#sSpan1588" value="3"/>
		<feat xlink:href="#sSpan1617" value="1"/>
		<feat xlink:href="#sSpan1622" value="3"/>
		<feat xlink:href="#sSpan1627" value="3"/>
		<feat xlink:href="#sSpan1642" value="3"/>
		<feat xlink:href="#sSpan1647" value="3"/>
		<feat xlink:href="#sSpan1659" value="3"/>
		<feat xlink:href="#sSpan1666" value="1"/>
		<feat xlink:href="#sSpan1674" value="2"/>
		<feat xlink:href="#sSpan1680" value="2"/>
		<feat xlink:href="#sSpan1683" value="3"/>
		<feat xlink:href="#sSpan1690" value="1"/>
		<feat xlink:href="#sSpan1695" value="1"/>
		<feat xlink:href="#sSpan1709" value="3"/>
		<feat xlink:href="#sSpan1714" value="1"/>
		<feat xlink:href="#sSpan1731" value="3"/>
		<feat xlink:href="#sSpan1743" value="3"/>
		<feat xlink:href="#sSpan1755" value="3"/>
		<feat xlink:href="#sSpan1783" value="3"/>
		<feat xlink:href="#sSpan1801" value="3"/>
		<feat xlink:href="#sSpan1805" value="3"/>
		<feat xlink:href="#sSpan1810" value="3"/>
		<feat xlink:href="#sSpan1822" value="3"/>
		<feat xlink:href="#sSpan1829" value="1"/>
		<feat xlink:href="#sSpan1836" value="1"/>
		<feat xlink:href="#sSpan1843" value="3"/>
		<feat xlink:href="#sSpan1852" value="3"/>
		<feat xlink:href="#sSpan1862" value="1"/>
		<feat xlink:href="#sSpan1868" value="1"/>
		<feat xlink:href="#sSpan1887" value="3"/>
		<feat xlink:href="#sSpan1893" value="2"/>
		<feat xlink:href="#sSpan1903" value="2"/>
		<feat xlink:href="#sSpan1907" value="2"/>
		<feat xlink:href="#sSpan1910" value="1"/>
		<feat xlink:href="#sSpan1916" value="3"/>
		<feat xlink:href="#sSpan1930" value="3"/>
		<feat xlink:href="#sSpan1937" value="3"/>
		<feat xlink:href="#sSpan1946" value="3"/>
		<feat xlink:href="#sSpan1952" value="3"/>
		<feat xlink:href="#sSpan1959" value="3"/>
		<feat xlink:href="#sSpan1962" value="3"/>
		<feat xlink:href="#sSpan1973" value="3"/>
		<feat xlink:href="#sSpan1975" value="3"/>
		<feat xlink:href="#sSpan1988" value="3"/>
		<feat xlink:href="#sSpan1998" value="3"/>
		<feat xlink:href="#sSpan2005" value="3"/>
		<feat xlink:href="#sSpan2010" value="2"/>
		<feat xlink:href="#sSpan2016" value="1"/>
		<feat xlink:href="#sSpan2023" value="1"/>
		<feat xlink:href="#sSpan2030" value="3"/>
		<feat xlink:href="#sSpan2034" value="1"/>
		<feat xlink:href="#sSpan2041" value="3"/>
		<feat xlink:href="#sSpan2042" value="3"/>
		<feat xlink:href="#sSpan2069" value="3"/>
		<feat xlink:href="#sSpan2078" value="3"/>
		<feat xlink:href="#sSpan2085" value="3"/>
		<feat xlink:href="#sSpan2110" value="3"/>
		<feat xlink:href="#sSpan2115" value="3"/>
		<feat xlink:href="#sSpan2122" value="3"/>
		<feat xlink:href="#sSpan2127" value="2"/>
		<feat xlink:href="#sSpan2131" value="3"/>
		<feat xlink:href="#sSpan2138" value="2"/>
		<feat xlink:href="#sSpan2142" value="2"/>
		<feat xlink:href="#sSpan2160" value="1"/>
		<feat xlink:href="#sSpan2166" value="1"/>
		<feat xlink:href="#sSpan2172" value="3"/>
		<feat xlink:href="#sSpan2191" value="3"/>
		<feat xlink:href="#sSpan2194" value="3"/>
		<feat xlink:href="#sSpan2225" value="2"/>
		<feat xlink:href="#sSpan2229" value="2"/>
		<feat xlink:href="#sSpan2236" value="3"/>
		<feat xlink:href="#sSpan2238" value="1"/>
		<feat xlink:href="#sSpan2256" value="3"/>
		<feat xlink:href="#sSpan2262" value="3"/>
		<feat xlink:href="#sSpan2265" value="3"/>
		<feat xlink:href="#sSpan2272" value="3"/>
		<feat xlink:href="#sSpan2277" value="2"/>
		<feat xlink:href="#sSpan2284" value="3"/>
		<feat xlink:href="#sSpan2288" value="3"/>
		<feat xlink:href="#sSpan2292" value="2"/>
		<feat xlink:href="#sSpan2306" value="3"/>
		<feat xlink:href="#sSpan2316" value="2"/>
		<feat xlink:href="#sSpan2324" value="3"/>
		<feat xlink:href="#sSpan2334" value="3"/>
		<feat xlink:href="#sSpan2344" value="3"/></featList></paula>