<?xml version='1.0' encoding='UTF-8'?><!DOCTYPE paula SYSTEM "paula_feat.dtd">
<paula version="1.1">
	<header paula_id="morph.GENTLE_esports_fortnite.mark_Tense"/>
	<featList xmlns:xlink="http://www.w3.org/1999/xlink" type="Tense" xml:base="morph.GENTLE_esports_fortnite.mark.xml">
		<feat xlink:href="#sSpan617" value="Pres"/>
		<feat xlink:href="#sSpan620" value="Past"/>
		<feat xlink:href="#sSpan632" value="Pres"/>
		<feat xlink:href="#sSpan686" value="Pres"/>
		<feat xlink:href="#sSpan743" value="Past"/>
		<feat xlink:href="#sSpan768" value="Past"/>
		<feat xlink:href="#sSpan775" value="Pres"/>
		<feat xlink:href="#sSpan780" value="Past"/>
		<feat xlink:href="#sSpan795" value="Pres"/>
		<feat xlink:href="#sSpan800" value="Past"/>
		<feat xlink:href="#sSpan855" value="Pres"/>
		<feat xlink:href="#sSpan863" value="Past"/>
		<feat xlink:href="#sSpan886" value="Past"/>
		<feat xlink:href="#sSpan934" value="Pres"/>
		<feat xlink:href="#sSpan937" value="Pres"/>
		<feat xlink:href="#sSpan949" value="Pres"/>
		<feat xlink:href="#sSpan967" value="Pres"/>
		<feat xlink:href="#sSpan980" value="Pres"/>
		<feat xlink:href="#sSpan996" value="Pres"/>
		<feat xlink:href="#sSpan1018" value="Pres"/>
		<feat xlink:href="#sSpan1021" value="Pres"/>
		<feat xlink:href="#sSpan1043" value="Pres"/>
		<feat xlink:href="#sSpan1050" value="Past"/>
		<feat xlink:href="#sSpan1067" value="Pres"/>
		<feat xlink:href="#sSpan1076" value="Pres"/>
		<feat xlink:href="#sSpan1091" value="Pres"/>
		<feat xlink:href="#sSpan1123" value="Pres"/>
		<feat xlink:href="#sSpan1126" value="Past"/>
		<feat xlink:href="#sSpan1136" value="Past"/>
		<feat xlink:href="#sSpan1150" value="Pres"/>
		<feat xlink:href="#sSpan1158" value="Pres"/>
		<feat xlink:href="#sSpan1175" value="Past"/>
		<feat xlink:href="#sSpan1191" value="Pres"/>
		<feat xlink:href="#sSpan1204" value="Past"/>
		<feat xlink:href="#sSpan1211" value="Past"/>
		<feat xlink:href="#sSpan1219" value="Pres"/>
		<feat xlink:href="#sSpan1230" value="Pres"/>
		<feat xlink:href="#sSpan1238" value="Pres"/>
		<feat xlink:href="#sSpan1245" value="Pres"/>
		<feat xlink:href="#sSpan1263" value="Pres"/>
		<feat xlink:href="#sSpan1266" value="Pres"/>
		<feat xlink:href="#sSpan1276" value="Pres"/>
		<feat xlink:href="#sSpan1281" value="Past"/>
		<feat xlink:href="#sSpan1299" value="Pres"/>
		<feat xlink:href="#sSpan1313" value="Pres"/>
		<feat xlink:href="#sSpan1328" value="Pres"/>
		<feat xlink:href="#sSpan1346" value="Pres"/>
		<feat xlink:href="#sSpan1357" value="Pres"/>
		<feat xlink:href="#sSpan1376" value="Pres"/>
		<feat xlink:href="#sSpan1384" value="Pres"/>
		<feat xlink:href="#sSpan1397" value="Past"/>
		<feat xlink:href="#sSpan1403" value="Pres"/>
		<feat xlink:href="#sSpan1412" value="Pres"/>
		<feat xlink:href="#sSpan1424" value="Past"/>
		<feat xlink:href="#sSpan1428" value="Pres"/>
		<feat xlink:href="#sSpan1445" value="Pres"/>
		<feat xlink:href="#sSpan1447" value="Pres"/>
		<feat xlink:href="#sSpan1456" value="Pres"/>
		<feat xlink:href="#sSpan1461" value="Pres"/>
		<feat xlink:href="#sSpan1473" value="Pres"/>
		<feat xlink:href="#sSpan1478" value="Pres"/>
		<feat xlink:href="#sSpan1485" value="Pres"/>
		<feat xlink:href="#sSpan1490" value="Pres"/>
		<feat xlink:href="#sSpan1497" value="Pres"/>
		<feat xlink:href="#sSpan1517" value="Past"/>
		<feat xlink:href="#sSpan1519" value="Pres"/>
		<feat xlink:href="#sSpan1532" value="Pres"/>
		<feat xlink:href="#sSpan1536" value="Pres"/>
		<feat xlink:href="#sSpan1551" value="Pres"/>
		<feat xlink:href="#sSpan1552" value="Past"/>
		<feat xlink:href="#sSpan1561" value="Pres"/>
		<feat xlink:href="#sSpan1575" value="Pres"/>
		<feat xlink:href="#sSpan1583" value="Pres"/>
		<feat xlink:href="#sSpan1631" value="Pres"/>
		<feat xlink:href="#sSpan1644" value="Pres"/>
		<feat xlink:href="#sSpan1652" value="Past"/>
		<feat xlink:href="#sSpan1654" value="Past"/>
		<feat xlink:href="#sSpan1662" value="Pres"/>
		<feat xlink:href="#sSpan1694" value="Pres"/>
		<feat xlink:href="#sSpan1699" value="Past"/>
		<feat xlink:href="#sSpan1710" value="Past"/>
		<feat xlink:href="#sSpan1754" value="Past"/>
		<feat xlink:href="#sSpan1772" value="Past"/>
		<feat xlink:href="#sSpan1785" value="Pres"/>
		<feat xlink:href="#sSpan1788" value="Pres"/>
		<feat xlink:href="#sSpan1811" value="Past"/>
		<feat xlink:href="#sSpan1835" value="Pres"/>
		<feat xlink:href="#sSpan1840" value="Pres"/>
		<feat xlink:href="#sSpan1850" value="Pres"/>
		<feat xlink:href="#sSpan1865" value="Past"/>
		<feat xlink:href="#sSpan1873" value="Pres"/>
		<feat xlink:href="#sSpan1880" value="Pres"/>
		<feat xlink:href="#sSpan1886" value="Pres"/>
		<feat xlink:href="#sSpan1902" value="Pres"/>
		<feat xlink:href="#sSpan1908" value="Pres"/>
		<feat xlink:href="#sSpan1918" value="Past"/>
		<feat xlink:href="#sSpan1931" value="Past"/>
		<feat xlink:href="#sSpan1936" value="Pres"/>
		<feat xlink:href="#sSpan1953" value="Pres"/>
		<feat xlink:href="#sSpan1961" value="Past"/>
		<feat xlink:href="#sSpan1974" value="Past"/>
		<feat xlink:href="#sSpan1987" value="Past"/>
		<feat xlink:href="#sSpan1990" value="Pres"/>
		<feat xlink:href="#sSpan2008" value="Past"/>
		<feat xlink:href="#sSpan2045" value="Pres"/>
		<feat xlink:href="#sSpan2068" value="Pres"/>
		<feat xlink:href="#sSpan2074" value="Pres"/>
		<feat xlink:href="#sSpan2095" value="Pres"/>
		<feat xlink:href="#sSpan2106" value="Past"/>
		<feat xlink:href="#sSpan2121" value="Past"/>
		<feat xlink:href="#sSpan2129" value="Pres"/>
		<feat xlink:href="#sSpan2146" value="Pres"/>
		<feat xlink:href="#sSpan2148" value="Past"/>
		<feat xlink:href="#sSpan2163" value="Pres"/>
		<feat xlink:href="#sSpan2175" value="Pres"/>
		<feat xlink:href="#sSpan2179" value="Pres"/>
		<feat xlink:href="#sSpan2197" value="Pres"/>
		<feat xlink:href="#sSpan2199" value="Pres"/>
		<feat xlink:href="#sSpan2206" value="Pres"/>
		<feat xlink:href="#sSpan2219" value="Pres"/>
		<feat xlink:href="#sSpan2232" value="Pres"/>
		<feat xlink:href="#sSpan2253" value="Pres"/>
		<feat xlink:href="#sSpan2268" value="Pres"/>
		<feat xlink:href="#sSpan2271" value="Pres"/>
		<feat xlink:href="#sSpan2291" value="Pres"/>
		<feat xlink:href="#sSpan2305" value="Pres"/>
		<feat xlink:href="#sSpan2327" value="Pres"/>
		<feat xlink:href="#sSpan2330" value="Pres"/>
		<feat xlink:href="#sSpan2343" value="Pres"/></featList></paula>