<?xml version='1.0' encoding='UTF-8'?><!DOCTYPE paula SYSTEM "paula_feat.dtd">
<paula version="1.1">
	<header paula_id="morph.GENTLE_esports_fortnite.mark_NumType"/>
	<featList xmlns:xlink="http://www.w3.org/1999/xlink" type="NumType" xml:base="morph.GENTLE_esports_fortnite.mark.xml">
		<feat xlink:href="#sSpan1250" value="Card"/>
		<feat xlink:href="#sSpan1268" value="Card"/>
		<feat xlink:href="#sSpan1324" value="Card"/>
		<feat xlink:href="#sSpan1343" value="Ord"/>
		<feat xlink:href="#sSpan1347" value="Card"/>
		<feat xlink:href="#sSpan1349" value="Card"/>
		<feat xlink:href="#sSpan1361" value="Ord"/>
		<feat xlink:href="#sSpan1364" value="Card"/>
		<feat xlink:href="#sSpan1383" value="Ord"/>
		<feat xlink:href="#sSpan1385" value="Card"/>
		<feat xlink:href="#sSpan1400" value="Card"/>
		<feat xlink:href="#sSpan1413" value="Card"/>
		<feat xlink:href="#sSpan1432" value="Ord"/>
		<feat xlink:href="#sSpan1486" value="Card"/>
		<feat xlink:href="#sSpan1500" value="Ord"/>
		<feat xlink:href="#sSpan1522" value="Ord"/>
		<feat xlink:href="#sSpan1549" value="Card"/>
		<feat xlink:href="#sSpan1551" value="Card"/>
		<feat xlink:href="#sSpan1611" value="Card"/>
		<feat xlink:href="#sSpan1613" value="Card"/>
		<feat xlink:href="#sSpan1681" value="Card"/>
		<feat xlink:href="#sSpan1722" value="Card"/>
		<feat xlink:href="#sSpan1729" value="Card"/>
		<feat xlink:href="#sSpan1734" value="Ord"/>
		<feat xlink:href="#sSpan1737" value="Card"/>
		<feat xlink:href="#sSpan1972" value="Card"/>
		<feat xlink:href="#sSpan2060" value="Card"/>
		<feat xlink:href="#sSpan2078" value="Card"/>
		<feat xlink:href="#sSpan2085" value="Ord"/>
		<feat xlink:href="#sSpan2095" value="Card"/>
		<feat xlink:href="#sSpan2157" value="Card"/>
		<feat xlink:href="#sSpan2207" value="Ord"/>
		<feat xlink:href="#sSpan2211" value="Card"/>
		<feat xlink:href="#sSpan2369" value="Card"/>
		<feat xlink:href="#sSpan2372" value="Card"/>
		<feat xlink:href="#sSpan2375" value="Ord"/>
		<feat xlink:href="#sSpan2379" value="Card"/>
		<feat xlink:href="#sSpan2381" value="Card"/>
		<feat xlink:href="#sSpan2425" value="Card"/>
		<feat xlink:href="#sSpan2466" value="Ord"/>
		<feat xlink:href="#sSpan2659" value="Card"/>
		<feat xlink:href="#sSpan2664" value="Card"/>
		<feat xlink:href="#sSpan2720" value="Mult"/>
		<feat xlink:href="#sSpan2758" value="Card"/>
		<feat xlink:href="#sSpan2762" value="Card"/>
		<feat xlink:href="#sSpan2818" value="Card"/></featList></paula>