<?xml version='1.0' encoding='UTF-8'?><!DOCTYPE paula SYSTEM "paula_feat.dtd">
<paula version="1.1">
	<header paula_id="morph.GENTLE_esports_fortnite.mark_Mood"/>
	<featList xmlns:xlink="http://www.w3.org/1999/xlink" type="Mood" xml:base="morph.GENTLE_esports_fortnite.mark.xml">
		<feat xlink:href="#sSpan617" value="Ind"/>
		<feat xlink:href="#sSpan634" value="Ind"/>
		<feat xlink:href="#sSpan687" value="Ind"/>
		<feat xlink:href="#sSpan742" value="Ind"/>
		<feat xlink:href="#sSpan764" value="Ind"/>
		<feat xlink:href="#sSpan774" value="Ind"/>
		<feat xlink:href="#sSpan792" value="Ind"/>
		<feat xlink:href="#sSpan850" value="Ind"/>
		<feat xlink:href="#sSpan864" value="Ind"/>
		<feat xlink:href="#sSpan882" value="Ind"/>
		<feat xlink:href="#sSpan930" value="Ind"/>
		<feat xlink:href="#sSpan946" value="Ind"/>
		<feat xlink:href="#sSpan967" value="Ind"/>
		<feat xlink:href="#sSpan980" value="Ind"/>
		<feat xlink:href="#sSpan1014" value="Ind"/>
		<feat xlink:href="#sSpan1023" value="Imp"/>
		<feat xlink:href="#sSpan1041" value="Ind"/>
		<feat xlink:href="#sSpan1051" value="Ind"/>
		<feat xlink:href="#sSpan1067" value="Ind"/>
		<feat xlink:href="#sSpan1080" value="Ind"/>
		<feat xlink:href="#sSpan1092" value="Ind"/>
		<feat xlink:href="#sSpan1120" value="Ind"/>
		<feat xlink:href="#sSpan1127" value="Ind"/>
		<feat xlink:href="#sSpan1150" value="Ind"/>
		<feat xlink:href="#sSpan1159" value="Ind"/>
		<feat xlink:href="#sSpan1192" value="Ind"/>
		<feat xlink:href="#sSpan1219" value="Ind"/>
		<feat xlink:href="#sSpan1227" value="Ind"/>
		<feat xlink:href="#sSpan1238" value="Ind"/>
		<feat xlink:href="#sSpan1263" value="Ind"/>
		<feat xlink:href="#sSpan1276" value="Ind"/>
		<feat xlink:href="#sSpan1298" value="Ind"/>
		<feat xlink:href="#sSpan1327" value="Ind"/>
		<feat xlink:href="#sSpan1347" value="Ind"/>
		<feat xlink:href="#sSpan1361" value="Ind"/>
		<feat xlink:href="#sSpan1375" value="Ind"/>
		<feat xlink:href="#sSpan1390" value="Ind"/>
		<feat xlink:href="#sSpan1406" value="Ind"/>
		<feat xlink:href="#sSpan1417" value="Ind"/>
		<feat xlink:href="#sSpan1446" value="Ind"/>
		<feat xlink:href="#sSpan1457" value="Ind"/>
		<feat xlink:href="#sSpan1476" value="Ind"/>
		<feat xlink:href="#sSpan1488" value="Ind"/>
		<feat xlink:href="#sSpan1521" value="Ind"/>
		<feat xlink:href="#sSpan1536" value="Ind"/>
		<feat xlink:href="#sSpan1553" value="Ind"/>
		<feat xlink:href="#sSpan1580" value="Ind"/>
		<feat xlink:href="#sSpan1590" value="Ind"/>
		<feat xlink:href="#sSpan1632" value="Ind"/>
		<feat xlink:href="#sSpan1652" value="Ind"/>
		<feat xlink:href="#sSpan1665" value="Ind"/>
		<feat xlink:href="#sSpan1677" value="Imp"/>
		<feat xlink:href="#sSpan1684" value="Imp"/>
		<feat xlink:href="#sSpan1701" value="Ind"/>
		<feat xlink:href="#sSpan1713" value="Ind"/>
		<feat xlink:href="#sSpan1762" value="Ind"/>
		<feat xlink:href="#sSpan1788" value="Ind"/>
		<feat xlink:href="#sSpan1817" value="Ind"/>
		<feat xlink:href="#sSpan1844" value="Ind"/>
		<feat xlink:href="#sSpan1850" value="Ind"/>
		<feat xlink:href="#sSpan1858" value="Ind"/>
		<feat xlink:href="#sSpan1872" value="Ind"/>
		<feat xlink:href="#sSpan1894" value="Ind"/>
		<feat xlink:href="#sSpan1899" value="Imp"/>
		<feat xlink:href="#sSpan1906" value="Ind"/>
		<feat xlink:href="#sSpan1922" value="Ind"/>
		<feat xlink:href="#sSpan1937" value="Ind"/>
		<feat xlink:href="#sSpan1956" value="Ind"/>
		<feat xlink:href="#sSpan1970" value="Ind"/>
		<feat xlink:href="#sSpan1981" value="Ind"/>
		<feat xlink:href="#sSpan1991" value="Ind"/>
		<feat xlink:href="#sSpan2013" value="Ind"/>
		<feat xlink:href="#sSpan2018" value="Imp"/>
		<feat xlink:href="#sSpan2048" value="Ind"/>
		<feat xlink:href="#sSpan2073" value="Ind"/>
		<feat xlink:href="#sSpan2080" value="Ind"/>
		<feat xlink:href="#sSpan2127" value="Ind"/>
		<feat xlink:href="#sSpan2135" value="Ind"/>
		<feat xlink:href="#sSpan2149" value="Ind"/>
		<feat xlink:href="#sSpan2172" value="Ind"/>
		<feat xlink:href="#sSpan2201" value="Ind"/>
		<feat xlink:href="#sSpan2238" value="Ind"/>
		<feat xlink:href="#sSpan2261" value="Ind"/>
		<feat xlink:href="#sSpan2275" value="Ind"/>
		<feat xlink:href="#sSpan2286" value="Imp"/>
		<feat xlink:href="#sSpan2298" value="Ind"/>
		<feat xlink:href="#sSpan2300" value="Imp"/>
		<feat xlink:href="#sSpan2313" value="Ind"/>
		<feat xlink:href="#sSpan2335" value="Ind"/>
		<feat xlink:href="#sSpan2350" value="Ind"/></featList></paula>