<?xml version='1.0' encoding='UTF-8'?><!DOCTYPE paula SYSTEM "paula_feat.dtd">
<paula version="1.1">
	<header paula_id="morph.GENTLE_esports_fortnite.mark_Gender"/>
	<featList xmlns:xlink="http://www.w3.org/1999/xlink" type="Gender" xml:base="morph.GENTLE_esports_fortnite.mark.xml">
		<feat xlink:href="#sSpan730" value="Masc"/>
		<feat xlink:href="#sSpan762" value="Neut"/>
		<feat xlink:href="#sSpan791" value="Masc"/>
		<feat xlink:href="#sSpan811" value="Masc"/>
		<feat xlink:href="#sSpan821" value="Masc"/>
		<feat xlink:href="#sSpan827" value="Neut"/>
		<feat xlink:href="#sSpan849" value="Masc"/>
		<feat xlink:href="#sSpan882" value="Masc"/>
		<feat xlink:href="#sSpan893" value="Masc"/>
		<feat xlink:href="#sSpan906" value="Masc"/>
		<feat xlink:href="#sSpan927" value="Masc"/>
		<feat xlink:href="#sSpan957" value="Masc"/>
		<feat xlink:href="#sSpan976" value="Masc"/>
		<feat xlink:href="#sSpan990" value="Masc"/>
		<feat xlink:href="#sSpan1003" value="Masc"/>
		<feat xlink:href="#sSpan1011" value="Masc"/>
		<feat xlink:href="#sSpan1026" value="Masc"/>
		<feat xlink:href="#sSpan1085" value="Masc"/>
		<feat xlink:href="#sSpan1151" value="Masc"/>
		<feat xlink:href="#sSpan1189" value="Masc"/>
		<feat xlink:href="#sSpan1254" value="Neut"/>
		<feat xlink:href="#sSpan1256" value="Masc"/>
		<feat xlink:href="#sSpan1391" value="Neut"/>
		<feat xlink:href="#sSpan1418" value="Neut"/>
		<feat xlink:href="#sSpan1502" value="Masc"/>
		<feat xlink:href="#sSpan1591" value="Masc"/>
		<feat xlink:href="#sSpan1625" value="Masc"/>
		<feat xlink:href="#sSpan1643" value="Neut"/>
		<feat xlink:href="#sSpan1684" value="Neut"/>
		<feat xlink:href="#sSpan1728" value="Masc"/>
		<feat xlink:href="#sSpan1741" value="Masc"/>
		<feat xlink:href="#sSpan1799" value="Masc"/>
		<feat xlink:href="#sSpan1806" value="Neut"/>
		<feat xlink:href="#sSpan1819" value="Masc"/>
		<feat xlink:href="#sSpan1938" value="Neut"/>
		<feat xlink:href="#sSpan1942" value="Masc"/>
		<feat xlink:href="#sSpan1956" value="Masc"/>
		<feat xlink:href="#sSpan1972" value="Masc"/>
		<feat xlink:href="#sSpan2001" value="Masc"/>
		<feat xlink:href="#sSpan2027" value="Neut"/>
		<feat xlink:href="#sSpan2039" value="Masc"/>
		<feat xlink:href="#sSpan2086" value="Masc"/>
		<feat xlink:href="#sSpan2111" value="Neut"/>
		<feat xlink:href="#sSpan2118" value="Neut"/>
		<feat xlink:href="#sSpan2173" value="Masc"/>
		<feat xlink:href="#sSpan2192" value="Masc"/>
		<feat xlink:href="#sSpan2234" value="Neut"/>
		<feat xlink:href="#sSpan2263" value="Masc"/>
		<feat xlink:href="#sSpan2275" value="Neut"/>
		<feat xlink:href="#sSpan2282" value="Masc"/>
		<feat xlink:href="#sSpan2338" value="Masc"/></featList></paula>