<?xml version='1.0' encoding='UTF-8'?><!DOCTYPE paula SYSTEM "paula_feat.dtd">
<paula version="1.1">
	<header paula_id="morph.GENTLE_esports_fortnite.mark_Poss"/>
	<featList xmlns:xlink="http://www.w3.org/1999/xlink" type="Poss" xml:base="morph.GENTLE_esports_fortnite.mark.xml">
		<feat xlink:href="#sSpan1271" value="Yes"/>
		<feat xlink:href="#sSpan1318" value="Yes"/>
		<feat xlink:href="#sSpan1462" value="Yes"/>
		<feat xlink:href="#sSpan1518" value="Yes"/>
		<feat xlink:href="#sSpan1619" value="Yes"/>
		<feat xlink:href="#sSpan1652" value="Yes"/>
		<feat xlink:href="#sSpan2199" value="Yes"/>
		<feat xlink:href="#sSpan2279" value="Yes"/>
		<feat xlink:href="#sSpan2328" value="Yes"/>
		<feat xlink:href="#sSpan2405" value="Yes"/>
		<feat xlink:href="#sSpan2431" value="Yes"/>
		<feat xlink:href="#sSpan2605" value="Yes"/>
		<feat xlink:href="#sSpan2638" value="Yes"/>
		<feat xlink:href="#sSpan2842" value="Yes"/>
		<feat xlink:href="#sSpan2939" value="Yes"/></featList></paula>