<?xml version='1.0' encoding='UTF-8'?><!DOCTYPE paula SYSTEM "paula_feat.dtd">
<paula version="1.1">
	<header paula_id="morph.GENTLE_esports_fortnite.mark_Polarity"/>
	<featList xmlns:xlink="http://www.w3.org/1999/xlink" type="Polarity" xml:base="morph.GENTLE_esports_fortnite.mark.xml">
		<feat xlink:href="#sSpan943" value="Neg"/>
		<feat xlink:href="#sSpan1012" value="Pos"/>
		<feat xlink:href="#sSpan1260" value="Neg"/>
		<feat xlink:href="#sSpan1397" value="Neg"/>
		<feat xlink:href="#sSpan1545" value="Pos"/>
		<feat xlink:href="#sSpan2046" value="Neg"/>
		<feat xlink:href="#sSpan2132" value="Neg"/></featList></paula>