<?xml version='1.0' encoding='UTF-8'?><!DOCTYPE paula SYSTEM "paula_feat.dtd">
<paula version="1.1">
	<header paula_id="morph.GENTLE_esports_fortnite.mark_Tense"/>
	<featList xmlns:xlink="http://www.w3.org/1999/xlink" type="Tense" xml:base="morph.GENTLE_esports_fortnite.mark.xml">
		<feat xlink:href="#sSpan1247" value="Pres"/>
		<feat xlink:href="#sSpan1249" value="Past"/>
		<feat xlink:href="#sSpan1260" value="Pres"/>
		<feat xlink:href="#sSpan1315" value="Pres"/>
		<feat xlink:href="#sSpan1373" value="Past"/>
		<feat xlink:href="#sSpan1396" value="Past"/>
		<feat xlink:href="#sSpan1404" value="Pres"/>
		<feat xlink:href="#sSpan1407" value="Past"/>
		<feat xlink:href="#sSpan1424" value="Pres"/>
		<feat xlink:href="#sSpan1428" value="Past"/>
		<feat xlink:href="#sSpan1482" value="Pres"/>
		<feat xlink:href="#sSpan1493" value="Past"/>
		<feat xlink:href="#sSpan1512" value="Past"/>
		<feat xlink:href="#sSpan1562" value="Pres"/>
		<feat xlink:href="#sSpan1564" value="Pres"/>
		<feat xlink:href="#sSpan1573" value="Pres"/>
		<feat xlink:href="#sSpan1596" value="Pres"/>
		<feat xlink:href="#sSpan1605" value="Pres"/>
		<feat xlink:href="#sSpan1642" value="Pres"/>
		<feat xlink:href="#sSpan1644" value="Pres"/>
		<feat xlink:href="#sSpan1668" value="Pres"/>
		<feat xlink:href="#sSpan1675" value="Past"/>
		<feat xlink:href="#sSpan1688" value="Pres"/>
		<feat xlink:href="#sSpan1700" value="Pres"/>
		<feat xlink:href="#sSpan1714" value="Pres"/>
		<feat xlink:href="#sSpan1747" value="Pres"/>
		<feat xlink:href="#sSpan1750" value="Past"/>
		<feat xlink:href="#sSpan1759" value="Past"/>
		<feat xlink:href="#sSpan1772" value="Pres"/>
		<feat xlink:href="#sSpan1781" value="Pres"/>
		<feat xlink:href="#sSpan1801" value="Past"/>
		<feat xlink:href="#sSpan1816" value="Pres"/>
		<feat xlink:href="#sSpan1830" value="Past"/>
		<feat xlink:href="#sSpan1835" value="Past"/>
		<feat xlink:href="#sSpan1843" value="Pres"/>
		<feat xlink:href="#sSpan1851" value="Pres"/>
		<feat xlink:href="#sSpan1859" value="Pres"/>
		<feat xlink:href="#sSpan1887" value="Pres"/>
		<feat xlink:href="#sSpan1890" value="Pres"/>
		<feat xlink:href="#sSpan1895" value="Pres"/>
		<feat xlink:href="#sSpan1905" value="Past"/>
		<feat xlink:href="#sSpan1923" value="Pres"/>
		<feat xlink:href="#sSpan1948" value="Pres"/>
		<feat xlink:href="#sSpan1967" value="Pres"/>
		<feat xlink:href="#sSpan1982" value="Pres"/>
		<feat xlink:href="#sSpan1998" value="Pres"/>
		<feat xlink:href="#sSpan2007" value="Pres"/>
		<feat xlink:href="#sSpan2020" value="Past"/>
		<feat xlink:href="#sSpan2028" value="Pres"/>
		<feat xlink:href="#sSpan2033" value="Pres"/>
		<feat xlink:href="#sSpan2045" value="Past"/>
		<feat xlink:href="#sSpan2065" value="Pres"/>
		<feat xlink:href="#sSpan2073" value="Pres"/>
		<feat xlink:href="#sSpan2091" value="Pres"/>
		<feat xlink:href="#sSpan2104" value="Pres"/>
		<feat xlink:href="#sSpan2108" value="Pres"/>
		<feat xlink:href="#sSpan2132" value="Past"/>
		<feat xlink:href="#sSpan2136" value="Pres"/>
		<feat xlink:href="#sSpan2147" value="Pres"/>
		<feat xlink:href="#sSpan2162" value="Pres"/>
		<feat xlink:href="#sSpan2165" value="Past"/>
		<feat xlink:href="#sSpan2184" value="Pres"/>
		<feat xlink:href="#sSpan2196" value="Pres"/>
		<feat xlink:href="#sSpan2242" value="Pres"/>
		<feat xlink:href="#sSpan2259" value="Pres"/>
		<feat xlink:href="#sSpan2263" value="Past"/>
		<feat xlink:href="#sSpan2264" value="Past"/>
		<feat xlink:href="#sSpan2271" value="Pres"/>
		<feat xlink:href="#sSpan2309" value="Pres"/>
		<feat xlink:href="#sSpan2311" value="Past"/>
		<feat xlink:href="#sSpan2323" value="Past"/>
		<feat xlink:href="#sSpan2365" value="Past"/>
		<feat xlink:href="#sSpan2385" value="Past"/>
		<feat xlink:href="#sSpan2393" value="Pres"/>
		<feat xlink:href="#sSpan2420" value="Past"/>
		<feat xlink:href="#sSpan2442" value="Pres"/>
		<feat xlink:href="#sSpan2449" value="Pres"/>
		<feat xlink:href="#sSpan2462" value="Pres"/>
		<feat xlink:href="#sSpan2475" value="Past"/>
		<feat xlink:href="#sSpan2497" value="Pres"/>
		<feat xlink:href="#sSpan2506" value="Pres"/>
		<feat xlink:href="#sSpan2516" value="Pres"/>
		<feat xlink:href="#sSpan2524" value="Past"/>
		<feat xlink:href="#sSpan2540" value="Past"/>
		<feat xlink:href="#sSpan2543" value="Pres"/>
		<feat xlink:href="#sSpan2556" value="Pres"/>
		<feat xlink:href="#sSpan2568" value="Past"/>
		<feat xlink:href="#sSpan2582" value="Past"/>
		<feat xlink:href="#sSpan2596" value="Past"/>
		<feat xlink:href="#sSpan2597" value="Pres"/>
		<feat xlink:href="#sSpan2613" value="Past"/>
		<feat xlink:href="#sSpan2653" value="Pres"/>
		<feat xlink:href="#sSpan2674" value="Pres"/>
		<feat xlink:href="#sSpan2681" value="Pres"/>
		<feat xlink:href="#sSpan2712" value="Past"/>
		<feat xlink:href="#sSpan2729" value="Past"/>
		<feat xlink:href="#sSpan2736" value="Pres"/>
		<feat xlink:href="#sSpan2749" value="Pres"/>
		<feat xlink:href="#sSpan2753" value="Past"/>
		<feat xlink:href="#sSpan2770" value="Pres"/>
		<feat xlink:href="#sSpan2800" value="Pres"/>
		<feat xlink:href="#sSpan2804" value="Pres"/>
		<feat xlink:href="#sSpan2832" value="Pres"/>
		<feat xlink:href="#sSpan2853" value="Pres"/>
		<feat xlink:href="#sSpan2868" value="Pres"/>
		<feat xlink:href="#sSpan2872" value="Pres"/>
		<feat xlink:href="#sSpan2892" value="Pres"/>
		<feat xlink:href="#sSpan2905" value="Pres"/>
		<feat xlink:href="#sSpan2925" value="Pres"/>
		<feat xlink:href="#sSpan2945" value="Pres"/></featList></paula>