<?xml version='1.0' encoding='UTF-8'?><!DOCTYPE paula SYSTEM "paula_feat.dtd">
<paula version="1.1">
	<header paula_id="morph.GENTLE_esports_fortnite.mark_Degree"/>
	<featList xmlns:xlink="http://www.w3.org/1999/xlink" type="Degree" xml:base="morph.GENTLE_esports_fortnite.mark.xml">
		<feat xlink:href="#sSpan624" value="Cmp"/>
		<feat xlink:href="#sSpan637" value="Pos"/>
		<feat xlink:href="#sSpan656" value="Pos"/>
		<feat xlink:href="#sSpan667" value="Pos"/>
		<feat xlink:href="#sSpan673" value="Pos"/>
		<feat xlink:href="#sSpan694" value="Pos"/>
		<feat xlink:href="#sSpan699" value="Pos"/>
		<feat xlink:href="#sSpan711" value="Pos"/>
		<feat xlink:href="#sSpan713" value="Pos"/>
		<feat xlink:href="#sSpan714" value="Pos"/>
		<feat xlink:href="#sSpan724" value="Pos"/>
		<feat xlink:href="#sSpan733" value="Pos"/>
		<feat xlink:href="#sSpan735" value="Pos"/>
		<feat xlink:href="#sSpan754" value="Pos"/>
		<feat xlink:href="#sSpan769" value="Pos"/>
		<feat xlink:href="#sSpan804" value="Pos"/>
		<feat xlink:href="#sSpan817" value="Pos"/>
		<feat xlink:href="#sSpan831" value="Pos"/>
		<feat xlink:href="#sSpan860" value="Pos"/>
		<feat xlink:href="#sSpan870" value="Pos"/>
		<feat xlink:href="#sSpan896" value="Pos"/>
		<feat xlink:href="#sSpan919" value="Pos"/>
		<feat xlink:href="#sSpan939" value="Pos"/>
		<feat xlink:href="#sSpan940" value="Pos"/>
		<feat xlink:href="#sSpan961" value="Pos"/>
		<feat xlink:href="#sSpan1049" value="Pos"/>
		<feat xlink:href="#sSpan1055" value="Pos"/>
		<feat xlink:href="#sSpan1061" value="Pos"/>
		<feat xlink:href="#sSpan1062" value="Pos"/>
		<feat xlink:href="#sSpan1071" value="Pos"/>
		<feat xlink:href="#sSpan1094" value="Pos"/>
		<feat xlink:href="#sSpan1109" value="Pos"/>
		<feat xlink:href="#sSpan1115" value="Pos"/>
		<feat xlink:href="#sSpan1133" value="Pos"/>
		<feat xlink:href="#sSpan1140" value="Pos"/>
		<feat xlink:href="#sSpan1180" value="Pos"/>
		<feat xlink:href="#sSpan1197" value="Pos"/>
		<feat xlink:href="#sSpan1215" value="Pos"/>
		<feat xlink:href="#sSpan1222" value="Pos"/>
		<feat xlink:href="#sSpan1225" value="Pos"/>
		<feat xlink:href="#sSpan1242" value="Pos"/>
		<feat xlink:href="#sSpan1294" value="Pos"/>
		<feat xlink:href="#sSpan1304" value="Pos"/>
		<feat xlink:href="#sSpan1310" value="Pos"/>
		<feat xlink:href="#sSpan1314" value="Pos"/>
		<feat xlink:href="#sSpan1319" value="Pos"/>
		<feat xlink:href="#sSpan1331" value="Pos"/>
		<feat xlink:href="#sSpan1352" value="Pos"/>
		<feat xlink:href="#sSpan1362" value="Pos"/>
		<feat xlink:href="#sSpan1363" value="Pos"/>
		<feat xlink:href="#sSpan1377" value="Cmp"/>
		<feat xlink:href="#sSpan1407" value="Pos"/>
		<feat xlink:href="#sSpan1414" value="Pos"/>
		<feat xlink:href="#sSpan1416" value="Pos"/>
		<feat xlink:href="#sSpan1427" value="Pos"/>
		<feat xlink:href="#sSpan1435" value="Pos"/>
		<feat xlink:href="#sSpan1436" value="Pos"/>
		<feat xlink:href="#sSpan1465" value="Pos"/>
		<feat xlink:href="#sSpan1495" value="Pos"/>
		<feat xlink:href="#sSpan1496" value="Pos"/>
		<feat xlink:href="#sSpan1527" value="Pos"/>
		<feat xlink:href="#sSpan1555" value="Pos"/>
		<feat xlink:href="#sSpan1570" value="Pos"/>
		<feat xlink:href="#sSpan1578" value="Pos"/>
		<feat xlink:href="#sSpan1579" value="Pos"/>
		<feat xlink:href="#sSpan1594" value="Pos"/>
		<feat xlink:href="#sSpan1601" value="Pos"/>
		<feat xlink:href="#sSpan1611" value="Pos"/>
		<feat xlink:href="#sSpan1613" value="Cmp"/>
		<feat xlink:href="#sSpan1614" value="Pos"/>
		<feat xlink:href="#sSpan1649" value="Pos"/>
		<feat xlink:href="#sSpan1669" value="Pos"/>
		<feat xlink:href="#sSpan1706" value="Pos"/>
		<feat xlink:href="#sSpan1719" value="Pos"/>
		<feat xlink:href="#sSpan1736" value="Pos"/>
		<feat xlink:href="#sSpan1763" value="Pos"/>
		<feat xlink:href="#sSpan1765" value="Pos"/>
		<feat xlink:href="#sSpan1775" value="Pos"/>
		<feat xlink:href="#sSpan1823" value="Pos"/>
		<feat xlink:href="#sSpan1827" value="Pos"/>
		<feat xlink:href="#sSpan1854" value="Pos"/>
		<feat xlink:href="#sSpan1855" value="Pos"/>
		<feat xlink:href="#sSpan1879" value="Pos"/>
		<feat xlink:href="#sSpan1882" value="Pos"/>
		<feat xlink:href="#sSpan1929" value="Pos"/>
		<feat xlink:href="#sSpan1954" value="Pos"/>
		<feat xlink:href="#sSpan2003" value="Pos"/>
		<feat xlink:href="#sSpan2036" value="Pos"/>
		<feat xlink:href="#sSpan2050" value="Pos"/>
		<feat xlink:href="#sSpan2061" value="Pos"/>
		<feat xlink:href="#sSpan2104" value="Pos"/>
		<feat xlink:href="#sSpan2136" value="Pos"/>
		<feat xlink:href="#sSpan2176" value="Pos"/>
		<feat xlink:href="#sSpan2185" value="Pos"/>
		<feat xlink:href="#sSpan2186" value="Pos"/>
		<feat xlink:href="#sSpan2223" value="Pos"/>
		<feat xlink:href="#sSpan2247" value="Pos"/>
		<feat xlink:href="#sSpan2297" value="Pos"/>
		<feat xlink:href="#sSpan2320" value="Pos"/>
		<feat xlink:href="#sSpan2329" value="Pos"/>
		<feat xlink:href="#sSpan2332" value="Pos"/>
		<feat xlink:href="#sSpan2346" value="Pos"/></featList></paula>