<?xml version='1.0' encoding='UTF-8'?><!DOCTYPE paula SYSTEM "paula_feat.dtd">
<paula version="1.1">
	<header paula_id="morph.GENTLE_esports_fortnite.mark_Polarity"/>
	<featList xmlns:xlink="http://www.w3.org/1999/xlink" type="Polarity" xml:base="morph.GENTLE_esports_fortnite.mark.xml">
		<feat xlink:href="#sSpan1423" value="Neg"/>
		<feat xlink:href="#sSpan1573" value="Neg"/>
		<feat xlink:href="#sSpan1890" value="Neg"/>
		<feat xlink:href="#sSpan2028" value="Neg"/>
		<feat xlink:href="#sSpan2138" value="Neg"/>
		<feat xlink:href="#sSpan2546" value="Neg"/>
		<feat xlink:href="#sSpan2671" value="Neg"/>
		<feat xlink:href="#sSpan2757" value="Neg"/></featList></paula>