<?xml version='1.0' encoding='UTF-8'?><!DOCTYPE paula SYSTEM "paula_feat.dtd">
<paula version="1.1">
	<header paula_id="morph.GENTLE_esports_fortnite.mark_ExtPos"/>
	<featList xmlns:xlink="http://www.w3.org/1999/xlink" type="ExtPos" xml:base="morph.GENTLE_esports_fortnite.mark.xml">
		<feat xlink:href="#sSpan1058" value="ADV"/>
		<feat xlink:href="#sSpan1248" value="ADV"/>
		<feat xlink:href="#sSpan1302" value="ADV"/>
		<feat xlink:href="#sSpan1354" value="ADV"/>
		<feat xlink:href="#sSpan1366" value="ADV"/>
		<feat xlink:href="#sSpan1532" value="PRON"/>
		<feat xlink:href="#sSpan1695" value="ADV"/>
		<feat xlink:href="#sSpan2187" value="PRON"/></featList></paula>