<?xml version='1.0' encoding='UTF-8'?><!DOCTYPE paula SYSTEM "paula_feat.dtd">
<paula version="1.1">
	<header paula_id="morph.GENTLE_esports_fortnite.mark_Voice"/>
	<featList xmlns:xlink="http://www.w3.org/1999/xlink" type="Voice" xml:base="morph.GENTLE_esports_fortnite.mark.xml">
		<feat xlink:href="#sSpan1135" value="Pass"/>
		<feat xlink:href="#sSpan1176" value="Pass"/>
		<feat xlink:href="#sSpan1206" value="Pass"/>
		<feat xlink:href="#sSpan1210" value="Pass"/>
		<feat xlink:href="#sSpan1282" value="Pass"/>
		<feat xlink:href="#sSpan1423" value="Pass"/>
		<feat xlink:href="#sSpan1651" value="Pass"/>
		<feat xlink:href="#sSpan1655" value="Pass"/>
		<feat xlink:href="#sSpan1773" value="Pass"/>
		<feat xlink:href="#sSpan2107" value="Pass"/></featList></paula>