<?xml version='1.0' encoding='UTF-8'?><!DOCTYPE paula SYSTEM "paula_feat.dtd">
<paula version="1.1">
	<header paula_id="morph.GENTLE_esports_fortnite.mark_Definite"/>
	<featList xmlns:xlink="http://www.w3.org/1999/xlink" type="Definite" xml:base="morph.GENTLE_esports_fortnite.mark.xml">
		<feat xlink:href="#sSpan609" value="Def"/>
		<feat xlink:href="#sSpan626" value="Def"/>
		<feat xlink:href="#sSpan655" value="Ind"/>
		<feat xlink:href="#sSpan661" value="Def"/>
		<feat xlink:href="#sSpan664" value="Def"/>
		<feat xlink:href="#sSpan669" value="Def"/>
		<feat xlink:href="#sSpan673" value="Def"/>
		<feat xlink:href="#sSpan679" value="Def"/>
		<feat xlink:href="#sSpan694" value="Def"/>
		<feat xlink:href="#sSpan705" value="Def"/>
		<feat xlink:href="#sSpan745" value="Def"/>
		<feat xlink:href="#sSpan747" value="Def"/>
		<feat xlink:href="#sSpan777" value="Def"/>
		<feat xlink:href="#sSpan795" value="Def"/>
		<feat xlink:href="#sSpan809" value="Def"/>
		<feat xlink:href="#sSpan837" value="Def"/>
		<feat xlink:href="#sSpan862" value="Def"/>
		<feat xlink:href="#sSpan868" value="Def"/>
		<feat xlink:href="#sSpan904" value="Ind"/>
		<feat xlink:href="#sSpan995" value="Def"/>
		<feat xlink:href="#sSpan1086" value="Ind"/>
		<feat xlink:href="#sSpan1094" value="Def"/>
		<feat xlink:href="#sSpan1117" value="Def"/>
		<feat xlink:href="#sSpan1157" value="Def"/>
		<feat xlink:href="#sSpan1163" value="Def"/>
		<feat xlink:href="#sSpan1168" value="Def"/>
		<feat xlink:href="#sSpan1182" value="Ind"/>
		<feat xlink:href="#sSpan1197" value="Def"/>
		<feat xlink:href="#sSpan1214" value="Def"/>
		<feat xlink:href="#sSpan1229" value="Def"/>
		<feat xlink:href="#sSpan1286" value="Ind"/>
		<feat xlink:href="#sSpan1313" value="Ind"/>
		<feat xlink:href="#sSpan1319" value="Ind"/>
		<feat xlink:href="#sSpan1347" value="Def"/>
		<feat xlink:href="#sSpan1444" value="Def"/>
		<feat xlink:href="#sSpan1459" value="Def"/>
		<feat xlink:href="#sSpan1490" value="Ind"/>
		<feat xlink:href="#sSpan1504" value="Def"/>
		<feat xlink:href="#sSpan1534" value="Ind"/>
		<feat xlink:href="#sSpan1542" value="Def"/>
		<feat xlink:href="#sSpan1547" value="Def"/>
		<feat xlink:href="#sSpan1554" value="Ind"/>
		<feat xlink:href="#sSpan1608" value="Def"/>
		<feat xlink:href="#sSpan1652" value="Def"/>
		<feat xlink:href="#sSpan1676" value="Def"/>
		<feat xlink:href="#sSpan1697" value="Def"/>
		<feat xlink:href="#sSpan1700" value="Def"/>
		<feat xlink:href="#sSpan1723" value="Def"/>
		<feat xlink:href="#sSpan1753" value="Ind"/>
		<feat xlink:href="#sSpan1769" value="Def"/>
		<feat xlink:href="#sSpan1802" value="Def"/>
		<feat xlink:href="#sSpan1820" value="Ind"/>
		<feat xlink:href="#sSpan1851" value="Ind"/>
		<feat xlink:href="#sSpan1857" value="Def"/>
		<feat xlink:href="#sSpan1870" value="Def"/>
		<feat xlink:href="#sSpan1893" value="Def"/>
		<feat xlink:href="#sSpan1897" value="Def"/>
		<feat xlink:href="#sSpan1899" value="Def"/>
		<feat xlink:href="#sSpan1937" value="Def"/>
		<feat xlink:href="#sSpan1949" value="Def"/>
		<feat xlink:href="#sSpan1953" value="Def"/>
		<feat xlink:href="#sSpan1964" value="Def"/>
		<feat xlink:href="#sSpan1982" value="Def"/>
		<feat xlink:href="#sSpan2027" value="Ind"/>
		<feat xlink:href="#sSpan2031" value="Def"/>
		<feat xlink:href="#sSpan2039" value="Def"/>
		<feat xlink:href="#sSpan2064" value="Def"/>
		<feat xlink:href="#sSpan2149" value="Ind"/>
		<feat xlink:href="#sSpan2169" value="Def"/>
		<feat xlink:href="#sSpan2173" value="Def"/>
		<feat xlink:href="#sSpan2211" value="Ind"/>
		<feat xlink:href="#sSpan2267" value="Def"/>
		<feat xlink:href="#sSpan2275" value="Def"/>
		<feat xlink:href="#sSpan2278" value="Ind"/>
		<feat xlink:href="#sSpan2283" value="Ind"/></featList></paula>