<?xml version='1.0' encoding='UTF-8'?><!DOCTYPE paula SYSTEM "paula_rel.dtd">
<paula version="1.1">
	<header paula_id="no_layer.GENTLE_esports_fortnite.head"/>
	<relList xmlns:xlink="http://www.w3.org/1999/xlink" type="head">
		<rel id="sPointingRel1704_13029" xlink:href="ref.GENTLE_esports_fortnite.mark.xml#sSpan176" target="GENTLE_esports_fortnite.tok.xml#sTok4"/>
		<rel id="sPointingRel1705" xlink:href="ref.GENTLE_esports_fortnite.mark.xml#sSpan177" target="GENTLE_esports_fortnite.tok.xml#sTok6"/>
		<rel id="sPointingRel1706_13031" xlink:href="ref.GENTLE_esports_fortnite.mark.xml#sSpan178" target="GENTLE_esports_fortnite.tok.xml#sTok11"/>
		<rel id="sPointingRel1707" xlink:href="ref.GENTLE_esports_fortnite.mark.xml#sSpan179" target="GENTLE_esports_fortnite.tok.xml#sTok17"/>
		<rel id="sPointingRel1708_13033" xlink:href="ref.GENTLE_esports_fortnite.mark.xml#sSpan180" target="GENTLE_esports_fortnite.tok.xml#sTok14"/>
		<rel id="sPointingRel1709" xlink:href="ref.GENTLE_esports_fortnite.mark.xml#sSpan181" target="GENTLE_esports_fortnite.tok.xml#sTok14"/>
		<rel id="sPointingRel1710_13035" xlink:href="ref.GENTLE_esports_fortnite.mark.xml#sSpan182" target="GENTLE_esports_fortnite.tok.xml#sTok20"/>
		<rel id="sPointingRel1711" xlink:href="ref.GENTLE_esports_fortnite.mark.xml#sSpan183" target="GENTLE_esports_fortnite.tok.xml#sTok24"/>
		<rel id="sPointingRel1712_13037" xlink:href="ref.GENTLE_esports_fortnite.mark.xml#sSpan184" target="GENTLE_esports_fortnite.tok.xml#sTok27"/>
		<rel id="sPointingRel1713" xlink:href="ref.GENTLE_esports_fortnite.mark.xml#sSpan185" target="GENTLE_esports_fortnite.tok.xml#sTok26"/>
		<rel id="sPointingRel1714" xlink:href="ref.GENTLE_esports_fortnite.mark.xml#sSpan186" target="GENTLE_esports_fortnite.tok.xml#sTok30"/>
		<rel id="sPointingRel1715" xlink:href="ref.GENTLE_esports_fortnite.mark.xml#sSpan187" target="GENTLE_esports_fortnite.tok.xml#sTok32"/>
		<rel id="sPointingRel1716" xlink:href="ref.GENTLE_esports_fortnite.mark.xml#sSpan188" target="GENTLE_esports_fortnite.tok.xml#sTok39"/>
		<rel id="sPointingRel1717" xlink:href="ref.GENTLE_esports_fortnite.mark.xml#sSpan189" target="GENTLE_esports_fortnite.tok.xml#sTok44"/>
		<rel id="sPointingRel1718" xlink:href="ref.GENTLE_esports_fortnite.mark.xml#sSpan190" target="GENTLE_esports_fortnite.tok.xml#sTok46"/>
		<rel id="sPointingRel1719" xlink:href="ref.GENTLE_esports_fortnite.mark.xml#sSpan191" target="GENTLE_esports_fortnite.tok.xml#sTok48"/>
		<rel id="sPointingRel1720" xlink:href="ref.GENTLE_esports_fortnite.mark.xml#sSpan192" target="GENTLE_esports_fortnite.tok.xml#sTok52"/>
		<rel id="sPointingRel1721" xlink:href="ref.GENTLE_esports_fortnite.mark.xml#sSpan193" target="GENTLE_esports_fortnite.tok.xml#sTok55"/>
		<rel id="sPointingRel1722" xlink:href="ref.GENTLE_esports_fortnite.mark.xml#sSpan194" target="GENTLE_esports_fortnite.tok.xml#sTok58"/>
		<rel id="sPointingRel1723" xlink:href="ref.GENTLE_esports_fortnite.mark.xml#sSpan195" target="GENTLE_esports_fortnite.tok.xml#sTok61"/>
		<rel id="sPointingRel1724" xlink:href="ref.GENTLE_esports_fortnite.mark.xml#sSpan196" target="GENTLE_esports_fortnite.tok.xml#sTok65"/>
		<rel id="sPointingRel1725" xlink:href="ref.GENTLE_esports_fortnite.mark.xml#sSpan197" target="GENTLE_esports_fortnite.tok.xml#sTok68"/>
		<rel id="sPointingRel1726" xlink:href="ref.GENTLE_esports_fortnite.mark.xml#sSpan198" target="GENTLE_esports_fortnite.tok.xml#sTok74"/>
		<rel id="sPointingRel1727" xlink:href="ref.GENTLE_esports_fortnite.mark.xml#sSpan199" target="GENTLE_esports_fortnite.tok.xml#sTok72"/>
		<rel id="sPointingRel1728" xlink:href="ref.GENTLE_esports_fortnite.mark.xml#sSpan200" target="GENTLE_esports_fortnite.tok.xml#sTok78"/>
		<rel id="sPointingRel1729" xlink:href="ref.GENTLE_esports_fortnite.mark.xml#sSpan201" target="GENTLE_esports_fortnite.tok.xml#sTok80"/>
		<rel id="sPointingRel1730" xlink:href="ref.GENTLE_esports_fortnite.mark.xml#sSpan202" target="GENTLE_esports_fortnite.tok.xml#sTok80"/>
		<rel id="sPointingRel1731" xlink:href="ref.GENTLE_esports_fortnite.mark.xml#sSpan203" target="GENTLE_esports_fortnite.tok.xml#sTok82"/>
		<rel id="sPointingRel1732" xlink:href="ref.GENTLE_esports_fortnite.mark.xml#sSpan204" target="GENTLE_esports_fortnite.tok.xml#sTok84"/>
		<rel id="sPointingRel1733" xlink:href="ref.GENTLE_esports_fortnite.mark.xml#sSpan205" target="GENTLE_esports_fortnite.tok.xml#sTok86"/>
		<rel id="sPointingRel1734" xlink:href="ref.GENTLE_esports_fortnite.mark.xml#sSpan206" target="GENTLE_esports_fortnite.tok.xml#sTok88"/>
		<rel id="sPointingRel1735" xlink:href="ref.GENTLE_esports_fortnite.mark.xml#sSpan207" target="GENTLE_esports_fortnite.tok.xml#sTok90"/>
		<rel id="sPointingRel1736" xlink:href="ref.GENTLE_esports_fortnite.mark.xml#sSpan208" target="GENTLE_esports_fortnite.tok.xml#sTok92"/>
		<rel id="sPointingRel1737" xlink:href="ref.GENTLE_esports_fortnite.mark.xml#sSpan209" target="GENTLE_esports_fortnite.tok.xml#sTok95"/>
		<rel id="sPointingRel1738" xlink:href="ref.GENTLE_esports_fortnite.mark.xml#sSpan210" target="GENTLE_esports_fortnite.tok.xml#sTok98"/>
		<rel id="sPointingRel1739" xlink:href="ref.GENTLE_esports_fortnite.mark.xml#sSpan211" target="GENTLE_esports_fortnite.tok.xml#sTok102"/>
		<rel id="sPointingRel1740" xlink:href="ref.GENTLE_esports_fortnite.mark.xml#sSpan212" target="GENTLE_esports_fortnite.tok.xml#sTok104"/>
		<rel id="sPointingRel1741" xlink:href="ref.GENTLE_esports_fortnite.mark.xml#sSpan213" target="GENTLE_esports_fortnite.tok.xml#sTok108"/>
		<rel id="sPointingRel1742" xlink:href="ref.GENTLE_esports_fortnite.mark.xml#sSpan214" target="GENTLE_esports_fortnite.tok.xml#sTok111"/>
		<rel id="sPointingRel1743" xlink:href="ref.GENTLE_esports_fortnite.mark.xml#sSpan215" target="GENTLE_esports_fortnite.tok.xml#sTok115"/>
		<rel id="sPointingRel1744" xlink:href="ref.GENTLE_esports_fortnite.mark.xml#sSpan216" target="GENTLE_esports_fortnite.tok.xml#sTok118"/>
		<rel id="sPointingRel1745" xlink:href="ref.GENTLE_esports_fortnite.mark.xml#sSpan217" target="GENTLE_esports_fortnite.tok.xml#sTok123"/>
		<rel id="sPointingRel1746" xlink:href="ref.GENTLE_esports_fortnite.mark.xml#sSpan218" target="GENTLE_esports_fortnite.tok.xml#sTok127"/>
		<rel id="sPointingRel1747" xlink:href="ref.GENTLE_esports_fortnite.mark.xml#sSpan219" target="GENTLE_esports_fortnite.tok.xml#sTok129"/>
		<rel id="sPointingRel1748" xlink:href="ref.GENTLE_esports_fortnite.mark.xml#sSpan220" target="GENTLE_esports_fortnite.tok.xml#sTok131"/>
		<rel id="sPointingRel1749" xlink:href="ref.GENTLE_esports_fortnite.mark.xml#sSpan221" target="GENTLE_esports_fortnite.tok.xml#sTok136"/>
		<rel id="sPointingRel1750" xlink:href="ref.GENTLE_esports_fortnite.mark.xml#sSpan222" target="GENTLE_esports_fortnite.tok.xml#sTok140"/>
		<rel id="sPointingRel1751" xlink:href="ref.GENTLE_esports_fortnite.mark.xml#sSpan223" target="GENTLE_esports_fortnite.tok.xml#sTok143"/>
		<rel id="sPointingRel1752" xlink:href="ref.GENTLE_esports_fortnite.mark.xml#sSpan224" target="GENTLE_esports_fortnite.tok.xml#sTok142"/>
		<rel id="sPointingRel1753" xlink:href="ref.GENTLE_esports_fortnite.mark.xml#sSpan225" target="GENTLE_esports_fortnite.tok.xml#sTok146"/>
		<rel id="sPointingRel1754" xlink:href="ref.GENTLE_esports_fortnite.mark.xml#sSpan226" target="GENTLE_esports_fortnite.tok.xml#sTok149"/>
		<rel id="sPointingRel1755" xlink:href="ref.GENTLE_esports_fortnite.mark.xml#sSpan227" target="GENTLE_esports_fortnite.tok.xml#sTok154"/>
		<rel id="sPointingRel1756" xlink:href="ref.GENTLE_esports_fortnite.mark.xml#sSpan228" target="GENTLE_esports_fortnite.tok.xml#sTok158"/>
		<rel id="sPointingRel1757" xlink:href="ref.GENTLE_esports_fortnite.mark.xml#sSpan229" target="GENTLE_esports_fortnite.tok.xml#sTok160"/>
		<rel id="sPointingRel1758" xlink:href="ref.GENTLE_esports_fortnite.mark.xml#sSpan230" target="GENTLE_esports_fortnite.tok.xml#sTok167"/>
		<rel id="sPointingRel1759" xlink:href="ref.GENTLE_esports_fortnite.mark.xml#sSpan231" target="GENTLE_esports_fortnite.tok.xml#sTok166"/>
		<rel id="sPointingRel1760" xlink:href="ref.GENTLE_esports_fortnite.mark.xml#sSpan232" target="GENTLE_esports_fortnite.tok.xml#sTok170"/>
		<rel id="sPointingRel1761" xlink:href="ref.GENTLE_esports_fortnite.mark.xml#sSpan233" target="GENTLE_esports_fortnite.tok.xml#sTok174"/>
		<rel id="sPointingRel1762" xlink:href="ref.GENTLE_esports_fortnite.mark.xml#sSpan234" target="GENTLE_esports_fortnite.tok.xml#sTok177"/>
		<rel id="sPointingRel1763" xlink:href="ref.GENTLE_esports_fortnite.mark.xml#sSpan235" target="GENTLE_esports_fortnite.tok.xml#sTok179"/>
		<rel id="sPointingRel1764" xlink:href="ref.GENTLE_esports_fortnite.mark.xml#sSpan236" target="GENTLE_esports_fortnite.tok.xml#sTok182"/>
		<rel id="sPointingRel1765" xlink:href="ref.GENTLE_esports_fortnite.mark.xml#sSpan237" target="GENTLE_esports_fortnite.tok.xml#sTok188"/>
		<rel id="sPointingRel1766" xlink:href="ref.GENTLE_esports_fortnite.mark.xml#sSpan238" target="GENTLE_esports_fortnite.tok.xml#sTok185"/>
		<rel id="sPointingRel1767" xlink:href="ref.GENTLE_esports_fortnite.mark.xml#sSpan239" target="GENTLE_esports_fortnite.tok.xml#sTok186"/>
		<rel id="sPointingRel1768" xlink:href="ref.GENTLE_esports_fortnite.mark.xml#sSpan240" target="GENTLE_esports_fortnite.tok.xml#sTok190"/>
		<rel id="sPointingRel1769" xlink:href="ref.GENTLE_esports_fortnite.mark.xml#sSpan241" target="GENTLE_esports_fortnite.tok.xml#sTok194"/>
		<rel id="sPointingRel1770" xlink:href="ref.GENTLE_esports_fortnite.mark.xml#sSpan242" target="GENTLE_esports_fortnite.tok.xml#sTok197"/>
		<rel id="sPointingRel1771" xlink:href="ref.GENTLE_esports_fortnite.mark.xml#sSpan243" target="GENTLE_esports_fortnite.tok.xml#sTok201"/>
		<rel id="sPointingRel1772" xlink:href="ref.GENTLE_esports_fortnite.mark.xml#sSpan244" target="GENTLE_esports_fortnite.tok.xml#sTok199"/>
		<rel id="sPointingRel1773" xlink:href="ref.GENTLE_esports_fortnite.mark.xml#sSpan245" target="GENTLE_esports_fortnite.tok.xml#sTok203"/>
		<rel id="sPointingRel1774" xlink:href="ref.GENTLE_esports_fortnite.mark.xml#sSpan246" target="GENTLE_esports_fortnite.tok.xml#sTok209"/>
		<rel id="sPointingRel1775" xlink:href="ref.GENTLE_esports_fortnite.mark.xml#sSpan247" target="GENTLE_esports_fortnite.tok.xml#sTok213"/>
		<rel id="sPointingRel1776" xlink:href="ref.GENTLE_esports_fortnite.mark.xml#sSpan248" target="GENTLE_esports_fortnite.tok.xml#sTok216"/>
		<rel id="sPointingRel1777" xlink:href="ref.GENTLE_esports_fortnite.mark.xml#sSpan249" target="GENTLE_esports_fortnite.tok.xml#sTok224"/>
		<rel id="sPointingRel1778" xlink:href="ref.GENTLE_esports_fortnite.mark.xml#sSpan250" target="GENTLE_esports_fortnite.tok.xml#sTok219"/>
		<rel id="sPointingRel1779" xlink:href="ref.GENTLE_esports_fortnite.mark.xml#sSpan251" target="GENTLE_esports_fortnite.tok.xml#sTok230"/>
		<rel id="sPointingRel1780" xlink:href="ref.GENTLE_esports_fortnite.mark.xml#sSpan252" target="GENTLE_esports_fortnite.tok.xml#sTok233"/>
		<rel id="sPointingRel1781" xlink:href="ref.GENTLE_esports_fortnite.mark.xml#sSpan253" target="GENTLE_esports_fortnite.tok.xml#sTok235"/>
		<rel id="sPointingRel1782" xlink:href="ref.GENTLE_esports_fortnite.mark.xml#sSpan254" target="GENTLE_esports_fortnite.tok.xml#sTok240"/>
		<rel id="sPointingRel1783" xlink:href="ref.GENTLE_esports_fortnite.mark.xml#sSpan255" target="GENTLE_esports_fortnite.tok.xml#sTok247"/>
		<rel id="sPointingRel1784" xlink:href="ref.GENTLE_esports_fortnite.mark.xml#sSpan256" target="GENTLE_esports_fortnite.tok.xml#sTok249"/>
		<rel id="sPointingRel1785" xlink:href="ref.GENTLE_esports_fortnite.mark.xml#sSpan257" target="GENTLE_esports_fortnite.tok.xml#sTok258"/>
		<rel id="sPointingRel1786" xlink:href="ref.GENTLE_esports_fortnite.mark.xml#sSpan258" target="GENTLE_esports_fortnite.tok.xml#sTok265"/>
		<rel id="sPointingRel1787" xlink:href="ref.GENTLE_esports_fortnite.mark.xml#sSpan259" target="GENTLE_esports_fortnite.tok.xml#sTok268"/>
		<rel id="sPointingRel1788" xlink:href="ref.GENTLE_esports_fortnite.mark.xml#sSpan260" target="GENTLE_esports_fortnite.tok.xml#sTok270"/>
		<rel id="sPointingRel1789" xlink:href="ref.GENTLE_esports_fortnite.mark.xml#sSpan261" target="GENTLE_esports_fortnite.tok.xml#sTok275"/>
		<rel id="sPointingRel1790" xlink:href="ref.GENTLE_esports_fortnite.mark.xml#sSpan262" target="GENTLE_esports_fortnite.tok.xml#sTok274"/>
		<rel id="sPointingRel1791" xlink:href="ref.GENTLE_esports_fortnite.mark.xml#sSpan263" target="GENTLE_esports_fortnite.tok.xml#sTok278"/>
		<rel id="sPointingRel1792" xlink:href="ref.GENTLE_esports_fortnite.mark.xml#sSpan264" target="GENTLE_esports_fortnite.tok.xml#sTok279"/>
		<rel id="sPointingRel1793" xlink:href="ref.GENTLE_esports_fortnite.mark.xml#sSpan265" target="GENTLE_esports_fortnite.tok.xml#sTok282"/>
		<rel id="sPointingRel1794" xlink:href="ref.GENTLE_esports_fortnite.mark.xml#sSpan266" target="GENTLE_esports_fortnite.tok.xml#sTok281"/>
		<rel id="sPointingRel1795" xlink:href="ref.GENTLE_esports_fortnite.mark.xml#sSpan267" target="GENTLE_esports_fortnite.tok.xml#sTok286"/>
		<rel id="sPointingRel1796" xlink:href="ref.GENTLE_esports_fortnite.mark.xml#sSpan268" target="GENTLE_esports_fortnite.tok.xml#sTok288"/>
		<rel id="sPointingRel1797" xlink:href="ref.GENTLE_esports_fortnite.mark.xml#sSpan269" target="GENTLE_esports_fortnite.tok.xml#sTok290"/>
		<rel id="sPointingRel1798" xlink:href="ref.GENTLE_esports_fortnite.mark.xml#sSpan270" target="GENTLE_esports_fortnite.tok.xml#sTok293"/>
		<rel id="sPointingRel1799" xlink:href="ref.GENTLE_esports_fortnite.mark.xml#sSpan271" target="GENTLE_esports_fortnite.tok.xml#sTok304"/>
		<rel id="sPointingRel1800" xlink:href="ref.GENTLE_esports_fortnite.mark.xml#sSpan272" target="GENTLE_esports_fortnite.tok.xml#sTok303"/>
		<rel id="sPointingRel1801" xlink:href="ref.GENTLE_esports_fortnite.mark.xml#sSpan273" target="GENTLE_esports_fortnite.tok.xml#sTok307"/>
		<rel id="sPointingRel1802" xlink:href="ref.GENTLE_esports_fortnite.mark.xml#sSpan274" target="GENTLE_esports_fortnite.tok.xml#sTok309"/>
		<rel id="sPointingRel1803" xlink:href="ref.GENTLE_esports_fortnite.mark.xml#sSpan275" target="GENTLE_esports_fortnite.tok.xml#sTok313"/>
		<rel id="sPointingRel1804" xlink:href="ref.GENTLE_esports_fortnite.mark.xml#sSpan276" target="GENTLE_esports_fortnite.tok.xml#sTok315"/>
		<rel id="sPointingRel1805" xlink:href="ref.GENTLE_esports_fortnite.mark.xml#sSpan277" target="GENTLE_esports_fortnite.tok.xml#sTok320"/>
		<rel id="sPointingRel1806" xlink:href="ref.GENTLE_esports_fortnite.mark.xml#sSpan278" target="GENTLE_esports_fortnite.tok.xml#sTok322"/>
		<rel id="sPointingRel1807" xlink:href="ref.GENTLE_esports_fortnite.mark.xml#sSpan279" target="GENTLE_esports_fortnite.tok.xml#sTok328"/>
		<rel id="sPointingRel1808" xlink:href="ref.GENTLE_esports_fortnite.mark.xml#sSpan280" target="GENTLE_esports_fortnite.tok.xml#sTok331"/>
		<rel id="sPointingRel1809" xlink:href="ref.GENTLE_esports_fortnite.mark.xml#sSpan281" target="GENTLE_esports_fortnite.tok.xml#sTok335"/>
		<rel id="sPointingRel1810" xlink:href="ref.GENTLE_esports_fortnite.mark.xml#sSpan282" target="GENTLE_esports_fortnite.tok.xml#sTok338"/>
		<rel id="sPointingRel1811" xlink:href="ref.GENTLE_esports_fortnite.mark.xml#sSpan283" target="GENTLE_esports_fortnite.tok.xml#sTok340"/>
		<rel id="sPointingRel1812" xlink:href="ref.GENTLE_esports_fortnite.mark.xml#sSpan284" target="GENTLE_esports_fortnite.tok.xml#sTok345"/>
		<rel id="sPointingRel1813" xlink:href="ref.GENTLE_esports_fortnite.mark.xml#sSpan285" target="GENTLE_esports_fortnite.tok.xml#sTok347"/>
		<rel id="sPointingRel1814" xlink:href="ref.GENTLE_esports_fortnite.mark.xml#sSpan286" target="GENTLE_esports_fortnite.tok.xml#sTok351"/>
		<rel id="sPointingRel1815" xlink:href="ref.GENTLE_esports_fortnite.mark.xml#sSpan287" target="GENTLE_esports_fortnite.tok.xml#sTok353"/>
		<rel id="sPointingRel1816" xlink:href="ref.GENTLE_esports_fortnite.mark.xml#sSpan288" target="GENTLE_esports_fortnite.tok.xml#sTok355"/>
		<rel id="sPointingRel1817" xlink:href="ref.GENTLE_esports_fortnite.mark.xml#sSpan289" target="GENTLE_esports_fortnite.tok.xml#sTok359"/>
		<rel id="sPointingRel1818" xlink:href="ref.GENTLE_esports_fortnite.mark.xml#sSpan290" target="GENTLE_esports_fortnite.tok.xml#sTok365"/>
		<rel id="sPointingRel1819" xlink:href="ref.GENTLE_esports_fortnite.mark.xml#sSpan291" target="GENTLE_esports_fortnite.tok.xml#sTok367"/>
		<rel id="sPointingRel1820" xlink:href="ref.GENTLE_esports_fortnite.mark.xml#sSpan292" target="GENTLE_esports_fortnite.tok.xml#sTok374"/>
		<rel id="sPointingRel1821" xlink:href="ref.GENTLE_esports_fortnite.mark.xml#sSpan293" target="GENTLE_esports_fortnite.tok.xml#sTok382"/>
		<rel id="sPointingRel1822" xlink:href="ref.GENTLE_esports_fortnite.mark.xml#sSpan294" target="GENTLE_esports_fortnite.tok.xml#sTok385"/>
		<rel id="sPointingRel1823" xlink:href="ref.GENTLE_esports_fortnite.mark.xml#sSpan295" target="GENTLE_esports_fortnite.tok.xml#sTok389"/>
		<rel id="sPointingRel1824" xlink:href="ref.GENTLE_esports_fortnite.mark.xml#sSpan296" target="GENTLE_esports_fortnite.tok.xml#sTok391"/>
		<rel id="sPointingRel1825" xlink:href="ref.GENTLE_esports_fortnite.mark.xml#sSpan297" target="GENTLE_esports_fortnite.tok.xml#sTok395"/>
		<rel id="sPointingRel1826" xlink:href="ref.GENTLE_esports_fortnite.mark.xml#sSpan298" target="GENTLE_esports_fortnite.tok.xml#sTok399"/>
		<rel id="sPointingRel1827" xlink:href="ref.GENTLE_esports_fortnite.mark.xml#sSpan299" target="GENTLE_esports_fortnite.tok.xml#sTok404"/>
		<rel id="sPointingRel1828" xlink:href="ref.GENTLE_esports_fortnite.mark.xml#sSpan300" target="GENTLE_esports_fortnite.tok.xml#sTok407"/>
		<rel id="sPointingRel1829" xlink:href="ref.GENTLE_esports_fortnite.mark.xml#sSpan301" target="GENTLE_esports_fortnite.tok.xml#sTok409"/>
		<rel id="sPointingRel1830" xlink:href="ref.GENTLE_esports_fortnite.mark.xml#sSpan302" target="GENTLE_esports_fortnite.tok.xml#sTok410"/>
		<rel id="sPointingRel1831" xlink:href="ref.GENTLE_esports_fortnite.mark.xml#sSpan303" target="GENTLE_esports_fortnite.tok.xml#sTok417"/>
		<rel id="sPointingRel1832" xlink:href="ref.GENTLE_esports_fortnite.mark.xml#sSpan304" target="GENTLE_esports_fortnite.tok.xml#sTok421"/>
		<rel id="sPointingRel1833" xlink:href="ref.GENTLE_esports_fortnite.mark.xml#sSpan305" target="GENTLE_esports_fortnite.tok.xml#sTok420"/>
		<rel id="sPointingRel1834" xlink:href="ref.GENTLE_esports_fortnite.mark.xml#sSpan306" target="GENTLE_esports_fortnite.tok.xml#sTok429"/>
		<rel id="sPointingRel1835" xlink:href="ref.GENTLE_esports_fortnite.mark.xml#sSpan307" target="GENTLE_esports_fortnite.tok.xml#sTok437"/>
		<rel id="sPointingRel1836" xlink:href="ref.GENTLE_esports_fortnite.mark.xml#sSpan308" target="GENTLE_esports_fortnite.tok.xml#sTok442"/>
		<rel id="sPointingRel1837" xlink:href="ref.GENTLE_esports_fortnite.mark.xml#sSpan309" target="GENTLE_esports_fortnite.tok.xml#sTok444"/>
		<rel id="sPointingRel1838" xlink:href="ref.GENTLE_esports_fortnite.mark.xml#sSpan310" target="GENTLE_esports_fortnite.tok.xml#sTok447"/>
		<rel id="sPointingRel1839" xlink:href="ref.GENTLE_esports_fortnite.mark.xml#sSpan311" target="GENTLE_esports_fortnite.tok.xml#sTok449"/>
		<rel id="sPointingRel1840" xlink:href="ref.GENTLE_esports_fortnite.mark.xml#sSpan312" target="GENTLE_esports_fortnite.tok.xml#sTok453"/>
		<rel id="sPointingRel1841" xlink:href="ref.GENTLE_esports_fortnite.mark.xml#sSpan313" target="GENTLE_esports_fortnite.tok.xml#sTok458"/>
		<rel id="sPointingRel1842" xlink:href="ref.GENTLE_esports_fortnite.mark.xml#sSpan314" target="GENTLE_esports_fortnite.tok.xml#sTok460"/>
		<rel id="sPointingRel1843" xlink:href="ref.GENTLE_esports_fortnite.mark.xml#sSpan315" target="GENTLE_esports_fortnite.tok.xml#sTok462"/>
		<rel id="sPointingRel1844" xlink:href="ref.GENTLE_esports_fortnite.mark.xml#sSpan316" target="GENTLE_esports_fortnite.tok.xml#sTok471"/>
		<rel id="sPointingRel1845" xlink:href="ref.GENTLE_esports_fortnite.mark.xml#sSpan317" target="GENTLE_esports_fortnite.tok.xml#sTok473"/>
		<rel id="sPointingRel1846" xlink:href="ref.GENTLE_esports_fortnite.mark.xml#sSpan318" target="GENTLE_esports_fortnite.tok.xml#sTok482"/>
		<rel id="sPointingRel1847" xlink:href="ref.GENTLE_esports_fortnite.mark.xml#sSpan319" target="GENTLE_esports_fortnite.tok.xml#sTok485"/>
		<rel id="sPointingRel1848" xlink:href="ref.GENTLE_esports_fortnite.mark.xml#sSpan320" target="GENTLE_esports_fortnite.tok.xml#sTok489"/>
		<rel id="sPointingRel1849" xlink:href="ref.GENTLE_esports_fortnite.mark.xml#sSpan321" target="GENTLE_esports_fortnite.tok.xml#sTok491"/>
		<rel id="sPointingRel1850" xlink:href="ref.GENTLE_esports_fortnite.mark.xml#sSpan322" target="GENTLE_esports_fortnite.tok.xml#sTok493"/>
		<rel id="sPointingRel1851" xlink:href="ref.GENTLE_esports_fortnite.mark.xml#sSpan323" target="GENTLE_esports_fortnite.tok.xml#sTok498"/>
		<rel id="sPointingRel1852" xlink:href="ref.GENTLE_esports_fortnite.mark.xml#sSpan324" target="GENTLE_esports_fortnite.tok.xml#sTok502"/>
		<rel id="sPointingRel1853" xlink:href="ref.GENTLE_esports_fortnite.mark.xml#sSpan325" target="GENTLE_esports_fortnite.tok.xml#sTok505"/>
		<rel id="sPointingRel1854" xlink:href="ref.GENTLE_esports_fortnite.mark.xml#sSpan326" target="GENTLE_esports_fortnite.tok.xml#sTok510"/>
		<rel id="sPointingRel1855" xlink:href="ref.GENTLE_esports_fortnite.mark.xml#sSpan327" target="GENTLE_esports_fortnite.tok.xml#sTok509"/>
		<rel id="sPointingRel1856" xlink:href="ref.GENTLE_esports_fortnite.mark.xml#sSpan328" target="GENTLE_esports_fortnite.tok.xml#sTok512"/>
		<rel id="sPointingRel1857" xlink:href="ref.GENTLE_esports_fortnite.mark.xml#sSpan329" target="GENTLE_esports_fortnite.tok.xml#sTok517"/>
		<rel id="sPointingRel1858" xlink:href="ref.GENTLE_esports_fortnite.mark.xml#sSpan330" target="GENTLE_esports_fortnite.tok.xml#sTok523"/>
		<rel id="sPointingRel1859" xlink:href="ref.GENTLE_esports_fortnite.mark.xml#sSpan331" target="GENTLE_esports_fortnite.tok.xml#sTok525"/>
		<rel id="sPointingRel1860" xlink:href="ref.GENTLE_esports_fortnite.mark.xml#sSpan332" target="GENTLE_esports_fortnite.tok.xml#sTok528"/>
		<rel id="sPointingRel1861" xlink:href="ref.GENTLE_esports_fortnite.mark.xml#sSpan333" target="GENTLE_esports_fortnite.tok.xml#sTok532"/>
		<rel id="sPointingRel1862" xlink:href="ref.GENTLE_esports_fortnite.mark.xml#sSpan334" target="GENTLE_esports_fortnite.tok.xml#sTok534"/>
		<rel id="sPointingRel1863" xlink:href="ref.GENTLE_esports_fortnite.mark.xml#sSpan335" target="GENTLE_esports_fortnite.tok.xml#sTok538"/>
		<rel id="sPointingRel1864" xlink:href="ref.GENTLE_esports_fortnite.mark.xml#sSpan336" target="GENTLE_esports_fortnite.tok.xml#sTok542"/>
		<rel id="sPointingRel1865" xlink:href="ref.GENTLE_esports_fortnite.mark.xml#sSpan337" target="GENTLE_esports_fortnite.tok.xml#sTok548"/>
		<rel id="sPointingRel1866" xlink:href="ref.GENTLE_esports_fortnite.mark.xml#sSpan338" target="GENTLE_esports_fortnite.tok.xml#sTok550"/>
		<rel id="sPointingRel1867" xlink:href="ref.GENTLE_esports_fortnite.mark.xml#sSpan339" target="GENTLE_esports_fortnite.tok.xml#sTok564"/>
		<rel id="sPointingRel1868" xlink:href="ref.GENTLE_esports_fortnite.mark.xml#sSpan340" target="GENTLE_esports_fortnite.tok.xml#sTok576"/>
		<rel id="sPointingRel1869" xlink:href="ref.GENTLE_esports_fortnite.mark.xml#sSpan341" target="GENTLE_esports_fortnite.tok.xml#sTok585"/>
		<rel id="sPointingRel1870" xlink:href="ref.GENTLE_esports_fortnite.mark.xml#sSpan342" target="GENTLE_esports_fortnite.tok.xml#sTok591"/>
		<rel id="sPointingRel1871" xlink:href="ref.GENTLE_esports_fortnite.mark.xml#sSpan343" target="GENTLE_esports_fortnite.tok.xml#sTok598"/>
		<rel id="sPointingRel1872" xlink:href="ref.GENTLE_esports_fortnite.mark.xml#sSpan344" target="GENTLE_esports_fortnite.tok.xml#sTok606"/>
		<rel id="sPointingRel1873" xlink:href="ref.GENTLE_esports_fortnite.mark.xml#sSpan345" target="GENTLE_esports_fortnite.tok.xml#sTok610"/>
		<rel id="sPointingRel1874" xlink:href="ref.GENTLE_esports_fortnite.mark.xml#sSpan346" target="GENTLE_esports_fortnite.tok.xml#sTok614"/>
		<rel id="sPointingRel1875" xlink:href="ref.GENTLE_esports_fortnite.mark.xml#sSpan347" target="GENTLE_esports_fortnite.tok.xml#sTok619"/>
		<rel id="sPointingRel1876" xlink:href="ref.GENTLE_esports_fortnite.mark.xml#sSpan348" target="GENTLE_esports_fortnite.tok.xml#sTok624"/>
		<rel id="sPointingRel1877" xlink:href="ref.GENTLE_esports_fortnite.mark.xml#sSpan349" target="GENTLE_esports_fortnite.tok.xml#sTok629"/>
		<rel id="sPointingRel1878" xlink:href="ref.GENTLE_esports_fortnite.mark.xml#sSpan350" target="GENTLE_esports_fortnite.tok.xml#sTok635"/>
		<rel id="sPointingRel1879" xlink:href="ref.GENTLE_esports_fortnite.mark.xml#sSpan351" target="GENTLE_esports_fortnite.tok.xml#sTok640"/>
		<rel id="sPointingRel1880" xlink:href="ref.GENTLE_esports_fortnite.mark.xml#sSpan352" target="GENTLE_esports_fortnite.tok.xml#sTok641"/>
		<rel id="sPointingRel1881" xlink:href="ref.GENTLE_esports_fortnite.mark.xml#sSpan353" target="GENTLE_esports_fortnite.tok.xml#sTok646"/>
		<rel id="sPointingRel1882" xlink:href="ref.GENTLE_esports_fortnite.mark.xml#sSpan354" target="GENTLE_esports_fortnite.tok.xml#sTok649"/>
		<rel id="sPointingRel1883" xlink:href="ref.GENTLE_esports_fortnite.mark.xml#sSpan355" target="GENTLE_esports_fortnite.tok.xml#sTok656"/>
		<rel id="sPointingRel1884" xlink:href="ref.GENTLE_esports_fortnite.mark.xml#sSpan356" target="GENTLE_esports_fortnite.tok.xml#sTok659"/>
		<rel id="sPointingRel1885" xlink:href="ref.GENTLE_esports_fortnite.mark.xml#sSpan357" target="GENTLE_esports_fortnite.tok.xml#sTok660"/>
		<rel id="sPointingRel1886" xlink:href="ref.GENTLE_esports_fortnite.mark.xml#sSpan358" target="GENTLE_esports_fortnite.tok.xml#sTok663"/>
		<rel id="sPointingRel1887" xlink:href="ref.GENTLE_esports_fortnite.mark.xml#sSpan359" target="GENTLE_esports_fortnite.tok.xml#sTok665"/>
		<rel id="sPointingRel1888" xlink:href="ref.GENTLE_esports_fortnite.mark.xml#sSpan360" target="GENTLE_esports_fortnite.tok.xml#sTok677"/>
		<rel id="sPointingRel1889" xlink:href="ref.GENTLE_esports_fortnite.mark.xml#sSpan361" target="GENTLE_esports_fortnite.tok.xml#sTok684"/>
		<rel id="sPointingRel1890" xlink:href="ref.GENTLE_esports_fortnite.mark.xml#sSpan362" target="GENTLE_esports_fortnite.tok.xml#sTok684"/>
		<rel id="sPointingRel1891" xlink:href="ref.GENTLE_esports_fortnite.mark.xml#sSpan363" target="GENTLE_esports_fortnite.tok.xml#sTok686"/>
		<rel id="sPointingRel1892" xlink:href="ref.GENTLE_esports_fortnite.mark.xml#sSpan364" target="GENTLE_esports_fortnite.tok.xml#sTok689"/>
		<rel id="sPointingRel1893" xlink:href="ref.GENTLE_esports_fortnite.mark.xml#sSpan365" target="GENTLE_esports_fortnite.tok.xml#sTok695"/>
		<rel id="sPointingRel1894" xlink:href="ref.GENTLE_esports_fortnite.mark.xml#sSpan366" target="GENTLE_esports_fortnite.tok.xml#sTok698"/>
		<rel id="sPointingRel1895" xlink:href="ref.GENTLE_esports_fortnite.mark.xml#sSpan367" target="GENTLE_esports_fortnite.tok.xml#sTok707"/>
		<rel id="sPointingRel1896" xlink:href="ref.GENTLE_esports_fortnite.mark.xml#sSpan368" target="GENTLE_esports_fortnite.tok.xml#sTok712"/>
		<rel id="sPointingRel1897" xlink:href="ref.GENTLE_esports_fortnite.mark.xml#sSpan369" target="GENTLE_esports_fortnite.tok.xml#sTok721"/>
		<rel id="sPointingRel1898" xlink:href="ref.GENTLE_esports_fortnite.mark.xml#sSpan370" target="GENTLE_esports_fortnite.tok.xml#sTok723"/>
		<rel id="sPointingRel1899" xlink:href="ref.GENTLE_esports_fortnite.mark.xml#sSpan371" target="GENTLE_esports_fortnite.tok.xml#sTok728"/>
		<rel id="sPointingRel1900" xlink:href="ref.GENTLE_esports_fortnite.mark.xml#sSpan372" target="GENTLE_esports_fortnite.tok.xml#sTok726"/>
		<rel id="sPointingRel1901" xlink:href="ref.GENTLE_esports_fortnite.mark.xml#sSpan373" target="GENTLE_esports_fortnite.tok.xml#sTok730"/>
		<rel id="sPointingRel1902" xlink:href="ref.GENTLE_esports_fortnite.mark.xml#sSpan374" target="GENTLE_esports_fortnite.tok.xml#sTok736"/>
		<rel id="sPointingRel1903" xlink:href="ref.GENTLE_esports_fortnite.mark.xml#sSpan375" target="GENTLE_esports_fortnite.tok.xml#sTok744"/>
		<rel id="sPointingRel1904" xlink:href="ref.GENTLE_esports_fortnite.mark.xml#sSpan376" target="GENTLE_esports_fortnite.tok.xml#sTok739"/>
		<rel id="sPointingRel1905" xlink:href="ref.GENTLE_esports_fortnite.mark.xml#sSpan377" target="GENTLE_esports_fortnite.tok.xml#sTok743"/>
		<rel id="sPointingRel1906" xlink:href="ref.GENTLE_esports_fortnite.mark.xml#sSpan378" target="GENTLE_esports_fortnite.tok.xml#sTok741"/>
		<rel id="sPointingRel1907" xlink:href="ref.GENTLE_esports_fortnite.mark.xml#sSpan379" target="GENTLE_esports_fortnite.tok.xml#sTok747"/>
		<rel id="sPointingRel1908" xlink:href="ref.GENTLE_esports_fortnite.mark.xml#sSpan380" target="GENTLE_esports_fortnite.tok.xml#sTok751"/>
		<rel id="sPointingRel1909" xlink:href="ref.GENTLE_esports_fortnite.mark.xml#sSpan381" target="GENTLE_esports_fortnite.tok.xml#sTok755"/>
		<rel id="sPointingRel1910" xlink:href="ref.GENTLE_esports_fortnite.mark.xml#sSpan382" target="GENTLE_esports_fortnite.tok.xml#sTok760"/>
		<rel id="sPointingRel1911" xlink:href="ref.GENTLE_esports_fortnite.mark.xml#sSpan383" target="GENTLE_esports_fortnite.tok.xml#sTok763"/>
		<rel id="sPointingRel1912" xlink:href="ref.GENTLE_esports_fortnite.mark.xml#sSpan384" target="GENTLE_esports_fortnite.tok.xml#sTok765"/>
		<rel id="sPointingRel1913" xlink:href="ref.GENTLE_esports_fortnite.mark.xml#sSpan385" target="GENTLE_esports_fortnite.tok.xml#sTok773"/>
		<rel id="sPointingRel1914" xlink:href="ref.GENTLE_esports_fortnite.mark.xml#sSpan386" target="GENTLE_esports_fortnite.tok.xml#sTok777"/>
		<rel id="sPointingRel1915" xlink:href="ref.GENTLE_esports_fortnite.mark.xml#sSpan387" target="GENTLE_esports_fortnite.tok.xml#sTok775"/>
		<rel id="sPointingRel1916" xlink:href="ref.GENTLE_esports_fortnite.mark.xml#sSpan388" target="GENTLE_esports_fortnite.tok.xml#sTok778"/>
		<rel id="sPointingRel1917" xlink:href="ref.GENTLE_esports_fortnite.mark.xml#sSpan389" target="GENTLE_esports_fortnite.tok.xml#sTok779"/>
		<rel id="sPointingRel1918" xlink:href="ref.GENTLE_esports_fortnite.mark.xml#sSpan390" target="GENTLE_esports_fortnite.tok.xml#sTok783"/>
		<rel id="sPointingRel1919" xlink:href="ref.GENTLE_esports_fortnite.mark.xml#sSpan391" target="GENTLE_esports_fortnite.tok.xml#sTok784"/>
		<rel id="sPointingRel1920" xlink:href="ref.GENTLE_esports_fortnite.mark.xml#sSpan392" target="GENTLE_esports_fortnite.tok.xml#sTok786"/>
		<rel id="sPointingRel1921" xlink:href="ref.GENTLE_esports_fortnite.mark.xml#sSpan393" target="GENTLE_esports_fortnite.tok.xml#sTok790"/>
		<rel id="sPointingRel1922" xlink:href="ref.GENTLE_esports_fortnite.mark.xml#sSpan394" target="GENTLE_esports_fortnite.tok.xml#sTok794"/>
		<rel id="sPointingRel1923" xlink:href="ref.GENTLE_esports_fortnite.mark.xml#sSpan395" target="GENTLE_esports_fortnite.tok.xml#sTok798"/>
		<rel id="sPointingRel1924" xlink:href="ref.GENTLE_esports_fortnite.mark.xml#sSpan396" target="GENTLE_esports_fortnite.tok.xml#sTok804"/>
		<rel id="sPointingRel1925" xlink:href="ref.GENTLE_esports_fortnite.mark.xml#sSpan397" target="GENTLE_esports_fortnite.tok.xml#sTok807"/>
		<rel id="sPointingRel1926" xlink:href="ref.GENTLE_esports_fortnite.mark.xml#sSpan398" target="GENTLE_esports_fortnite.tok.xml#sTok806"/>
		<rel id="sPointingRel1927" xlink:href="ref.GENTLE_esports_fortnite.mark.xml#sSpan399" target="GENTLE_esports_fortnite.tok.xml#sTok812"/>
		<rel id="sPointingRel1928" xlink:href="ref.GENTLE_esports_fortnite.mark.xml#sSpan400" target="GENTLE_esports_fortnite.tok.xml#sTok815"/>
		<rel id="sPointingRel1929" xlink:href="ref.GENTLE_esports_fortnite.mark.xml#sSpan401" target="GENTLE_esports_fortnite.tok.xml#sTok819"/>
		<rel id="sPointingRel1930" xlink:href="ref.GENTLE_esports_fortnite.mark.xml#sSpan402" target="GENTLE_esports_fortnite.tok.xml#sTok824"/>
		<rel id="sPointingRel1931" xlink:href="ref.GENTLE_esports_fortnite.mark.xml#sSpan403" target="GENTLE_esports_fortnite.tok.xml#sTok827"/>
		<rel id="sPointingRel1932" xlink:href="ref.GENTLE_esports_fortnite.mark.xml#sSpan404" target="GENTLE_esports_fortnite.tok.xml#sTok830"/>
		<rel id="sPointingRel1933" xlink:href="ref.GENTLE_esports_fortnite.mark.xml#sSpan405" target="GENTLE_esports_fortnite.tok.xml#sTok837"/>
		<rel id="sPointingRel1934" xlink:href="ref.GENTLE_esports_fortnite.mark.xml#sSpan406" target="GENTLE_esports_fortnite.tok.xml#sTok841"/>
		<rel id="sPointingRel1935" xlink:href="ref.GENTLE_esports_fortnite.mark.xml#sSpan407" target="GENTLE_esports_fortnite.tok.xml#sTok844"/>
		<rel id="sPointingRel1936" xlink:href="ref.GENTLE_esports_fortnite.mark.xml#sSpan408" target="GENTLE_esports_fortnite.tok.xml#sTok848"/>
		<rel id="sPointingRel1937" xlink:href="ref.GENTLE_esports_fortnite.mark.xml#sSpan409" target="GENTLE_esports_fortnite.tok.xml#sTok850"/>
		<rel id="sPointingRel1938" xlink:href="ref.GENTLE_esports_fortnite.mark.xml#sSpan410" target="GENTLE_esports_fortnite.tok.xml#sTok851"/>
		<rel id="sPointingRel1939" xlink:href="ref.GENTLE_esports_fortnite.mark.xml#sSpan411" target="GENTLE_esports_fortnite.tok.xml#sTok853"/>
		<rel id="sPointingRel1940" xlink:href="ref.GENTLE_esports_fortnite.mark.xml#sSpan412" target="GENTLE_esports_fortnite.tok.xml#sTok859"/>
		<rel id="sPointingRel1941" xlink:href="ref.GENTLE_esports_fortnite.mark.xml#sSpan413" target="GENTLE_esports_fortnite.tok.xml#sTok862"/>
		<rel id="sPointingRel1942" xlink:href="ref.GENTLE_esports_fortnite.mark.xml#sSpan414" target="GENTLE_esports_fortnite.tok.xml#sTok864"/>
		<rel id="sPointingRel1943" xlink:href="ref.GENTLE_esports_fortnite.mark.xml#sSpan415" target="GENTLE_esports_fortnite.tok.xml#sTok871"/>
		<rel id="sPointingRel1944" xlink:href="ref.GENTLE_esports_fortnite.mark.xml#sSpan416" target="GENTLE_esports_fortnite.tok.xml#sTok876"/>
		<rel id="sPointingRel1945" xlink:href="ref.GENTLE_esports_fortnite.mark.xml#sSpan417" target="GENTLE_esports_fortnite.tok.xml#sTok879"/>
		<rel id="sPointingRel1946" xlink:href="ref.GENTLE_esports_fortnite.mark.xml#sSpan418" target="GENTLE_esports_fortnite.tok.xml#sTok882"/>
		<rel id="sPointingRel1947" xlink:href="ref.GENTLE_esports_fortnite.mark.xml#sSpan419" target="GENTLE_esports_fortnite.tok.xml#sTok883"/>
		<rel id="sPointingRel1948" xlink:href="ref.GENTLE_esports_fortnite.mark.xml#sSpan420" target="GENTLE_esports_fortnite.tok.xml#sTok884"/>
		<rel id="sPointingRel1949" xlink:href="ref.GENTLE_esports_fortnite.mark.xml#sSpan421" target="GENTLE_esports_fortnite.tok.xml#sTok888"/>
		<rel id="sPointingRel1950" xlink:href="ref.GENTLE_esports_fortnite.mark.xml#sSpan422" target="GENTLE_esports_fortnite.tok.xml#sTok886"/>
		<rel id="sPointingRel1951" xlink:href="ref.GENTLE_esports_fortnite.mark.xml#sSpan423" target="GENTLE_esports_fortnite.tok.xml#sTok893"/>
		<rel id="sPointingRel1952" xlink:href="ref.GENTLE_esports_fortnite.mark.xml#sSpan424" target="GENTLE_esports_fortnite.tok.xml#sTok895"/>
		<rel id="sPointingRel1953" xlink:href="ref.GENTLE_esports_fortnite.mark.xml#sSpan425" target="GENTLE_esports_fortnite.tok.xml#sTok897"/>
		<rel id="sPointingRel1954" xlink:href="ref.GENTLE_esports_fortnite.mark.xml#sSpan426" target="GENTLE_esports_fortnite.tok.xml#sTok908"/>
		<rel id="sPointingRel1955" xlink:href="ref.GENTLE_esports_fortnite.mark.xml#sSpan427" target="GENTLE_esports_fortnite.tok.xml#sTok910"/>
		<rel id="sPointingRel1956" xlink:href="ref.GENTLE_esports_fortnite.mark.xml#sSpan428" target="GENTLE_esports_fortnite.tok.xml#sTok914"/>
		<rel id="sPointingRel1957" xlink:href="ref.GENTLE_esports_fortnite.mark.xml#sSpan429" target="GENTLE_esports_fortnite.tok.xml#sTok915"/>
		<rel id="sPointingRel1958" xlink:href="ref.GENTLE_esports_fortnite.mark.xml#sSpan430" target="GENTLE_esports_fortnite.tok.xml#sTok920"/>
		<rel id="sPointingRel1959" xlink:href="ref.GENTLE_esports_fortnite.mark.xml#sSpan431" target="GENTLE_esports_fortnite.tok.xml#sTok927"/>
		<rel id="sPointingRel1960" xlink:href="ref.GENTLE_esports_fortnite.mark.xml#sSpan432" target="GENTLE_esports_fortnite.tok.xml#sTok935"/>
		<rel id="sPointingRel1961" xlink:href="ref.GENTLE_esports_fortnite.mark.xml#sSpan433" target="GENTLE_esports_fortnite.tok.xml#sTok934"/>
		<rel id="sPointingRel1962" xlink:href="ref.GENTLE_esports_fortnite.mark.xml#sSpan434" target="GENTLE_esports_fortnite.tok.xml#sTok938"/>
		<rel id="sPointingRel1963" xlink:href="ref.GENTLE_esports_fortnite.mark.xml#sSpan435" target="GENTLE_esports_fortnite.tok.xml#sTok940"/>
		<rel id="sPointingRel1964" xlink:href="ref.GENTLE_esports_fortnite.mark.xml#sSpan436" target="GENTLE_esports_fortnite.tok.xml#sTok942"/>
		<rel id="sPointingRel1965" xlink:href="ref.GENTLE_esports_fortnite.mark.xml#sSpan437" target="GENTLE_esports_fortnite.tok.xml#sTok944"/>
		<rel id="sPointingRel1966" xlink:href="ref.GENTLE_esports_fortnite.mark.xml#sSpan438" target="GENTLE_esports_fortnite.tok.xml#sTok949"/>
		<rel id="sPointingRel1967" xlink:href="ref.GENTLE_esports_fortnite.mark.xml#sSpan439" target="GENTLE_esports_fortnite.tok.xml#sTok952"/>
		<rel id="sPointingRel1968" xlink:href="ref.GENTLE_esports_fortnite.mark.xml#sSpan440" target="GENTLE_esports_fortnite.tok.xml#sTok958"/>
		<rel id="sPointingRel1969" xlink:href="ref.GENTLE_esports_fortnite.mark.xml#sSpan441" target="GENTLE_esports_fortnite.tok.xml#sTok960"/>
		<rel id="sPointingRel1970" xlink:href="ref.GENTLE_esports_fortnite.mark.xml#sSpan442" target="GENTLE_esports_fortnite.tok.xml#sTok962"/>
		<rel id="sPointingRel1971" xlink:href="ref.GENTLE_esports_fortnite.mark.xml#sSpan443" target="GENTLE_esports_fortnite.tok.xml#sTok966"/>
		<rel id="sPointingRel1972" xlink:href="ref.GENTLE_esports_fortnite.mark.xml#sSpan444" target="GENTLE_esports_fortnite.tok.xml#sTok969"/>
		<rel id="sPointingRel1973" xlink:href="ref.GENTLE_esports_fortnite.mark.xml#sSpan445" target="GENTLE_esports_fortnite.tok.xml#sTok971"/>
		<rel id="sPointingRel1974" xlink:href="ref.GENTLE_esports_fortnite.mark.xml#sSpan446" target="GENTLE_esports_fortnite.tok.xml#sTok974"/>
		<rel id="sPointingRel1975" xlink:href="ref.GENTLE_esports_fortnite.mark.xml#sSpan447" target="GENTLE_esports_fortnite.tok.xml#sTok977"/>
		<rel id="sPointingRel1976" xlink:href="ref.GENTLE_esports_fortnite.mark.xml#sSpan448" target="GENTLE_esports_fortnite.tok.xml#sTok983"/>
		<rel id="sPointingRel1977" xlink:href="ref.GENTLE_esports_fortnite.mark.xml#sSpan449" target="GENTLE_esports_fortnite.tok.xml#sTok987"/>
		<rel id="sPointingRel1978" xlink:href="ref.GENTLE_esports_fortnite.mark.xml#sSpan450" target="GENTLE_esports_fortnite.tok.xml#sTok990"/>
		<rel id="sPointingRel1979" xlink:href="ref.GENTLE_esports_fortnite.mark.xml#sSpan451" target="GENTLE_esports_fortnite.tok.xml#sTok998"/>
		<rel id="sPointingRel1980" xlink:href="ref.GENTLE_esports_fortnite.mark.xml#sSpan452" target="GENTLE_esports_fortnite.tok.xml#sTok1000"/>
		<rel id="sPointingRel1981" xlink:href="ref.GENTLE_esports_fortnite.mark.xml#sSpan453" target="GENTLE_esports_fortnite.tok.xml#sTok1005"/>
		<rel id="sPointingRel1982" xlink:href="ref.GENTLE_esports_fortnite.mark.xml#sSpan454" target="GENTLE_esports_fortnite.tok.xml#sTok1002"/>
		<rel id="sPointingRel1983" xlink:href="ref.GENTLE_esports_fortnite.mark.xml#sSpan455" target="GENTLE_esports_fortnite.tok.xml#sTok1006"/>
		<rel id="sPointingRel1984" xlink:href="ref.GENTLE_esports_fortnite.mark.xml#sSpan456" target="GENTLE_esports_fortnite.tok.xml#sTok1009"/>
		<rel id="sPointingRel1985" xlink:href="ref.GENTLE_esports_fortnite.mark.xml#sSpan457" target="GENTLE_esports_fortnite.tok.xml#sTok1008"/>
		<rel id="sPointingRel1986" xlink:href="ref.GENTLE_esports_fortnite.mark.xml#sSpan458" target="GENTLE_esports_fortnite.tok.xml#sTok1012"/>
		<rel id="sPointingRel1987" xlink:href="ref.GENTLE_esports_fortnite.mark.xml#sSpan459" target="GENTLE_esports_fortnite.tok.xml#sTok1015"/>
		<rel id="sPointingRel1988" xlink:href="ref.GENTLE_esports_fortnite.mark.xml#sSpan460" target="GENTLE_esports_fortnite.tok.xml#sTok1017"/>
		<rel id="sPointingRel1989" xlink:href="ref.GENTLE_esports_fortnite.mark.xml#sSpan461" target="GENTLE_esports_fortnite.tok.xml#sTok1020"/>
		<rel id="sPointingRel1990" xlink:href="ref.GENTLE_esports_fortnite.mark.xml#sSpan462" target="GENTLE_esports_fortnite.tok.xml#sTok1024"/>
		<rel id="sPointingRel1991" xlink:href="ref.GENTLE_esports_fortnite.mark.xml#sSpan463" target="GENTLE_esports_fortnite.tok.xml#sTok1027"/>
		<rel id="sPointingRel1992" xlink:href="ref.GENTLE_esports_fortnite.mark.xml#sSpan464" target="GENTLE_esports_fortnite.tok.xml#sTok1032"/>
		<rel id="sPointingRel1993" xlink:href="ref.GENTLE_esports_fortnite.mark.xml#sSpan465" target="GENTLE_esports_fortnite.tok.xml#sTok1035"/>
		<rel id="sPointingRel1994" xlink:href="ref.GENTLE_esports_fortnite.mark.xml#sSpan466" target="GENTLE_esports_fortnite.tok.xml#sTok1040"/>
		<rel id="sPointingRel1995" xlink:href="ref.GENTLE_esports_fortnite.mark.xml#sSpan467" target="GENTLE_esports_fortnite.tok.xml#sTok1046"/>
		<rel id="sPointingRel1996" xlink:href="ref.GENTLE_esports_fortnite.mark.xml#sSpan468" target="GENTLE_esports_fortnite.tok.xml#sTok1054"/>
		<rel id="sPointingRel1997" xlink:href="ref.GENTLE_esports_fortnite.mark.xml#sSpan469" target="GENTLE_esports_fortnite.tok.xml#sTok1053"/>
		<rel id="sPointingRel1998" xlink:href="ref.GENTLE_esports_fortnite.mark.xml#sSpan470" target="GENTLE_esports_fortnite.tok.xml#sTok1056"/>
		<rel id="sPointingRel1999" xlink:href="ref.GENTLE_esports_fortnite.mark.xml#sSpan471" target="GENTLE_esports_fortnite.tok.xml#sTok1058"/>
		<rel id="sPointingRel2000" xlink:href="ref.GENTLE_esports_fortnite.mark.xml#sSpan472" target="GENTLE_esports_fortnite.tok.xml#sTok1065"/>
		<rel id="sPointingRel2001" xlink:href="ref.GENTLE_esports_fortnite.mark.xml#sSpan473" target="GENTLE_esports_fortnite.tok.xml#sTok1069"/>
		<rel id="sPointingRel2002" xlink:href="ref.GENTLE_esports_fortnite.mark.xml#sSpan474" target="GENTLE_esports_fortnite.tok.xml#sTok1074"/>
		<rel id="sPointingRel2003" xlink:href="ref.GENTLE_esports_fortnite.mark.xml#sSpan475" target="GENTLE_esports_fortnite.tok.xml#sTok1079"/>
		<rel id="sPointingRel2004" xlink:href="ref.GENTLE_esports_fortnite.mark.xml#sSpan476" target="GENTLE_esports_fortnite.tok.xml#sTok1080"/>
		<rel id="sPointingRel2005" xlink:href="ref.GENTLE_esports_fortnite.mark.xml#sSpan477" target="GENTLE_esports_fortnite.tok.xml#sTok1086"/>
		<rel id="sPointingRel2006" xlink:href="ref.GENTLE_esports_fortnite.mark.xml#sSpan478" target="GENTLE_esports_fortnite.tok.xml#sTok1089"/>
		<rel id="sPointingRel2007" xlink:href="ref.GENTLE_esports_fortnite.mark.xml#sSpan479" target="GENTLE_esports_fortnite.tok.xml#sTok1092"/>
		<rel id="sPointingRel2008" xlink:href="ref.GENTLE_esports_fortnite.mark.xml#sSpan480" target="GENTLE_esports_fortnite.tok.xml#sTok1094"/>
		<rel id="sPointingRel2009" xlink:href="ref.GENTLE_esports_fortnite.mark.xml#sSpan481" target="GENTLE_esports_fortnite.tok.xml#sTok1098"/>
		<rel id="sPointingRel2010" xlink:href="ref.GENTLE_esports_fortnite.mark.xml#sSpan482" target="GENTLE_esports_fortnite.tok.xml#sTok1106"/>
		<rel id="sPointingRel2011" xlink:href="ref.GENTLE_esports_fortnite.mark.xml#sSpan483" target="GENTLE_esports_fortnite.tok.xml#sTok1115"/>
		<rel id="sPointingRel2012" xlink:href="ref.GENTLE_esports_fortnite.mark.xml#sSpan484" target="GENTLE_esports_fortnite.tok.xml#sTok1117"/>
		<rel id="sPointingRel2013" xlink:href="ref.GENTLE_esports_fortnite.mark.xml#sSpan485" target="GENTLE_esports_fortnite.tok.xml#sTok1122"/>
		<rel id="sPointingRel2014" xlink:href="ref.GENTLE_esports_fortnite.mark.xml#sSpan486" target="GENTLE_esports_fortnite.tok.xml#sTok1125"/>
		<rel id="sPointingRel2015" xlink:href="ref.GENTLE_esports_fortnite.mark.xml#sSpan487" target="GENTLE_esports_fortnite.tok.xml#sTok1129"/>
		<rel id="sPointingRel2016" xlink:href="ref.GENTLE_esports_fortnite.mark.xml#sSpan488" target="GENTLE_esports_fortnite.tok.xml#sTok1131"/>
		<rel id="sPointingRel2017" xlink:href="ref.GENTLE_esports_fortnite.mark.xml#sSpan489" target="GENTLE_esports_fortnite.tok.xml#sTok1135"/>
		<rel id="sPointingRel2018" xlink:href="ref.GENTLE_esports_fortnite.mark.xml#sSpan490" target="GENTLE_esports_fortnite.tok.xml#sTok1143"/>
		<rel id="sPointingRel2019" xlink:href="ref.GENTLE_esports_fortnite.mark.xml#sSpan491" target="GENTLE_esports_fortnite.tok.xml#sTok1146"/>
		<rel id="sPointingRel2020" xlink:href="ref.GENTLE_esports_fortnite.mark.xml#sSpan492" target="GENTLE_esports_fortnite.tok.xml#sTok1151"/>
		<rel id="sPointingRel2021" xlink:href="ref.GENTLE_esports_fortnite.mark.xml#sSpan493" target="GENTLE_esports_fortnite.tok.xml#sTok1155"/>
		<rel id="sPointingRel2022" xlink:href="ref.GENTLE_esports_fortnite.mark.xml#sSpan494" target="GENTLE_esports_fortnite.tok.xml#sTok1154"/>
		<rel id="sPointingRel2023" xlink:href="ref.GENTLE_esports_fortnite.mark.xml#sSpan495" target="GENTLE_esports_fortnite.tok.xml#sTok1162"/>
		<rel id="sPointingRel2024" xlink:href="ref.GENTLE_esports_fortnite.mark.xml#sSpan496" target="GENTLE_esports_fortnite.tok.xml#sTok1164"/>
		<rel id="sPointingRel2025" xlink:href="ref.GENTLE_esports_fortnite.mark.xml#sSpan497" target="GENTLE_esports_fortnite.tok.xml#sTok1166"/>
		<rel id="sPointingRel2026" xlink:href="ref.GENTLE_esports_fortnite.mark.xml#sSpan498" target="GENTLE_esports_fortnite.tok.xml#sTok1169"/>
		<rel id="sPointingRel2027" xlink:href="ref.GENTLE_esports_fortnite.mark.xml#sSpan499" target="GENTLE_esports_fortnite.tok.xml#sTok1173"/>
		<rel id="sPointingRel2028" xlink:href="ref.GENTLE_esports_fortnite.mark.xml#sSpan500" target="GENTLE_esports_fortnite.tok.xml#sTok1177"/>
		<rel id="sPointingRel2029" xlink:href="ref.GENTLE_esports_fortnite.mark.xml#sSpan501" target="GENTLE_esports_fortnite.tok.xml#sTok1180"/>
		<rel id="sPointingRel2030" xlink:href="ref.GENTLE_esports_fortnite.mark.xml#sSpan502" target="GENTLE_esports_fortnite.tok.xml#sTok1189"/>
		<rel id="sPointingRel2031" xlink:href="ref.GENTLE_esports_fortnite.mark.xml#sSpan503" target="GENTLE_esports_fortnite.tok.xml#sTok1196"/>
		<rel id="sPointingRel2032" xlink:href="ref.GENTLE_esports_fortnite.mark.xml#sSpan504" target="GENTLE_esports_fortnite.tok.xml#sTok1204"/>
		<rel id="sPointingRel2033" xlink:href="ref.GENTLE_esports_fortnite.mark.xml#sSpan505" target="GENTLE_esports_fortnite.tok.xml#sTok1208"/>
		<rel id="sPointingRel2034" xlink:href="ref.GENTLE_esports_fortnite.mark.xml#sSpan506" target="GENTLE_esports_fortnite.tok.xml#sTok1213"/>
		<rel id="sPointingRel2035" xlink:href="ref.GENTLE_esports_fortnite.mark.xml#sSpan507" target="GENTLE_esports_fortnite.tok.xml#sTok1215"/>
		<rel id="sPointingRel2036" xlink:href="ref.GENTLE_esports_fortnite.mark.xml#sSpan508" target="GENTLE_esports_fortnite.tok.xml#sTok1217"/>
		<rel id="sPointingRel2037" xlink:href="ref.GENTLE_esports_fortnite.mark.xml#sSpan509" target="GENTLE_esports_fortnite.tok.xml#sTok1224"/>
		<rel id="sPointingRel2038" xlink:href="ref.GENTLE_esports_fortnite.mark.xml#sSpan510" target="GENTLE_esports_fortnite.tok.xml#sTok1223"/>
		<rel id="sPointingRel2039" xlink:href="rsd.GENTLE_esports_fortnite.mark.xml#sSpan1" target="GENTLE_esports_fortnite.tok.xml#sTok8"/>
		<rel id="sPointingRel2040" xlink:href="rsd.GENTLE_esports_fortnite.mark.xml#sSpan2" target="GENTLE_esports_fortnite.tok.xml#sTok18"/>
		<rel id="sPointingRel2041" xlink:href="rsd.GENTLE_esports_fortnite.mark.xml#sSpan3" target="GENTLE_esports_fortnite.tok.xml#sTok24"/>
		<rel id="sPointingRel2042" xlink:href="rsd.GENTLE_esports_fortnite.mark.xml#sSpan4" target="GENTLE_esports_fortnite.tok.xml#sTok34"/>
		<rel id="sPointingRel2043" xlink:href="rsd.GENTLE_esports_fortnite.mark.xml#sSpan5" target="GENTLE_esports_fortnite.tok.xml#sTok44"/>
		<rel id="sPointingRel2044" xlink:href="rsd.GENTLE_esports_fortnite.mark.xml#sSpan6" target="GENTLE_esports_fortnite.tok.xml#sTok46"/>
		<rel id="sPointingRel2045" xlink:href="rsd.GENTLE_esports_fortnite.mark.xml#sSpan7" target="GENTLE_esports_fortnite.tok.xml#sTok53"/>
		<rel id="sPointingRel2046" xlink:href="rsd.GENTLE_esports_fortnite.mark.xml#sSpan8" target="GENTLE_esports_fortnite.tok.xml#sTok63"/>
		<rel id="sPointingRel2047" xlink:href="rsd.GENTLE_esports_fortnite.mark.xml#sSpan9" target="GENTLE_esports_fortnite.tok.xml#sTok71"/>
		<rel id="sPointingRel2048" xlink:href="rsd.GENTLE_esports_fortnite.mark.xml#sSpan10" target="GENTLE_esports_fortnite.tok.xml#sTok98"/>
		<rel id="sPointingRel2049" xlink:href="rsd.GENTLE_esports_fortnite.mark.xml#sSpan11" target="GENTLE_esports_fortnite.tok.xml#sTok112"/>
		<rel id="sPointingRel2050" xlink:href="rsd.GENTLE_esports_fortnite.mark.xml#sSpan12" target="GENTLE_esports_fortnite.tok.xml#sTok123"/>
		<rel id="sPointingRel2051" xlink:href="rsd.GENTLE_esports_fortnite.mark.xml#sSpan13" target="GENTLE_esports_fortnite.tok.xml#sTok125"/>
		<rel id="sPointingRel2052" xlink:href="rsd.GENTLE_esports_fortnite.mark.xml#sSpan14" target="GENTLE_esports_fortnite.tok.xml#sTok132"/>
		<rel id="sPointingRel2053" xlink:href="rsd.GENTLE_esports_fortnite.mark.xml#sSpan15" target="GENTLE_esports_fortnite.tok.xml#sTok143"/>
		<rel id="sPointingRel2054" xlink:href="rsd.GENTLE_esports_fortnite.mark.xml#sSpan16" target="GENTLE_esports_fortnite.tok.xml#sTok154"/>
		<rel id="sPointingRel2055" xlink:href="rsd.GENTLE_esports_fortnite.mark.xml#sSpan17" target="GENTLE_esports_fortnite.tok.xml#sTok163"/>
		<rel id="sPointingRel2056" xlink:href="rsd.GENTLE_esports_fortnite.mark.xml#sSpan18" target="GENTLE_esports_fortnite.tok.xml#sTok171"/>
		<rel id="sPointingRel2057" xlink:href="rsd.GENTLE_esports_fortnite.mark.xml#sSpan19" target="GENTLE_esports_fortnite.tok.xml#sTok178"/>
		<rel id="sPointingRel2058" xlink:href="rsd.GENTLE_esports_fortnite.mark.xml#sSpan20" target="GENTLE_esports_fortnite.tok.xml#sTok184"/>
		<rel id="sPointingRel2059" xlink:href="rsd.GENTLE_esports_fortnite.mark.xml#sSpan21" target="GENTLE_esports_fortnite.tok.xml#sTok197"/>
		<rel id="sPointingRel2060" xlink:href="rsd.GENTLE_esports_fortnite.mark.xml#sSpan22" target="GENTLE_esports_fortnite.tok.xml#sTok205"/>
		<rel id="sPointingRel2061" xlink:href="rsd.GENTLE_esports_fortnite.mark.xml#sSpan23" target="GENTLE_esports_fortnite.tok.xml#sTok218"/>
		<rel id="sPointingRel2062" xlink:href="rsd.GENTLE_esports_fortnite.mark.xml#sSpan24" target="GENTLE_esports_fortnite.tok.xml#sTok226"/>
		<rel id="sPointingRel2063" xlink:href="rsd.GENTLE_esports_fortnite.mark.xml#sSpan25" target="GENTLE_esports_fortnite.tok.xml#sTok232"/>
		<rel id="sPointingRel2064" xlink:href="rsd.GENTLE_esports_fortnite.mark.xml#sSpan26" target="GENTLE_esports_fortnite.tok.xml#sTok242"/>
		<rel id="sPointingRel2065" xlink:href="rsd.GENTLE_esports_fortnite.mark.xml#sSpan27" target="GENTLE_esports_fortnite.tok.xml#sTok251"/>
		<rel id="sPointingRel2066" xlink:href="rsd.GENTLE_esports_fortnite.mark.xml#sSpan28" target="GENTLE_esports_fortnite.tok.xml#sTok257"/>
		<rel id="sPointingRel2067" xlink:href="rsd.GENTLE_esports_fortnite.mark.xml#sSpan29" target="GENTLE_esports_fortnite.tok.xml#sTok259"/>
		<rel id="sPointingRel2068" xlink:href="rsd.GENTLE_esports_fortnite.mark.xml#sSpan30" target="GENTLE_esports_fortnite.tok.xml#sTok263"/>
		<rel id="sPointingRel2069" xlink:href="rsd.GENTLE_esports_fortnite.mark.xml#sSpan31" target="GENTLE_esports_fortnite.tok.xml#sTok271"/>
		<rel id="sPointingRel2070" xlink:href="rsd.GENTLE_esports_fortnite.mark.xml#sSpan32" target="GENTLE_esports_fortnite.tok.xml#sTok273"/>
		<rel id="sPointingRel2071" xlink:href="rsd.GENTLE_esports_fortnite.mark.xml#sSpan33" target="GENTLE_esports_fortnite.tok.xml#sTok275"/>
		<rel id="sPointingRel2072" xlink:href="rsd.GENTLE_esports_fortnite.mark.xml#sSpan34" target="GENTLE_esports_fortnite.tok.xml#sTok283"/>
		<rel id="sPointingRel2073" xlink:href="rsd.GENTLE_esports_fortnite.mark.xml#sSpan35" target="GENTLE_esports_fortnite.tok.xml#sTok295"/>
		<rel id="sPointingRel2074" xlink:href="rsd.GENTLE_esports_fortnite.mark.xml#sSpan36" target="GENTLE_esports_fortnite.tok.xml#sTok300"/>
		<rel id="sPointingRel2075" xlink:href="rsd.GENTLE_esports_fortnite.mark.xml#sSpan37" target="GENTLE_esports_fortnite.tok.xml#sTok302"/>
		<rel id="sPointingRel2076" xlink:href="rsd.GENTLE_esports_fortnite.mark.xml#sSpan38" target="GENTLE_esports_fortnite.tok.xml#sTok310"/>
		<rel id="sPointingRel2077" xlink:href="rsd.GENTLE_esports_fortnite.mark.xml#sSpan39" target="GENTLE_esports_fortnite.tok.xml#sTok313"/>
		<rel id="sPointingRel2078" xlink:href="rsd.GENTLE_esports_fortnite.mark.xml#sSpan40" target="GENTLE_esports_fortnite.tok.xml#sTok317"/>
		<rel id="sPointingRel2079" xlink:href="rsd.GENTLE_esports_fortnite.mark.xml#sSpan41" target="GENTLE_esports_fortnite.tok.xml#sTok322"/>
		<rel id="sPointingRel2080" xlink:href="rsd.GENTLE_esports_fortnite.mark.xml#sSpan42" target="GENTLE_esports_fortnite.tok.xml#sTok330"/>
		<rel id="sPointingRel2081" xlink:href="rsd.GENTLE_esports_fortnite.mark.xml#sSpan43" target="GENTLE_esports_fortnite.tok.xml#sTok336"/>
		<rel id="sPointingRel2082" xlink:href="rsd.GENTLE_esports_fortnite.mark.xml#sSpan44" target="GENTLE_esports_fortnite.tok.xml#sTok339"/>
		<rel id="sPointingRel2083" xlink:href="rsd.GENTLE_esports_fortnite.mark.xml#sSpan45" target="GENTLE_esports_fortnite.tok.xml#sTok353"/>
		<rel id="sPointingRel2084" xlink:href="rsd.GENTLE_esports_fortnite.mark.xml#sSpan46" target="GENTLE_esports_fortnite.tok.xml#sTok361"/>
		<rel id="sPointingRel2085" xlink:href="rsd.GENTLE_esports_fortnite.mark.xml#sSpan47" target="GENTLE_esports_fortnite.tok.xml#sTok367"/>
		<rel id="sPointingRel2086" xlink:href="rsd.GENTLE_esports_fortnite.mark.xml#sSpan48" target="GENTLE_esports_fortnite.tok.xml#sTok374"/>
		<rel id="sPointingRel2087" xlink:href="rsd.GENTLE_esports_fortnite.mark.xml#sSpan49" target="GENTLE_esports_fortnite.tok.xml#sTok378"/>
		<rel id="sPointingRel2088" xlink:href="rsd.GENTLE_esports_fortnite.mark.xml#sSpan50" target="GENTLE_esports_fortnite.tok.xml#sTok386"/>
		<rel id="sPointingRel2089" xlink:href="rsd.GENTLE_esports_fortnite.mark.xml#sSpan51" target="GENTLE_esports_fortnite.tok.xml#sTok390"/>
		<rel id="sPointingRel2090" xlink:href="rsd.GENTLE_esports_fortnite.mark.xml#sSpan52" target="GENTLE_esports_fortnite.tok.xml#sTok396"/>
		<rel id="sPointingRel2091" xlink:href="rsd.GENTLE_esports_fortnite.mark.xml#sSpan53" target="GENTLE_esports_fortnite.tok.xml#sTok400"/>
		<rel id="sPointingRel2092" xlink:href="rsd.GENTLE_esports_fortnite.mark.xml#sSpan54" target="GENTLE_esports_fortnite.tok.xml#sTok404"/>
		<rel id="sPointingRel2093" xlink:href="rsd.GENTLE_esports_fortnite.mark.xml#sSpan55" target="GENTLE_esports_fortnite.tok.xml#sTok411"/>
		<rel id="sPointingRel2094" xlink:href="rsd.GENTLE_esports_fortnite.mark.xml#sSpan56" target="GENTLE_esports_fortnite.tok.xml#sTok421"/>
		<rel id="sPointingRel2095" xlink:href="rsd.GENTLE_esports_fortnite.mark.xml#sSpan57" target="GENTLE_esports_fortnite.tok.xml#sTok422"/>
		<rel id="sPointingRel2096" xlink:href="rsd.GENTLE_esports_fortnite.mark.xml#sSpan58" target="GENTLE_esports_fortnite.tok.xml#sTok426"/>
		<rel id="sPointingRel2097" xlink:href="rsd.GENTLE_esports_fortnite.mark.xml#sSpan59" target="GENTLE_esports_fortnite.tok.xml#sTok435"/>
		<rel id="sPointingRel2098" xlink:href="rsd.GENTLE_esports_fortnite.mark.xml#sSpan60" target="GENTLE_esports_fortnite.tok.xml#sTok439"/>
		<rel id="sPointingRel2099" xlink:href="rsd.GENTLE_esports_fortnite.mark.xml#sSpan61" target="GENTLE_esports_fortnite.tok.xml#sTok445"/>
		<rel id="sPointingRel2100" xlink:href="rsd.GENTLE_esports_fortnite.mark.xml#sSpan62" target="GENTLE_esports_fortnite.tok.xml#sTok450"/>
		<rel id="sPointingRel2101" xlink:href="rsd.GENTLE_esports_fortnite.mark.xml#sSpan63" target="GENTLE_esports_fortnite.tok.xml#sTok455"/>
		<rel id="sPointingRel2102" xlink:href="rsd.GENTLE_esports_fortnite.mark.xml#sSpan64" target="GENTLE_esports_fortnite.tok.xml#sTok467"/>
		<rel id="sPointingRel2103" xlink:href="rsd.GENTLE_esports_fortnite.mark.xml#sSpan65" target="GENTLE_esports_fortnite.tok.xml#sTok477"/>
		<rel id="sPointingRel2104" xlink:href="rsd.GENTLE_esports_fortnite.mark.xml#sSpan66" target="GENTLE_esports_fortnite.tok.xml#sTok485"/>
		<rel id="sPointingRel2105" xlink:href="rsd.GENTLE_esports_fortnite.mark.xml#sSpan67" target="GENTLE_esports_fortnite.tok.xml#sTok498"/>
		<rel id="sPointingRel2106" xlink:href="rsd.GENTLE_esports_fortnite.mark.xml#sSpan68" target="GENTLE_esports_fortnite.tok.xml#sTok500"/>
		<rel id="sPointingRel2107" xlink:href="rsd.GENTLE_esports_fortnite.mark.xml#sSpan69" target="GENTLE_esports_fortnite.tok.xml#sTok506"/>
		<rel id="sPointingRel2108" xlink:href="rsd.GENTLE_esports_fortnite.mark.xml#sSpan70" target="GENTLE_esports_fortnite.tok.xml#sTok510"/>
		<rel id="sPointingRel2109" xlink:href="rsd.GENTLE_esports_fortnite.mark.xml#sSpan71" target="GENTLE_esports_fortnite.tok.xml#sTok518"/>
		<rel id="sPointingRel2110" xlink:href="rsd.GENTLE_esports_fortnite.mark.xml#sSpan72" target="GENTLE_esports_fortnite.tok.xml#sTok525"/>
		<rel id="sPointingRel2111" xlink:href="rsd.GENTLE_esports_fortnite.mark.xml#sSpan73" target="GENTLE_esports_fortnite.tok.xml#sTok538"/>
		<rel id="sPointingRel2112" xlink:href="rsd.GENTLE_esports_fortnite.mark.xml#sSpan74" target="GENTLE_esports_fortnite.tok.xml#sTok545"/>
		<rel id="sPointingRel2113" xlink:href="rsd.GENTLE_esports_fortnite.mark.xml#sSpan75" target="GENTLE_esports_fortnite.tok.xml#sTok553"/>
		<rel id="sPointingRel2114" xlink:href="rsd.GENTLE_esports_fortnite.mark.xml#sSpan76" target="GENTLE_esports_fortnite.tok.xml#sTok560"/>
		<rel id="sPointingRel2115" xlink:href="rsd.GENTLE_esports_fortnite.mark.xml#sSpan77" target="GENTLE_esports_fortnite.tok.xml#sTok565"/>
		<rel id="sPointingRel2116" xlink:href="rsd.GENTLE_esports_fortnite.mark.xml#sSpan78" target="GENTLE_esports_fortnite.tok.xml#sTok574"/>
		<rel id="sPointingRel2117" xlink:href="rsd.GENTLE_esports_fortnite.mark.xml#sSpan79" target="GENTLE_esports_fortnite.tok.xml#sTok577"/>
		<rel id="sPointingRel2118" xlink:href="rsd.GENTLE_esports_fortnite.mark.xml#sSpan80" target="GENTLE_esports_fortnite.tok.xml#sTok582"/>
		<rel id="sPointingRel2119" xlink:href="rsd.GENTLE_esports_fortnite.mark.xml#sSpan81" target="GENTLE_esports_fortnite.tok.xml#sTok593"/>
		<rel id="sPointingRel2120" xlink:href="rsd.GENTLE_esports_fortnite.mark.xml#sSpan82" target="GENTLE_esports_fortnite.tok.xml#sTok597"/>
		<rel id="sPointingRel2121" xlink:href="rsd.GENTLE_esports_fortnite.mark.xml#sSpan83" target="GENTLE_esports_fortnite.tok.xml#sTok600"/>
		<rel id="sPointingRel2122" xlink:href="rsd.GENTLE_esports_fortnite.mark.xml#sSpan84" target="GENTLE_esports_fortnite.tok.xml#sTok604"/>
		<rel id="sPointingRel2123" xlink:href="rsd.GENTLE_esports_fortnite.mark.xml#sSpan85" target="GENTLE_esports_fortnite.tok.xml#sTok608"/>
		<rel id="sPointingRel2124" xlink:href="rsd.GENTLE_esports_fortnite.mark.xml#sSpan86" target="GENTLE_esports_fortnite.tok.xml#sTok611"/>
		<rel id="sPointingRel2125" xlink:href="rsd.GENTLE_esports_fortnite.mark.xml#sSpan87" target="GENTLE_esports_fortnite.tok.xml#sTok617"/>
		<rel id="sPointingRel2126" xlink:href="rsd.GENTLE_esports_fortnite.mark.xml#sSpan88" target="GENTLE_esports_fortnite.tok.xml#sTok625"/>
		<rel id="sPointingRel2127" xlink:href="rsd.GENTLE_esports_fortnite.mark.xml#sSpan89" target="GENTLE_esports_fortnite.tok.xml#sTok630"/>
		<rel id="sPointingRel2128" xlink:href="rsd.GENTLE_esports_fortnite.mark.xml#sSpan90" target="GENTLE_esports_fortnite.tok.xml#sTok637"/>
		<rel id="sPointingRel2129" xlink:href="rsd.GENTLE_esports_fortnite.mark.xml#sSpan91" target="GENTLE_esports_fortnite.tok.xml#sTok644"/>
		<rel id="sPointingRel2130" xlink:href="rsd.GENTLE_esports_fortnite.mark.xml#sSpan92" target="GENTLE_esports_fortnite.tok.xml#sTok652"/>
		<rel id="sPointingRel2131" xlink:href="rsd.GENTLE_esports_fortnite.mark.xml#sSpan93" target="GENTLE_esports_fortnite.tok.xml#sTok658"/>
		<rel id="sPointingRel2132" xlink:href="rsd.GENTLE_esports_fortnite.mark.xml#sSpan94" target="GENTLE_esports_fortnite.tok.xml#sTok667"/>
		<rel id="sPointingRel2133" xlink:href="rsd.GENTLE_esports_fortnite.mark.xml#sSpan95" target="GENTLE_esports_fortnite.tok.xml#sTok674"/>
		<rel id="sPointingRel2134" xlink:href="rsd.GENTLE_esports_fortnite.mark.xml#sSpan96" target="GENTLE_esports_fortnite.tok.xml#sTok682"/>
		<rel id="sPointingRel2135" xlink:href="rsd.GENTLE_esports_fortnite.mark.xml#sSpan97" target="GENTLE_esports_fortnite.tok.xml#sTok692"/>
		<rel id="sPointingRel2136" xlink:href="rsd.GENTLE_esports_fortnite.mark.xml#sSpan98" target="GENTLE_esports_fortnite.tok.xml#sTok702"/>
		<rel id="sPointingRel2137" xlink:href="rsd.GENTLE_esports_fortnite.mark.xml#sSpan99" target="GENTLE_esports_fortnite.tok.xml#sTok712"/>
		<rel id="sPointingRel2138" xlink:href="rsd.GENTLE_esports_fortnite.mark.xml#sSpan100" target="GENTLE_esports_fortnite.tok.xml#sTok715"/>
		<rel id="sPointingRel2139" xlink:href="rsd.GENTLE_esports_fortnite.mark.xml#sSpan101" target="GENTLE_esports_fortnite.tok.xml#sTok721"/>
		<rel id="sPointingRel2140" xlink:href="rsd.GENTLE_esports_fortnite.mark.xml#sSpan102" target="GENTLE_esports_fortnite.tok.xml#sTok724"/>
		<rel id="sPointingRel2141" xlink:href="rsd.GENTLE_esports_fortnite.mark.xml#sSpan103" target="GENTLE_esports_fortnite.tok.xml#sTok734"/>
		<rel id="sPointingRel2142" xlink:href="rsd.GENTLE_esports_fortnite.mark.xml#sSpan104" target="GENTLE_esports_fortnite.tok.xml#sTok738"/>
		<rel id="sPointingRel2143" xlink:href="rsd.GENTLE_esports_fortnite.mark.xml#sSpan105" target="GENTLE_esports_fortnite.tok.xml#sTok747"/>
		<rel id="sPointingRel2144" xlink:href="rsd.GENTLE_esports_fortnite.mark.xml#sSpan106" target="GENTLE_esports_fortnite.tok.xml#sTok753"/>
		<rel id="sPointingRel2145" xlink:href="rsd.GENTLE_esports_fortnite.mark.xml#sSpan107" target="GENTLE_esports_fortnite.tok.xml#sTok768"/>
		<rel id="sPointingRel2146" xlink:href="rsd.GENTLE_esports_fortnite.mark.xml#sSpan108" target="GENTLE_esports_fortnite.tok.xml#sTok772"/>
		<rel id="sPointingRel2147" xlink:href="rsd.GENTLE_esports_fortnite.mark.xml#sSpan109" target="GENTLE_esports_fortnite.tok.xml#sTok781"/>
		<rel id="sPointingRel2148" xlink:href="rsd.GENTLE_esports_fortnite.mark.xml#sSpan110" target="GENTLE_esports_fortnite.tok.xml#sTok785"/>
		<rel id="sPointingRel2149" xlink:href="rsd.GENTLE_esports_fortnite.mark.xml#sSpan111" target="GENTLE_esports_fortnite.tok.xml#sTok796"/>
		<rel id="sPointingRel2150" xlink:href="rsd.GENTLE_esports_fortnite.mark.xml#sSpan112" target="GENTLE_esports_fortnite.tok.xml#sTok798"/>
		<rel id="sPointingRel2151" xlink:href="rsd.GENTLE_esports_fortnite.mark.xml#sSpan113" target="GENTLE_esports_fortnite.tok.xml#sTok801"/>
		<rel id="sPointingRel2152" xlink:href="rsd.GENTLE_esports_fortnite.mark.xml#sSpan114" target="GENTLE_esports_fortnite.tok.xml#sTok807"/>
		<rel id="sPointingRel2153" xlink:href="rsd.GENTLE_esports_fortnite.mark.xml#sSpan115" target="GENTLE_esports_fortnite.tok.xml#sTok820"/>
		<rel id="sPointingRel2154" xlink:href="rsd.GENTLE_esports_fortnite.mark.xml#sSpan116" target="GENTLE_esports_fortnite.tok.xml#sTok828"/>
		<rel id="sPointingRel2155" xlink:href="rsd.GENTLE_esports_fortnite.mark.xml#sSpan117" target="GENTLE_esports_fortnite.tok.xml#sTok832"/>
		<rel id="sPointingRel2156" xlink:href="rsd.GENTLE_esports_fortnite.mark.xml#sSpan118" target="GENTLE_esports_fortnite.tok.xml#sTok845"/>
		<rel id="sPointingRel2157" xlink:href="rsd.GENTLE_esports_fortnite.mark.xml#sSpan119" target="GENTLE_esports_fortnite.tok.xml#sTok850"/>
		<rel id="sPointingRel2158" xlink:href="rsd.GENTLE_esports_fortnite.mark.xml#sSpan120" target="GENTLE_esports_fortnite.tok.xml#sTok855"/>
		<rel id="sPointingRel2159" xlink:href="rsd.GENTLE_esports_fortnite.mark.xml#sSpan121" target="GENTLE_esports_fortnite.tok.xml#sTok866"/>
		<rel id="sPointingRel2160" xlink:href="rsd.GENTLE_esports_fortnite.mark.xml#sSpan122" target="GENTLE_esports_fortnite.tok.xml#sTok873"/>
		<rel id="sPointingRel2161" xlink:href="rsd.GENTLE_esports_fortnite.mark.xml#sSpan123" target="GENTLE_esports_fortnite.tok.xml#sTok883"/>
		<rel id="sPointingRel2162" xlink:href="rsd.GENTLE_esports_fortnite.mark.xml#sSpan124" target="GENTLE_esports_fortnite.tok.xml#sTok896"/>
		<rel id="sPointingRel2163" xlink:href="rsd.GENTLE_esports_fortnite.mark.xml#sSpan125" target="GENTLE_esports_fortnite.tok.xml#sTok898"/>
		<rel id="sPointingRel2164" xlink:href="rsd.GENTLE_esports_fortnite.mark.xml#sSpan126" target="GENTLE_esports_fortnite.tok.xml#sTok908"/>
		<rel id="sPointingRel2165" xlink:href="rsd.GENTLE_esports_fortnite.mark.xml#sSpan127" target="GENTLE_esports_fortnite.tok.xml#sTok911"/>
		<rel id="sPointingRel2166" xlink:href="rsd.GENTLE_esports_fortnite.mark.xml#sSpan128" target="GENTLE_esports_fortnite.tok.xml#sTok916"/>
		<rel id="sPointingRel2167" xlink:href="rsd.GENTLE_esports_fortnite.mark.xml#sSpan129" target="GENTLE_esports_fortnite.tok.xml#sTok923"/>
		<rel id="sPointingRel2168" xlink:href="rsd.GENTLE_esports_fortnite.mark.xml#sSpan130" target="GENTLE_esports_fortnite.tok.xml#sTok932"/>
		<rel id="sPointingRel2169" xlink:href="rsd.GENTLE_esports_fortnite.mark.xml#sSpan131" target="GENTLE_esports_fortnite.tok.xml#sTok939"/>
		<rel id="sPointingRel2170" xlink:href="rsd.GENTLE_esports_fortnite.mark.xml#sSpan132" target="GENTLE_esports_fortnite.tok.xml#sTok942"/>
		<rel id="sPointingRel2171" xlink:href="rsd.GENTLE_esports_fortnite.mark.xml#sSpan133" target="GENTLE_esports_fortnite.tok.xml#sTok946"/>
		<rel id="sPointingRel2172" xlink:href="rsd.GENTLE_esports_fortnite.mark.xml#sSpan134" target="GENTLE_esports_fortnite.tok.xml#sTok955"/>
		<rel id="sPointingRel2173" xlink:href="rsd.GENTLE_esports_fortnite.mark.xml#sSpan135" target="GENTLE_esports_fortnite.tok.xml#sTok964"/>
		<rel id="sPointingRel2174" xlink:href="rsd.GENTLE_esports_fortnite.mark.xml#sSpan136" target="GENTLE_esports_fortnite.tok.xml#sTok967"/>
		<rel id="sPointingRel2175" xlink:href="rsd.GENTLE_esports_fortnite.mark.xml#sSpan137" target="GENTLE_esports_fortnite.tok.xml#sTok972"/>
		<rel id="sPointingRel2176" xlink:href="rsd.GENTLE_esports_fortnite.mark.xml#sSpan138" target="GENTLE_esports_fortnite.tok.xml#sTok979"/>
		<rel id="sPointingRel2177" xlink:href="rsd.GENTLE_esports_fortnite.mark.xml#sSpan139" target="GENTLE_esports_fortnite.tok.xml#sTok985"/>
		<rel id="sPointingRel2178" xlink:href="rsd.GENTLE_esports_fortnite.mark.xml#sSpan140" target="GENTLE_esports_fortnite.tok.xml#sTok991"/>
		<rel id="sPointingRel2179" xlink:href="rsd.GENTLE_esports_fortnite.mark.xml#sSpan141" target="GENTLE_esports_fortnite.tok.xml#sTok996"/>
		<rel id="sPointingRel2180" xlink:href="rsd.GENTLE_esports_fortnite.mark.xml#sSpan142" target="GENTLE_esports_fortnite.tok.xml#sTok1005"/>
		<rel id="sPointingRel2181" xlink:href="rsd.GENTLE_esports_fortnite.mark.xml#sSpan143" target="GENTLE_esports_fortnite.tok.xml#sTok1013"/>
		<rel id="sPointingRel2182" xlink:href="rsd.GENTLE_esports_fortnite.mark.xml#sSpan144" target="GENTLE_esports_fortnite.tok.xml#sTok1017"/>
		<rel id="sPointingRel2183" xlink:href="rsd.GENTLE_esports_fortnite.mark.xml#sSpan145" target="GENTLE_esports_fortnite.tok.xml#sTok1032"/>
		<rel id="sPointingRel2184" xlink:href="rsd.GENTLE_esports_fortnite.mark.xml#sSpan146" target="GENTLE_esports_fortnite.tok.xml#sTok1037"/>
		<rel id="sPointingRel2185" xlink:href="rsd.GENTLE_esports_fortnite.mark.xml#sSpan147" target="GENTLE_esports_fortnite.tok.xml#sTok1049"/>
		<rel id="sPointingRel2186" xlink:href="rsd.GENTLE_esports_fortnite.mark.xml#sSpan148" target="GENTLE_esports_fortnite.tok.xml#sTok1056"/>
		<rel id="sPointingRel2187" xlink:href="rsd.GENTLE_esports_fortnite.mark.xml#sSpan149" target="GENTLE_esports_fortnite.tok.xml#sTok1060"/>
		<rel id="sPointingRel2188" xlink:href="rsd.GENTLE_esports_fortnite.mark.xml#sSpan150" target="GENTLE_esports_fortnite.tok.xml#sTok1068"/>
		<rel id="sPointingRel2189" xlink:href="rsd.GENTLE_esports_fortnite.mark.xml#sSpan151" target="GENTLE_esports_fortnite.tok.xml#sTok1073"/>
		<rel id="sPointingRel2190" xlink:href="rsd.GENTLE_esports_fortnite.mark.xml#sSpan152" target="GENTLE_esports_fortnite.tok.xml#sTok1082"/>
		<rel id="sPointingRel2191" xlink:href="rsd.GENTLE_esports_fortnite.mark.xml#sSpan153" target="GENTLE_esports_fortnite.tok.xml#sTok1089"/>
		<rel id="sPointingRel2192" xlink:href="rsd.GENTLE_esports_fortnite.mark.xml#sSpan154" target="GENTLE_esports_fortnite.tok.xml#sTok1097"/>
		<rel id="sPointingRel2193" xlink:href="rsd.GENTLE_esports_fortnite.mark.xml#sSpan155" target="GENTLE_esports_fortnite.tok.xml#sTok1104"/>
		<rel id="sPointingRel2194" xlink:href="rsd.GENTLE_esports_fortnite.mark.xml#sSpan156" target="GENTLE_esports_fortnite.tok.xml#sTok1111"/>
		<rel id="sPointingRel2195" xlink:href="rsd.GENTLE_esports_fortnite.mark.xml#sSpan157" target="GENTLE_esports_fortnite.tok.xml#sTok1119"/>
		<rel id="sPointingRel2196" xlink:href="rsd.GENTLE_esports_fortnite.mark.xml#sSpan158" target="GENTLE_esports_fortnite.tok.xml#sTok1126"/>
		<rel id="sPointingRel2197" xlink:href="rsd.GENTLE_esports_fortnite.mark.xml#sSpan159" target="GENTLE_esports_fortnite.tok.xml#sTok1136"/>
		<rel id="sPointingRel2198" xlink:href="rsd.GENTLE_esports_fortnite.mark.xml#sSpan160" target="GENTLE_esports_fortnite.tok.xml#sTok1147"/>
		<rel id="sPointingRel2199" xlink:href="rsd.GENTLE_esports_fortnite.mark.xml#sSpan161" target="GENTLE_esports_fortnite.tok.xml#sTok1155"/>
		<rel id="sPointingRel2200" xlink:href="rsd.GENTLE_esports_fortnite.mark.xml#sSpan162" target="GENTLE_esports_fortnite.tok.xml#sTok1157"/>
		<rel id="sPointingRel2201" xlink:href="rsd.GENTLE_esports_fortnite.mark.xml#sSpan163" target="GENTLE_esports_fortnite.tok.xml#sTok1162"/>
		<rel id="sPointingRel2202" xlink:href="rsd.GENTLE_esports_fortnite.mark.xml#sSpan164" target="GENTLE_esports_fortnite.tok.xml#sTok1166"/>
		<rel id="sPointingRel2203" xlink:href="rsd.GENTLE_esports_fortnite.mark.xml#sSpan165" target="GENTLE_esports_fortnite.tok.xml#sTok1171"/>
		<rel id="sPointingRel2204" xlink:href="rsd.GENTLE_esports_fortnite.mark.xml#sSpan166" target="GENTLE_esports_fortnite.tok.xml#sTok1175"/>
		<rel id="sPointingRel2205" xlink:href="rsd.GENTLE_esports_fortnite.mark.xml#sSpan167" target="GENTLE_esports_fortnite.tok.xml#sTok1179"/>
		<rel id="sPointingRel2206" xlink:href="rsd.GENTLE_esports_fortnite.mark.xml#sSpan168" target="GENTLE_esports_fortnite.tok.xml#sTok1181"/>
		<rel id="sPointingRel2207" xlink:href="rsd.GENTLE_esports_fortnite.mark.xml#sSpan169" target="GENTLE_esports_fortnite.tok.xml#sTok1183"/>
		<rel id="sPointingRel2208" xlink:href="rsd.GENTLE_esports_fortnite.mark.xml#sSpan170" target="GENTLE_esports_fortnite.tok.xml#sTok1186"/>
		<rel id="sPointingRel2209" xlink:href="rsd.GENTLE_esports_fortnite.mark.xml#sSpan171" target="GENTLE_esports_fortnite.tok.xml#sTok1191"/>
		<rel id="sPointingRel2210" xlink:href="rsd.GENTLE_esports_fortnite.mark.xml#sSpan172" target="GENTLE_esports_fortnite.tok.xml#sTok1198"/>
		<rel id="sPointingRel2211" xlink:href="rsd.GENTLE_esports_fortnite.mark.xml#sSpan173" target="GENTLE_esports_fortnite.tok.xml#sTok1210"/>
		<rel id="sPointingRel2212" xlink:href="rsd.GENTLE_esports_fortnite.mark.xml#sSpan174" target="GENTLE_esports_fortnite.tok.xml#sTok1219"/>
		<rel id="sPointingRel2213" xlink:href="rsd.GENTLE_esports_fortnite.mark.xml#sSpan175" target="GENTLE_esports_fortnite.tok.xml#sTok1220"/></relList></paula>