<?xml version='1.0' encoding='UTF-8'?><!DOCTYPE paula SYSTEM "paula_feat.dtd">
<paula version="1.1">
	<header paula_id="ref.GENTLE_esports_fortnite.mark_entity"/>
	<featList xmlns:xlink="http://www.w3.org/1999/xlink" type="entity" xml:base="ref.GENTLE_esports_fortnite.mark.xml">
		<feat xlink:href="#sSpan178" value="event"/>
		<feat xlink:href="#sSpan179" value="abstract"/>
		<feat xlink:href="#sSpan182" value="time"/>
		<feat xlink:href="#sSpan184" value="event"/>
		<feat xlink:href="#sSpan185" value="event"/>
		<feat xlink:href="#sSpan186" value="abstract"/>
		<feat xlink:href="#sSpan189" value="place"/>
		<feat xlink:href="#sSpan191" value="person"/>
		<feat xlink:href="#sSpan192" value="object"/>
		<feat xlink:href="#sSpan193" value="person"/>
		<feat xlink:href="#sSpan196" value="person"/>
		<feat xlink:href="#sSpan198" value="person"/>
		<feat xlink:href="#sSpan205" value="person"/>
		<feat xlink:href="#sSpan208" value="abstract"/>
		<feat xlink:href="#sSpan210" value="person"/>
		<feat xlink:href="#sSpan211" value="person"/>
		<feat xlink:href="#sSpan212" value="event"/>
		<feat xlink:href="#sSpan215" value="place"/>
		<feat xlink:href="#sSpan216" value="place"/>
		<feat xlink:href="#sSpan217" value="object"/>
		<feat xlink:href="#sSpan221" value="person"/>
		<feat xlink:href="#sSpan223" value="object"/>
		<feat xlink:href="#sSpan227" value="person"/>
		<feat xlink:href="#sSpan228" value="person"/>
		<feat xlink:href="#sSpan230" value="place"/>
		<feat xlink:href="#sSpan232" value="person"/>
		<feat xlink:href="#sSpan233" value="person"/>
		<feat xlink:href="#sSpan234" value="person"/>
		<feat xlink:href="#sSpan235" value="person"/>
		<feat xlink:href="#sSpan236" value="person"/>
		<feat xlink:href="#sSpan237" value="person"/>
		<feat xlink:href="#sSpan238" value="person"/>
		<feat xlink:href="#sSpan239" value="person"/>
		<feat xlink:href="#sSpan240" value="person"/>
		<feat xlink:href="#sSpan242" value="abstract"/>
		<feat xlink:href="#sSpan243" value="abstract"/>
		<feat xlink:href="#sSpan245" value="person"/>
		<feat xlink:href="#sSpan247" value="event"/>
		<feat xlink:href="#sSpan249" value="abstract"/>
		<feat xlink:href="#sSpan253" value="person"/>
		<feat xlink:href="#sSpan255" value="abstract"/>
		<feat xlink:href="#sSpan259" value="abstract"/>
		<feat xlink:href="#sSpan260" value="time"/>
		<feat xlink:href="#sSpan262" value="person"/>
		<feat xlink:href="#sSpan264" value="person"/>
		<feat xlink:href="#sSpan268" value="abstract"/>
		<feat xlink:href="#sSpan269" value="event"/>
		<feat xlink:href="#sSpan271" value="abstract"/>
		<feat xlink:href="#sSpan272" value="abstract"/>
		<feat xlink:href="#sSpan274" value="event"/>
		<feat xlink:href="#sSpan276" value="person"/>
		<feat xlink:href="#sSpan280" value="abstract"/>
		<feat xlink:href="#sSpan282" value="event"/>
		<feat xlink:href="#sSpan284" value="person"/>
		<feat xlink:href="#sSpan288" value="abstract"/>
		<feat xlink:href="#sSpan289" value="abstract"/>
		<feat xlink:href="#sSpan292" value="person"/>
		<feat xlink:href="#sSpan294" value="abstract"/>
		<feat xlink:href="#sSpan297" value="person"/>
		<feat xlink:href="#sSpan299" value="abstract"/>
		<feat xlink:href="#sSpan302" value="place"/>
		<feat xlink:href="#sSpan305" value="person"/>
		<feat xlink:href="#sSpan306" value="person"/>
		<feat xlink:href="#sSpan307" value="abstract"/>
		<feat xlink:href="#sSpan309" value="person"/>
		<feat xlink:href="#sSpan313" value="person"/>
		<feat xlink:href="#sSpan316" value="place"/>
		<feat xlink:href="#sSpan317" value="person"/>
		<feat xlink:href="#sSpan318" value="time"/>
		<feat xlink:href="#sSpan320" value="organization"/>
		<feat xlink:href="#sSpan323" value="time"/>
		<feat xlink:href="#sSpan325" value="event"/>
		<feat xlink:href="#sSpan328" value="person"/>
		<feat xlink:href="#sSpan331" value="abstract"/>
		<feat xlink:href="#sSpan332" value="person"/>
		<feat xlink:href="#sSpan338" value="abstract"/>
		<feat xlink:href="#sSpan341" value="person"/>
		<feat xlink:href="#sSpan342" value="object"/>
		<feat xlink:href="#sSpan347" value="event"/>
		<feat xlink:href="#sSpan352" value="abstract"/>
		<feat xlink:href="#sSpan354" value="person"/>
		<feat xlink:href="#sSpan363" value="person"/>
		<feat xlink:href="#sSpan370" value="person"/>
		<feat xlink:href="#sSpan373" value="place"/>
		<feat xlink:href="#sSpan375" value="person"/>
		<feat xlink:href="#sSpan379" value="event"/>
		<feat xlink:href="#sSpan380" value="person"/>
		<feat xlink:href="#sSpan381" value="abstract"/>
		<feat xlink:href="#sSpan382" value="place"/>
		<feat xlink:href="#sSpan384" value="person"/>
		<feat xlink:href="#sSpan385" value="person"/>
		<feat xlink:href="#sSpan389" value="person"/>
		<feat xlink:href="#sSpan391" value="event"/>
		<feat xlink:href="#sSpan392" value="object"/>
		<feat xlink:href="#sSpan394" value="person"/>
		<feat xlink:href="#sSpan404" value="person"/>
		<feat xlink:href="#sSpan405" value="person"/>
		<feat xlink:href="#sSpan408" value="event"/>
		<feat xlink:href="#sSpan410" value="person"/>
		<feat xlink:href="#sSpan413" value="event"/>
		<feat xlink:href="#sSpan415" value="person"/>
		<feat xlink:href="#sSpan419" value="abstract"/>
		<feat xlink:href="#sSpan421" value="event"/>
		<feat xlink:href="#sSpan422" value="event"/>
		<feat xlink:href="#sSpan425" value="abstract"/>
		<feat xlink:href="#sSpan429" value="person"/>
		<feat xlink:href="#sSpan432" value="abstract"/>
		<feat xlink:href="#sSpan434" value="person"/>
		<feat xlink:href="#sSpan437" value="object"/>
		<feat xlink:href="#sSpan438" value="object"/>
		<feat xlink:href="#sSpan440" value="object"/>
		<feat xlink:href="#sSpan442" value="person"/>
		<feat xlink:href="#sSpan444" value="person"/>
		<feat xlink:href="#sSpan445" value="person"/>
		<feat xlink:href="#sSpan450" value="event"/>
		<feat xlink:href="#sSpan452" value="person"/>
		<feat xlink:href="#sSpan457" value="place"/>
		<feat xlink:href="#sSpan463" value="abstract"/>
		<feat xlink:href="#sSpan466" value="person"/>
		<feat xlink:href="#sSpan470" value="person"/>
		<feat xlink:href="#sSpan472" value="object"/>
		<feat xlink:href="#sSpan476" value="person"/>
		<feat xlink:href="#sSpan478" value="person"/>
		<feat xlink:href="#sSpan481" value="place"/>
		<feat xlink:href="#sSpan482" value="object"/>
		<feat xlink:href="#sSpan484" value="person"/>
		<feat xlink:href="#sSpan485" value="person"/>
		<feat xlink:href="#sSpan491" value="time"/>
		<feat xlink:href="#sSpan493" value="abstract"/>
		<feat xlink:href="#sSpan494" value="object"/>
		<feat xlink:href="#sSpan501" value="time"/>
		<feat xlink:href="#sSpan509" value="abstract"/>
		<feat xlink:href="#sSpan512" value="abstract"/>
		<feat xlink:href="#sSpan513" value="substance"/>
		<feat xlink:href="#sSpan516" value="person"/>
		<feat xlink:href="#sSpan518" value="person"/>
		<feat xlink:href="#sSpan521" value="place"/>
		<feat xlink:href="#sSpan525" value="place"/>
		<feat xlink:href="#sSpan526" value="place"/>
		<feat xlink:href="#sSpan528" value="person"/>
		<feat xlink:href="#sSpan536" value="abstract"/>
		<feat xlink:href="#sSpan537" value="person"/>
		<feat xlink:href="#sSpan546" value="event"/>
		<feat xlink:href="#sSpan548" value="object"/>
		<feat xlink:href="#sSpan550" value="object"/>
		<feat xlink:href="#sSpan551" value="time"/>
		<feat xlink:href="#sSpan553" value="object"/>
		<feat xlink:href="#sSpan555" value="object"/>
		<feat xlink:href="#sSpan558" value="event"/>
		<feat xlink:href="#sSpan560" value="object"/>
		<feat xlink:href="#sSpan563" value="object"/>
		<feat xlink:href="#sSpan564" value="object"/>
		<feat xlink:href="#sSpan565" value="object"/>
		<feat xlink:href="#sSpan570" value="person"/>
		<feat xlink:href="#sSpan573" value="abstract"/>
		<feat xlink:href="#sSpan575" value="person"/>
		<feat xlink:href="#sSpan577" value="event"/>
		<feat xlink:href="#sSpan580" value="place"/>
		<feat xlink:href="#sSpan582" value="person"/>
		<feat xlink:href="#sSpan585" value="abstract"/>
		<feat xlink:href="#sSpan589" value="person"/>
		<feat xlink:href="#sSpan594" value="event"/>
		<feat xlink:href="#sSpan596" value="person"/>
		<feat xlink:href="#sSpan610" value="person"/>
		<feat xlink:href="#sSpan622" value="object"/>
		<feat xlink:href="#sSpan631" value="event"/>
		<feat xlink:href="#sSpan637" value="person"/>
		<feat xlink:href="#sSpan644" value="object"/>
		<feat xlink:href="#sSpan651" value="abstract"/>
		<feat xlink:href="#sSpan655" value="person"/>
		<feat xlink:href="#sSpan659" value="event"/>
		<feat xlink:href="#sSpan664" value="abstract"/>
		<feat xlink:href="#sSpan668" value="person"/>
		<feat xlink:href="#sSpan671" value="place"/>
		<feat xlink:href="#sSpan676" value="time"/>
		<feat xlink:href="#sSpan680" value="object"/>
		<feat xlink:href="#sSpan681" value="person"/>
		<feat xlink:href="#sSpan686" value="place"/>
		<feat xlink:href="#sSpan688" value="person"/>
		<feat xlink:href="#sSpan693" value="person"/>
		<feat xlink:href="#sSpan696" value="object"/>
		<feat xlink:href="#sSpan697" value="place"/>
		<feat xlink:href="#sSpan699" value="time"/>
		<feat xlink:href="#sSpan701" value="person"/>
		<feat xlink:href="#sSpan712" value="event"/>
		<feat xlink:href="#sSpan719" value="person"/>
		<feat xlink:href="#sSpan720" value="person"/>
		<feat xlink:href="#sSpan721" value="person"/>
		<feat xlink:href="#sSpan723" value="person"/>
		<feat xlink:href="#sSpan724" value="person"/>
		<feat xlink:href="#sSpan725" value="time"/>
		<feat xlink:href="#sSpan731" value="object"/>
		<feat xlink:href="#sSpan735" value="abstract"/>
		<feat xlink:href="#sSpan740" value="event"/>
		<feat xlink:href="#sSpan742" value="person"/>
		<feat xlink:href="#sSpan745" value="event"/>
		<feat xlink:href="#sSpan746" value="person"/>
		<feat xlink:href="#sSpan747" value="event"/>
		<feat xlink:href="#sSpan752" value="event"/>
		<feat xlink:href="#sSpan755" value="event"/>
		<feat xlink:href="#sSpan756" value="person"/>
		<feat xlink:href="#sSpan757" value="event"/>
		<feat xlink:href="#sSpan758" value="abstract"/>
		<feat xlink:href="#sSpan760" value="abstract"/>
		<feat xlink:href="#sSpan764" value="person"/>
		<feat xlink:href="#sSpan768" value="person"/>
		<feat xlink:href="#sSpan772" value="person"/>
		<feat xlink:href="#sSpan773" value="person"/>
		<feat xlink:href="#sSpan775" value="event"/>
		<feat xlink:href="#sSpan783" value="event"/>
		<feat xlink:href="#sSpan785" value="event"/>
		<feat xlink:href="#sSpan786" value="person"/>
		<feat xlink:href="#sSpan787" value="place"/>
		<feat xlink:href="#sSpan788" value="time"/>
		<feat xlink:href="#sSpan791" value="abstract"/>
		<feat xlink:href="#sSpan792" value="abstract"/>
		<feat xlink:href="#sSpan794" value="abstract"/>
		<feat xlink:href="#sSpan798" value="time"/>
		<feat xlink:href="#sSpan802" value="person"/>
		<feat xlink:href="#sSpan805" value="person"/>
		<feat xlink:href="#sSpan807" value="person"/>
		<feat xlink:href="#sSpan809" value="person"/>
		<feat xlink:href="#sSpan810" value="person"/>
		<feat xlink:href="#sSpan814" value="abstract"/>
		<feat xlink:href="#sSpan815" value="abstract"/>
		<feat xlink:href="#sSpan819" value="person"/>
		<feat xlink:href="#sSpan822" value="event"/>
		<feat xlink:href="#sSpan825" value="person"/>
		<feat xlink:href="#sSpan827" value="event"/>
		<feat xlink:href="#sSpan828" value="person"/>
		<feat xlink:href="#sSpan829" value="abstract"/>
		<feat xlink:href="#sSpan830" value="abstract"/>
		<feat xlink:href="#sSpan831" value="abstract"/>
		<feat xlink:href="#sSpan833" value="person"/>
		<feat xlink:href="#sSpan834" value="person"/>
		<feat xlink:href="#sSpan836" value="person"/>
		<feat xlink:href="#sSpan841" value="abstract"/>
		<feat xlink:href="#sSpan842" value="place"/>
		<feat xlink:href="#sSpan844" value="place"/>
		<feat xlink:href="#sSpan850" value="place"/>
		<feat xlink:href="#sSpan855" value="person"/>
		<feat xlink:href="#sSpan858" value="place"/>
		<feat xlink:href="#sSpan860" value="person"/>
		<feat xlink:href="#sSpan861" value="event"/>
		<feat xlink:href="#sSpan862" value="abstract"/>
		<feat xlink:href="#sSpan863" value="abstract"/>
		<feat xlink:href="#sSpan864" value="person"/>
		<feat xlink:href="#sSpan865" value="event"/>
		<feat xlink:href="#sSpan867" value="person"/>
		<feat xlink:href="#sSpan869" value="event"/>
		<feat xlink:href="#sSpan879" value="abstract"/>
		<feat xlink:href="#sSpan881" value="person"/>
		<feat xlink:href="#sSpan884" value="event"/>
		<feat xlink:href="#sSpan885" value="person"/>
		<feat xlink:href="#sSpan889" value="abstract"/>
		<feat xlink:href="#sSpan895" value="place"/>
		<feat xlink:href="#sSpan901" value="event"/>
		<feat xlink:href="#sSpan902" value="object"/>
		<feat xlink:href="#sSpan905" value="person"/>
		<feat xlink:href="#sSpan907" value="person"/>
		<feat xlink:href="#sSpan909" value="event"/>
		<feat xlink:href="#sSpan910" value="object"/>
		<feat xlink:href="#sSpan911" value="object"/>
		<feat xlink:href="#sSpan912" value="person"/>
		<feat xlink:href="#sSpan917" value="object"/>
		<feat xlink:href="#sSpan919" value="person"/>
		<feat xlink:href="#sSpan921" value="event"/>
		<feat xlink:href="#sSpan925" value="person"/>
		<feat xlink:href="#sSpan927" value="abstract"/>
		<feat xlink:href="#sSpan929" value="person"/>
		<feat xlink:href="#sSpan931" value="abstract"/>
		<feat xlink:href="#sSpan933" value="person"/>
		<feat xlink:href="#sSpan938" value="object"/>
		<feat xlink:href="#sSpan942" value="person"/>
		<feat xlink:href="#sSpan945" value="person"/>
		<feat xlink:href="#sSpan952" value="object"/>
		<feat xlink:href="#sSpan954" value="person"/>
		<feat xlink:href="#sSpan956" value="event"/>
		<feat xlink:href="#sSpan957" value="person"/>
		<feat xlink:href="#sSpan958" value="object"/>
		<feat xlink:href="#sSpan959" value="object"/>
		<feat xlink:href="#sSpan960" value="person"/>
		<feat xlink:href="#sSpan962" value="person"/>
		<feat xlink:href="#sSpan965" value="event"/>
		<feat xlink:href="#sSpan967" value="person"/>
		<feat xlink:href="#sSpan969" value="abstract"/>
		<feat xlink:href="#sSpan971" value="substance"/>
		<feat xlink:href="#sSpan973" value="object"/>
		<feat xlink:href="#sSpan975" value="event"/>
		<feat xlink:href="#sSpan977" value="object"/>
		<feat xlink:href="#sSpan981" value="abstract"/>
		<feat xlink:href="#sSpan987" value="person"/>
		<feat xlink:href="#sSpan993" value="event"/>
		<feat xlink:href="#sSpan994" value="object"/>
		<feat xlink:href="#sSpan996" value="event"/>
		<feat xlink:href="#sSpan997" value="object"/>
		<feat xlink:href="#sSpan998" value="person"/>
		<feat xlink:href="#sSpan1002" value="abstract"/>
		<feat xlink:href="#sSpan1007" value="person"/>
		<feat xlink:href="#sSpan1010" value="event"/>
		<feat xlink:href="#sSpan1011" value="person"/>
		<feat xlink:href="#sSpan1014" value="time"/>
		<feat xlink:href="#sSpan1016" value="abstract"/>
		<feat xlink:href="#sSpan1018" value="object"/>
		<feat xlink:href="#sSpan1020" value="person"/>
		<feat xlink:href="#sSpan1024" value="person"/>
		<feat xlink:href="#sSpan1032" value="person"/>
		<feat xlink:href="#sSpan1041" value="object"/>
		<feat xlink:href="#sSpan1043" value="person"/>
		<feat xlink:href="#sSpan1048" value="person"/>
		<feat xlink:href="#sSpan1050" value="place"/>
		<feat xlink:href="#sSpan1053" value="place"/>
		<feat xlink:href="#sSpan1054" value="place"/>
		<feat xlink:href="#sSpan1056" value="person"/>
		<feat xlink:href="#sSpan1064" value="person"/>
		<feat xlink:href="#sSpan1066" value="person"/>
		<feat xlink:href="#sSpan1071" value="person"/>
		<feat xlink:href="#sSpan1074" value="object"/>
		<feat xlink:href="#sSpan1075" value="place"/>
		<feat xlink:href="#sSpan1079" value="object"/>
		<feat xlink:href="#sSpan1081" value="object"/>
		<feat xlink:href="#sSpan1083" value="event"/>
		<feat xlink:href="#sSpan1084" value="substance"/>
		<feat xlink:href="#sSpan1088" value="person"/>
		<feat xlink:href="#sSpan1092" value="event"/>
		<feat xlink:href="#sSpan1095" value="person"/>
		<feat xlink:href="#sSpan1102" value="abstract"/>
		<feat xlink:href="#sSpan1108" value="person"/>
		<feat xlink:href="#sSpan1115" value="event"/>
		<feat xlink:href="#sSpan1118" value="time"/>
		<feat xlink:href="#sSpan1121" value="abstract"/>
		<feat xlink:href="#sSpan1123" value="abstract"/>
		<feat xlink:href="#sSpan1124" value="place"/>
		<feat xlink:href="#sSpan1130" value="person"/>
		<feat xlink:href="#sSpan1131" value="person"/></featList></paula>