<?xml version='1.0' encoding='UTF-8'?><!DOCTYPE paula SYSTEM "paula_feat.dtd">
<paula version="1.1">
	<header paula_id="ref.GENTLE_esports_fortnite.mark_entity"/>
	<featList xmlns:xlink="http://www.w3.org/1999/xlink" type="entity" xml:base="ref.GENTLE_esports_fortnite.mark.xml">
		<feat xlink:href="#sSpan3" value="event"/>
		<feat xlink:href="#sSpan4" value="abstract"/>
		<feat xlink:href="#sSpan7" value="time"/>
		<feat xlink:href="#sSpan9" value="event"/>
		<feat xlink:href="#sSpan10" value="event"/>
		<feat xlink:href="#sSpan11" value="abstract"/>
		<feat xlink:href="#sSpan14" value="place"/>
		<feat xlink:href="#sSpan16" value="person"/>
		<feat xlink:href="#sSpan17" value="object"/>
		<feat xlink:href="#sSpan18" value="person"/>
		<feat xlink:href="#sSpan21" value="person"/>
		<feat xlink:href="#sSpan23" value="person"/>
		<feat xlink:href="#sSpan30" value="person"/>
		<feat xlink:href="#sSpan33" value="abstract"/>
		<feat xlink:href="#sSpan35" value="person"/>
		<feat xlink:href="#sSpan36" value="person"/>
		<feat xlink:href="#sSpan37" value="event"/>
		<feat xlink:href="#sSpan40" value="place"/>
		<feat xlink:href="#sSpan41" value="place"/>
		<feat xlink:href="#sSpan42" value="object"/>
		<feat xlink:href="#sSpan46" value="person"/>
		<feat xlink:href="#sSpan48" value="object"/>
		<feat xlink:href="#sSpan52" value="person"/>
		<feat xlink:href="#sSpan53" value="person"/>
		<feat xlink:href="#sSpan55" value="place"/>
		<feat xlink:href="#sSpan57" value="person"/>
		<feat xlink:href="#sSpan58" value="person"/>
		<feat xlink:href="#sSpan59" value="person"/>
		<feat xlink:href="#sSpan60" value="person"/>
		<feat xlink:href="#sSpan61" value="person"/>
		<feat xlink:href="#sSpan62" value="person"/>
		<feat xlink:href="#sSpan63" value="person"/>
		<feat xlink:href="#sSpan64" value="person"/>
		<feat xlink:href="#sSpan65" value="person"/>
		<feat xlink:href="#sSpan67" value="abstract"/>
		<feat xlink:href="#sSpan68" value="abstract"/>
		<feat xlink:href="#sSpan70" value="person"/>
		<feat xlink:href="#sSpan72" value="event"/>
		<feat xlink:href="#sSpan74" value="abstract"/>
		<feat xlink:href="#sSpan78" value="person"/>
		<feat xlink:href="#sSpan80" value="abstract"/>
		<feat xlink:href="#sSpan84" value="abstract"/>
		<feat xlink:href="#sSpan85" value="time"/>
		<feat xlink:href="#sSpan87" value="person"/>
		<feat xlink:href="#sSpan89" value="person"/>
		<feat xlink:href="#sSpan93" value="abstract"/>
		<feat xlink:href="#sSpan94" value="event"/>
		<feat xlink:href="#sSpan96" value="abstract"/>
		<feat xlink:href="#sSpan97" value="abstract"/>
		<feat xlink:href="#sSpan99" value="event"/>
		<feat xlink:href="#sSpan101" value="person"/>
		<feat xlink:href="#sSpan105" value="abstract"/>
		<feat xlink:href="#sSpan107" value="event"/>
		<feat xlink:href="#sSpan109" value="person"/>
		<feat xlink:href="#sSpan113" value="abstract"/>
		<feat xlink:href="#sSpan114" value="abstract"/>
		<feat xlink:href="#sSpan117" value="person"/>
		<feat xlink:href="#sSpan119" value="abstract"/>
		<feat xlink:href="#sSpan122" value="person"/>
		<feat xlink:href="#sSpan124" value="abstract"/>
		<feat xlink:href="#sSpan127" value="place"/>
		<feat xlink:href="#sSpan130" value="person"/>
		<feat xlink:href="#sSpan131" value="person"/>
		<feat xlink:href="#sSpan132" value="abstract"/>
		<feat xlink:href="#sSpan134" value="person"/>
		<feat xlink:href="#sSpan138" value="person"/>
		<feat xlink:href="#sSpan141" value="place"/>
		<feat xlink:href="#sSpan142" value="person"/>
		<feat xlink:href="#sSpan143" value="time"/>
		<feat xlink:href="#sSpan145" value="organization"/>
		<feat xlink:href="#sSpan148" value="time"/>
		<feat xlink:href="#sSpan150" value="event"/>
		<feat xlink:href="#sSpan153" value="person"/>
		<feat xlink:href="#sSpan156" value="abstract"/>
		<feat xlink:href="#sSpan157" value="person"/>
		<feat xlink:href="#sSpan163" value="abstract"/>
		<feat xlink:href="#sSpan166" value="person"/>
		<feat xlink:href="#sSpan167" value="object"/>
		<feat xlink:href="#sSpan172" value="event"/>
		<feat xlink:href="#sSpan177" value="abstract"/>
		<feat xlink:href="#sSpan179" value="person"/>
		<feat xlink:href="#sSpan188" value="person"/>
		<feat xlink:href="#sSpan195" value="person"/>
		<feat xlink:href="#sSpan198" value="place"/>
		<feat xlink:href="#sSpan200" value="person"/>
		<feat xlink:href="#sSpan204" value="event"/>
		<feat xlink:href="#sSpan205" value="person"/>
		<feat xlink:href="#sSpan206" value="abstract"/>
		<feat xlink:href="#sSpan207" value="place"/>
		<feat xlink:href="#sSpan209" value="person"/>
		<feat xlink:href="#sSpan210" value="person"/>
		<feat xlink:href="#sSpan214" value="person"/>
		<feat xlink:href="#sSpan216" value="event"/>
		<feat xlink:href="#sSpan217" value="object"/>
		<feat xlink:href="#sSpan219" value="person"/>
		<feat xlink:href="#sSpan229" value="person"/>
		<feat xlink:href="#sSpan230" value="person"/>
		<feat xlink:href="#sSpan233" value="event"/>
		<feat xlink:href="#sSpan235" value="person"/>
		<feat xlink:href="#sSpan238" value="event"/>
		<feat xlink:href="#sSpan240" value="person"/>
		<feat xlink:href="#sSpan244" value="abstract"/>
		<feat xlink:href="#sSpan246" value="event"/>
		<feat xlink:href="#sSpan247" value="event"/>
		<feat xlink:href="#sSpan250" value="abstract"/>
		<feat xlink:href="#sSpan254" value="person"/>
		<feat xlink:href="#sSpan257" value="abstract"/>
		<feat xlink:href="#sSpan259" value="person"/>
		<feat xlink:href="#sSpan262" value="object"/>
		<feat xlink:href="#sSpan263" value="object"/>
		<feat xlink:href="#sSpan265" value="object"/>
		<feat xlink:href="#sSpan267" value="person"/>
		<feat xlink:href="#sSpan269" value="person"/>
		<feat xlink:href="#sSpan270" value="person"/>
		<feat xlink:href="#sSpan275" value="event"/>
		<feat xlink:href="#sSpan277" value="person"/>
		<feat xlink:href="#sSpan282" value="place"/>
		<feat xlink:href="#sSpan288" value="abstract"/>
		<feat xlink:href="#sSpan291" value="person"/>
		<feat xlink:href="#sSpan295" value="person"/>
		<feat xlink:href="#sSpan297" value="object"/>
		<feat xlink:href="#sSpan301" value="person"/>
		<feat xlink:href="#sSpan303" value="person"/>
		<feat xlink:href="#sSpan306" value="place"/>
		<feat xlink:href="#sSpan307" value="object"/>
		<feat xlink:href="#sSpan309" value="person"/>
		<feat xlink:href="#sSpan310" value="person"/>
		<feat xlink:href="#sSpan316" value="time"/>
		<feat xlink:href="#sSpan318" value="abstract"/>
		<feat xlink:href="#sSpan319" value="object"/>
		<feat xlink:href="#sSpan326" value="time"/>
		<feat xlink:href="#sSpan334" value="abstract"/>
		<feat xlink:href="#sSpan337" value="abstract"/>
		<feat xlink:href="#sSpan338" value="substance"/>
		<feat xlink:href="#sSpan341" value="person"/>
		<feat xlink:href="#sSpan343" value="person"/>
		<feat xlink:href="#sSpan346" value="place"/>
		<feat xlink:href="#sSpan350" value="place"/>
		<feat xlink:href="#sSpan351" value="place"/>
		<feat xlink:href="#sSpan353" value="person"/>
		<feat xlink:href="#sSpan361" value="abstract"/>
		<feat xlink:href="#sSpan362" value="person"/>
		<feat xlink:href="#sSpan371" value="event"/>
		<feat xlink:href="#sSpan373" value="object"/>
		<feat xlink:href="#sSpan375" value="object"/>
		<feat xlink:href="#sSpan376" value="time"/>
		<feat xlink:href="#sSpan378" value="object"/>
		<feat xlink:href="#sSpan380" value="object"/>
		<feat xlink:href="#sSpan383" value="event"/>
		<feat xlink:href="#sSpan385" value="object"/>
		<feat xlink:href="#sSpan388" value="object"/>
		<feat xlink:href="#sSpan389" value="object"/>
		<feat xlink:href="#sSpan390" value="object"/>
		<feat xlink:href="#sSpan395" value="person"/>
		<feat xlink:href="#sSpan398" value="abstract"/>
		<feat xlink:href="#sSpan400" value="person"/>
		<feat xlink:href="#sSpan402" value="event"/>
		<feat xlink:href="#sSpan405" value="place"/>
		<feat xlink:href="#sSpan407" value="person"/>
		<feat xlink:href="#sSpan410" value="abstract"/>
		<feat xlink:href="#sSpan414" value="person"/>
		<feat xlink:href="#sSpan419" value="event"/>
		<feat xlink:href="#sSpan421" value="person"/>
		<feat xlink:href="#sSpan435" value="person"/>
		<feat xlink:href="#sSpan447" value="object"/>
		<feat xlink:href="#sSpan456" value="event"/>
		<feat xlink:href="#sSpan462" value="person"/>
		<feat xlink:href="#sSpan469" value="object"/>
		<feat xlink:href="#sSpan476" value="abstract"/>
		<feat xlink:href="#sSpan480" value="person"/>
		<feat xlink:href="#sSpan484" value="event"/>
		<feat xlink:href="#sSpan489" value="abstract"/>
		<feat xlink:href="#sSpan493" value="person"/>
		<feat xlink:href="#sSpan496" value="place"/>
		<feat xlink:href="#sSpan501" value="time"/>
		<feat xlink:href="#sSpan505" value="object"/>
		<feat xlink:href="#sSpan506" value="person"/>
		<feat xlink:href="#sSpan511" value="place"/>
		<feat xlink:href="#sSpan513" value="person"/>
		<feat xlink:href="#sSpan518" value="person"/>
		<feat xlink:href="#sSpan521" value="object"/>
		<feat xlink:href="#sSpan522" value="place"/>
		<feat xlink:href="#sSpan524" value="time"/>
		<feat xlink:href="#sSpan526" value="person"/>
		<feat xlink:href="#sSpan537" value="event"/>
		<feat xlink:href="#sSpan544" value="person"/>
		<feat xlink:href="#sSpan545" value="person"/>
		<feat xlink:href="#sSpan546" value="person"/>
		<feat xlink:href="#sSpan548" value="person"/>
		<feat xlink:href="#sSpan549" value="person"/>
		<feat xlink:href="#sSpan550" value="time"/>
		<feat xlink:href="#sSpan556" value="object"/>
		<feat xlink:href="#sSpan560" value="abstract"/>
		<feat xlink:href="#sSpan565" value="event"/>
		<feat xlink:href="#sSpan567" value="person"/>
		<feat xlink:href="#sSpan570" value="event"/>
		<feat xlink:href="#sSpan571" value="person"/>
		<feat xlink:href="#sSpan572" value="event"/>
		<feat xlink:href="#sSpan577" value="event"/>
		<feat xlink:href="#sSpan580" value="event"/>
		<feat xlink:href="#sSpan581" value="person"/>
		<feat xlink:href="#sSpan582" value="event"/>
		<feat xlink:href="#sSpan583" value="abstract"/>
		<feat xlink:href="#sSpan585" value="abstract"/>
		<feat xlink:href="#sSpan589" value="person"/>
		<feat xlink:href="#sSpan593" value="person"/>
		<feat xlink:href="#sSpan597" value="person"/>
		<feat xlink:href="#sSpan598" value="person"/>
		<feat xlink:href="#sSpan600" value="event"/>
		<feat xlink:href="#sSpan608" value="event"/>
		<feat xlink:href="#sSpan610" value="event"/>
		<feat xlink:href="#sSpan611" value="person"/>
		<feat xlink:href="#sSpan612" value="place"/>
		<feat xlink:href="#sSpan613" value="time"/>
		<feat xlink:href="#sSpan616" value="abstract"/>
		<feat xlink:href="#sSpan617" value="abstract"/>
		<feat xlink:href="#sSpan619" value="abstract"/>
		<feat xlink:href="#sSpan623" value="time"/>
		<feat xlink:href="#sSpan627" value="person"/>
		<feat xlink:href="#sSpan630" value="person"/>
		<feat xlink:href="#sSpan632" value="person"/>
		<feat xlink:href="#sSpan634" value="person"/>
		<feat xlink:href="#sSpan635" value="person"/>
		<feat xlink:href="#sSpan639" value="abstract"/>
		<feat xlink:href="#sSpan640" value="abstract"/>
		<feat xlink:href="#sSpan644" value="person"/>
		<feat xlink:href="#sSpan647" value="event"/>
		<feat xlink:href="#sSpan650" value="person"/>
		<feat xlink:href="#sSpan652" value="event"/>
		<feat xlink:href="#sSpan653" value="person"/>
		<feat xlink:href="#sSpan654" value="abstract"/>
		<feat xlink:href="#sSpan655" value="abstract"/>
		<feat xlink:href="#sSpan656" value="abstract"/>
		<feat xlink:href="#sSpan658" value="person"/>
		<feat xlink:href="#sSpan659" value="person"/>
		<feat xlink:href="#sSpan661" value="person"/>
		<feat xlink:href="#sSpan666" value="abstract"/>
		<feat xlink:href="#sSpan667" value="place"/>
		<feat xlink:href="#sSpan669" value="place"/>
		<feat xlink:href="#sSpan675" value="place"/>
		<feat xlink:href="#sSpan680" value="person"/>
		<feat xlink:href="#sSpan683" value="place"/>
		<feat xlink:href="#sSpan685" value="person"/>
		<feat xlink:href="#sSpan686" value="event"/>
		<feat xlink:href="#sSpan687" value="abstract"/>
		<feat xlink:href="#sSpan688" value="abstract"/>
		<feat xlink:href="#sSpan689" value="person"/>
		<feat xlink:href="#sSpan690" value="event"/>
		<feat xlink:href="#sSpan692" value="person"/>
		<feat xlink:href="#sSpan694" value="event"/>
		<feat xlink:href="#sSpan704" value="abstract"/>
		<feat xlink:href="#sSpan706" value="person"/>
		<feat xlink:href="#sSpan709" value="event"/>
		<feat xlink:href="#sSpan710" value="person"/>
		<feat xlink:href="#sSpan714" value="abstract"/>
		<feat xlink:href="#sSpan720" value="place"/>
		<feat xlink:href="#sSpan726" value="event"/>
		<feat xlink:href="#sSpan727" value="object"/>
		<feat xlink:href="#sSpan730" value="person"/>
		<feat xlink:href="#sSpan732" value="person"/>
		<feat xlink:href="#sSpan734" value="event"/>
		<feat xlink:href="#sSpan735" value="object"/>
		<feat xlink:href="#sSpan736" value="object"/>
		<feat xlink:href="#sSpan737" value="person"/>
		<feat xlink:href="#sSpan742" value="object"/>
		<feat xlink:href="#sSpan744" value="person"/>
		<feat xlink:href="#sSpan746" value="event"/>
		<feat xlink:href="#sSpan750" value="person"/>
		<feat xlink:href="#sSpan752" value="abstract"/>
		<feat xlink:href="#sSpan754" value="person"/>
		<feat xlink:href="#sSpan756" value="abstract"/>
		<feat xlink:href="#sSpan758" value="person"/>
		<feat xlink:href="#sSpan763" value="object"/>
		<feat xlink:href="#sSpan767" value="person"/>
		<feat xlink:href="#sSpan770" value="person"/>
		<feat xlink:href="#sSpan777" value="object"/>
		<feat xlink:href="#sSpan779" value="person"/>
		<feat xlink:href="#sSpan781" value="event"/>
		<feat xlink:href="#sSpan782" value="person"/>
		<feat xlink:href="#sSpan783" value="object"/>
		<feat xlink:href="#sSpan784" value="object"/>
		<feat xlink:href="#sSpan785" value="person"/>
		<feat xlink:href="#sSpan787" value="person"/>
		<feat xlink:href="#sSpan790" value="event"/>
		<feat xlink:href="#sSpan792" value="person"/>
		<feat xlink:href="#sSpan794" value="abstract"/>
		<feat xlink:href="#sSpan796" value="substance"/>
		<feat xlink:href="#sSpan798" value="object"/>
		<feat xlink:href="#sSpan800" value="event"/>
		<feat xlink:href="#sSpan802" value="object"/>
		<feat xlink:href="#sSpan806" value="abstract"/>
		<feat xlink:href="#sSpan812" value="person"/>
		<feat xlink:href="#sSpan818" value="event"/>
		<feat xlink:href="#sSpan819" value="object"/>
		<feat xlink:href="#sSpan821" value="event"/>
		<feat xlink:href="#sSpan822" value="object"/>
		<feat xlink:href="#sSpan823" value="person"/>
		<feat xlink:href="#sSpan827" value="abstract"/>
		<feat xlink:href="#sSpan832" value="person"/>
		<feat xlink:href="#sSpan835" value="event"/>
		<feat xlink:href="#sSpan836" value="person"/>
		<feat xlink:href="#sSpan839" value="time"/>
		<feat xlink:href="#sSpan841" value="abstract"/>
		<feat xlink:href="#sSpan843" value="object"/>
		<feat xlink:href="#sSpan845" value="person"/>
		<feat xlink:href="#sSpan849" value="person"/>
		<feat xlink:href="#sSpan857" value="person"/>
		<feat xlink:href="#sSpan866" value="object"/>
		<feat xlink:href="#sSpan868" value="person"/>
		<feat xlink:href="#sSpan873" value="person"/>
		<feat xlink:href="#sSpan875" value="place"/>
		<feat xlink:href="#sSpan878" value="place"/>
		<feat xlink:href="#sSpan879" value="place"/>
		<feat xlink:href="#sSpan881" value="person"/>
		<feat xlink:href="#sSpan889" value="person"/>
		<feat xlink:href="#sSpan891" value="person"/>
		<feat xlink:href="#sSpan896" value="person"/>
		<feat xlink:href="#sSpan899" value="object"/>
		<feat xlink:href="#sSpan900" value="place"/>
		<feat xlink:href="#sSpan904" value="object"/>
		<feat xlink:href="#sSpan906" value="object"/>
		<feat xlink:href="#sSpan908" value="event"/>
		<feat xlink:href="#sSpan909" value="substance"/>
		<feat xlink:href="#sSpan913" value="person"/>
		<feat xlink:href="#sSpan917" value="event"/>
		<feat xlink:href="#sSpan920" value="person"/>
		<feat xlink:href="#sSpan927" value="abstract"/>
		<feat xlink:href="#sSpan933" value="person"/>
		<feat xlink:href="#sSpan940" value="event"/>
		<feat xlink:href="#sSpan943" value="time"/>
		<feat xlink:href="#sSpan946" value="abstract"/>
		<feat xlink:href="#sSpan948" value="abstract"/>
		<feat xlink:href="#sSpan949" value="place"/>
		<feat xlink:href="#sSpan955" value="person"/>
		<feat xlink:href="#sSpan956" value="person"/></featList></paula>