<?xml version='1.0' encoding='UTF-8'?><!DOCTYPE paula SYSTEM "paula_rel.dtd">
<paula version="1.1">
	<header paula_id="ref.GENTLE_esports_fortnite.coref"/>
	<relList xmlns:xlink="http://www.w3.org/1999/xlink" type="coref">
		<rel id="sPointingRel1541" xlink:href="ref.GENTLE_esports_fortnite.mark.xml#sSpan347" target="ref.GENTLE_esports_fortnite.mark.xml#sSpan184"/>
		<rel id="sPointingRel1542" xlink:href="ref.GENTLE_esports_fortnite.mark.xml#sSpan325" target="ref.GENTLE_esports_fortnite.mark.xml#sSpan185"/>
		<rel id="sPointingRel1543" xlink:href="ref.GENTLE_esports_fortnite.mark.xml#sSpan307" target="ref.GENTLE_esports_fortnite.mark.xml#sSpan186"/>
		<rel id="sPointingRel1544" xlink:href="ref.GENTLE_esports_fortnite.mark.xml#sSpan302" target="ref.GENTLE_esports_fortnite.mark.xml#sSpan189"/>
		<rel id="sPointingRel1545" xlink:href="ref.GENTLE_esports_fortnite.mark.xml#sSpan205" target="ref.GENTLE_esports_fortnite.mark.xml#sSpan191"/>
		<rel id="sPointingRel1546" xlink:href="ref.GENTLE_esports_fortnite.mark.xml#sSpan223" target="ref.GENTLE_esports_fortnite.mark.xml#sSpan192"/>
		<rel id="sPointingRel1547" xlink:href="ref.GENTLE_esports_fortnite.mark.xml#sSpan228" target="ref.GENTLE_esports_fortnite.mark.xml#sSpan193"/>
		<rel id="sPointingRel1548" xlink:href="ref.GENTLE_esports_fortnite.mark.xml#sSpan233" target="ref.GENTLE_esports_fortnite.mark.xml#sSpan198"/>
		<rel id="sPointingRel1549" xlink:href="ref.GENTLE_esports_fortnite.mark.xml#sSpan221" target="ref.GENTLE_esports_fortnite.mark.xml#sSpan205"/>
		<rel id="sPointingRel1550" xlink:href="ref.GENTLE_esports_fortnite.mark.xml#sSpan211" target="ref.GENTLE_esports_fortnite.mark.xml#sSpan210"/>
		<rel id="sPointingRel1551" xlink:href="ref.GENTLE_esports_fortnite.mark.xml#sSpan865" target="ref.GENTLE_esports_fortnite.mark.xml#sSpan212"/>
		<rel id="sPointingRel1552" xlink:href="ref.GENTLE_esports_fortnite.mark.xml#sSpan216" target="ref.GENTLE_esports_fortnite.mark.xml#sSpan215"/>
		<rel id="sPointingRel1553" xlink:href="ref.GENTLE_esports_fortnite.mark.xml#sSpan482" target="ref.GENTLE_esports_fortnite.mark.xml#sSpan217"/>
		<rel id="sPointingRel1555" xlink:href="ref.GENTLE_esports_fortnite.mark.xml#sSpan232" target="ref.GENTLE_esports_fortnite.mark.xml#sSpan227"/>
		<rel id="sPointingRel1556" xlink:href="ref.GENTLE_esports_fortnite.mark.xml#sSpan306" target="ref.GENTLE_esports_fortnite.mark.xml#sSpan228"/>
		<rel id="sPointingRel1557" xlink:href="ref.GENTLE_esports_fortnite.mark.xml#sSpan276" target="ref.GENTLE_esports_fortnite.mark.xml#sSpan233"/>
		<rel id="sPointingRel1558" xlink:href="ref.GENTLE_esports_fortnite.mark.xml#sSpan833" target="ref.GENTLE_esports_fortnite.mark.xml#sSpan234"/>
		<rel id="sPointingRel1559" xlink:href="ref.GENTLE_esports_fortnite.mark.xml#sSpan245" target="ref.GENTLE_esports_fortnite.mark.xml#sSpan235"/>
		<rel id="sPointingRel1560" xlink:href="ref.GENTLE_esports_fortnite.mark.xml#sSpan262" target="ref.GENTLE_esports_fortnite.mark.xml#sSpan237"/>
		<rel id="sPointingRel1561" xlink:href="ref.GENTLE_esports_fortnite.mark.xml#sSpan253" target="ref.GENTLE_esports_fortnite.mark.xml#sSpan245"/>
		<rel id="sPointingRel1563" xlink:href="ref.GENTLE_esports_fortnite.mark.xml#sSpan798" target="ref.GENTLE_esports_fortnite.mark.xml#sSpan260"/>
		<rel id="sPointingRel1564" xlink:href="ref.GENTLE_esports_fortnite.mark.xml#sSpan272" target="ref.GENTLE_esports_fortnite.mark.xml#sSpan268"/>
		<rel id="sPointingRel1565" xlink:href="ref.GENTLE_esports_fortnite.mark.xml#sSpan294" target="ref.GENTLE_esports_fortnite.mark.xml#sSpan271"/>
		<rel id="sPointingRel1566" xlink:href="ref.GENTLE_esports_fortnite.mark.xml#sSpan747" target="ref.GENTLE_esports_fortnite.mark.xml#sSpan274"/>
		<rel id="sPointingRel1567" xlink:href="ref.GENTLE_esports_fortnite.mark.xml#sSpan284" target="ref.GENTLE_esports_fortnite.mark.xml#sSpan276"/>
		<rel id="sPointingRel1568" xlink:href="ref.GENTLE_esports_fortnite.mark.xml#sSpan288" target="ref.GENTLE_esports_fortnite.mark.xml#sSpan280"/>
		<rel id="sPointingRel1569" xlink:href="ref.GENTLE_esports_fortnite.mark.xml#sSpan292" target="ref.GENTLE_esports_fortnite.mark.xml#sSpan284"/>
		<rel id="sPointingRel1570" xlink:href="ref.GENTLE_esports_fortnite.mark.xml#sSpan299" target="ref.GENTLE_esports_fortnite.mark.xml#sSpan288"/>
		<rel id="sPointingRel1571" xlink:href="ref.GENTLE_esports_fortnite.mark.xml#sSpan297" target="ref.GENTLE_esports_fortnite.mark.xml#sSpan292"/>
		<rel id="sPointingRel1572" xlink:href="ref.GENTLE_esports_fortnite.mark.xml#sSpan305" target="ref.GENTLE_esports_fortnite.mark.xml#sSpan297"/>
		<rel id="sPointingRel1573" xlink:href="ref.GENTLE_esports_fortnite.mark.xml#sSpan382" target="ref.GENTLE_esports_fortnite.mark.xml#sSpan302"/>
		<rel id="sPointingRel1574" xlink:href="ref.GENTLE_esports_fortnite.mark.xml#sSpan309" target="ref.GENTLE_esports_fortnite.mark.xml#sSpan305"/>
		<rel id="sPointingRel1575" xlink:href="ref.GENTLE_esports_fortnite.mark.xml#sSpan570" target="ref.GENTLE_esports_fortnite.mark.xml#sSpan306"/>
		<rel id="sPointingRel1576" xlink:href="ref.GENTLE_esports_fortnite.mark.xml#sSpan758" target="ref.GENTLE_esports_fortnite.mark.xml#sSpan307"/>
		<rel id="sPointingRel1577" xlink:href="ref.GENTLE_esports_fortnite.mark.xml#sSpan313" target="ref.GENTLE_esports_fortnite.mark.xml#sSpan309"/>
		<rel id="sPointingRel1578" xlink:href="ref.GENTLE_esports_fortnite.mark.xml#sSpan317" target="ref.GENTLE_esports_fortnite.mark.xml#sSpan313"/>
		<rel id="sPointingRel1579" xlink:href="ref.GENTLE_esports_fortnite.mark.xml#sSpan328" target="ref.GENTLE_esports_fortnite.mark.xml#sSpan317"/>
		<rel id="sPointingRel1580" xlink:href="ref.GENTLE_esports_fortnite.mark.xml#sSpan757" target="ref.GENTLE_esports_fortnite.mark.xml#sSpan325"/>
		<rel id="sPointingRel1581" xlink:href="ref.GENTLE_esports_fortnite.mark.xml#sSpan332" target="ref.GENTLE_esports_fortnite.mark.xml#sSpan328"/>
		<rel id="sPointingRel1582" xlink:href="ref.GENTLE_esports_fortnite.mark.xml#sSpan341" target="ref.GENTLE_esports_fortnite.mark.xml#sSpan332"/>
		<rel id="sPointingRel1583" xlink:href="ref.GENTLE_esports_fortnite.mark.xml#sSpan354" target="ref.GENTLE_esports_fortnite.mark.xml#sSpan341"/>
		<rel id="sPointingRel1584" xlink:href="ref.GENTLE_esports_fortnite.mark.xml#sSpan450" target="ref.GENTLE_esports_fortnite.mark.xml#sSpan347"/>
		<rel id="sPointingRel1585" xlink:href="ref.GENTLE_esports_fortnite.mark.xml#sSpan381" target="ref.GENTLE_esports_fortnite.mark.xml#sSpan352"/>
		<rel id="sPointingRel1586" xlink:href="ref.GENTLE_esports_fortnite.mark.xml#sSpan363" target="ref.GENTLE_esports_fortnite.mark.xml#sSpan354"/>
		<rel id="sPointingRel1587" xlink:href="ref.GENTLE_esports_fortnite.mark.xml#sSpan370" target="ref.GENTLE_esports_fortnite.mark.xml#sSpan363"/>
		<rel id="sPointingRel1589" xlink:href="ref.GENTLE_esports_fortnite.mark.xml#sSpan380" target="ref.GENTLE_esports_fortnite.mark.xml#sSpan370"/>
		<rel id="sPointingRel1590" xlink:href="ref.GENTLE_esports_fortnite.mark.xml#sSpan429" target="ref.GENTLE_esports_fortnite.mark.xml#sSpan375"/>
		<rel id="sPointingRel1591" xlink:href="ref.GENTLE_esports_fortnite.mark.xml#sSpan413" target="ref.GENTLE_esports_fortnite.mark.xml#sSpan379"/>
		<rel id="sPointingRel1592" xlink:href="ref.GENTLE_esports_fortnite.mark.xml#sSpan385" target="ref.GENTLE_esports_fortnite.mark.xml#sSpan380"/>
		<rel id="sPointingRel1593" xlink:href="ref.GENTLE_esports_fortnite.mark.xml#sSpan787" target="ref.GENTLE_esports_fortnite.mark.xml#sSpan382"/>
		<rel id="sPointingRel1594" xlink:href="ref.GENTLE_esports_fortnite.mark.xml#sSpan389" target="ref.GENTLE_esports_fortnite.mark.xml#sSpan385"/>
		<rel id="sPointingRel1595" xlink:href="ref.GENTLE_esports_fortnite.mark.xml#sSpan394" target="ref.GENTLE_esports_fortnite.mark.xml#sSpan389"/>
		<rel id="sPointingRel1596" xlink:href="ref.GENTLE_esports_fortnite.mark.xml#sSpan408" target="ref.GENTLE_esports_fortnite.mark.xml#sSpan391"/>
		<rel id="sPointingRel1597" xlink:href="ref.GENTLE_esports_fortnite.mark.xml#sSpan405" target="ref.GENTLE_esports_fortnite.mark.xml#sSpan394"/>
		<rel id="sPointingRel1598" xlink:href="ref.GENTLE_esports_fortnite.mark.xml#sSpan828" target="ref.GENTLE_esports_fortnite.mark.xml#sSpan405"/>
		<rel id="sPointingRel1599" xlink:href="ref.GENTLE_esports_fortnite.mark.xml#sSpan442" target="ref.GENTLE_esports_fortnite.mark.xml#sSpan410"/>
		<rel id="sPointingRel1600" xlink:href="ref.GENTLE_esports_fortnite.mark.xml#sSpan434" target="ref.GENTLE_esports_fortnite.mark.xml#sSpan415"/>
		<rel id="sPointingRel1601" xlink:href="ref.GENTLE_esports_fortnite.mark.xml#sSpan425" target="ref.GENTLE_esports_fortnite.mark.xml#sSpan419"/>
		<rel id="sPointingRel1602" xlink:href="ref.GENTLE_esports_fortnite.mark.xml#sSpan432" target="ref.GENTLE_esports_fortnite.mark.xml#sSpan425"/>
		<rel id="sPointingRel1603" xlink:href="ref.GENTLE_esports_fortnite.mark.xml#sSpan476" target="ref.GENTLE_esports_fortnite.mark.xml#sSpan429"/>
		<rel id="sPointingRel1604" xlink:href="ref.GENTLE_esports_fortnite.mark.xml#sSpan470" target="ref.GENTLE_esports_fortnite.mark.xml#sSpan434"/>
		<rel id="sPointingRel1605" xlink:href="ref.GENTLE_esports_fortnite.mark.xml#sSpan466" target="ref.GENTLE_esports_fortnite.mark.xml#sSpan442"/>
		<rel id="sPointingRel1606" xlink:href="ref.GENTLE_esports_fortnite.mark.xml#sSpan452" target="ref.GENTLE_esports_fortnite.mark.xml#sSpan444"/>
		<rel id="sPointingRel1607" xlink:href="ref.GENTLE_esports_fortnite.mark.xml#sSpan558" target="ref.GENTLE_esports_fortnite.mark.xml#sSpan450"/>
		<rel id="sPointingRel1608" xlink:href="ref.GENTLE_esports_fortnite.mark.xml#sSpan802" target="ref.GENTLE_esports_fortnite.mark.xml#sSpan466"/>
		<rel id="sPointingRel1609" xlink:href="ref.GENTLE_esports_fortnite.mark.xml#sSpan484" target="ref.GENTLE_esports_fortnite.mark.xml#sSpan470"/>
		<rel id="sPointingRel1610" xlink:href="ref.GENTLE_esports_fortnite.mark.xml#sSpan575" target="ref.GENTLE_esports_fortnite.mark.xml#sSpan476"/>
		<rel id="sPointingRel1611" xlink:href="ref.GENTLE_esports_fortnite.mark.xml#sSpan485" target="ref.GENTLE_esports_fortnite.mark.xml#sSpan484"/>
		<rel id="sPointingRel1612" xlink:href="ref.GENTLE_esports_fortnite.mark.xml#sSpan528" target="ref.GENTLE_esports_fortnite.mark.xml#sSpan516"/>
		<rel id="sPointingRel1613" xlink:href="ref.GENTLE_esports_fortnite.mark.xml#sSpan537" target="ref.GENTLE_esports_fortnite.mark.xml#sSpan518"/>
		<rel id="sPointingRel1614" xlink:href="ref.GENTLE_esports_fortnite.mark.xml#sSpan526" target="ref.GENTLE_esports_fortnite.mark.xml#sSpan521"/>
		<rel id="sPointingRel1615" xlink:href="ref.GENTLE_esports_fortnite.mark.xml#sSpan550" target="ref.GENTLE_esports_fortnite.mark.xml#sSpan548"/>
		<rel id="sPointingRel1616" xlink:href="ref.GENTLE_esports_fortnite.mark.xml#sSpan553" target="ref.GENTLE_esports_fortnite.mark.xml#sSpan550"/>
		<rel id="sPointingRel1617" xlink:href="ref.GENTLE_esports_fortnite.mark.xml#sSpan555" target="ref.GENTLE_esports_fortnite.mark.xml#sSpan553"/>
		<rel id="sPointingRel1618" xlink:href="ref.GENTLE_esports_fortnite.mark.xml#sSpan594" target="ref.GENTLE_esports_fortnite.mark.xml#sSpan558"/>
		<rel id="sPointingRel1619" xlink:href="ref.GENTLE_esports_fortnite.mark.xml#sSpan764" target="ref.GENTLE_esports_fortnite.mark.xml#sSpan570"/>
		<rel id="sPointingRel1620" xlink:href="ref.GENTLE_esports_fortnite.mark.xml#sSpan582" target="ref.GENTLE_esports_fortnite.mark.xml#sSpan575"/>
		<rel id="sPointingRel1621" xlink:href="ref.GENTLE_esports_fortnite.mark.xml#sSpan589" target="ref.GENTLE_esports_fortnite.mark.xml#sSpan582"/>
		<rel id="sPointingRel1622" xlink:href="ref.GENTLE_esports_fortnite.mark.xml#sSpan596" target="ref.GENTLE_esports_fortnite.mark.xml#sSpan589"/>
		<rel id="sPointingRel1624" xlink:href="ref.GENTLE_esports_fortnite.mark.xml#sSpan775" target="ref.GENTLE_esports_fortnite.mark.xml#sSpan594"/>
		<rel id="sPointingRel1625" xlink:href="ref.GENTLE_esports_fortnite.mark.xml#sSpan610" target="ref.GENTLE_esports_fortnite.mark.xml#sSpan596"/>
		<rel id="sPointingRel1626" xlink:href="ref.GENTLE_esports_fortnite.mark.xml#sSpan637" target="ref.GENTLE_esports_fortnite.mark.xml#sSpan610"/>
		<rel id="sPointingRel1627" xlink:href="ref.GENTLE_esports_fortnite.mark.xml#sSpan681" target="ref.GENTLE_esports_fortnite.mark.xml#sSpan637"/>
		<rel id="sPointingRel1628" xlink:href="ref.GENTLE_esports_fortnite.mark.xml#sSpan693" target="ref.GENTLE_esports_fortnite.mark.xml#sSpan681"/>
		<rel id="sPointingRel1629" xlink:href="ref.GENTLE_esports_fortnite.mark.xml#sSpan697" target="ref.GENTLE_esports_fortnite.mark.xml#sSpan686"/>
		<rel id="sPointingRel1630" xlink:href="ref.GENTLE_esports_fortnite.mark.xml#sSpan723" target="ref.GENTLE_esports_fortnite.mark.xml#sSpan719"/>
		<rel id="sPointingRel1631" xlink:href="ref.GENTLE_esports_fortnite.mark.xml#sSpan756" target="ref.GENTLE_esports_fortnite.mark.xml#sSpan720"/>
		<rel id="sPointingRel1632" xlink:href="ref.GENTLE_esports_fortnite.mark.xml#sSpan742" target="ref.GENTLE_esports_fortnite.mark.xml#sSpan721"/>
		<rel id="sPointingRel1633" xlink:href="ref.GENTLE_esports_fortnite.mark.xml#sSpan724" target="ref.GENTLE_esports_fortnite.mark.xml#sSpan723"/>
		<rel id="sPointingRel1634" xlink:href="ref.GENTLE_esports_fortnite.mark.xml#sSpan746" target="ref.GENTLE_esports_fortnite.mark.xml#sSpan742"/>
		<rel id="sPointingRel1635" xlink:href="ref.GENTLE_esports_fortnite.mark.xml#sSpan752" target="ref.GENTLE_esports_fortnite.mark.xml#sSpan745"/>
		<rel id="sPointingRel1636" xlink:href="ref.GENTLE_esports_fortnite.mark.xml#sSpan768" target="ref.GENTLE_esports_fortnite.mark.xml#sSpan756"/>
		<rel id="sPointingRel1637" xlink:href="ref.GENTLE_esports_fortnite.mark.xml#sSpan786" target="ref.GENTLE_esports_fortnite.mark.xml#sSpan764"/>
		<rel id="sPointingRel1638" xlink:href="ref.GENTLE_esports_fortnite.mark.xml#sSpan783" target="ref.GENTLE_esports_fortnite.mark.xml#sSpan775"/>
		<rel id="sPointingRel1639" xlink:href="ref.GENTLE_esports_fortnite.mark.xml#sSpan785" target="ref.GENTLE_esports_fortnite.mark.xml#sSpan783"/>
		<rel id="sPointingRel1640" xlink:href="ref.GENTLE_esports_fortnite.mark.xml#sSpan822" target="ref.GENTLE_esports_fortnite.mark.xml#sSpan785"/>
		<rel id="sPointingRel1641" xlink:href="ref.GENTLE_esports_fortnite.mark.xml#sSpan805" target="ref.GENTLE_esports_fortnite.mark.xml#sSpan786"/>
		<rel id="sPointingRel1642" xlink:href="ref.GENTLE_esports_fortnite.mark.xml#sSpan792" target="ref.GENTLE_esports_fortnite.mark.xml#sSpan791"/>
		<rel id="sPointingRel1643" xlink:href="ref.GENTLE_esports_fortnite.mark.xml#sSpan794" target="ref.GENTLE_esports_fortnite.mark.xml#sSpan792"/>
		<rel id="sPointingRel1644" xlink:href="ref.GENTLE_esports_fortnite.mark.xml#sSpan867" target="ref.GENTLE_esports_fortnite.mark.xml#sSpan802"/>
		<rel id="sPointingRel1645" xlink:href="ref.GENTLE_esports_fortnite.mark.xml#sSpan810" target="ref.GENTLE_esports_fortnite.mark.xml#sSpan805"/>
		<rel id="sPointingRel1646" xlink:href="ref.GENTLE_esports_fortnite.mark.xml#sSpan809" target="ref.GENTLE_esports_fortnite.mark.xml#sSpan807"/>
		<rel id="sPointingRel1647" xlink:href="ref.GENTLE_esports_fortnite.mark.xml#sSpan819" target="ref.GENTLE_esports_fortnite.mark.xml#sSpan809"/>
		<rel id="sPointingRel1648" xlink:href="ref.GENTLE_esports_fortnite.mark.xml#sSpan881" target="ref.GENTLE_esports_fortnite.mark.xml#sSpan810"/>
		<rel id="sPointingRel1649" xlink:href="ref.GENTLE_esports_fortnite.mark.xml#sSpan825" target="ref.GENTLE_esports_fortnite.mark.xml#sSpan819"/>
		<rel id="sPointingRel1650" xlink:href="ref.GENTLE_esports_fortnite.mark.xml#sSpan884" target="ref.GENTLE_esports_fortnite.mark.xml#sSpan822"/>
		<rel id="sPointingRel1651" xlink:href="ref.GENTLE_esports_fortnite.mark.xml#sSpan830" target="ref.GENTLE_esports_fortnite.mark.xml#sSpan829"/>
		<rel id="sPointingRel1652" xlink:href="ref.GENTLE_esports_fortnite.mark.xml#sSpan834" target="ref.GENTLE_esports_fortnite.mark.xml#sSpan833"/>
		<rel id="sPointingRel1653" xlink:href="ref.GENTLE_esports_fortnite.mark.xml#sSpan855" target="ref.GENTLE_esports_fortnite.mark.xml#sSpan834"/>
		<rel id="sPointingRel1654" xlink:href="ref.GENTLE_esports_fortnite.mark.xml#sSpan912" target="ref.GENTLE_esports_fortnite.mark.xml#sSpan836"/>
		<rel id="sPointingRel1655" xlink:href="ref.GENTLE_esports_fortnite.mark.xml#sSpan844" target="ref.GENTLE_esports_fortnite.mark.xml#sSpan842"/>
		<rel id="sPointingRel1657" xlink:href="ref.GENTLE_esports_fortnite.mark.xml#sSpan858" target="ref.GENTLE_esports_fortnite.mark.xml#sSpan844"/>
		<rel id="sPointingRel1658" xlink:href="ref.GENTLE_esports_fortnite.mark.xml#sSpan860" target="ref.GENTLE_esports_fortnite.mark.xml#sSpan855"/>
		<rel id="sPointingRel1660" xlink:href="ref.GENTLE_esports_fortnite.mark.xml#sSpan1054" target="ref.GENTLE_esports_fortnite.mark.xml#sSpan858"/>
		<rel id="sPointingRel1661" xlink:href="ref.GENTLE_esports_fortnite.mark.xml#sSpan864" target="ref.GENTLE_esports_fortnite.mark.xml#sSpan860"/>
		<rel id="sPointingRel1662" xlink:href="ref.GENTLE_esports_fortnite.mark.xml#sSpan869" target="ref.GENTLE_esports_fortnite.mark.xml#sSpan861"/>
		<rel id="sPointingRel1663" xlink:href="ref.GENTLE_esports_fortnite.mark.xml#sSpan885" target="ref.GENTLE_esports_fortnite.mark.xml#sSpan864"/>
		<rel id="sPointingRel1664" xlink:href="ref.GENTLE_esports_fortnite.mark.xml#sSpan907" target="ref.GENTLE_esports_fortnite.mark.xml#sSpan867"/>
		<rel id="sPointingRel1665" xlink:href="ref.GENTLE_esports_fortnite.mark.xml#sSpan1007" target="ref.GENTLE_esports_fortnite.mark.xml#sSpan881"/>
		<rel id="sPointingRel1666" xlink:href="ref.GENTLE_esports_fortnite.mark.xml#sSpan919" target="ref.GENTLE_esports_fortnite.mark.xml#sSpan885"/>
		<rel id="sPointingRel1667" xlink:href="ref.GENTLE_esports_fortnite.mark.xml#sSpan1050" target="ref.GENTLE_esports_fortnite.mark.xml#sSpan895"/>
		<rel id="sPointingRel1668" xlink:href="ref.GENTLE_esports_fortnite.mark.xml#sSpan956" target="ref.GENTLE_esports_fortnite.mark.xml#sSpan901"/>
		<rel id="sPointingRel1669" xlink:href="ref.GENTLE_esports_fortnite.mark.xml#sSpan911" target="ref.GENTLE_esports_fortnite.mark.xml#sSpan902"/>
		<rel id="sPointingRel1670" xlink:href="ref.GENTLE_esports_fortnite.mark.xml#sSpan1020" target="ref.GENTLE_esports_fortnite.mark.xml#sSpan907"/>
		<rel id="sPointingRel1671" xlink:href="ref.GENTLE_esports_fortnite.mark.xml#sSpan921" target="ref.GENTLE_esports_fortnite.mark.xml#sSpan909"/>
		<rel id="sPointingRel1672" xlink:href="ref.GENTLE_esports_fortnite.mark.xml#sSpan917" target="ref.GENTLE_esports_fortnite.mark.xml#sSpan911"/>
		<rel id="sPointingRel1673" xlink:href="ref.GENTLE_esports_fortnite.mark.xml#sSpan933" target="ref.GENTLE_esports_fortnite.mark.xml#sSpan912"/>
		<rel id="sPointingRel1674" xlink:href="ref.GENTLE_esports_fortnite.mark.xml#sSpan938" target="ref.GENTLE_esports_fortnite.mark.xml#sSpan917"/>
		<rel id="sPointingRel1675" xlink:href="ref.GENTLE_esports_fortnite.mark.xml#sSpan925" target="ref.GENTLE_esports_fortnite.mark.xml#sSpan919"/>
		<rel id="sPointingRel1676" xlink:href="ref.GENTLE_esports_fortnite.mark.xml#sSpan929" target="ref.GENTLE_esports_fortnite.mark.xml#sSpan925"/>
		<rel id="sPointingRel1677" xlink:href="ref.GENTLE_esports_fortnite.mark.xml#sSpan931" target="ref.GENTLE_esports_fortnite.mark.xml#sSpan927"/>
		<rel id="sPointingRel1678" xlink:href="ref.GENTLE_esports_fortnite.mark.xml#sSpan945" target="ref.GENTLE_esports_fortnite.mark.xml#sSpan929"/>
		<rel id="sPointingRel1679" xlink:href="ref.GENTLE_esports_fortnite.mark.xml#sSpan942" target="ref.GENTLE_esports_fortnite.mark.xml#sSpan933"/>
		<rel id="sPointingRel1680" xlink:href="ref.GENTLE_esports_fortnite.mark.xml#sSpan952" target="ref.GENTLE_esports_fortnite.mark.xml#sSpan938"/>
		<rel id="sPointingRel1681" xlink:href="ref.GENTLE_esports_fortnite.mark.xml#sSpan954" target="ref.GENTLE_esports_fortnite.mark.xml#sSpan945"/>
		<rel id="sPointingRel1682" xlink:href="ref.GENTLE_esports_fortnite.mark.xml#sSpan958" target="ref.GENTLE_esports_fortnite.mark.xml#sSpan952"/>
		<rel id="sPointingRel1683" xlink:href="ref.GENTLE_esports_fortnite.mark.xml#sSpan957" target="ref.GENTLE_esports_fortnite.mark.xml#sSpan954"/>
		<rel id="sPointingRel1684" xlink:href="ref.GENTLE_esports_fortnite.mark.xml#sSpan965" target="ref.GENTLE_esports_fortnite.mark.xml#sSpan956"/>
		<rel id="sPointingRel1685" xlink:href="ref.GENTLE_esports_fortnite.mark.xml#sSpan960" target="ref.GENTLE_esports_fortnite.mark.xml#sSpan957"/>
		<rel id="sPointingRel1686" xlink:href="ref.GENTLE_esports_fortnite.mark.xml#sSpan962" target="ref.GENTLE_esports_fortnite.mark.xml#sSpan960"/>
		<rel id="sPointingRel1687" xlink:href="ref.GENTLE_esports_fortnite.mark.xml#sSpan967" target="ref.GENTLE_esports_fortnite.mark.xml#sSpan962"/>
		<rel id="sPointingRel1688" xlink:href="ref.GENTLE_esports_fortnite.mark.xml#sSpan987" target="ref.GENTLE_esports_fortnite.mark.xml#sSpan967"/>
		<rel id="sPointingRel1689" xlink:href="ref.GENTLE_esports_fortnite.mark.xml#sSpan1016" target="ref.GENTLE_esports_fortnite.mark.xml#sSpan969"/>
		<rel id="sPointingRel1690" xlink:href="ref.GENTLE_esports_fortnite.mark.xml#sSpan1024" target="ref.GENTLE_esports_fortnite.mark.xml#sSpan987"/>
		<rel id="sPointingRel1691" xlink:href="ref.GENTLE_esports_fortnite.mark.xml#sSpan1010" target="ref.GENTLE_esports_fortnite.mark.xml#sSpan996"/>
		<rel id="sPointingRel1692" xlink:href="ref.GENTLE_esports_fortnite.mark.xml#sSpan1011" target="ref.GENTLE_esports_fortnite.mark.xml#sSpan1007"/>
		<rel id="sPointingRel1693" xlink:href="ref.GENTLE_esports_fortnite.mark.xml#sSpan1066" target="ref.GENTLE_esports_fortnite.mark.xml#sSpan1011"/>
		<rel id="sPointingRel1694" xlink:href="ref.GENTLE_esports_fortnite.mark.xml#sSpan1071" target="ref.GENTLE_esports_fortnite.mark.xml#sSpan1020"/>
		<rel id="sPointingRel1695" xlink:href="ref.GENTLE_esports_fortnite.mark.xml#sSpan1043" target="ref.GENTLE_esports_fortnite.mark.xml#sSpan1024"/>
		<rel id="sPointingRel1697" xlink:href="ref.GENTLE_esports_fortnite.mark.xml#sSpan1088" target="ref.GENTLE_esports_fortnite.mark.xml#sSpan1043"/>
		<rel id="sPointingRel1699" xlink:href="ref.GENTLE_esports_fortnite.mark.xml#sSpan1124" target="ref.GENTLE_esports_fortnite.mark.xml#sSpan1054"/>
		<rel id="sPointingRel1700" xlink:href="ref.GENTLE_esports_fortnite.mark.xml#sSpan1064" target="ref.GENTLE_esports_fortnite.mark.xml#sSpan1056"/>
		<rel id="sPointingRel1701" xlink:href="ref.GENTLE_esports_fortnite.mark.xml#sSpan1081" target="ref.GENTLE_esports_fortnite.mark.xml#sSpan1079"/>
		<rel id="sPointingRel1702" xlink:href="ref.GENTLE_esports_fortnite.mark.xml#sSpan1095" target="ref.GENTLE_esports_fortnite.mark.xml#sSpan1088"/>
		<rel id="sPointingRel1703" xlink:href="ref.GENTLE_esports_fortnite.mark.xml#sSpan1131" target="ref.GENTLE_esports_fortnite.mark.xml#sSpan1095"/></relList></paula>