<?xml version='1.0' encoding='UTF-8'?><!DOCTYPE paula SYSTEM "paula_feat.dtd">
<paula version="1.1">
	<header paula_id="ref.GENTLE_esports_fortnite.mark_identity"/>
	<featList xmlns:xlink="http://www.w3.org/1999/xlink" type="identity" xml:base="ref.GENTLE_esports_fortnite.mark.xml">
		<feat xlink:href="#sSpan180" value="Fortnite"/>
		<feat xlink:href="#sSpan186" value="Bugha_%28gamer%29"/>
		<feat xlink:href="#sSpan201" value="Bugha_%28gamer%29"/>
		<feat xlink:href="#sSpan225" value="Bugha_%28gamer%29"/>
		<feat xlink:href="#sSpan228" value="Bugha_%28gamer%29"/>
		<feat xlink:href="#sSpan231" value="Bugha_%28gamer%29"/>
		<feat xlink:href="#sSpan233" value="Bugha_%28gamer%29"/>
		<feat xlink:href="#sSpan236" value="Bugha_%28gamer%29"/>
		<feat xlink:href="#sSpan238" value="Fortnite"/>
		<feat xlink:href="#sSpan239" value="Bugha_%28gamer%29"/>
		<feat xlink:href="#sSpan240" value="Bugha_%28gamer%29"/>
		<feat xlink:href="#sSpan241" value="Pennsylvania"/>
		<feat xlink:href="#sSpan242" value="Bugha_%28gamer%29"/>
		<feat xlink:href="#sSpan244" value="Sentinels_%28esports%29"/>
		<feat xlink:href="#sSpan247" value="Bugha_%28gamer%29"/>
		<feat xlink:href="#sSpan249" value="Bugha_%28gamer%29"/>
		<feat xlink:href="#sSpan251" value="Bugha_%28gamer%29"/>
		<feat xlink:href="#sSpan255" value="Bugha_%28gamer%29"/>
		<feat xlink:href="#sSpan256" value="Bugha_%28gamer%29"/>
		<feat xlink:href="#sSpan257" value="Bugha_%28gamer%29"/>
		<feat xlink:href="#sSpan261" value="Bugha_%28gamer%29"/>
		<feat xlink:href="#sSpan265" value="Bugha_%28gamer%29"/>
		<feat xlink:href="#sSpan266" value="Bugha_%28gamer%29"/>
		<feat xlink:href="#sSpan269" value="Bugha_%28gamer%29"/>
		<feat xlink:href="#sSpan271" value="Bugha_%28gamer%29"/>
		<feat xlink:href="#sSpan344" value="Tfue"/>
		<feat xlink:href="#sSpan377" value="Fortnite"/>
		<feat xlink:href="#sSpan404" value="Bugha_%28gamer%29"/></featList></paula>