<?xml version='1.0' encoding='UTF-8'?><!DOCTYPE paula SYSTEM "paula_feat.dtd">
<paula version="1.1">
	<header paula_id="ref.GENTLE_esports_fortnite.mark_infstat"/>
	<featList xmlns:xlink="http://www.w3.org/1999/xlink" type="infstat" xml:base="ref.GENTLE_esports_fortnite.mark.xml">
		<feat xlink:href="#sSpan178" value="acc:com"/>
		<feat xlink:href="#sSpan179" value="new"/>
		<feat xlink:href="#sSpan182" value="new"/>
		<feat xlink:href="#sSpan184" value="new"/>
		<feat xlink:href="#sSpan185" value="new"/>
		<feat xlink:href="#sSpan186" value="new"/>
		<feat xlink:href="#sSpan189" value="new"/>
		<feat xlink:href="#sSpan191" value="new"/>
		<feat xlink:href="#sSpan192" value="new"/>
		<feat xlink:href="#sSpan193" value="acc:com"/>
		<feat xlink:href="#sSpan196" value="new"/>
		<feat xlink:href="#sSpan198" value="new"/>
		<feat xlink:href="#sSpan205" value="giv:act"/>
		<feat xlink:href="#sSpan208" value="new"/>
		<feat xlink:href="#sSpan210" value="new"/>
		<feat xlink:href="#sSpan211" value="giv:act"/>
		<feat xlink:href="#sSpan212" value="acc:inf"/>
		<feat xlink:href="#sSpan215" value="new"/>
		<feat xlink:href="#sSpan216" value="giv:act"/>
		<feat xlink:href="#sSpan217" value="acc:inf"/>
		<feat xlink:href="#sSpan221" value="giv:inact"/>
		<feat xlink:href="#sSpan223" value="giv:inact"/>
		<feat xlink:href="#sSpan227" value="new"/>
		<feat xlink:href="#sSpan228" value="giv:inact"/>
		<feat xlink:href="#sSpan230" value="acc:inf"/>
		<feat xlink:href="#sSpan232" value="giv:act"/>
		<feat xlink:href="#sSpan233" value="giv:inact"/>
		<feat xlink:href="#sSpan234" value="new"/>
		<feat xlink:href="#sSpan235" value="new"/>
		<feat xlink:href="#sSpan236" value="new"/>
		<feat xlink:href="#sSpan237" value="new"/>
		<feat xlink:href="#sSpan238" value="new"/>
		<feat xlink:href="#sSpan239" value="new"/>
		<feat xlink:href="#sSpan240" value="new"/>
		<feat xlink:href="#sSpan242" value="new"/>
		<feat xlink:href="#sSpan243" value="new"/>
		<feat xlink:href="#sSpan245" value="giv:act"/>
		<feat xlink:href="#sSpan247" value="new"/>
		<feat xlink:href="#sSpan249" value="new"/>
		<feat xlink:href="#sSpan253" value="giv:act"/>
		<feat xlink:href="#sSpan255" value="new"/>
		<feat xlink:href="#sSpan259" value="new"/>
		<feat xlink:href="#sSpan260" value="acc:com"/>
		<feat xlink:href="#sSpan262" value="giv:inact"/>
		<feat xlink:href="#sSpan264" value="new"/>
		<feat xlink:href="#sSpan268" value="new"/>
		<feat xlink:href="#sSpan269" value="acc:inf"/>
		<feat xlink:href="#sSpan271" value="new"/>
		<feat xlink:href="#sSpan272" value="giv:act"/>
		<feat xlink:href="#sSpan274" value="new"/>
		<feat xlink:href="#sSpan276" value="giv:inact"/>
		<feat xlink:href="#sSpan280" value="new"/>
		<feat xlink:href="#sSpan282" value="new"/>
		<feat xlink:href="#sSpan284" value="giv:act"/>
		<feat xlink:href="#sSpan288" value="giv:act"/>
		<feat xlink:href="#sSpan289" value="new"/>
		<feat xlink:href="#sSpan292" value="giv:act"/>
		<feat xlink:href="#sSpan294" value="giv:inact"/>
		<feat xlink:href="#sSpan297" value="giv:act"/>
		<feat xlink:href="#sSpan299" value="giv:act"/>
		<feat xlink:href="#sSpan302" value="giv:inact"/>
		<feat xlink:href="#sSpan305" value="giv:act"/>
		<feat xlink:href="#sSpan306" value="acc:com"/>
		<feat xlink:href="#sSpan307" value="giv:inact"/>
		<feat xlink:href="#sSpan309" value="giv:act"/>
		<feat xlink:href="#sSpan313" value="giv:act"/>
		<feat xlink:href="#sSpan316" value="new"/>
		<feat xlink:href="#sSpan317" value="giv:act"/>
		<feat xlink:href="#sSpan318" value="new"/>
		<feat xlink:href="#sSpan320" value="new"/>
		<feat xlink:href="#sSpan323" value="new"/>
		<feat xlink:href="#sSpan325" value="giv:inact"/>
		<feat xlink:href="#sSpan328" value="giv:act"/>
		<feat xlink:href="#sSpan331" value="new"/>
		<feat xlink:href="#sSpan332" value="giv:act"/>
		<feat xlink:href="#sSpan338" value="new"/>
		<feat xlink:href="#sSpan341" value="giv:act"/>
		<feat xlink:href="#sSpan342" value="new"/>
		<feat xlink:href="#sSpan347" value="giv:inact"/>
		<feat xlink:href="#sSpan352" value="new"/>
		<feat xlink:href="#sSpan354" value="giv:act"/>
		<feat xlink:href="#sSpan363" value="giv:act"/>
		<feat xlink:href="#sSpan370" value="giv:act"/>
		<feat xlink:href="#sSpan373" value="acc:inf"/>
		<feat xlink:href="#sSpan375" value="acc:com"/>
		<feat xlink:href="#sSpan379" value="new"/>
		<feat xlink:href="#sSpan380" value="giv:act"/>
		<feat xlink:href="#sSpan381" value="giv:act"/>
		<feat xlink:href="#sSpan382" value="giv:inact"/>
		<feat xlink:href="#sSpan384" value="new"/>
		<feat xlink:href="#sSpan385" value="giv:act"/>
		<feat xlink:href="#sSpan389" value="giv:act"/>
		<feat xlink:href="#sSpan391" value="new"/>
		<feat xlink:href="#sSpan392" value="new"/>
		<feat xlink:href="#sSpan394" value="giv:act"/>
		<feat xlink:href="#sSpan404" value="new"/>
		<feat xlink:href="#sSpan405" value="giv:inact"/>
		<feat xlink:href="#sSpan408" value="giv:inact"/>
		<feat xlink:href="#sSpan410" value="acc:com"/>
		<feat xlink:href="#sSpan413" value="giv:inact"/>
		<feat xlink:href="#sSpan415" value="new"/>
		<feat xlink:href="#sSpan419" value="new"/>
		<feat xlink:href="#sSpan421" value="new"/>
		<feat xlink:href="#sSpan422" value="new"/>
		<feat xlink:href="#sSpan425" value="giv:act"/>
		<feat xlink:href="#sSpan429" value="giv:inact"/>
		<feat xlink:href="#sSpan432" value="giv:act"/>
		<feat xlink:href="#sSpan434" value="giv:act"/>
		<feat xlink:href="#sSpan437" value="new"/>
		<feat xlink:href="#sSpan438" value="new"/>
		<feat xlink:href="#sSpan440" value="new"/>
		<feat xlink:href="#sSpan442" value="giv:inact"/>
		<feat xlink:href="#sSpan444" value="new"/>
		<feat xlink:href="#sSpan445" value="new"/>
		<feat xlink:href="#sSpan450" value="giv:inact"/>
		<feat xlink:href="#sSpan452" value="giv:act"/>
		<feat xlink:href="#sSpan457" value="new"/>
		<feat xlink:href="#sSpan463" value="new"/>
		<feat xlink:href="#sSpan466" value="giv:act"/>
		<feat xlink:href="#sSpan470" value="giv:inact"/>
		<feat xlink:href="#sSpan472" value="new"/>
		<feat xlink:href="#sSpan476" value="giv:inact"/>
		<feat xlink:href="#sSpan478" value="new"/>
		<feat xlink:href="#sSpan481" value="new"/>
		<feat xlink:href="#sSpan482" value="giv:inact"/>
		<feat xlink:href="#sSpan484" value="giv:act"/>
		<feat xlink:href="#sSpan485" value="giv:act"/>
		<feat xlink:href="#sSpan491" value="new"/>
		<feat xlink:href="#sSpan493" value="new"/>
		<feat xlink:href="#sSpan494" value="new"/>
		<feat xlink:href="#sSpan501" value="acc:com"/>
		<feat xlink:href="#sSpan509" value="new"/>
		<feat xlink:href="#sSpan512" value="new"/>
		<feat xlink:href="#sSpan513" value="new"/>
		<feat xlink:href="#sSpan516" value="new"/>
		<feat xlink:href="#sSpan518" value="new"/>
		<feat xlink:href="#sSpan521" value="new"/>
		<feat xlink:href="#sSpan525" value="new"/>
		<feat xlink:href="#sSpan526" value="giv:act"/>
		<feat xlink:href="#sSpan528" value="giv:act"/>
		<feat xlink:href="#sSpan536" value="new"/>
		<feat xlink:href="#sSpan537" value="giv:act"/>
		<feat xlink:href="#sSpan546" value="new"/>
		<feat xlink:href="#sSpan548" value="new"/>
		<feat xlink:href="#sSpan550" value="giv:act"/>
		<feat xlink:href="#sSpan551" value="new"/>
		<feat xlink:href="#sSpan553" value="giv:act"/>
		<feat xlink:href="#sSpan555" value="giv:act"/>
		<feat xlink:href="#sSpan558" value="giv:inact"/>
		<feat xlink:href="#sSpan560" value="new"/>
		<feat xlink:href="#sSpan563" value="new"/>
		<feat xlink:href="#sSpan564" value="new"/>
		<feat xlink:href="#sSpan565" value="new"/>
		<feat xlink:href="#sSpan570" value="giv:inact"/>
		<feat xlink:href="#sSpan573" value="new"/>
		<feat xlink:href="#sSpan575" value="giv:inact"/>
		<feat xlink:href="#sSpan577" value="new"/>
		<feat xlink:href="#sSpan580" value="new"/>
		<feat xlink:href="#sSpan582" value="giv:act"/>
		<feat xlink:href="#sSpan585" value="new"/>
		<feat xlink:href="#sSpan589" value="giv:act"/>
		<feat xlink:href="#sSpan594" value="giv:act"/>
		<feat xlink:href="#sSpan596" value="giv:act"/>
		<feat xlink:href="#sSpan610" value="giv:act"/>
		<feat xlink:href="#sSpan622" value="new"/>
		<feat xlink:href="#sSpan631" value="new"/>
		<feat xlink:href="#sSpan637" value="giv:inact"/>
		<feat xlink:href="#sSpan644" value="new"/>
		<feat xlink:href="#sSpan651" value="new"/>
		<feat xlink:href="#sSpan655" value="new"/>
		<feat xlink:href="#sSpan659" value="new"/>
		<feat xlink:href="#sSpan664" value="new"/>
		<feat xlink:href="#sSpan668" value="new"/>
		<feat xlink:href="#sSpan671" value="acc:inf"/>
		<feat xlink:href="#sSpan676" value="new"/>
		<feat xlink:href="#sSpan680" value="new"/>
		<feat xlink:href="#sSpan681" value="giv:inact"/>
		<feat xlink:href="#sSpan686" value="new"/>
		<feat xlink:href="#sSpan688" value="new"/>
		<feat xlink:href="#sSpan693" value="giv:act"/>
		<feat xlink:href="#sSpan696" value="new"/>
		<feat xlink:href="#sSpan697" value="giv:act"/>
		<feat xlink:href="#sSpan699" value="new"/>
		<feat xlink:href="#sSpan701" value="new"/>
		<feat xlink:href="#sSpan712" value="new"/>
		<feat xlink:href="#sSpan719" value="new"/>
		<feat xlink:href="#sSpan720" value="new"/>
		<feat xlink:href="#sSpan721" value="new"/>
		<feat xlink:href="#sSpan723" value="giv:act"/>
		<feat xlink:href="#sSpan724" value="giv:act"/>
		<feat xlink:href="#sSpan725" value="new"/>
		<feat xlink:href="#sSpan731" value="new"/>
		<feat xlink:href="#sSpan735" value="new"/>
		<feat xlink:href="#sSpan740" value="new"/>
		<feat xlink:href="#sSpan742" value="giv:inact"/>
		<feat xlink:href="#sSpan745" value="new"/>
		<feat xlink:href="#sSpan746" value="giv:act"/>
		<feat xlink:href="#sSpan747" value="giv:inact"/>
		<feat xlink:href="#sSpan752" value="giv:act"/>
		<feat xlink:href="#sSpan755" value="new"/>
		<feat xlink:href="#sSpan756" value="giv:inact"/>
		<feat xlink:href="#sSpan757" value="giv:inact"/>
		<feat xlink:href="#sSpan758" value="giv:inact"/>
		<feat xlink:href="#sSpan760" value="new"/>
		<feat xlink:href="#sSpan764" value="giv:inact"/>
		<feat xlink:href="#sSpan768" value="giv:act"/>
		<feat xlink:href="#sSpan772" value="new"/>
		<feat xlink:href="#sSpan773" value="new"/>
		<feat xlink:href="#sSpan775" value="giv:inact"/>
		<feat xlink:href="#sSpan783" value="giv:act"/>
		<feat xlink:href="#sSpan785" value="giv:act"/>
		<feat xlink:href="#sSpan786" value="giv:act"/>
		<feat xlink:href="#sSpan787" value="giv:inact"/>
		<feat xlink:href="#sSpan788" value="acc:com"/>
		<feat xlink:href="#sSpan791" value="new"/>
		<feat xlink:href="#sSpan792" value="giv:act"/>
		<feat xlink:href="#sSpan794" value="giv:act"/>
		<feat xlink:href="#sSpan798" value="giv:inact"/>
		<feat xlink:href="#sSpan802" value="giv:inact"/>
		<feat xlink:href="#sSpan805" value="giv:inact"/>
		<feat xlink:href="#sSpan807" value="new"/>
		<feat xlink:href="#sSpan809" value="giv:act"/>
		<feat xlink:href="#sSpan810" value="giv:act"/>
		<feat xlink:href="#sSpan814" value="new"/>
		<feat xlink:href="#sSpan815" value="acc:com"/>
		<feat xlink:href="#sSpan819" value="giv:act"/>
		<feat xlink:href="#sSpan822" value="giv:inact"/>
		<feat xlink:href="#sSpan825" value="giv:act"/>
		<feat xlink:href="#sSpan827" value="new"/>
		<feat xlink:href="#sSpan828" value="giv:inact"/>
		<feat xlink:href="#sSpan829" value="new"/>
		<feat xlink:href="#sSpan830" value="giv:act"/>
		<feat xlink:href="#sSpan831" value="new"/>
		<feat xlink:href="#sSpan833" value="giv:inact"/>
		<feat xlink:href="#sSpan834" value="giv:act"/>
		<feat xlink:href="#sSpan836" value="new"/>
		<feat xlink:href="#sSpan841" value="new"/>
		<feat xlink:href="#sSpan842" value="new"/>
		<feat xlink:href="#sSpan844" value="giv:act"/>
		<feat xlink:href="#sSpan850" value="acc:inf"/>
		<feat xlink:href="#sSpan855" value="giv:act"/>
		<feat xlink:href="#sSpan858" value="giv:act"/>
		<feat xlink:href="#sSpan860" value="giv:act"/>
		<feat xlink:href="#sSpan861" value="new"/>
		<feat xlink:href="#sSpan862" value="new"/>
		<feat xlink:href="#sSpan863" value="new"/>
		<feat xlink:href="#sSpan864" value="giv:act"/>
		<feat xlink:href="#sSpan865" value="giv:inact"/>
		<feat xlink:href="#sSpan867" value="giv:inact"/>
		<feat xlink:href="#sSpan869" value="giv:act"/>
		<feat xlink:href="#sSpan879" value="new"/>
		<feat xlink:href="#sSpan881" value="giv:inact"/>
		<feat xlink:href="#sSpan884" value="giv:inact"/>
		<feat xlink:href="#sSpan885" value="giv:act"/>
		<feat xlink:href="#sSpan889" value="new"/>
		<feat xlink:href="#sSpan895" value="acc:inf"/>
		<feat xlink:href="#sSpan901" value="new"/>
		<feat xlink:href="#sSpan902" value="new"/>
		<feat xlink:href="#sSpan905" value="acc:com"/>
		<feat xlink:href="#sSpan907" value="giv:inact"/>
		<feat xlink:href="#sSpan909" value="new"/>
		<feat xlink:href="#sSpan910" value="new"/>
		<feat xlink:href="#sSpan911" value="giv:act"/>
		<feat xlink:href="#sSpan912" value="giv:inact"/>
		<feat xlink:href="#sSpan917" value="giv:act"/>
		<feat xlink:href="#sSpan919" value="giv:inact"/>
		<feat xlink:href="#sSpan921" value="giv:inact"/>
		<feat xlink:href="#sSpan925" value="giv:act"/>
		<feat xlink:href="#sSpan927" value="acc:com"/>
		<feat xlink:href="#sSpan929" value="giv:act"/>
		<feat xlink:href="#sSpan931" value="giv:act"/>
		<feat xlink:href="#sSpan933" value="giv:inact"/>
		<feat xlink:href="#sSpan938" value="giv:inact"/>
		<feat xlink:href="#sSpan942" value="giv:act"/>
		<feat xlink:href="#sSpan945" value="giv:inact"/>
		<feat xlink:href="#sSpan952" value="giv:act"/>
		<feat xlink:href="#sSpan954" value="giv:act"/>
		<feat xlink:href="#sSpan956" value="giv:inact"/>
		<feat xlink:href="#sSpan957" value="giv:act"/>
		<feat xlink:href="#sSpan958" value="giv:act"/>
		<feat xlink:href="#sSpan959" value="new"/>
		<feat xlink:href="#sSpan960" value="giv:act"/>
		<feat xlink:href="#sSpan962" value="giv:act"/>
		<feat xlink:href="#sSpan965" value="giv:act"/>
		<feat xlink:href="#sSpan967" value="giv:act"/>
		<feat xlink:href="#sSpan969" value="new"/>
		<feat xlink:href="#sSpan971" value="new"/>
		<feat xlink:href="#sSpan973" value="new"/>
		<feat xlink:href="#sSpan975" value="new"/>
		<feat xlink:href="#sSpan977" value="new"/>
		<feat xlink:href="#sSpan981" value="new"/>
		<feat xlink:href="#sSpan987" value="giv:act"/>
		<feat xlink:href="#sSpan993" value="new"/>
		<feat xlink:href="#sSpan994" value="new"/>
		<feat xlink:href="#sSpan996" value="new"/>
		<feat xlink:href="#sSpan997" value="new"/>
		<feat xlink:href="#sSpan998" value="new"/>
		<feat xlink:href="#sSpan1002" value="acc:com"/>
		<feat xlink:href="#sSpan1007" value="giv:inact"/>
		<feat xlink:href="#sSpan1010" value="giv:act"/>
		<feat xlink:href="#sSpan1011" value="giv:act"/>
		<feat xlink:href="#sSpan1014" value="acc:com"/>
		<feat xlink:href="#sSpan1016" value="giv:inact"/>
		<feat xlink:href="#sSpan1018" value="new"/>
		<feat xlink:href="#sSpan1020" value="giv:inact"/>
		<feat xlink:href="#sSpan1024" value="giv:inact"/>
		<feat xlink:href="#sSpan1032" value="new"/>
		<feat xlink:href="#sSpan1041" value="new"/>
		<feat xlink:href="#sSpan1043" value="giv:act"/>
		<feat xlink:href="#sSpan1048" value="new"/>
		<feat xlink:href="#sSpan1050" value="giv:inact"/>
		<feat xlink:href="#sSpan1053" value="new"/>
		<feat xlink:href="#sSpan1054" value="giv:inact"/>
		<feat xlink:href="#sSpan1056" value="acc:aggr"/>
		<feat xlink:href="#sSpan1064" value="giv:act"/>
		<feat xlink:href="#sSpan1066" value="giv:inact"/>
		<feat xlink:href="#sSpan1071" value="giv:inact"/>
		<feat xlink:href="#sSpan1074" value="new"/>
		<feat xlink:href="#sSpan1075" value="new"/>
		<feat xlink:href="#sSpan1079" value="new"/>
		<feat xlink:href="#sSpan1081" value="giv:act"/>
		<feat xlink:href="#sSpan1083" value="new"/>
		<feat xlink:href="#sSpan1084" value="new"/>
		<feat xlink:href="#sSpan1088" value="giv:inact"/>
		<feat xlink:href="#sSpan1092" value="acc:com"/>
		<feat xlink:href="#sSpan1095" value="giv:act"/>
		<feat xlink:href="#sSpan1102" value="new"/>
		<feat xlink:href="#sSpan1108" value="new"/>
		<feat xlink:href="#sSpan1115" value="new"/>
		<feat xlink:href="#sSpan1118" value="new"/>
		<feat xlink:href="#sSpan1121" value="new"/>
		<feat xlink:href="#sSpan1123" value="new"/>
		<feat xlink:href="#sSpan1124" value="giv:inact"/>
		<feat xlink:href="#sSpan1130" value="new"/>
		<feat xlink:href="#sSpan1131" value="giv:inact"/></featList></paula>