<?xml version='1.0' encoding='UTF-8'?><!DOCTYPE paula SYSTEM "paula_feat.dtd">
<paula version="1.1">
	<header paula_id="ref.GENTLE_esports_fortnite.mark_infstat"/>
	<featList xmlns:xlink="http://www.w3.org/1999/xlink" type="infstat" xml:base="ref.GENTLE_esports_fortnite.mark.xml">
		<feat xlink:href="#sSpan176" value="acc:com"/>
		<feat xlink:href="#sSpan177" value="new"/>
		<feat xlink:href="#sSpan178" value="new"/>
		<feat xlink:href="#sSpan179" value="new"/>
		<feat xlink:href="#sSpan180" value="new"/>
		<feat xlink:href="#sSpan181" value="new"/>
		<feat xlink:href="#sSpan182" value="new"/>
		<feat xlink:href="#sSpan183" value="new"/>
		<feat xlink:href="#sSpan184" value="new"/>
		<feat xlink:href="#sSpan185" value="acc:com"/>
		<feat xlink:href="#sSpan186" value="new"/>
		<feat xlink:href="#sSpan187" value="new"/>
		<feat xlink:href="#sSpan188" value="giv:act"/>
		<feat xlink:href="#sSpan189" value="new"/>
		<feat xlink:href="#sSpan190" value="new"/>
		<feat xlink:href="#sSpan191" value="giv:act"/>
		<feat xlink:href="#sSpan192" value="acc:inf"/>
		<feat xlink:href="#sSpan193" value="new"/>
		<feat xlink:href="#sSpan194" value="giv:act"/>
		<feat xlink:href="#sSpan195" value="acc:inf"/>
		<feat xlink:href="#sSpan196" value="giv:inact"/>
		<feat xlink:href="#sSpan197" value="giv:inact"/>
		<feat xlink:href="#sSpan198" value="new"/>
		<feat xlink:href="#sSpan199" value="giv:inact"/>
		<feat xlink:href="#sSpan200" value="acc:inf"/>
		<feat xlink:href="#sSpan201" value="giv:act"/>
		<feat xlink:href="#sSpan202" value="giv:inact"/>
		<feat xlink:href="#sSpan203" value="new"/>
		<feat xlink:href="#sSpan204" value="new"/>
		<feat xlink:href="#sSpan205" value="new"/>
		<feat xlink:href="#sSpan206" value="new"/>
		<feat xlink:href="#sSpan207" value="new"/>
		<feat xlink:href="#sSpan208" value="new"/>
		<feat xlink:href="#sSpan209" value="new"/>
		<feat xlink:href="#sSpan210" value="new"/>
		<feat xlink:href="#sSpan211" value="new"/>
		<feat xlink:href="#sSpan212" value="giv:act"/>
		<feat xlink:href="#sSpan213" value="new"/>
		<feat xlink:href="#sSpan214" value="new"/>
		<feat xlink:href="#sSpan215" value="giv:act"/>
		<feat xlink:href="#sSpan216" value="new"/>
		<feat xlink:href="#sSpan217" value="new"/>
		<feat xlink:href="#sSpan218" value="acc:com"/>
		<feat xlink:href="#sSpan219" value="giv:inact"/>
		<feat xlink:href="#sSpan220" value="new"/>
		<feat xlink:href="#sSpan221" value="new"/>
		<feat xlink:href="#sSpan222" value="acc:inf"/>
		<feat xlink:href="#sSpan223" value="new"/>
		<feat xlink:href="#sSpan224" value="giv:act"/>
		<feat xlink:href="#sSpan225" value="new"/>
		<feat xlink:href="#sSpan226" value="giv:inact"/>
		<feat xlink:href="#sSpan227" value="new"/>
		<feat xlink:href="#sSpan228" value="new"/>
		<feat xlink:href="#sSpan229" value="giv:act"/>
		<feat xlink:href="#sSpan230" value="giv:act"/>
		<feat xlink:href="#sSpan231" value="new"/>
		<feat xlink:href="#sSpan232" value="giv:act"/>
		<feat xlink:href="#sSpan233" value="giv:inact"/>
		<feat xlink:href="#sSpan234" value="giv:act"/>
		<feat xlink:href="#sSpan235" value="giv:act"/>
		<feat xlink:href="#sSpan236" value="giv:inact"/>
		<feat xlink:href="#sSpan237" value="giv:act"/>
		<feat xlink:href="#sSpan238" value="acc:com"/>
		<feat xlink:href="#sSpan239" value="giv:inact"/>
		<feat xlink:href="#sSpan240" value="giv:act"/>
		<feat xlink:href="#sSpan241" value="giv:act"/>
		<feat xlink:href="#sSpan242" value="new"/>
		<feat xlink:href="#sSpan243" value="giv:act"/>
		<feat xlink:href="#sSpan244" value="new"/>
		<feat xlink:href="#sSpan245" value="new"/>
		<feat xlink:href="#sSpan246" value="new"/>
		<feat xlink:href="#sSpan247" value="giv:inact"/>
		<feat xlink:href="#sSpan248" value="giv:act"/>
		<feat xlink:href="#sSpan249" value="new"/>
		<feat xlink:href="#sSpan250" value="giv:act"/>
		<feat xlink:href="#sSpan251" value="new"/>
		<feat xlink:href="#sSpan252" value="giv:act"/>
		<feat xlink:href="#sSpan253" value="new"/>
		<feat xlink:href="#sSpan254" value="giv:inact"/>
		<feat xlink:href="#sSpan255" value="new"/>
		<feat xlink:href="#sSpan256" value="giv:act"/>
		<feat xlink:href="#sSpan257" value="giv:act"/>
		<feat xlink:href="#sSpan258" value="giv:act"/>
		<feat xlink:href="#sSpan259" value="acc:inf"/>
		<feat xlink:href="#sSpan260" value="acc:com"/>
		<feat xlink:href="#sSpan261" value="new"/>
		<feat xlink:href="#sSpan262" value="giv:act"/>
		<feat xlink:href="#sSpan263" value="giv:act"/>
		<feat xlink:href="#sSpan264" value="giv:inact"/>
		<feat xlink:href="#sSpan265" value="new"/>
		<feat xlink:href="#sSpan266" value="giv:act"/>
		<feat xlink:href="#sSpan267" value="giv:act"/>
		<feat xlink:href="#sSpan268" value="new"/>
		<feat xlink:href="#sSpan269" value="new"/>
		<feat xlink:href="#sSpan270" value="giv:act"/>
		<feat xlink:href="#sSpan271" value="new"/>
		<feat xlink:href="#sSpan272" value="giv:inact"/>
		<feat xlink:href="#sSpan273" value="giv:inact"/>
		<feat xlink:href="#sSpan274" value="acc:com"/>
		<feat xlink:href="#sSpan275" value="giv:inact"/>
		<feat xlink:href="#sSpan276" value="new"/>
		<feat xlink:href="#sSpan277" value="new"/>
		<feat xlink:href="#sSpan278" value="new"/>
		<feat xlink:href="#sSpan279" value="new"/>
		<feat xlink:href="#sSpan280" value="giv:act"/>
		<feat xlink:href="#sSpan281" value="giv:inact"/>
		<feat xlink:href="#sSpan282" value="giv:act"/>
		<feat xlink:href="#sSpan283" value="giv:act"/>
		<feat xlink:href="#sSpan284" value="new"/>
		<feat xlink:href="#sSpan285" value="new"/>
		<feat xlink:href="#sSpan286" value="new"/>
		<feat xlink:href="#sSpan287" value="giv:inact"/>
		<feat xlink:href="#sSpan288" value="new"/>
		<feat xlink:href="#sSpan289" value="new"/>
		<feat xlink:href="#sSpan290" value="giv:inact"/>
		<feat xlink:href="#sSpan291" value="giv:act"/>
		<feat xlink:href="#sSpan292" value="new"/>
		<feat xlink:href="#sSpan293" value="new"/>
		<feat xlink:href="#sSpan294" value="giv:act"/>
		<feat xlink:href="#sSpan295" value="giv:inact"/>
		<feat xlink:href="#sSpan296" value="new"/>
		<feat xlink:href="#sSpan297" value="giv:inact"/>
		<feat xlink:href="#sSpan298" value="new"/>
		<feat xlink:href="#sSpan299" value="new"/>
		<feat xlink:href="#sSpan300" value="giv:inact"/>
		<feat xlink:href="#sSpan301" value="giv:act"/>
		<feat xlink:href="#sSpan302" value="giv:act"/>
		<feat xlink:href="#sSpan303" value="new"/>
		<feat xlink:href="#sSpan304" value="new"/>
		<feat xlink:href="#sSpan305" value="new"/>
		<feat xlink:href="#sSpan306" value="acc:com"/>
		<feat xlink:href="#sSpan307" value="new"/>
		<feat xlink:href="#sSpan308" value="new"/>
		<feat xlink:href="#sSpan309" value="new"/>
		<feat xlink:href="#sSpan310" value="new"/>
		<feat xlink:href="#sSpan311" value="new"/>
		<feat xlink:href="#sSpan312" value="new"/>
		<feat xlink:href="#sSpan313" value="new"/>
		<feat xlink:href="#sSpan314" value="giv:act"/>
		<feat xlink:href="#sSpan315" value="giv:act"/>
		<feat xlink:href="#sSpan316" value="new"/>
		<feat xlink:href="#sSpan317" value="giv:act"/>
		<feat xlink:href="#sSpan318" value="new"/>
		<feat xlink:href="#sSpan319" value="new"/>
		<feat xlink:href="#sSpan320" value="giv:act"/>
		<feat xlink:href="#sSpan321" value="new"/>
		<feat xlink:href="#sSpan322" value="giv:act"/>
		<feat xlink:href="#sSpan323" value="giv:act"/>
		<feat xlink:href="#sSpan324" value="giv:inact"/>
		<feat xlink:href="#sSpan325" value="new"/>
		<feat xlink:href="#sSpan326" value="new"/>
		<feat xlink:href="#sSpan327" value="new"/>
		<feat xlink:href="#sSpan328" value="new"/>
		<feat xlink:href="#sSpan329" value="giv:inact"/>
		<feat xlink:href="#sSpan330" value="new"/>
		<feat xlink:href="#sSpan331" value="giv:inact"/>
		<feat xlink:href="#sSpan332" value="new"/>
		<feat xlink:href="#sSpan333" value="new"/>
		<feat xlink:href="#sSpan334" value="giv:act"/>
		<feat xlink:href="#sSpan335" value="new"/>
		<feat xlink:href="#sSpan336" value="giv:act"/>
		<feat xlink:href="#sSpan337" value="giv:act"/>
		<feat xlink:href="#sSpan338" value="giv:act"/>
		<feat xlink:href="#sSpan339" value="giv:act"/>
		<feat xlink:href="#sSpan340" value="new"/>
		<feat xlink:href="#sSpan341" value="new"/>
		<feat xlink:href="#sSpan342" value="giv:inact"/>
		<feat xlink:href="#sSpan343" value="new"/>
		<feat xlink:href="#sSpan344" value="new"/>
		<feat xlink:href="#sSpan345" value="new"/>
		<feat xlink:href="#sSpan346" value="new"/>
		<feat xlink:href="#sSpan347" value="new"/>
		<feat xlink:href="#sSpan348" value="new"/>
		<feat xlink:href="#sSpan349" value="acc:inf"/>
		<feat xlink:href="#sSpan350" value="new"/>
		<feat xlink:href="#sSpan351" value="new"/>
		<feat xlink:href="#sSpan352" value="giv:inact"/>
		<feat xlink:href="#sSpan353" value="new"/>
		<feat xlink:href="#sSpan354" value="new"/>
		<feat xlink:href="#sSpan355" value="giv:act"/>
		<feat xlink:href="#sSpan356" value="new"/>
		<feat xlink:href="#sSpan357" value="giv:act"/>
		<feat xlink:href="#sSpan358" value="new"/>
		<feat xlink:href="#sSpan359" value="new"/>
		<feat xlink:href="#sSpan360" value="new"/>
		<feat xlink:href="#sSpan361" value="new"/>
		<feat xlink:href="#sSpan362" value="new"/>
		<feat xlink:href="#sSpan363" value="new"/>
		<feat xlink:href="#sSpan364" value="giv:act"/>
		<feat xlink:href="#sSpan365" value="giv:act"/>
		<feat xlink:href="#sSpan366" value="new"/>
		<feat xlink:href="#sSpan367" value="new"/>
		<feat xlink:href="#sSpan368" value="new"/>
		<feat xlink:href="#sSpan369" value="new"/>
		<feat xlink:href="#sSpan370" value="giv:inact"/>
		<feat xlink:href="#sSpan371" value="new"/>
		<feat xlink:href="#sSpan372" value="giv:act"/>
		<feat xlink:href="#sSpan373" value="giv:inact"/>
		<feat xlink:href="#sSpan374" value="giv:act"/>
		<feat xlink:href="#sSpan375" value="new"/>
		<feat xlink:href="#sSpan376" value="giv:inact"/>
		<feat xlink:href="#sSpan377" value="giv:inact"/>
		<feat xlink:href="#sSpan378" value="giv:inact"/>
		<feat xlink:href="#sSpan379" value="new"/>
		<feat xlink:href="#sSpan380" value="giv:inact"/>
		<feat xlink:href="#sSpan381" value="giv:act"/>
		<feat xlink:href="#sSpan382" value="new"/>
		<feat xlink:href="#sSpan383" value="new"/>
		<feat xlink:href="#sSpan384" value="giv:inact"/>
		<feat xlink:href="#sSpan385" value="giv:act"/>
		<feat xlink:href="#sSpan386" value="giv:act"/>
		<feat xlink:href="#sSpan387" value="giv:act"/>
		<feat xlink:href="#sSpan388" value="giv:inact"/>
		<feat xlink:href="#sSpan389" value="acc:com"/>
		<feat xlink:href="#sSpan390" value="new"/>
		<feat xlink:href="#sSpan391" value="giv:act"/>
		<feat xlink:href="#sSpan392" value="giv:act"/>
		<feat xlink:href="#sSpan393" value="giv:inact"/>
		<feat xlink:href="#sSpan394" value="giv:inact"/>
		<feat xlink:href="#sSpan395" value="giv:inact"/>
		<feat xlink:href="#sSpan396" value="new"/>
		<feat xlink:href="#sSpan397" value="giv:act"/>
		<feat xlink:href="#sSpan398" value="giv:act"/>
		<feat xlink:href="#sSpan399" value="new"/>
		<feat xlink:href="#sSpan400" value="acc:com"/>
		<feat xlink:href="#sSpan401" value="giv:act"/>
		<feat xlink:href="#sSpan402" value="giv:inact"/>
		<feat xlink:href="#sSpan403" value="giv:act"/>
		<feat xlink:href="#sSpan404" value="new"/>
		<feat xlink:href="#sSpan405" value="giv:inact"/>
		<feat xlink:href="#sSpan406" value="new"/>
		<feat xlink:href="#sSpan407" value="giv:act"/>
		<feat xlink:href="#sSpan408" value="new"/>
		<feat xlink:href="#sSpan409" value="giv:inact"/>
		<feat xlink:href="#sSpan410" value="giv:act"/>
		<feat xlink:href="#sSpan411" value="new"/>
		<feat xlink:href="#sSpan412" value="new"/>
		<feat xlink:href="#sSpan413" value="new"/>
		<feat xlink:href="#sSpan414" value="giv:act"/>
		<feat xlink:href="#sSpan415" value="acc:inf"/>
		<feat xlink:href="#sSpan416" value="giv:act"/>
		<feat xlink:href="#sSpan417" value="giv:act"/>
		<feat xlink:href="#sSpan418" value="giv:act"/>
		<feat xlink:href="#sSpan419" value="new"/>
		<feat xlink:href="#sSpan420" value="new"/>
		<feat xlink:href="#sSpan421" value="new"/>
		<feat xlink:href="#sSpan422" value="giv:act"/>
		<feat xlink:href="#sSpan423" value="giv:inact"/>
		<feat xlink:href="#sSpan424" value="giv:inact"/>
		<feat xlink:href="#sSpan425" value="giv:act"/>
		<feat xlink:href="#sSpan426" value="new"/>
		<feat xlink:href="#sSpan427" value="giv:inact"/>
		<feat xlink:href="#sSpan428" value="giv:inact"/>
		<feat xlink:href="#sSpan429" value="giv:act"/>
		<feat xlink:href="#sSpan430" value="new"/>
		<feat xlink:href="#sSpan431" value="acc:inf"/>
		<feat xlink:href="#sSpan432" value="new"/>
		<feat xlink:href="#sSpan433" value="new"/>
		<feat xlink:href="#sSpan434" value="acc:com"/>
		<feat xlink:href="#sSpan435" value="giv:inact"/>
		<feat xlink:href="#sSpan436" value="new"/>
		<feat xlink:href="#sSpan437" value="new"/>
		<feat xlink:href="#sSpan438" value="giv:act"/>
		<feat xlink:href="#sSpan439" value="giv:inact"/>
		<feat xlink:href="#sSpan440" value="giv:act"/>
		<feat xlink:href="#sSpan441" value="giv:inact"/>
		<feat xlink:href="#sSpan442" value="giv:inact"/>
		<feat xlink:href="#sSpan443" value="giv:act"/>
		<feat xlink:href="#sSpan444" value="acc:com"/>
		<feat xlink:href="#sSpan445" value="giv:act"/>
		<feat xlink:href="#sSpan446" value="giv:act"/>
		<feat xlink:href="#sSpan447" value="giv:inact"/>
		<feat xlink:href="#sSpan448" value="giv:inact"/>
		<feat xlink:href="#sSpan449" value="giv:act"/>
		<feat xlink:href="#sSpan450" value="giv:inact"/>
		<feat xlink:href="#sSpan451" value="giv:act"/>
		<feat xlink:href="#sSpan452" value="giv:act"/>
		<feat xlink:href="#sSpan453" value="giv:inact"/>
		<feat xlink:href="#sSpan454" value="giv:act"/>
		<feat xlink:href="#sSpan455" value="giv:act"/>
		<feat xlink:href="#sSpan456" value="new"/>
		<feat xlink:href="#sSpan457" value="giv:act"/>
		<feat xlink:href="#sSpan458" value="giv:act"/>
		<feat xlink:href="#sSpan459" value="giv:act"/>
		<feat xlink:href="#sSpan460" value="giv:act"/>
		<feat xlink:href="#sSpan461" value="new"/>
		<feat xlink:href="#sSpan462" value="new"/>
		<feat xlink:href="#sSpan463" value="new"/>
		<feat xlink:href="#sSpan464" value="new"/>
		<feat xlink:href="#sSpan465" value="new"/>
		<feat xlink:href="#sSpan466" value="new"/>
		<feat xlink:href="#sSpan467" value="giv:act"/>
		<feat xlink:href="#sSpan468" value="new"/>
		<feat xlink:href="#sSpan469" value="new"/>
		<feat xlink:href="#sSpan470" value="new"/>
		<feat xlink:href="#sSpan471" value="new"/>
		<feat xlink:href="#sSpan472" value="new"/>
		<feat xlink:href="#sSpan473" value="acc:com"/>
		<feat xlink:href="#sSpan474" value="giv:inact"/>
		<feat xlink:href="#sSpan475" value="giv:act"/>
		<feat xlink:href="#sSpan476" value="giv:act"/>
		<feat xlink:href="#sSpan477" value="acc:com"/>
		<feat xlink:href="#sSpan478" value="giv:inact"/>
		<feat xlink:href="#sSpan479" value="new"/>
		<feat xlink:href="#sSpan480" value="giv:inact"/>
		<feat xlink:href="#sSpan481" value="giv:inact"/>
		<feat xlink:href="#sSpan482" value="new"/>
		<feat xlink:href="#sSpan483" value="new"/>
		<feat xlink:href="#sSpan484" value="giv:act"/>
		<feat xlink:href="#sSpan485" value="new"/>
		<feat xlink:href="#sSpan486" value="giv:inact"/>
		<feat xlink:href="#sSpan487" value="new"/>
		<feat xlink:href="#sSpan488" value="giv:inact"/>
		<feat xlink:href="#sSpan489" value="acc:aggr"/>
		<feat xlink:href="#sSpan490" value="giv:act"/>
		<feat xlink:href="#sSpan491" value="giv:inact"/>
		<feat xlink:href="#sSpan492" value="giv:inact"/>
		<feat xlink:href="#sSpan493" value="new"/>
		<feat xlink:href="#sSpan494" value="new"/>
		<feat xlink:href="#sSpan495" value="new"/>
		<feat xlink:href="#sSpan496" value="giv:act"/>
		<feat xlink:href="#sSpan497" value="new"/>
		<feat xlink:href="#sSpan498" value="new"/>
		<feat xlink:href="#sSpan499" value="giv:inact"/>
		<feat xlink:href="#sSpan500" value="acc:com"/>
		<feat xlink:href="#sSpan501" value="giv:act"/>
		<feat xlink:href="#sSpan502" value="new"/>
		<feat xlink:href="#sSpan503" value="new"/>
		<feat xlink:href="#sSpan504" value="new"/>
		<feat xlink:href="#sSpan505" value="new"/>
		<feat xlink:href="#sSpan506" value="new"/>
		<feat xlink:href="#sSpan507" value="new"/>
		<feat xlink:href="#sSpan508" value="giv:inact"/>
		<feat xlink:href="#sSpan509" value="new"/>
		<feat xlink:href="#sSpan510" value="giv:inact"/></featList></paula>