<?xml version='1.0' encoding='UTF-8'?><!DOCTYPE paula SYSTEM "paula_mark.dtd">
<paula version="1.1">
	<header paula_id="ref.GENTLE_esports_fortnite.mark"/>
	<markList xmlns:xlink="http://www.w3.org/1999/xlink" type="ref" xml:base="GENTLE_esports_fortnite.tok.xml">
		<!--As-->
		<mark id="sSpan1" xlink:href="#sTok1"/>
		<!--in-->
		<mark id="sSpan2" xlink:href="#sTok2"/>
		<!--the game-->
		<mark id="sSpan3" xlink:href="#sTok3 #sTok4"/>
		<!--battle bus-->
		<mark id="sSpan4" xlink:href="#sTok5 #sTok6"/>
		<!--has-->
		<mark id="sSpan5" xlink:href="#sTok7"/>
		<!--launched-->
		<mark id="sSpan6" xlink:href="#sTok8"/>
		<!--one more time-->
		<mark id="sSpan7" xlink:href="#sTok9 #sTok10 #sTok11"/>
		<!--,-->
		<mark id="sSpan8" xlink:href="#sTok12"/>
		<!--the Fortnite World Cup Finals-->
		<mark id="sSpan9" xlink:href="#sTok13 #sTok14 #sTok15 #sTok16 #sTok17"/>
		<!--Fortnite World Cup-->
		<mark id="sSpan10" xlink:href="#sTok14 #sTok15 #sTok16"/>
		<!--Fortnite-->
		<mark id="sSpan11" xlink:href="#sTok14"/>
		<!--ends-->
		<mark id="sSpan12" xlink:href="#sTok18"/>
		<!--right-->
		<mark id="sSpan13" xlink:href="#sTok19"/>
		<!--here-->
		<mark id="sSpan14" xlink:href="#sTok20"/>
		<!--.-->
		<mark id="sSpan15" xlink:href="#sTok21"/>
		<!--All 100 players on your screen-->
		<mark id="sSpan16" xlink:href="#sTok22 #sTok23 #sTok24 #sTok25 #sTok26 #sTok27"/>
		<!--your screen-->
		<mark id="sSpan17" xlink:href="#sTok26 #sTok27"/>
		<!--your-->
		<mark id="sSpan18" xlink:href="#sTok26"/>
		<!--there-->
		<mark id="sSpan19" xlink:href="#sTok28"/>
		<!--,-->
		<mark id="sSpan20" xlink:href="#sTok29"/>
		<!--Jack-->
		<mark id="sSpan21" xlink:href="#sTok30"/>
		<!--,-->
		<mark id="sSpan22" xlink:href="#sTok31"/>
		<!--Bugha-->
		<mark id="sSpan23" xlink:href="#sTok32"/>
		<!--,-->
		<mark id="sSpan24" xlink:href="#sTok33"/>
		<!--sitting-->
		<mark id="sSpan25" xlink:href="#sTok34"/>
		<!--out-->
		<mark id="sSpan26" xlink:href="#sTok35"/>
		<!--in-->
		<mark id="sSpan27" xlink:href="#sTok36"/>
		<!--front-->
		<mark id="sSpan28" xlink:href="#sTok37"/>
		<!--of-->
		<mark id="sSpan29" xlink:href="#sTok38"/>
		<!--everyone-->
		<mark id="sSpan30" xlink:href="#sTok39"/>
		<!--thus-->
		<mark id="sSpan31" xlink:href="#sTok40"/>
		<!--far-->
		<mark id="sSpan32" xlink:href="#sTok41"/>
		<!--a commanding lead-->
		<mark id="sSpan33" xlink:href="#sTok42 #sTok43 #sTok44"/>
		<!--.-->
		<mark id="sSpan34" xlink:href="#sTok45"/>
		<!--Kreo-->
		<mark id="sSpan35" xlink:href="#sTok46"/>
		<!--the winner of the previous game-->
		<mark id="sSpan36" xlink:href="#sTok47 #sTok48 #sTok49 #sTok50 #sTok51 #sTok52"/>
		<!--the previous game-->
		<mark id="sSpan37" xlink:href="#sTok50 #sTok51 #sTok52"/>
		<!--flying-->
		<mark id="sSpan38" xlink:href="#sTok53"/>
		<!--in-->
		<mark id="sSpan39" xlink:href="#sTok54"/>
		<!--there-->
		<mark id="sSpan40" xlink:href="#sTok55"/>
		<!--the northeast corner of the map-->
		<mark id="sSpan41" xlink:href="#sTok56 #sTok57 #sTok58 #sTok59 #sTok60 #sTok61"/>
		<!--the map-->
		<mark id="sSpan42" xlink:href="#sTok60 #sTok61"/>
		<!--.-->
		<mark id="sSpan43" xlink:href="#sTok62"/>
		<!--Spread-->
		<mark id="sSpan44" xlink:href="#sTok63"/>
		<!--of-->
		<mark id="sSpan45" xlink:href="#sTok64"/>
		<!--players-->
		<mark id="sSpan46" xlink:href="#sTok65"/>
		<!--across-->
		<mark id="sSpan47" xlink:href="#sTok66"/>
		<!--the screen-->
		<mark id="sSpan48" xlink:href="#sTok67 #sTok68"/>
		<!--,-->
		<mark id="sSpan49" xlink:href="#sTok69"/>
		<!--there-->
		<mark id="sSpan50" xlink:href="#sTok70"/>
		<!--'s-->
		<mark id="sSpan51" xlink:href="#sTok71"/>
		<!--your top ten-->
		<mark id="sSpan52" xlink:href="#sTok72 #sTok73 #sTok74"/>
		<!--your-->
		<mark id="sSpan53" xlink:href="#sTok72"/>
		<!--on-->
		<mark id="sSpan54" xlink:href="#sTok75"/>
		<!--the left side-->
		<mark id="sSpan55" xlink:href="#sTok76 #sTok77 #sTok78"/>
		<!--,-->
		<mark id="sSpan56" xlink:href="#sTok79"/>
		<!--Bugha , Psalm , Kreo , Skite , Nayte , Riversan , Rhux and the rest-->
		<mark id="sSpan57" xlink:href="#sTok80 #sTok81 #sTok82 #sTok83 #sTok84 #sTok85 #sTok86 #sTok87 #sTok88 #sTok89 #sTok90 #sTok91 #sTok92 #sTok93 #sTok94 #sTok95"/>
		<!--Bugha-->
		<mark id="sSpan58" xlink:href="#sTok80"/>
		<!--Psalm-->
		<mark id="sSpan59" xlink:href="#sTok82"/>
		<!--Kreo-->
		<mark id="sSpan60" xlink:href="#sTok84"/>
		<!--Skite-->
		<mark id="sSpan61" xlink:href="#sTok86"/>
		<!--Nayte-->
		<mark id="sSpan62" xlink:href="#sTok88"/>
		<!--Riversan-->
		<mark id="sSpan63" xlink:href="#sTok90"/>
		<!--Rhux-->
		<mark id="sSpan64" xlink:href="#sTok92"/>
		<!--the rest-->
		<mark id="sSpan65" xlink:href="#sTok94 #sTok95"/>
		<!--.-->
		<mark id="sSpan66" xlink:href="#sTok96"/>
		<!--Average placements thus far of 25th-->
		<mark id="sSpan67" xlink:href="#sTok97 #sTok98 #sTok99 #sTok100 #sTok101 #sTok102"/>
		<!--25th-->
		<mark id="sSpan68" xlink:href="#sTok102"/>
		<!--for-->
		<mark id="sSpan69" xlink:href="#sTok103"/>
		<!--Kreo-->
		<mark id="sSpan70" xlink:href="#sTok104"/>
		<!--,-->
		<mark id="sSpan71" xlink:href="#sTok105"/>
		<!--only 8 eliminations-->
		<mark id="sSpan72" xlink:href="#sTok106 #sTok107 #sTok108"/>
		<!--but-->
		<mark id="sSpan73" xlink:href="#sTok109"/>
		<!--30 points-->
		<mark id="sSpan74" xlink:href="#sTok110 #sTok111"/>
		<!--enough-->
		<mark id="sSpan75" xlink:href="#sTok112"/>
		<!--to-->
		<mark id="sSpan76" xlink:href="#sTok113"/>
		<!--put-->
		<mark id="sSpan77" xlink:href="#sTok114"/>
		<!--him-->
		<mark id="sSpan78" xlink:href="#sTok115"/>
		<!--in-->
		<mark id="sSpan79" xlink:href="#sTok116"/>
		<!--third place-->
		<mark id="sSpan80" xlink:href="#sTok117 #sTok118"/>
		<!--thus-->
		<mark id="sSpan81" xlink:href="#sTok119"/>
		<!--far-->
		<mark id="sSpan82" xlink:href="#sTok120"/>
		<!--.-->
		<mark id="sSpan83" xlink:href="#sTok121"/>
		<!--One thing to remember from yesterday-->
		<mark id="sSpan84" xlink:href="#sTok122 #sTok123 #sTok124 #sTok125 #sTok126 #sTok127"/>
		<!--yesterday-->
		<mark id="sSpan85" xlink:href="#sTok127"/>
		<!--,-->
		<mark id="sSpan86" xlink:href="#sTok128"/>
		<!--Nayte-->
		<mark id="sSpan87" xlink:href="#sTok129"/>
		<!--and-->
		<mark id="sSpan88" xlink:href="#sTok130"/>
		<!--Saf-->
		<mark id="sSpan89" xlink:href="#sTok131"/>
		<!--held-->
		<mark id="sSpan90" xlink:href="#sTok132"/>
		<!--on-->
		<mark id="sSpan91" xlink:href="#sTok133"/>
		<!--to-->
		<mark id="sSpan92" xlink:href="#sTok134"/>
		<!--the lead-->
		<mark id="sSpan93" xlink:href="#sTok135 #sTok136"/>
		<!--the first five games-->
		<mark id="sSpan94" xlink:href="#sTok137 #sTok138 #sTok139 #sTok140"/>
		<!--and-->
		<mark id="sSpan95" xlink:href="#sTok141"/>
		<!--it slipped away-->
		<mark id="sSpan96" xlink:href="#sTok142 #sTok143 #sTok144"/>
		<!--it-->
		<mark id="sSpan97" xlink:href="#sTok142"/>
		<!--in-->
		<mark id="sSpan98" xlink:href="#sTok145"/>
		<!--Game six-->
		<mark id="sSpan99" xlink:href="#sTok146 #sTok147"/>
		<!--.-->
		<mark id="sSpan100" xlink:href="#sTok148"/>
		<!--Bugha-->
		<mark id="sSpan101" xlink:href="#sTok149"/>
		<!--has-->
		<mark id="sSpan102" xlink:href="#sTok150"/>
		<!--been-->
		<mark id="sSpan103" xlink:href="#sTok151"/>
		<!--in-->
		<mark id="sSpan104" xlink:href="#sTok152"/>
		<!--the lead-->
		<mark id="sSpan105" xlink:href="#sTok153 #sTok154"/>
		<!--for-->
		<mark id="sSpan106" xlink:href="#sTok155"/>
		<!--all five games-->
		<mark id="sSpan107" xlink:href="#sTok156 #sTok157 #sTok158"/>
		<!--.-->
		<mark id="sSpan108" xlink:href="#sTok159"/>
		<!--He-->
		<mark id="sSpan109" xlink:href="#sTok160"/>
		<!--has-->
		<mark id="sSpan110" xlink:href="#sTok161"/>
		<!--never-->
		<mark id="sSpan111" xlink:href="#sTok162"/>
		<!--lost-->
		<mark id="sSpan112" xlink:href="#sTok163"/>
		<!--the first place spot-->
		<mark id="sSpan113" xlink:href="#sTok164 #sTok165 #sTok166 #sTok167"/>
		<!--first place-->
		<mark id="sSpan114" xlink:href="#sTok165 #sTok166"/>
		<!--.-->
		<mark id="sSpan115" xlink:href="#sTok168"/>
		<!--Will-->
		<mark id="sSpan116" xlink:href="#sTok169"/>
		<!--he-->
		<mark id="sSpan117" xlink:href="#sTok170"/>
		<!--suffer-->
		<mark id="sSpan118" xlink:href="#sTok171"/>
		<!--the same fate-->
		<mark id="sSpan119" xlink:href="#sTok172 #sTok173 #sTok174"/>
		<!--or-->
		<mark id="sSpan120" xlink:href="#sTok175"/>
		<!--can-->
		<mark id="sSpan121" xlink:href="#sTok176"/>
		<!--he-->
		<mark id="sSpan122" xlink:href="#sTok177"/>
		<!--close-->
		<mark id="sSpan123" xlink:href="#sTok178"/>
		<!--it-->
		<mark id="sSpan124" xlink:href="#sTok179"/>
		<!--out-->
		<mark id="sSpan125" xlink:href="#sTok180"/>
		<!--right-->
		<mark id="sSpan126" xlink:href="#sTok181"/>
		<!--here-->
		<mark id="sSpan127" xlink:href="#sTok182"/>
		<!--to-->
		<mark id="sSpan128" xlink:href="#sTok183"/>
		<!--remain-->
		<mark id="sSpan129" xlink:href="#sTok184"/>
		<!--our Fortnite world champ-->
		<mark id="sSpan130" xlink:href="#sTok185 #sTok186 #sTok187 #sTok188"/>
		<!--our-->
		<mark id="sSpan131" xlink:href="#sTok185"/>
		<!--Fortnite-->
		<mark id="sSpan132" xlink:href="#sTok186"/>
		<!--?-->
		<mark id="sSpan133" xlink:href="#sTok189"/>
		<!--Bugha-->
		<mark id="sSpan134" xlink:href="#sTok190"/>
		<!--by-->
		<mark id="sSpan135" xlink:href="#sTok191"/>
		<!--the-->
		<mark id="sSpan136" xlink:href="#sTok192"/>
		<!--way-->
		<mark id="sSpan137" xlink:href="#sTok193"/>
		<!--he-->
		<mark id="sSpan138" xlink:href="#sTok194"/>
		<!--is-->
		<mark id="sSpan139" xlink:href="#sTok195"/>
		<!--from-->
		<mark id="sSpan140" xlink:href="#sTok196"/>
		<!--Pennsylvania-->
		<mark id="sSpan141" xlink:href="#sTok197"/>
		<!--16 year old player-->
		<mark id="sSpan142" xlink:href="#sTok198 #sTok199 #sTok200 #sTok201"/>
		<!--16 year-->
		<mark id="sSpan143" xlink:href="#sTok198 #sTok199"/>
		<!--,-->
		<mark id="sSpan144" xlink:href="#sTok202"/>
		<!--Sentinels-->
		<mark id="sSpan145" xlink:href="#sTok203"/>
		<!--,-->
		<mark id="sSpan146" xlink:href="#sTok204"/>
		<!--qualified-->
		<mark id="sSpan147" xlink:href="#sTok205"/>
		<!--the very first week-->
		<mark id="sSpan148" xlink:href="#sTok206 #sTok207 #sTok208 #sTok209"/>
		<!--for-->
		<mark id="sSpan149" xlink:href="#sTok210"/>
		<!--the World Cup-->
		<mark id="sSpan150" xlink:href="#sTok211 #sTok212 #sTok213"/>
		<!--.-->
		<mark id="sSpan151" xlink:href="#sTok214"/>
		<!--So-->
		<mark id="sSpan152" xlink:href="#sTok215"/>
		<!--he-->
		<mark id="sSpan153" xlink:href="#sTok216"/>
		<!--just-->
		<mark id="sSpan154" xlink:href="#sTok217"/>
		<!--got-->
		<mark id="sSpan155" xlink:href="#sTok218"/>
		<!--his first part - time job-->
		<mark id="sSpan156" xlink:href="#sTok219 #sTok220 #sTok221 #sTok222 #sTok223 #sTok224"/>
		<!--his-->
		<mark id="sSpan157" xlink:href="#sTok219"/>
		<!--to-->
		<mark id="sSpan158" xlink:href="#sTok225"/>
		<!--try-->
		<mark id="sSpan159" xlink:href="#sTok226"/>
		<!--to-->
		<mark id="sSpan160" xlink:href="#sTok227"/>
		<!--start-->
		<mark id="sSpan161" xlink:href="#sTok228"/>
		<!--earning-->
		<mark id="sSpan162" xlink:href="#sTok229"/>
		<!--money-->
		<mark id="sSpan163" xlink:href="#sTok230"/>
		<!--to-->
		<mark id="sSpan164" xlink:href="#sTok231"/>
		<!--buy-->
		<mark id="sSpan165" xlink:href="#sTok232"/>
		<!--himself-->
		<mark id="sSpan166" xlink:href="#sTok233"/>
		<!--a car-->
		<mark id="sSpan167" xlink:href="#sTok234 #sTok235"/>
		<!--.-->
		<mark id="sSpan168" xlink:href="#sTok236"/>
		<!--But-->
		<mark id="sSpan169" xlink:href="#sTok237"/>
		<!--instead-->
		<mark id="sSpan170" xlink:href="#sTok238"/>
		<!--after-->
		<mark id="sSpan171" xlink:href="#sTok239"/>
		<!--this-->
		<mark id="sSpan172" xlink:href="#sTok240"/>
		<!--could-->
		<mark id="sSpan173" xlink:href="#sTok241"/>
		<!--walk-->
		<mark id="sSpan174" xlink:href="#sTok242"/>
		<!--away-->
		<mark id="sSpan175" xlink:href="#sTok243"/>
		<!--with-->
		<mark id="sSpan176" xlink:href="#sTok244"/>
		<!--three million dollars-->
		<mark id="sSpan177" xlink:href="#sTok245 #sTok246 #sTok247"/>
		<!--,-->
		<mark id="sSpan178" xlink:href="#sTok248"/>
		<!--he-->
		<mark id="sSpan179" xlink:href="#sTok249"/>
		<!--'s-->
		<mark id="sSpan180" xlink:href="#sTok250"/>
		<!--gon-->
		<mark id="sSpan181" xlink:href="#sTok251"/>
		<!--na-->
		<mark id="sSpan182" xlink:href="#sTok252"/>
		<!--walk-->
		<mark id="sSpan183" xlink:href="#sTok253"/>
		<!--on-->
		<mark id="sSpan184" xlink:href="#sTok254"/>
		<!--in-->
		<mark id="sSpan185" xlink:href="#sTok255"/>
		<!--and-->
		<mark id="sSpan186" xlink:href="#sTok256"/>
		<!--say-->
		<mark id="sSpan187" xlink:href="#sTok257"/>
		<!--I-->
		<mark id="sSpan188" xlink:href="#sTok258"/>
		<!--quit-->
		<mark id="sSpan189" xlink:href="#sTok259"/>
		<!--,-->
		<mark id="sSpan190" xlink:href="#sTok260"/>
		<!--ca-->
		<mark id="sSpan191" xlink:href="#sTok261"/>
		<!--n't-->
		<mark id="sSpan192" xlink:href="#sTok262"/>
		<!--wait-->
		<mark id="sSpan193" xlink:href="#sTok263"/>
		<!--for-->
		<mark id="sSpan194" xlink:href="#sTok264"/>
		<!--him-->
		<mark id="sSpan195" xlink:href="#sTok265"/>
		<!--to-->
		<mark id="sSpan196" xlink:href="#sTok266"/>
		<!--get-->
		<mark id="sSpan197" xlink:href="#sTok267"/>
		<!--home-->
		<mark id="sSpan198" xlink:href="#sTok268"/>
		<!--,-->
		<mark id="sSpan199" xlink:href="#sTok269"/>
		<!--you-->
		<mark id="sSpan200" xlink:href="#sTok270"/>
		<!--know-->
		<mark id="sSpan201" xlink:href="#sTok271"/>
		<!--,-->
		<mark id="sSpan202" xlink:href="#sTok272"/>
		<!--imagine-->
		<mark id="sSpan203" xlink:href="#sTok273"/>
		<!--he wins three million dollars here-->
		<mark id="sSpan204" xlink:href="#sTok274 #sTok275 #sTok276 #sTok277 #sTok278 #sTok279"/>
		<!--he-->
		<mark id="sSpan205" xlink:href="#sTok274"/>
		<!--three million dollars-->
		<mark id="sSpan206" xlink:href="#sTok276 #sTok277 #sTok278"/>
		<!--here-->
		<mark id="sSpan207" xlink:href="#sTok279"/>
		<!--,-->
		<mark id="sSpan208" xlink:href="#sTok280"/>
		<!--his parents-->
		<mark id="sSpan209" xlink:href="#sTok281 #sTok282"/>
		<!--his-->
		<mark id="sSpan210" xlink:href="#sTok281"/>
		<!--gon-->
		<mark id="sSpan211" xlink:href="#sTok283"/>
		<!--na-->
		<mark id="sSpan212" xlink:href="#sTok284"/>
		<!--ask-->
		<mark id="sSpan213" xlink:href="#sTok285"/>
		<!--him-->
		<mark id="sSpan214" xlink:href="#sTok286"/>
		<!--to-->
		<mark id="sSpan215" xlink:href="#sTok287"/>
		<!--take the trash out-->
		<mark id="sSpan216" xlink:href="#sTok288 #sTok289 #sTok290 #sTok291"/>
		<!--the trash-->
		<mark id="sSpan217" xlink:href="#sTok289 #sTok290"/>
		<!--and-->
		<mark id="sSpan218" xlink:href="#sTok292"/>
		<!--he-->
		<mark id="sSpan219" xlink:href="#sTok293"/>
		<!--'s-->
		<mark id="sSpan220" xlink:href="#sTok294"/>
		<!--gon-->
		<mark id="sSpan221" xlink:href="#sTok295"/>
		<!--na-->
		<mark id="sSpan222" xlink:href="#sTok296"/>
		<!--laugh-->
		<mark id="sSpan223" xlink:href="#sTok297"/>
		<!--.-->
		<mark id="sSpan224" xlink:href="#sTok298"/>
		<!--Yeah-->
		<mark id="sSpan225" xlink:href="#sTok299"/>
		<!--right-->
		<mark id="sSpan226" xlink:href="#sTok300"/>
		<!--.-->
		<mark id="sSpan227" xlink:href="#sTok301"/>
		<!--Pay-->
		<mark id="sSpan228" xlink:href="#sTok302"/>
		<!--his butler-->
		<mark id="sSpan229" xlink:href="#sTok303 #sTok304"/>
		<!--his-->
		<mark id="sSpan230" xlink:href="#sTok303"/>
		<!--to-->
		<mark id="sSpan231" xlink:href="#sTok305"/>
		<!--do-->
		<mark id="sSpan232" xlink:href="#sTok306"/>
		<!--that-->
		<mark id="sSpan233" xlink:href="#sTok307"/>
		<!--,-->
		<mark id="sSpan234" xlink:href="#sTok308"/>
		<!--I-->
		<mark id="sSpan235" xlink:href="#sTok309"/>
		<!--guess-->
		<mark id="sSpan236" xlink:href="#sTok310"/>
		<!--at-->
		<mark id="sSpan237" xlink:href="#sTok311"/>
		<!--that point-->
		<mark id="sSpan238" xlink:href="#sTok312 #sTok313"/>
		<!--.-->
		<mark id="sSpan239" xlink:href="#sTok314"/>
		<!--Celce-->
		<mark id="sSpan240" xlink:href="#sTok315"/>
		<!--currently-->
		<mark id="sSpan241" xlink:href="#sTok316"/>
		<!--set-->
		<mark id="sSpan242" xlink:href="#sTok317"/>
		<!--up-->
		<mark id="sSpan243" xlink:href="#sTok318"/>
		<!--many builds-->
		<mark id="sSpan244" xlink:href="#sTok319 #sTok320"/>
		<!--,-->
		<mark id="sSpan245" xlink:href="#sTok321"/>
		<!--one of these very early awkward fights-->
		<mark id="sSpan246" xlink:href="#sTok322 #sTok323 #sTok324 #sTok325 #sTok326 #sTok327 #sTok328"/>
		<!--these very early awkward fights-->
		<mark id="sSpan247" xlink:href="#sTok324 #sTok325 #sTok326 #sTok327 #sTok328"/>
		<!--,-->
		<mark id="sSpan248" xlink:href="#sTok329"/>
		<!--sees-->
		<mark id="sSpan249" xlink:href="#sTok330"/>
		<!--those-->
		<mark id="sSpan250" xlink:href="#sTok331"/>
		<!--as-->
		<mark id="sSpan251" xlink:href="#sTok332"/>
		<!--well-->
		<mark id="sSpan252" xlink:href="#sTok333"/>
		<!--.-->
		<mark id="sSpan253" xlink:href="#sTok334"/>
		<!--You-->
		<mark id="sSpan254" xlink:href="#sTok335"/>
		<!--look-->
		<mark id="sSpan255" xlink:href="#sTok336"/>
		<!--at-->
		<mark id="sSpan256" xlink:href="#sTok337"/>
		<!--those-->
		<mark id="sSpan257" xlink:href="#sTok338"/>
		<!--what-->
		<mark id="sSpan258" xlink:href="#sTok339"/>
		<!--he-->
		<mark id="sSpan259" xlink:href="#sTok340"/>
		<!--has-->
		<mark id="sSpan260" xlink:href="#sTok341"/>
		<!--,-->
		<mark id="sSpan261" xlink:href="#sTok342"/>
		<!--common infantry rifle-->
		<mark id="sSpan262" xlink:href="#sTok343 #sTok344 #sTok345"/>
		<!--25 shots-->
		<mark id="sSpan263" xlink:href="#sTok346 #sTok347"/>
		<!--and-->
		<mark id="sSpan264" xlink:href="#sTok348"/>
		<!--a drum gun-->
		<mark id="sSpan265" xlink:href="#sTok349 #sTok350 #sTok351"/>
		<!--.-->
		<mark id="sSpan266" xlink:href="#sTok352"/>
		<!--Jack-->
		<mark id="sSpan267" xlink:href="#sTok353"/>
		<!--,-->
		<mark id="sSpan268" xlink:href="#sTok354"/>
		<!--one of the first four-->
		<mark id="sSpan269" xlink:href="#sTok355 #sTok356 #sTok357 #sTok358 #sTok359"/>
		<!--the first four-->
		<mark id="sSpan270" xlink:href="#sTok357 #sTok358 #sTok359"/>
		<!--to-->
		<mark id="sSpan271" xlink:href="#sTok360"/>
		<!--go-->
		<mark id="sSpan272" xlink:href="#sTok361"/>
		<!--down-->
		<mark id="sSpan273" xlink:href="#sTok362"/>
		<!--in-->
		<mark id="sSpan274" xlink:href="#sTok363"/>
		<!--this match-->
		<mark id="sSpan275" xlink:href="#sTok364 #sTok365"/>
		<!--is-->
		<mark id="sSpan276" xlink:href="#sTok366"/>
		<!--Skite-->
		<mark id="sSpan277" xlink:href="#sTok367"/>
		<!--,-->
		<mark id="sSpan278" xlink:href="#sTok368"/>
		<!--who-->
		<mark id="sSpan279" xlink:href="#sTok369"/>
		<!--was-->
		<mark id="sSpan280" xlink:href="#sTok370"/>
		<!--in-->
		<mark id="sSpan281" xlink:href="#sTok371"/>
		<!--the old place-->
		<mark id="sSpan282" xlink:href="#sTok372 #sTok373 #sTok374"/>
		<!--already-->
		<mark id="sSpan283" xlink:href="#sTok375"/>
		<!--,-->
		<mark id="sSpan284" xlink:href="#sTok376"/>
		<!--already-->
		<mark id="sSpan285" xlink:href="#sTok377"/>
		<!--gone-->
		<mark id="sSpan286" xlink:href="#sTok378"/>
		<!--from-->
		<mark id="sSpan287" xlink:href="#sTok379"/>
		<!--that top spot-->
		<mark id="sSpan288" xlink:href="#sTok380 #sTok381 #sTok382"/>
		<!--.-->
		<mark id="sSpan289" xlink:href="#sTok383"/>
		<!--If-->
		<mark id="sSpan290" xlink:href="#sTok384"/>
		<!--I-->
		<mark id="sSpan291" xlink:href="#sTok385"/>
		<!--do-->
		<mark id="sSpan292" xlink:href="#sTok386"/>
		<!--–-->
		<mark id="sSpan293" xlink:href="#sTok387"/>
		<!--as-->
		<mark id="sSpan294" xlink:href="#sTok388"/>
		<!--he-->
		<mark id="sSpan295" xlink:href="#sTok389"/>
		<!--throws-->
		<mark id="sSpan296" xlink:href="#sTok390"/>
		<!--them-->
		<mark id="sSpan297" xlink:href="#sTok391"/>
		<!--down-->
		<mark id="sSpan298" xlink:href="#sTok392"/>
		<!--,-->
		<mark id="sSpan299" xlink:href="#sTok393"/>
		<!--can-->
		<mark id="sSpan300" xlink:href="#sTok394"/>
		<!--you-->
		<mark id="sSpan301" xlink:href="#sTok395"/>
		<!--see-->
		<mark id="sSpan302" xlink:href="#sTok396"/>
		<!--all the players-->
		<mark id="sSpan303" xlink:href="#sTok397 #sTok398 #sTok399"/>
		<!--surrounded-->
		<mark id="sSpan304" xlink:href="#sTok400"/>
		<!--outside-->
		<mark id="sSpan305" xlink:href="#sTok401"/>
		<!--the sunny side of the map-->
		<mark id="sSpan306" xlink:href="#sTok402 #sTok403 #sTok404 #sTok405 #sTok406 #sTok407"/>
		<!--the map-->
		<mark id="sSpan307" xlink:href="#sTok406 #sTok407"/>
		<!--?-->
		<mark id="sSpan308" xlink:href="#sTok408"/>
		<!--Celce-->
		<mark id="sSpan309" xlink:href="#sTok409"/>
		<!--he-->
		<mark id="sSpan310" xlink:href="#sTok410"/>
		<!--continues-->
		<mark id="sSpan311" xlink:href="#sTok411"/>
		<!--to-->
		<mark id="sSpan312" xlink:href="#sTok412"/>
		<!--bounce-->
		<mark id="sSpan313" xlink:href="#sTok413"/>
		<!--around-->
		<mark id="sSpan314" xlink:href="#sTok414"/>
		<!--for-->
		<mark id="sSpan315" xlink:href="#sTok415"/>
		<!--a moment-->
		<mark id="sSpan316" xlink:href="#sTok416 #sTok417"/>
		<!--,-->
		<mark id="sSpan317" xlink:href="#sTok418"/>
		<!--any AR shots-->
		<mark id="sSpan318" xlink:href="#sTok419 #sTok420 #sTok421"/>
		<!--AR-->
		<mark id="sSpan319" xlink:href="#sTok420"/>
		<!--left-->
		<mark id="sSpan320" xlink:href="#sTok422"/>
		<!--,-->
		<mark id="sSpan321" xlink:href="#sTok423"/>
		<!--will-->
		<mark id="sSpan322" xlink:href="#sTok424"/>
		<!--get-->
		<mark id="sSpan323" xlink:href="#sTok425"/>
		<!--solved-->
		<mark id="sSpan324" xlink:href="#sTok426"/>
		<!--at-->
		<mark id="sSpan325" xlink:href="#sTok427"/>
		<!--the end-->
		<mark id="sSpan326" xlink:href="#sTok428 #sTok429"/>
		<!--,-->
		<mark id="sSpan327" xlink:href="#sTok430"/>
		<!--right-->
		<mark id="sSpan328" xlink:href="#sTok431"/>
		<!--?-->
		<mark id="sSpan329" xlink:href="#sTok432"/>
		<!--Which-->
		<mark id="sSpan330" xlink:href="#sTok433"/>
		<!--'s-->
		<mark id="sSpan331" xlink:href="#sTok434"/>
		<!--good-->
		<mark id="sSpan332" xlink:href="#sTok435"/>
		<!--,-->
		<mark id="sSpan333" xlink:href="#sTok436"/>
		<!--anything good-->
		<mark id="sSpan334" xlink:href="#sTok437 #sTok438"/>
		<!--counts-->
		<mark id="sSpan335" xlink:href="#sTok439"/>
		<!--.-->
		<mark id="sSpan336" xlink:href="#sTok440"/>
		<!--The farming of stone-->
		<mark id="sSpan337" xlink:href="#sTok441 #sTok442 #sTok443 #sTok444"/>
		<!--stone-->
		<mark id="sSpan338" xlink:href="#sTok444"/>
		<!--continues-->
		<mark id="sSpan339" xlink:href="#sTok445"/>
		<!--,-->
		<mark id="sSpan340" xlink:href="#sTok446"/>
		<!--Maufin-->
		<mark id="sSpan341" xlink:href="#sTok447"/>
		<!--and-->
		<mark id="sSpan342" xlink:href="#sTok448"/>
		<!--Zayt-->
		<mark id="sSpan343" xlink:href="#sTok449"/>
		<!--outside-->
		<mark id="sSpan344" xlink:href="#sTok450"/>
		<!--of-->
		<mark id="sSpan345" xlink:href="#sTok451"/>
		<!--Loot Lake-->
		<mark id="sSpan346" xlink:href="#sTok452 #sTok453"/>
		<!--just-->
		<mark id="sSpan347" xlink:href="#sTok454"/>
		<!--fighting-->
		<mark id="sSpan348" xlink:href="#sTok455"/>
		<!--on-->
		<mark id="sSpan349" xlink:href="#sTok456"/>
		<!--the outskirts of it-->
		<mark id="sSpan350" xlink:href="#sTok457 #sTok458 #sTok459 #sTok460"/>
		<!--it-->
		<mark id="sSpan351" xlink:href="#sTok460"/>
		<!--.-->
		<mark id="sSpan352" xlink:href="#sTok461"/>
		<!--He-->
		<mark id="sSpan353" xlink:href="#sTok462"/>
		<!--'s-->
		<mark id="sSpan354" xlink:href="#sTok463"/>
		<!--just-->
		<mark id="sSpan355" xlink:href="#sTok464"/>
		<!--kind-->
		<mark id="sSpan356" xlink:href="#sTok465"/>
		<!--of-->
		<mark id="sSpan357" xlink:href="#sTok466"/>
		<!--building-->
		<mark id="sSpan358" xlink:href="#sTok467"/>
		<!--walling-->
		<mark id="sSpan359" xlink:href="#sTok468"/>
		<!--against-->
		<mark id="sSpan360" xlink:href="#sTok469"/>
		<!--any pressure from Zayt-->
		<mark id="sSpan361" xlink:href="#sTok470 #sTok471 #sTok472 #sTok473"/>
		<!--Zayt-->
		<mark id="sSpan362" xlink:href="#sTok473"/>
		<!--,-->
		<mark id="sSpan363" xlink:href="#sTok474"/>
		<!--does-->
		<mark id="sSpan364" xlink:href="#sTok475"/>
		<!--n't-->
		<mark id="sSpan365" xlink:href="#sTok476"/>
		<!--want-->
		<mark id="sSpan366" xlink:href="#sTok477"/>
		<!--to-->
		<mark id="sSpan367" xlink:href="#sTok478"/>
		<!--get-->
		<mark id="sSpan368" xlink:href="#sTok479"/>
		<!--caught-->
		<mark id="sSpan369" xlink:href="#sTok480"/>
		<!--on-->
		<mark id="sSpan370" xlink:href="#sTok481"/>
		<!--rotation-->
		<mark id="sSpan371" xlink:href="#sTok482"/>
		<!--.-->
		<mark id="sSpan372" xlink:href="#sTok483"/>
		<!--Interesting load-->
		<mark id="sSpan373" xlink:href="#sTok484 #sTok485"/>
		<!--,-->
		<mark id="sSpan374" xlink:href="#sTok486"/>
		<!--that gold combat-->
		<mark id="sSpan375" xlink:href="#sTok487 #sTok488 #sTok489"/>
		<!--very early-->
		<mark id="sSpan376" xlink:href="#sTok490 #sTok491"/>
		<!--.-->
		<mark id="sSpan377" xlink:href="#sTok492"/>
		<!--That-->
		<mark id="sSpan378" xlink:href="#sTok493"/>
		<!--'s-->
		<mark id="sSpan379" xlink:href="#sTok494"/>
		<!--a very solid pickup-->
		<mark id="sSpan380" xlink:href="#sTok495 #sTok496 #sTok497 #sTok498"/>
		<!--to-->
		<mark id="sSpan381" xlink:href="#sTok499"/>
		<!--start-->
		<mark id="sSpan382" xlink:href="#sTok500"/>
		<!--this match-->
		<mark id="sSpan383" xlink:href="#sTok501 #sTok502"/>
		<!--,-->
		<mark id="sSpan384" xlink:href="#sTok503"/>
		<!--single shockwave-->
		<mark id="sSpan385" xlink:href="#sTok504 #sTok505"/>
		<!--remaining-->
		<mark id="sSpan386" xlink:href="#sTok506"/>
		<!--,-->
		<mark id="sSpan387" xlink:href="#sTok507"/>
		<!--legendary grenade launcher-->
		<mark id="sSpan388" xlink:href="#sTok508 #sTok509 #sTok510"/>
		<!--grenade-->
		<mark id="sSpan389" xlink:href="#sTok509"/>
		<!--drop gun-->
		<mark id="sSpan390" xlink:href="#sTok511 #sTok512"/>
		<!--and-->
		<mark id="sSpan391" xlink:href="#sTok513"/>
		<!--as-->
		<mark id="sSpan392" xlink:href="#sTok514"/>
		<!--well-->
		<mark id="sSpan393" xlink:href="#sTok515"/>
		<!--.-->
		<mark id="sSpan394" xlink:href="#sTok516"/>
		<!--We-->
		<mark id="sSpan395" xlink:href="#sTok517"/>
		<!--talk-->
		<mark id="sSpan396" xlink:href="#sTok518"/>
		<!--about-->
		<mark id="sSpan397" xlink:href="#sTok519"/>
		<!--a great starting inventory-->
		<mark id="sSpan398" xlink:href="#sTok520 #sTok521 #sTok522 #sTok523"/>
		<!--,-->
		<mark id="sSpan399" xlink:href="#sTok524"/>
		<!--BlastR-->
		<mark id="sSpan400" xlink:href="#sTok525"/>
		<!--in-->
		<mark id="sSpan401" xlink:href="#sTok526"/>
		<!--a fight-->
		<mark id="sSpan402" xlink:href="#sTok527 #sTok528"/>
		<!--,-->
		<mark id="sSpan403" xlink:href="#sTok529"/>
		<!--outside-->
		<mark id="sSpan404" xlink:href="#sTok530"/>
		<!--Pressure Plant-->
		<mark id="sSpan405" xlink:href="#sTok531 #sTok532"/>
		<!--but-->
		<mark id="sSpan406" xlink:href="#sTok533"/>
		<!--you-->
		<mark id="sSpan407" xlink:href="#sTok534"/>
		<!--'re-->
		<mark id="sSpan408" xlink:href="#sTok535"/>
		<!--only-->
		<mark id="sSpan409" xlink:href="#sTok536"/>
		<!--73 HP-->
		<mark id="sSpan410" xlink:href="#sTok537 #sTok538"/>
		<!--,-->
		<mark id="sSpan411" xlink:href="#sTok539"/>
		<!--but-->
		<mark id="sSpan412" xlink:href="#sTok540"/>
		<!--again-->
		<mark id="sSpan413" xlink:href="#sTok541"/>
		<!--you-->
		<mark id="sSpan414" xlink:href="#sTok542"/>
		<!--'re-->
		<mark id="sSpan415" xlink:href="#sTok543"/>
		<!--this-->
		<mark id="sSpan416" xlink:href="#sTok544"/>
		<!--far-->
		<mark id="sSpan417" xlink:href="#sTok545"/>
		<!--to-->
		<mark id="sSpan418" xlink:href="#sTok546"/>
		<!--the tournament-->
		<mark id="sSpan419" xlink:href="#sTok547 #sTok548"/>
		<!--,-->
		<mark id="sSpan420" xlink:href="#sTok549"/>
		<!--you-->
		<mark id="sSpan421" xlink:href="#sTok550"/>
		<!--kind-->
		<mark id="sSpan422" xlink:href="#sTok551"/>
		<!--of-->
		<mark id="sSpan423" xlink:href="#sTok552"/>
		<!--get-->
		<mark id="sSpan424" xlink:href="#sTok553"/>
		<!--simpler-->
		<mark id="sSpan425" xlink:href="#sTok554"/>
		<!--,-->
		<mark id="sSpan426" xlink:href="#sTok555"/>
		<!--you-->
		<mark id="sSpan427" xlink:href="#sTok556"/>
		<!--just-->
		<mark id="sSpan428" xlink:href="#sTok557"/>
		<!--kind-->
		<mark id="sSpan429" xlink:href="#sTok558"/>
		<!--of-->
		<mark id="sSpan430" xlink:href="#sTok559"/>
		<!--go-->
		<mark id="sSpan431" xlink:href="#sTok560"/>
		<!--for-->
		<mark id="sSpan432" xlink:href="#sTok561"/>
		<!--it-->
		<mark id="sSpan433" xlink:href="#sTok562"/>
		<!--,-->
		<mark id="sSpan434" xlink:href="#sTok563"/>
		<!--you-->
		<mark id="sSpan435" xlink:href="#sTok564"/>
		<!--got-->
		<mark id="sSpan436" xlink:href="#sTok565"/>
		<!--to-->
		<mark id="sSpan437" xlink:href="#sTok566"/>
		<!--just-->
		<mark id="sSpan438" xlink:href="#sTok567"/>
		<!--forge-->
		<mark id="sSpan439" xlink:href="#sTok568"/>
		<!--and-->
		<mark id="sSpan440" xlink:href="#sTok569"/>
		<!--engage-->
		<mark id="sSpan441" xlink:href="#sTok570"/>
		<!--.-->
		<mark id="sSpan442" xlink:href="#sTok571"/>
		<!--What-->
		<mark id="sSpan443" xlink:href="#sTok572"/>
		<!--'s-->
		<mark id="sSpan444" xlink:href="#sTok573"/>
		<!--up-->
		<mark id="sSpan445" xlink:href="#sTok574"/>
		<!--?-->
		<mark id="sSpan446" xlink:href="#sTok575"/>
		<!--Shot-->
		<mark id="sSpan447" xlink:href="#sTok576"/>
		<!--comes-->
		<mark id="sSpan448" xlink:href="#sTok577"/>
		<!--on-->
		<mark id="sSpan449" xlink:href="#sTok578"/>
		<!--through-->
		<mark id="sSpan450" xlink:href="#sTok579"/>
		<!--,-->
		<mark id="sSpan451" xlink:href="#sTok580"/>
		<!--not-->
		<mark id="sSpan452" xlink:href="#sTok581"/>
		<!--able-->
		<mark id="sSpan453" xlink:href="#sTok582"/>
		<!--to-->
		<mark id="sSpan454" xlink:href="#sTok583"/>
		<!--get-->
		<mark id="sSpan455" xlink:href="#sTok584"/>
		<!--it-->
		<mark id="sSpan456" xlink:href="#sTok585"/>
		<!--done-->
		<mark id="sSpan457" xlink:href="#sTok586"/>
		<!--as-->
		<mark id="sSpan458" xlink:href="#sTok587"/>
		<!--of-->
		<mark id="sSpan459" xlink:href="#sTok588"/>
		<!--yet-->
		<mark id="sSpan460" xlink:href="#sTok589"/>
		<!--.-->
		<mark id="sSpan461" xlink:href="#sTok590"/>
		<!--BlastR-->
		<mark id="sSpan462" xlink:href="#sTok591"/>
		<!--still-->
		<mark id="sSpan463" xlink:href="#sTok592"/>
		<!--healing-->
		<mark id="sSpan464" xlink:href="#sTok593"/>
		<!--up-->
		<mark id="sSpan465" xlink:href="#sTok594"/>
		<!--,-->
		<mark id="sSpan466" xlink:href="#sTok595"/>
		<!--will-->
		<mark id="sSpan467" xlink:href="#sTok596"/>
		<!--have-->
		<mark id="sSpan468" xlink:href="#sTok597"/>
		<!--bandages-->
		<mark id="sSpan469" xlink:href="#sTok598"/>
		<!--to-->
		<mark id="sSpan470" xlink:href="#sTok599"/>
		<!--get-->
		<mark id="sSpan471" xlink:href="#sTok600"/>
		<!--back-->
		<mark id="sSpan472" xlink:href="#sTok601"/>
		<!--up-->
		<mark id="sSpan473" xlink:href="#sTok602"/>
		<!--to-->
		<mark id="sSpan474" xlink:href="#sTok603"/>
		<!--take-->
		<mark id="sSpan475" xlink:href="#sTok604"/>
		<!--75 HP-->
		<mark id="sSpan476" xlink:href="#sTok605 #sTok606"/>
		<!--.-->
		<mark id="sSpan477" xlink:href="#sTok607"/>
		<!--Looks-->
		<mark id="sSpan478" xlink:href="#sTok608"/>
		<!--like-->
		<mark id="sSpan479" xlink:href="#sTok609"/>
		<!--Tfue-->
		<mark id="sSpan480" xlink:href="#sTok610"/>
		<!--picking-->
		<mark id="sSpan481" xlink:href="#sTok611"/>
		<!--up-->
		<mark id="sSpan482" xlink:href="#sTok612"/>
		<!--in-->
		<mark id="sSpan483" xlink:href="#sTok613"/>
		<!--elimination-->
		<mark id="sSpan484" xlink:href="#sTok614"/>
		<!--.-->
		<mark id="sSpan485" xlink:href="#sTok615"/>
		<!--To-->
		<mark id="sSpan486" xlink:href="#sTok616"/>
		<!--see-->
		<mark id="sSpan487" xlink:href="#sTok617"/>
		<!--how-->
		<mark id="sSpan488" xlink:href="#sTok618"/>
		<!--things-->
		<mark id="sSpan489" xlink:href="#sTok619"/>
		<!--play-->
		<mark id="sSpan490" xlink:href="#sTok620"/>
		<!--out-->
		<mark id="sSpan491" xlink:href="#sTok621"/>
		<!--.-->
		<mark id="sSpan492" xlink:href="#sTok622"/>
		<!--90 players-->
		<mark id="sSpan493" xlink:href="#sTok623 #sTok624"/>
		<!--remaining-->
		<mark id="sSpan494" xlink:href="#sTok625"/>
		<!--.-->
		<mark id="sSpan495" xlink:href="#sTok626"/>
		<!--The first circle-->
		<mark id="sSpan496" xlink:href="#sTok627 #sTok628 #sTok629"/>
		<!--starts-->
		<mark id="sSpan497" xlink:href="#sTok630"/>
		<!--to-->
		<mark id="sSpan498" xlink:href="#sTok631"/>
		<!--close-->
		<mark id="sSpan499" xlink:href="#sTok632"/>
		<!--in-->
		<mark id="sSpan500" xlink:href="#sTok633"/>
		<!--50 seconds-->
		<mark id="sSpan501" xlink:href="#sTok634 #sTok635"/>
		<!--.-->
		<mark id="sSpan502" xlink:href="#sTok636"/>
		<!--Bandaging-->
		<mark id="sSpan503" xlink:href="#sTok637"/>
		<!--on-->
		<mark id="sSpan504" xlink:href="#sTok638"/>
		<!--the egg-->
		<mark id="sSpan505" xlink:href="#sTok639 #sTok640"/>
		<!--BlastR-->
		<mark id="sSpan506" xlink:href="#sTok641"/>
		<!--is-->
		<mark id="sSpan507" xlink:href="#sTok642"/>
		<!--just-->
		<mark id="sSpan508" xlink:href="#sTok643"/>
		<!--hanging-->
		<mark id="sSpan509" xlink:href="#sTok644"/>
		<!--out-->
		<mark id="sSpan510" xlink:href="#sTok645"/>
		<!--here-->
		<mark id="sSpan511" xlink:href="#sTok646"/>
		<!--.-->
		<mark id="sSpan512" xlink:href="#sTok647"/>
		<!--That player down below-->
		<mark id="sSpan513" xlink:href="#sTok648 #sTok649 #sTok650 #sTok651"/>
		<!--gon-->
		<mark id="sSpan514" xlink:href="#sTok652"/>
		<!--na-->
		<mark id="sSpan515" xlink:href="#sTok653"/>
		<!--see-->
		<mark id="sSpan516" xlink:href="#sTok654"/>
		<!--if-->
		<mark id="sSpan517" xlink:href="#sTok655"/>
		<!--he-->
		<mark id="sSpan518" xlink:href="#sTok656"/>
		<!--can-->
		<mark id="sSpan519" xlink:href="#sTok657"/>
		<!--take-->
		<mark id="sSpan520" xlink:href="#sTok658"/>
		<!--shots-->
		<mark id="sSpan521" xlink:href="#sTok659"/>
		<!--here-->
		<mark id="sSpan522" xlink:href="#sTok660"/>
		<!--in-->
		<mark id="sSpan523" xlink:href="#sTok661"/>
		<!--a second-->
		<mark id="sSpan524" xlink:href="#sTok662 #sTok663"/>
		<!--.-->
		<mark id="sSpan525" xlink:href="#sTok664"/>
		<!--Tchub-->
		<mark id="sSpan526" xlink:href="#sTok665"/>
		<!--was-->
		<mark id="sSpan527" xlink:href="#sTok666"/>
		<!--gon-->
		<mark id="sSpan528" xlink:href="#sTok667"/>
		<!--na-->
		<mark id="sSpan529" xlink:href="#sTok668"/>
		<!--roll-->
		<mark id="sSpan530" xlink:href="#sTok669"/>
		<!--all-->
		<mark id="sSpan531" xlink:href="#sTok670"/>
		<!--the-->
		<mark id="sSpan532" xlink:href="#sTok671"/>
		<!--way-->
		<mark id="sSpan533" xlink:href="#sTok672"/>
		<!--down-->
		<mark id="sSpan534" xlink:href="#sTok673"/>
		<!--looks-->
		<mark id="sSpan535" xlink:href="#sTok674"/>
		<!--like-->
		<mark id="sSpan536" xlink:href="#sTok675"/>
		<!--no engagement-->
		<mark id="sSpan537" xlink:href="#sTok676 #sTok677"/>
		<!--gon-->
		<mark id="sSpan538" xlink:href="#sTok678"/>
		<!--na-->
		<mark id="sSpan539" xlink:href="#sTok679"/>
		<!--happen-->
		<mark id="sSpan540" xlink:href="#sTok680"/>
		<!--.-->
		<mark id="sSpan541" xlink:href="#sTok681"/>
		<!--Here-->
		<mark id="sSpan542" xlink:href="#sTok682"/>
		<!--,-->
		<mark id="sSpan543" xlink:href="#sTok683"/>
		<!--JarkoS , letw1k3-->
		<mark id="sSpan544" xlink:href="#sTok684 #sTok685 #sTok686"/>
		<!--JarkoS-->
		<mark id="sSpan545" xlink:href="#sTok684"/>
		<!--letw1k3-->
		<mark id="sSpan546" xlink:href="#sTok686"/>
		<!--,-->
		<mark id="sSpan547" xlink:href="#sTok687"/>
		<!--two players that have faced off against each other a number of times-->
		<mark id="sSpan548" xlink:href="#sTok688 #sTok689 #sTok690 #sTok691 #sTok692 #sTok693 #sTok694 #sTok695 #sTok696 #sTok697 #sTok698 #sTok699 #sTok700"/>
		<!--each other-->
		<mark id="sSpan549" xlink:href="#sTok695 #sTok696"/>
		<!--a number of times-->
		<mark id="sSpan550" xlink:href="#sTok697 #sTok698 #sTok699 #sTok700"/>
		<!--,-->
		<mark id="sSpan551" xlink:href="#sTok701"/>
		<!--gon-->
		<mark id="sSpan552" xlink:href="#sTok702"/>
		<!--na-->
		<mark id="sSpan553" xlink:href="#sTok703"/>
		<!--go-->
		<mark id="sSpan554" xlink:href="#sTok704"/>
		<!--for-->
		<mark id="sSpan555" xlink:href="#sTok705"/>
		<!--the wall-->
		<mark id="sSpan556" xlink:href="#sTok706 #sTok707"/>
		<!--.-->
		<mark id="sSpan557" xlink:href="#sTok708"/>
		<!--Yes-->
		<mark id="sSpan558" xlink:href="#sTok709"/>
		<!--,-->
		<mark id="sSpan559" xlink:href="#sTok710"/>
		<!--the angle inside-->
		<mark id="sSpan560" xlink:href="#sTok711 #sTok712 #sTok713"/>
		<!--and-->
		<mark id="sSpan561" xlink:href="#sTok714"/>
		<!--pushes-->
		<mark id="sSpan562" xlink:href="#sTok715"/>
		<!--on-->
		<mark id="sSpan563" xlink:href="#sTok716"/>
		<!--through-->
		<mark id="sSpan564" xlink:href="#sTok717"/>
		<!--a solid aggressive play-->
		<mark id="sSpan565" xlink:href="#sTok718 #sTok719 #sTok720 #sTok721"/>
		<!--.-->
		<mark id="sSpan566" xlink:href="#sTok722"/>
		<!--letw1k3-->
		<mark id="sSpan567" xlink:href="#sTok723"/>
		<!--pick-->
		<mark id="sSpan568" xlink:href="#sTok724"/>
		<!--up-->
		<mark id="sSpan569" xlink:href="#sTok725"/>
		<!--his first elimination of Game six-->
		<mark id="sSpan570" xlink:href="#sTok726 #sTok727 #sTok728 #sTok729 #sTok730 #sTok731"/>
		<!--his-->
		<mark id="sSpan571" xlink:href="#sTok726"/>
		<!--Game six-->
		<mark id="sSpan572" xlink:href="#sTok730 #sTok731"/>
		<!--.-->
		<mark id="sSpan573" xlink:href="#sTok732"/>
		<!--Very-->
		<mark id="sSpan574" xlink:href="#sTok733"/>
		<!--clean-->
		<mark id="sSpan575" xlink:href="#sTok734"/>
		<!--and-->
		<mark id="sSpan576" xlink:href="#sTok735"/>
		<!--that-->
		<mark id="sSpan577" xlink:href="#sTok736"/>
		<!--will-->
		<mark id="sSpan578" xlink:href="#sTok737"/>
		<!--end-->
		<mark id="sSpan579" xlink:href="#sTok738"/>
		<!--JarkoS ' Fortnite World Cup run-->
		<mark id="sSpan580" xlink:href="#sTok739 #sTok740 #sTok741 #sTok742 #sTok743 #sTok744"/>
		<!--JarkoS '-->
		<mark id="sSpan581" xlink:href="#sTok739 #sTok740"/>
		<!--Fortnite World Cup-->
		<mark id="sSpan582" xlink:href="#sTok741 #sTok742 #sTok743"/>
		<!--Fortnite-->
		<mark id="sSpan583" xlink:href="#sTok741"/>
		<!--,-->
		<mark id="sSpan584" xlink:href="#sTok745"/>
		<!--solid performance-->
		<mark id="sSpan585" xlink:href="#sTok746 #sTok747"/>
		<!--earlier-->
		<mark id="sSpan586" xlink:href="#sTok748"/>
		<!--on-->
		<mark id="sSpan587" xlink:href="#sTok749"/>
		<!--.-->
		<mark id="sSpan588" xlink:href="#sTok750"/>
		<!--We-->
		<mark id="sSpan589" xlink:href="#sTok751"/>
		<!--'ll-->
		<mark id="sSpan590" xlink:href="#sTok752"/>
		<!--see-->
		<mark id="sSpan591" xlink:href="#sTok753"/>
		<!--where-->
		<mark id="sSpan592" xlink:href="#sTok754"/>
		<!--he-->
		<mark id="sSpan593" xlink:href="#sTok755"/>
		<!--stacks-->
		<mark id="sSpan594" xlink:href="#sTok756"/>
		<!--up-->
		<mark id="sSpan595" xlink:href="#sTok757"/>
		<!--with-->
		<mark id="sSpan596" xlink:href="#sTok758"/>
		<!--the rest of this lobby-->
		<mark id="sSpan597" xlink:href="#sTok759 #sTok760 #sTok761 #sTok762 #sTok763"/>
		<!--this lobby-->
		<mark id="sSpan598" xlink:href="#sTok762 #sTok763"/>
		<!--when-->
		<mark id="sSpan599" xlink:href="#sTok764"/>
		<!--it-->
		<mark id="sSpan600" xlink:href="#sTok765"/>
		<!--'s-->
		<mark id="sSpan601" xlink:href="#sTok766"/>
		<!--all-->
		<mark id="sSpan602" xlink:href="#sTok767"/>
		<!--said-->
		<mark id="sSpan603" xlink:href="#sTok768"/>
		<!--and-->
		<mark id="sSpan604" xlink:href="#sTok769"/>
		<!--done-->
		<mark id="sSpan605" xlink:href="#sTok770"/>
		<!--.-->
		<mark id="sSpan606" xlink:href="#sTok771"/>
		<!--Reminder-->
		<mark id="sSpan607" xlink:href="#sTok772"/>
		<!--this-->
		<mark id="sSpan608" xlink:href="#sTok773"/>
		<!--is-->
		<mark id="sSpan609" xlink:href="#sTok774"/>
		<!--our final game-->
		<mark id="sSpan610" xlink:href="#sTok775 #sTok776 #sTok777"/>
		<!--our-->
		<mark id="sSpan611" xlink:href="#sTok775"/>
		<!--here-->
		<mark id="sSpan612" xlink:href="#sTok778"/>
		<!--tonight-->
		<mark id="sSpan613" xlink:href="#sTok779"/>
		<!--.-->
		<mark id="sSpan614" xlink:href="#sTok780"/>
		<!--Use-->
		<mark id="sSpan615" xlink:href="#sTok781"/>
		<!--the hashtag-->
		<mark id="sSpan616" xlink:href="#sTok782 #sTok783"/>
		<!--#FortniteWorldCup-->
		<mark id="sSpan617" xlink:href="#sTok784"/>
		<!--get-->
		<mark id="sSpan618" xlink:href="#sTok785"/>
		<!--it-->
		<mark id="sSpan619" xlink:href="#sTok786"/>
		<!--trending-->
		<mark id="sSpan620" xlink:href="#sTok787"/>
		<!--just-->
		<mark id="sSpan621" xlink:href="#sTok788"/>
		<!--like-->
		<mark id="sSpan622" xlink:href="#sTok789"/>
		<!--yesterday-->
		<mark id="sSpan623" xlink:href="#sTok790"/>
		<!--.-->
		<mark id="sSpan624" xlink:href="#sTok791"/>
		<!--Well-->
		<mark id="sSpan625" xlink:href="#sTok792"/>
		<!--,-->
		<mark id="sSpan626" xlink:href="#sTok793"/>
		<!--I-->
		<mark id="sSpan627" xlink:href="#sTok794"/>
		<!--'ve-->
		<mark id="sSpan628" xlink:href="#sTok795"/>
		<!--said-->
		<mark id="sSpan629" xlink:href="#sTok796"/>
		<!--the millions of people watching online-->
		<mark id="sSpan630" xlink:href="#sTok797 #sTok798 #sTok799 #sTok800 #sTok801 #sTok802"/>
		<!--,-->
		<mark id="sSpan631" xlink:href="#sTok803"/>
		<!--Psalm-->
		<mark id="sSpan632" xlink:href="#sTok804"/>
		<!--was-->
		<mark id="sSpan633" xlink:href="#sTok805"/>
		<!--our player-->
		<mark id="sSpan634" xlink:href="#sTok806 #sTok807"/>
		<!--our-->
		<mark id="sSpan635" xlink:href="#sTok806"/>
		<!--as-->
		<mark id="sSpan636" xlink:href="#sTok808"/>
		<!--well-->
		<mark id="sSpan637" xlink:href="#sTok809"/>
		<!--near-->
		<mark id="sSpan638" xlink:href="#sTok810"/>
		<!--the top of the leaderboards-->
		<mark id="sSpan639" xlink:href="#sTok811 #sTok812 #sTok813 #sTok814 #sTok815"/>
		<!--the leaderboards-->
		<mark id="sSpan640" xlink:href="#sTok814 #sTok815"/>
		<!--.-->
		<mark id="sSpan641" xlink:href="#sTok816"/>
		<!--What-->
		<mark id="sSpan642" xlink:href="#sTok817"/>
		<!--could-->
		<mark id="sSpan643" xlink:href="#sTok818"/>
		<!--he-->
		<mark id="sSpan644" xlink:href="#sTok819"/>
		<!--do-->
		<mark id="sSpan645" xlink:href="#sTok820"/>
		<!--in-->
		<mark id="sSpan646" xlink:href="#sTok821"/>
		<!--this last game-->
		<mark id="sSpan647" xlink:href="#sTok822 #sTok823 #sTok824"/>
		<!--?-->
		<mark id="sSpan648" xlink:href="#sTok825"/>
		<!--Could-->
		<mark id="sSpan649" xlink:href="#sTok826"/>
		<!--he-->
		<mark id="sSpan650" xlink:href="#sTok827"/>
		<!--make-->
		<mark id="sSpan651" xlink:href="#sTok828"/>
		<!--the trek to try to catch up to Bugha who was 15 points , 15 points ahead , in first-->
		<mark id="sSpan652" xlink:href="#sTok829 #sTok830 #sTok831 #sTok832 #sTok833 #sTok834 #sTok835 #sTok836 #sTok837 #sTok838 #sTok839 #sTok840 #sTok841 #sTok842 #sTok843 #sTok844 #sTok845 #sTok846 #sTok847 #sTok848"/>
		<!--Bugha who was 15 points , 15 points ahead , in first-->
		<mark id="sSpan653" xlink:href="#sTok837 #sTok838 #sTok839 #sTok840 #sTok841 #sTok842 #sTok843 #sTok844 #sTok845 #sTok846 #sTok847 #sTok848"/>
		<!--15 points-->
		<mark id="sSpan654" xlink:href="#sTok840 #sTok841"/>
		<!--15 points-->
		<mark id="sSpan655" xlink:href="#sTok843 #sTok844"/>
		<!--first-->
		<mark id="sSpan656" xlink:href="#sTok848"/>
		<!--.-->
		<mark id="sSpan657" xlink:href="#sTok849"/>
		<!--Pika-->
		<mark id="sSpan658" xlink:href="#sTok850"/>
		<!--one-->
		<mark id="sSpan659" xlink:href="#sTok851"/>
		<!--v.-->
		<mark id="sSpan660" xlink:href="#sTok852"/>
		<!--one-->
		<mark id="sSpan661" xlink:href="#sTok853"/>
		<!--and-->
		<mark id="sSpan662" xlink:href="#sTok854"/>
		<!--angled-->
		<mark id="sSpan663" xlink:href="#sTok855"/>
		<!--down-->
		<mark id="sSpan664" xlink:href="#sTok856"/>
		<!--through-->
		<mark id="sSpan665" xlink:href="#sTok857"/>
		<!--a handful of edits-->
		<mark id="sSpan666" xlink:href="#sTok858 #sTok859 #sTok860 #sTok861"/>
		<!--here-->
		<mark id="sSpan667" xlink:href="#sTok862"/>
		<!--at-->
		<mark id="sSpan668" xlink:href="#sTok863"/>
		<!--Megamall-->
		<mark id="sSpan669" xlink:href="#sTok864"/>
		<!--is-->
		<mark id="sSpan670" xlink:href="#sTok865"/>
		<!--gon-->
		<mark id="sSpan671" xlink:href="#sTok866"/>
		<!--na-->
		<mark id="sSpan672" xlink:href="#sTok867"/>
		<!--push-->
		<mark id="sSpan673" xlink:href="#sTok868"/>
		<!--around-->
		<mark id="sSpan674" xlink:href="#sTok869"/>
		<!--the side-->
		<mark id="sSpan675" xlink:href="#sTok870 #sTok871"/>
		<!--and-->
		<mark id="sSpan676" xlink:href="#sTok872"/>
		<!--try-->
		<mark id="sSpan677" xlink:href="#sTok873"/>
		<!--and-->
		<mark id="sSpan678" xlink:href="#sTok874"/>
		<!--make-->
		<mark id="sSpan679" xlink:href="#sTok875"/>
		<!--his-->
		<mark id="sSpan680" xlink:href="#sTok876"/>
		<!--way-->
		<mark id="sSpan681" xlink:href="#sTok877"/>
		<!--inside-->
		<mark id="sSpan682" xlink:href="#sTok878"/>
		<!--mall itself-->
		<mark id="sSpan683" xlink:href="#sTok879 #sTok880"/>
		<!--.-->
		<mark id="sSpan684" xlink:href="#sTok881"/>
		<!--Pika-->
		<mark id="sSpan685" xlink:href="#sTok882"/>
		<!--earned 12 of his total points in just the last match-->
		<mark id="sSpan686" xlink:href="#sTok883 #sTok884 #sTok885 #sTok886 #sTok887 #sTok888 #sTok889 #sTok890 #sTok891 #sTok892 #sTok893"/>
		<!--12 of his total points-->
		<mark id="sSpan687" xlink:href="#sTok884 #sTok885 #sTok886 #sTok887 #sTok888"/>
		<!--of his total points-->
		<mark id="sSpan688" xlink:href="#sTok885 #sTok886 #sTok887 #sTok888"/>
		<!--his-->
		<mark id="sSpan689" xlink:href="#sTok886"/>
		<!--the last match-->
		<mark id="sSpan690" xlink:href="#sTok891 #sTok892 #sTok893"/>
		<!--and-->
		<mark id="sSpan691" xlink:href="#sTok894"/>
		<!--I-->
		<mark id="sSpan692" xlink:href="#sTok895"/>
		<!--think-->
		<mark id="sSpan693" xlink:href="#sTok896"/>
		<!--that-->
		<mark id="sSpan694" xlink:href="#sTok897"/>
		<!--says-->
		<mark id="sSpan695" xlink:href="#sTok898"/>
		<!--a-->
		<mark id="sSpan696" xlink:href="#sTok899"/>
		<!--lot-->
		<mark id="sSpan697" xlink:href="#sTok900"/>
		<!--about-->
		<mark id="sSpan698" xlink:href="#sTok901"/>
		<!--what-->
		<mark id="sSpan699" xlink:href="#sTok902"/>
		<!--is-->
		<mark id="sSpan700" xlink:href="#sTok903"/>
		<!--possible-->
		<mark id="sSpan701" xlink:href="#sTok904"/>
		<!--.-->
		<mark id="sSpan702" xlink:href="#sTok905"/>
		<!--In-->
		<mark id="sSpan703" xlink:href="#sTok906"/>
		<!--11th place-->
		<mark id="sSpan704" xlink:href="#sTok907 #sTok908"/>
		<!--when-->
		<mark id="sSpan705" xlink:href="#sTok909"/>
		<!--we-->
		<mark id="sSpan706" xlink:href="#sTok910"/>
		<!--rolled-->
		<mark id="sSpan707" xlink:href="#sTok911"/>
		<!--into-->
		<mark id="sSpan708" xlink:href="#sTok912"/>
		<!--this game-->
		<mark id="sSpan709" xlink:href="#sTok913 #sTok914"/>
		<!--Pika-->
		<mark id="sSpan710" xlink:href="#sTok915"/>
		<!--trying-->
		<mark id="sSpan711" xlink:href="#sTok916"/>
		<!--to-->
		<mark id="sSpan712" xlink:href="#sTok917"/>
		<!--find-->
		<mark id="sSpan713" xlink:href="#sTok918"/>
		<!--a way-->
		<mark id="sSpan714" xlink:href="#sTok919 #sTok920"/>
		<!--inside-->
		<mark id="sSpan715" xlink:href="#sTok921"/>
		<!--,-->
		<mark id="sSpan716" xlink:href="#sTok922"/>
		<!--pushing-->
		<mark id="sSpan717" xlink:href="#sTok923"/>
		<!--down-->
		<mark id="sSpan718" xlink:href="#sTok924"/>
		<!--through-->
		<mark id="sSpan719" xlink:href="#sTok925"/>
		<!--the outside-->
		<mark id="sSpan720" xlink:href="#sTok926 #sTok927"/>
		<!--.-->
		<mark id="sSpan721" xlink:href="#sTok928"/>
		<!--Does-->
		<mark id="sSpan722" xlink:href="#sTok929"/>
		<!--in-->
		<mark id="sSpan723" xlink:href="#sTok930"/>
		<!--fact-->
		<mark id="sSpan724" xlink:href="#sTok931"/>
		<!--get-->
		<mark id="sSpan725" xlink:href="#sTok932"/>
		<!--the wall replace-->
		<mark id="sSpan726" xlink:href="#sTok933 #sTok934 #sTok935"/>
		<!--wall-->
		<mark id="sSpan727" xlink:href="#sTok934"/>
		<!--,-->
		<mark id="sSpan728" xlink:href="#sTok936"/>
		<!--are-->
		<mark id="sSpan729" xlink:href="#sTok937"/>
		<!--you-->
		<mark id="sSpan730" xlink:href="#sTok938"/>
		<!--kidding-->
		<mark id="sSpan731" xlink:href="#sTok939"/>
		<!--me-->
		<mark id="sSpan732" xlink:href="#sTok940"/>
		<!--?-->
		<mark id="sSpan733" xlink:href="#sTok941"/>
		<!--Used the shockwave to get down the wall .-->
		<mark id="sSpan734" xlink:href="#sTok942 #sTok943 #sTok944 #sTok945 #sTok946 #sTok947 #sTok948 #sTok949 #sTok950"/>
		<!--the shockwave-->
		<mark id="sSpan735" xlink:href="#sTok943 #sTok944"/>
		<!--the wall-->
		<mark id="sSpan736" xlink:href="#sTok948 #sTok949"/>
		<!--The player inside-->
		<mark id="sSpan737" xlink:href="#sTok951 #sTok952 #sTok953"/>
		<!--was-->
		<mark id="sSpan738" xlink:href="#sTok954"/>
		<!--smacking-->
		<mark id="sSpan739" xlink:href="#sTok955"/>
		<!--out-->
		<mark id="sSpan740" xlink:href="#sTok956"/>
		<!--of-->
		<mark id="sSpan741" xlink:href="#sTok957"/>
		<!--it-->
		<mark id="sSpan742" xlink:href="#sTok958"/>
		<!--.-->
		<mark id="sSpan743" xlink:href="#sTok959"/>
		<!--He-->
		<mark id="sSpan744" xlink:href="#sTok960"/>
		<!--,-->
		<mark id="sSpan745" xlink:href="#sTok961"/>
		<!--that-->
		<mark id="sSpan746" xlink:href="#sTok962"/>
		<!--'s-->
		<mark id="sSpan747" xlink:href="#sTok963"/>
		<!--unbelievable-->
		<mark id="sSpan748" xlink:href="#sTok964"/>
		<!--.-->
		<mark id="sSpan749" xlink:href="#sTok965"/>
		<!--He-->
		<mark id="sSpan750" xlink:href="#sTok966"/>
		<!--called-->
		<mark id="sSpan751" xlink:href="#sTok967"/>
		<!--the bluff-->
		<mark id="sSpan752" xlink:href="#sTok968 #sTok969"/>
		<!--,-->
		<mark id="sSpan753" xlink:href="#sTok970"/>
		<!--he-->
		<mark id="sSpan754" xlink:href="#sTok971"/>
		<!--called-->
		<mark id="sSpan755" xlink:href="#sTok972"/>
		<!--the bluff-->
		<mark id="sSpan756" xlink:href="#sTok973 #sTok974"/>
		<!--.-->
		<mark id="sSpan757" xlink:href="#sTok975"/>
		<!--The guy-->
		<mark id="sSpan758" xlink:href="#sTok976 #sTok977"/>
		<!--was-->
		<mark id="sSpan759" xlink:href="#sTok978"/>
		<!--trying-->
		<mark id="sSpan760" xlink:href="#sTok979"/>
		<!--to-->
		<mark id="sSpan761" xlink:href="#sTok980"/>
		<!--break-->
		<mark id="sSpan762" xlink:href="#sTok981"/>
		<!--the wall-->
		<mark id="sSpan763" xlink:href="#sTok982 #sTok983"/>
		<!--to-->
		<mark id="sSpan764" xlink:href="#sTok984"/>
		<!--secure-->
		<mark id="sSpan765" xlink:href="#sTok985"/>
		<!--for-->
		<mark id="sSpan766" xlink:href="#sTok986"/>
		<!--his-->
		<mark id="sSpan767" xlink:href="#sTok987"/>
		<!--own-->
		<mark id="sSpan768" xlink:href="#sTok988"/>
		<!--.-->
		<mark id="sSpan769" xlink:href="#sTok989"/>
		<!--Pika-->
		<mark id="sSpan770" xlink:href="#sTok990"/>
		<!--was-->
		<mark id="sSpan771" xlink:href="#sTok991"/>
		<!--like-->
		<mark id="sSpan772" xlink:href="#sTok992"/>
		<!--"-->
		<mark id="sSpan773" xlink:href="#sTok993"/>
		<!--okay-->
		<mark id="sSpan774" xlink:href="#sTok994"/>
		<!--,-->
		<mark id="sSpan775" xlink:href="#sTok995"/>
		<!--break-->
		<mark id="sSpan776" xlink:href="#sTok996"/>
		<!--the wall-->
		<mark id="sSpan777" xlink:href="#sTok997 #sTok998"/>
		<!--for-->
		<mark id="sSpan778" xlink:href="#sTok999"/>
		<!--me-->
		<mark id="sSpan779" xlink:href="#sTok1000"/>
		<!--,-->
		<mark id="sSpan780" xlink:href="#sTok1001"/>
		<!--I 'll just replace it with my own .-->
		<mark id="sSpan781" xlink:href="#sTok1002 #sTok1003 #sTok1004 #sTok1005 #sTok1006 #sTok1007 #sTok1008 #sTok1009 #sTok1010"/>
		<!--I-->
		<mark id="sSpan782" xlink:href="#sTok1002"/>
		<!--it-->
		<mark id="sSpan783" xlink:href="#sTok1006"/>
		<!--my own-->
		<mark id="sSpan784" xlink:href="#sTok1008 #sTok1009"/>
		<!--my-->
		<mark id="sSpan785" xlink:href="#sTok1008"/>
		<!--"-->
		<mark id="sSpan786" xlink:href="#sTok1011"/>
		<!--He-->
		<mark id="sSpan787" xlink:href="#sTok1012"/>
		<!--does-->
		<mark id="sSpan788" xlink:href="#sTok1013"/>
		<!--just-->
		<mark id="sSpan789" xlink:href="#sTok1014"/>
		<!--that-->
		<mark id="sSpan790" xlink:href="#sTok1015"/>
		<!--.-->
		<mark id="sSpan791" xlink:href="#sTok1016"/>
		<!--Pika-->
		<mark id="sSpan792" xlink:href="#sTok1017"/>
		<!--,-->
		<mark id="sSpan793" xlink:href="#sTok1018"/>
		<!--full HP-->
		<mark id="sSpan794" xlink:href="#sTok1019 #sTok1020"/>
		<!--,-->
		<mark id="sSpan795" xlink:href="#sTok1021"/>
		<!--two slurp juices-->
		<mark id="sSpan796" xlink:href="#sTok1022 #sTok1023 #sTok1024"/>
		<!--,-->
		<mark id="sSpan797" xlink:href="#sTok1025"/>
		<!--6 minis-->
		<mark id="sSpan798" xlink:href="#sTok1026 #sTok1027"/>
		<!--,-->
		<mark id="sSpan799" xlink:href="#sTok1028"/>
		<!--a very good assault-->
		<mark id="sSpan800" xlink:href="#sTok1029 #sTok1030 #sTok1031 #sTok1032"/>
		<!--for-->
		<mark id="sSpan801" xlink:href="#sTok1033"/>
		<!--the shotgun-->
		<mark id="sSpan802" xlink:href="#sTok1034 #sTok1035"/>
		<!--but-->
		<mark id="sSpan803" xlink:href="#sTok1036"/>
		<!--looks-->
		<mark id="sSpan804" xlink:href="#sTok1037"/>
		<!--like-->
		<mark id="sSpan805" xlink:href="#sTok1038"/>
		<!--the aggression-->
		<mark id="sSpan806" xlink:href="#sTok1039 #sTok1040"/>
		<!--does-->
		<mark id="sSpan807" xlink:href="#sTok1041"/>
		<!--n't-->
		<mark id="sSpan808" xlink:href="#sTok1042"/>
		<!--end-->
		<mark id="sSpan809" xlink:href="#sTok1043"/>
		<!--here-->
		<mark id="sSpan810" xlink:href="#sTok1044"/>
		<!--.-->
		<mark id="sSpan811" xlink:href="#sTok1045"/>
		<!--He-->
		<mark id="sSpan812" xlink:href="#sTok1046"/>
		<!--can-->
		<mark id="sSpan813" xlink:href="#sTok1047"/>
		<!--just-->
		<mark id="sSpan814" xlink:href="#sTok1048"/>
		<!--continue-->
		<mark id="sSpan815" xlink:href="#sTok1049"/>
		<!--to-->
		<mark id="sSpan816" xlink:href="#sTok1050"/>
		<!--play-->
		<mark id="sSpan817" xlink:href="#sTok1051"/>
		<!--these box fights-->
		<mark id="sSpan818" xlink:href="#sTok1052 #sTok1053 #sTok1054"/>
		<!--box-->
		<mark id="sSpan819" xlink:href="#sTok1053"/>
		<!--by-->
		<mark id="sSpan820" xlink:href="#sTok1055"/>
		<!--using the shockwave to try to chomp down this opponent-->
		<mark id="sSpan821" xlink:href="#sTok1056 #sTok1057 #sTok1058 #sTok1059 #sTok1060 #sTok1061 #sTok1062 #sTok1063 #sTok1064 #sTok1065"/>
		<!--the shockwave-->
		<mark id="sSpan822" xlink:href="#sTok1057 #sTok1058"/>
		<!--this opponent-->
		<mark id="sSpan823" xlink:href="#sTok1064 #sTok1065"/>
		<!--again-->
		<mark id="sSpan824" xlink:href="#sTok1066"/>
		<!--.-->
		<mark id="sSpan825" xlink:href="#sTok1067"/>
		<!--Said-->
		<mark id="sSpan826" xlink:href="#sTok1068"/>
		<!--it-->
		<mark id="sSpan827" xlink:href="#sTok1069"/>
		<!--once-->
		<mark id="sSpan828" xlink:href="#sTok1070"/>
		<!--,-->
		<mark id="sSpan829" xlink:href="#sTok1071"/>
		<!--it-->
		<mark id="sSpan830" xlink:href="#sTok1072"/>
		<!--surprised-->
		<mark id="sSpan831" xlink:href="#sTok1073"/>
		<!--you-->
		<mark id="sSpan832" xlink:href="#sTok1074"/>
		<!--to-->
		<mark id="sSpan833" xlink:href="#sTok1075"/>
		<!--use-->
		<mark id="sSpan834" xlink:href="#sTok1076"/>
		<!--that same tactic you 've seen-->
		<mark id="sSpan835" xlink:href="#sTok1077 #sTok1078 #sTok1079 #sTok1080 #sTok1081 #sTok1082"/>
		<!--you-->
		<mark id="sSpan836" xlink:href="#sTok1080"/>
		<!--.-->
		<mark id="sSpan837" xlink:href="#sTok1083"/>
		<!--At-->
		<mark id="sSpan838" xlink:href="#sTok1084"/>
		<!--this point-->
		<mark id="sSpan839" xlink:href="#sTok1085 #sTok1086"/>
		<!--,-->
		<mark id="sSpan840" xlink:href="#sTok1087"/>
		<!--100 HP-->
		<mark id="sSpan841" xlink:href="#sTok1088 #sTok1089"/>
		<!--,-->
		<mark id="sSpan842" xlink:href="#sTok1090"/>
		<!--100 shield-->
		<mark id="sSpan843" xlink:href="#sTok1091 #sTok1092"/>
		<!--.-->
		<mark id="sSpan844" xlink:href="#sTok1093"/>
		<!--I-->
		<mark id="sSpan845" xlink:href="#sTok1094"/>
		<!--do-->
		<mark id="sSpan846" xlink:href="#sTok1095"/>
		<!--not-->
		<mark id="sSpan847" xlink:href="#sTok1096"/>
		<!--blame-->
		<mark id="sSpan848" xlink:href="#sTok1097"/>
		<!--him-->
		<mark id="sSpan849" xlink:href="#sTok1098"/>
		<!--for-->
		<mark id="sSpan850" xlink:href="#sTok1099"/>
		<!--being-->
		<mark id="sSpan851" xlink:href="#sTok1100"/>
		<!--aggressive-->
		<mark id="sSpan852" xlink:href="#sTok1101"/>
		<!--here-->
		<mark id="sSpan853" xlink:href="#sTok1102"/>
		<!--,-->
		<mark id="sSpan854" xlink:href="#sTok1103"/>
		<!--knowing-->
		<mark id="sSpan855" xlink:href="#sTok1104"/>
		<!--that-->
		<mark id="sSpan856" xlink:href="#sTok1105"/>
		<!--players-->
		<mark id="sSpan857" xlink:href="#sTok1106"/>
		<!--may-->
		<mark id="sSpan858" xlink:href="#sTok1107"/>
		<!--be-->
		<mark id="sSpan859" xlink:href="#sTok1108"/>
		<!--a-->
		<mark id="sSpan860" xlink:href="#sTok1109"/>
		<!--little-->
		<mark id="sSpan861" xlink:href="#sTok1110"/>
		<!--sparse-->
		<mark id="sSpan862" xlink:href="#sTok1111"/>
		<!--in-->
		<mark id="sSpan863" xlink:href="#sTok1112"/>
		<!--terms-->
		<mark id="sSpan864" xlink:href="#sTok1113"/>
		<!--of-->
		<mark id="sSpan865" xlink:href="#sTok1114"/>
		<!--loot-->
		<mark id="sSpan866" xlink:href="#sTok1115"/>
		<!--.-->
		<mark id="sSpan867" xlink:href="#sTok1116"/>
		<!--He-->
		<mark id="sSpan868" xlink:href="#sTok1117"/>
		<!--'s-->
		<mark id="sSpan869" xlink:href="#sTok1118"/>
		<!--trying-->
		<mark id="sSpan870" xlink:href="#sTok1119"/>
		<!--to-->
		<mark id="sSpan871" xlink:href="#sTok1120"/>
		<!--track-->
		<mark id="sSpan872" xlink:href="#sTok1121"/>
		<!--Kinstaar-->
		<mark id="sSpan873" xlink:href="#sTok1122"/>
		<!--on-->
		<mark id="sSpan874" xlink:href="#sTok1123"/>
		<!--the outside-->
		<mark id="sSpan875" xlink:href="#sTok1124 #sTok1125"/>
		<!--rotating-->
		<mark id="sSpan876" xlink:href="#sTok1126"/>
		<!--around-->
		<mark id="sSpan877" xlink:href="#sTok1127"/>
		<!--the edge of Megamall-->
		<mark id="sSpan878" xlink:href="#sTok1128 #sTok1129 #sTok1130 #sTok1131"/>
		<!--Megamall-->
		<mark id="sSpan879" xlink:href="#sTok1131"/>
		<!--.-->
		<mark id="sSpan880" xlink:href="#sTok1132"/>
		<!--These two players-->
		<mark id="sSpan881" xlink:href="#sTok1133 #sTok1134 #sTok1135"/>
		<!--gon-->
		<mark id="sSpan882" xlink:href="#sTok1136"/>
		<!--na-->
		<mark id="sSpan883" xlink:href="#sTok1137"/>
		<!--end-->
		<mark id="sSpan884" xlink:href="#sTok1138"/>
		<!--up-->
		<mark id="sSpan885" xlink:href="#sTok1139"/>
		<!--on-->
		<mark id="sSpan886" xlink:href="#sTok1140"/>
		<!--top-->
		<mark id="sSpan887" xlink:href="#sTok1141"/>
		<!--of-->
		<mark id="sSpan888" xlink:href="#sTok1142"/>
		<!--each other-->
		<mark id="sSpan889" xlink:href="#sTok1143 #sTok1144"/>
		<!--before-->
		<mark id="sSpan890" xlink:href="#sTok1145"/>
		<!--you-->
		<mark id="sSpan891" xlink:href="#sTok1146"/>
		<!--know-->
		<mark id="sSpan892" xlink:href="#sTok1147"/>
		<!--it-->
		<mark id="sSpan893" xlink:href="#sTok1148"/>
		<!--,-->
		<mark id="sSpan894" xlink:href="#sTok1149"/>
		<!--oh-->
		<mark id="sSpan895" xlink:href="#sTok1150"/>
		<!--my-->
		<mark id="sSpan896" xlink:href="#sTok1151"/>
		<!--gosh-->
		<mark id="sSpan897" xlink:href="#sTok1152"/>
		<!--,-->
		<mark id="sSpan898" xlink:href="#sTok1153"/>
		<!--floor loot-->
		<mark id="sSpan899" xlink:href="#sTok1154 #sTok1155"/>
		<!--floor-->
		<mark id="sSpan900" xlink:href="#sTok1154"/>
		<!--.-->
		<mark id="sSpan901" xlink:href="#sTok1156"/>
		<!--Okay-->
		<mark id="sSpan902" xlink:href="#sTok1157"/>
		<!--.-->
		<mark id="sSpan903" xlink:href="#sTok1158"/>
		<!--A heavy sniper rifle-->
		<mark id="sSpan904" xlink:href="#sTok1159 #sTok1160 #sTok1161 #sTok1162"/>
		<!--.-->
		<mark id="sSpan905" xlink:href="#sTok1163"/>
		<!--That-->
		<mark id="sSpan906" xlink:href="#sTok1164"/>
		<!--'s-->
		<mark id="sSpan907" xlink:href="#sTok1165"/>
		<!--end of another slurp-->
		<mark id="sSpan908" xlink:href="#sTok1166 #sTok1167 #sTok1168 #sTok1169"/>
		<!--another slurp-->
		<mark id="sSpan909" xlink:href="#sTok1168 #sTok1169"/>
		<!--.-->
		<mark id="sSpan910" xlink:href="#sTok1170"/>
		<!--Okay-->
		<mark id="sSpan911" xlink:href="#sTok1171"/>
		<!--.-->
		<mark id="sSpan912" xlink:href="#sTok1172"/>
		<!--He-->
		<mark id="sSpan913" xlink:href="#sTok1173"/>
		<!--'s-->
		<mark id="sSpan914" xlink:href="#sTok1174"/>
		<!--looking-->
		<mark id="sSpan915" xlink:href="#sTok1175"/>
		<!--for-->
		<mark id="sSpan916" xlink:href="#sTok1176"/>
		<!--it-->
		<mark id="sSpan917" xlink:href="#sTok1177"/>
		<!--.-->
		<mark id="sSpan918" xlink:href="#sTok1178"/>
		<!--See-->
		<mark id="sSpan919" xlink:href="#sTok1179"/>
		<!--him-->
		<mark id="sSpan920" xlink:href="#sTok1180"/>
		<!--watching-->
		<mark id="sSpan921" xlink:href="#sTok1181"/>
		<!--,-->
		<mark id="sSpan922" xlink:href="#sTok1182"/>
		<!--waiting-->
		<mark id="sSpan923" xlink:href="#sTok1183"/>
		<!--.-->
		<mark id="sSpan924" xlink:href="#sTok1184"/>
		<!--Does-->
		<mark id="sSpan925" xlink:href="#sTok1185"/>
		<!--use-->
		<mark id="sSpan926" xlink:href="#sTok1186"/>
		<!--those audio cues-->
		<mark id="sSpan927" xlink:href="#sTok1187 #sTok1188 #sTok1189"/>
		<!--to-->
		<mark id="sSpan928" xlink:href="#sTok1190"/>
		<!--try-->
		<mark id="sSpan929" xlink:href="#sTok1191"/>
		<!--and-->
		<mark id="sSpan930" xlink:href="#sTok1192"/>
		<!--track-->
		<mark id="sSpan931" xlink:href="#sTok1193"/>
		<!--down-->
		<mark id="sSpan932" xlink:href="#sTok1194"/>
		<!--the opponent-->
		<mark id="sSpan933" xlink:href="#sTok1195 #sTok1196"/>
		<!--underneath-->
		<mark id="sSpan934" xlink:href="#sTok1197"/>
		<!--opts-->
		<mark id="sSpan935" xlink:href="#sTok1198"/>
		<!--to-->
		<mark id="sSpan936" xlink:href="#sTok1199"/>
		<!--back-->
		<mark id="sSpan937" xlink:href="#sTok1200"/>
		<!--out-->
		<mark id="sSpan938" xlink:href="#sTok1201"/>
		<!--of-->
		<mark id="sSpan939" xlink:href="#sTok1202"/>
		<!--the fight-->
		<mark id="sSpan940" xlink:href="#sTok1203 #sTok1204"/>
		<!--for-->
		<mark id="sSpan941" xlink:href="#sTok1205"/>
		<!--just-->
		<mark id="sSpan942" xlink:href="#sTok1206"/>
		<!--a second-->
		<mark id="sSpan943" xlink:href="#sTok1207 #sTok1208"/>
		<!--.-->
		<mark id="sSpan944" xlink:href="#sTok1209"/>
		<!--Get-->
		<mark id="sSpan945" xlink:href="#sTok1210"/>
		<!--a different angle-->
		<mark id="sSpan946" xlink:href="#sTok1211 #sTok1212 #sTok1213"/>
		<!--because-->
		<mark id="sSpan947" xlink:href="#sTok1214"/>
		<!--awareness inside Megamall-->
		<mark id="sSpan948" xlink:href="#sTok1215 #sTok1216 #sTok1217"/>
		<!--Megamall-->
		<mark id="sSpan949" xlink:href="#sTok1217"/>
		<!--is-->
		<mark id="sSpan950" xlink:href="#sTok1218"/>
		<!--insane-->
		<mark id="sSpan951" xlink:href="#sTok1219"/>
		<!--knowing-->
		<mark id="sSpan952" xlink:href="#sTok1220"/>
		<!--exactly-->
		<mark id="sSpan953" xlink:href="#sTok1221"/>
		<!--where-->
		<mark id="sSpan954" xlink:href="#sTok1222"/>
		<!--his opponents-->
		<mark id="sSpan955" xlink:href="#sTok1223 #sTok1224"/>
		<!--his-->
		<mark id="sSpan956" xlink:href="#sTok1223"/>
		<!--are-->
		<mark id="sSpan957" xlink:href="#sTok1225"/>
		<!--and-->
		<mark id="sSpan958" xlink:href="#sTok1226"/>
		<!--exactly-->
		<mark id="sSpan959" xlink:href="#sTok1227"/>
		<!--when-->
		<mark id="sSpan960" xlink:href="#sTok1228"/>
		<!--to-->
		<mark id="sSpan961" xlink:href="#sTok1229"/>
		<!--push-->
		<mark id="sSpan962" xlink:href="#sTok1230"/>
		<!--.-->
		<mark id="sSpan963" xlink:href="#sTok1231"/></markList></paula>