<?xml version='1.0' encoding='UTF-8'?><!DOCTYPE paula SYSTEM "paula_feat.dtd">
<paula version="1.1">
	<header paula_id="rsd.GENTLE_esports_fortnite.mark_head_func"/>
	<featList xmlns:xlink="http://www.w3.org/1999/xlink" type="head_func" xml:base="rsd.GENTLE_esports_fortnite.mark.xml">
		<feat xlink:href="#sSpan1" value="root"/>
		<feat xlink:href="#sSpan2" value="parataxis"/>
		<feat xlink:href="#sSpan3" value="root"/>
		<feat xlink:href="#sSpan4" value="acl"/>
		<feat xlink:href="#sSpan5" value="parataxis"/>
		<feat xlink:href="#sSpan6" value="root"/>
		<feat xlink:href="#sSpan7" value="acl"/>
		<feat xlink:href="#sSpan8" value="root"/>
		<feat xlink:href="#sSpan9" value="parataxis"/>
		<feat xlink:href="#sSpan10" value="root"/>
		<feat xlink:href="#sSpan11" value="parataxis"/>
		<feat xlink:href="#sSpan12" value="root"/>
		<feat xlink:href="#sSpan13" value="nmod"/>
		<feat xlink:href="#sSpan14" value="parataxis"/>
		<feat xlink:href="#sSpan15" value="conj"/>
		<feat xlink:href="#sSpan16" value="root"/>
		<feat xlink:href="#sSpan17" value="root"/>
		<feat xlink:href="#sSpan18" value="root"/>
		<feat xlink:href="#sSpan19" value="conj"/>
		<feat xlink:href="#sSpan20" value="advcl"/>
		<feat xlink:href="#sSpan21" value="root"/>
		<feat xlink:href="#sSpan22" value="conj"/>
		<feat xlink:href="#sSpan23" value="root"/>
		<feat xlink:href="#sSpan24" value="advcl"/>
		<feat xlink:href="#sSpan25" value="advcl"/>
		<feat xlink:href="#sSpan26" value="root"/>
		<feat xlink:href="#sSpan27" value="parataxis"/>
		<feat xlink:href="#sSpan28" value="conj"/>
		<feat xlink:href="#sSpan29" value="ccomp"/>
		<feat xlink:href="#sSpan30" value="parataxis"/>
		<feat xlink:href="#sSpan31" value="parataxis"/>
		<feat xlink:href="#sSpan32" value="parataxis"/>
		<feat xlink:href="#sSpan33" value="ccomp"/>
		<feat xlink:href="#sSpan34" value="parataxis"/>
		<feat xlink:href="#sSpan35" value="conj"/>
		<feat xlink:href="#sSpan36" value="root"/>
		<feat xlink:href="#sSpan37" value="root"/>
		<feat xlink:href="#sSpan38" value="parataxis"/>
		<feat xlink:href="#sSpan39" value="obl"/>
		<feat xlink:href="#sSpan40" value="root"/>
		<feat xlink:href="#sSpan41" value="parataxis"/>
		<feat xlink:href="#sSpan42" value="parataxis"/>
		<feat xlink:href="#sSpan43" value="root"/>
		<feat xlink:href="#sSpan44" value="appos"/>
		<feat xlink:href="#sSpan45" value="nsubj"/>
		<feat xlink:href="#sSpan46" value="acl"/>
		<feat xlink:href="#sSpan47" value="root"/>
		<feat xlink:href="#sSpan48" value="acl:relcl"/>
		<feat xlink:href="#sSpan49" value="parataxis"/>
		<feat xlink:href="#sSpan50" value="reparandum"/>
		<feat xlink:href="#sSpan51" value="advcl"/>
		<feat xlink:href="#sSpan52" value="root"/>
		<feat xlink:href="#sSpan53" value="acl"/>
		<feat xlink:href="#sSpan54" value="obl"/>
		<feat xlink:href="#sSpan55" value="root"/>
		<feat xlink:href="#sSpan56" value="nsubj:pass"/>
		<feat xlink:href="#sSpan57" value="acl"/>
		<feat xlink:href="#sSpan58" value="parataxis"/>
		<feat xlink:href="#sSpan59" value="root"/>
		<feat xlink:href="#sSpan60" value="parataxis"/>
		<feat xlink:href="#sSpan61" value="root"/>
		<feat xlink:href="#sSpan62" value="parataxis"/>
		<feat xlink:href="#sSpan63" value="advcl"/>
		<feat xlink:href="#sSpan64" value="root"/>
		<feat xlink:href="#sSpan65" value="parataxis"/>
		<feat xlink:href="#sSpan66" value="root"/>
		<feat xlink:href="#sSpan67" value="root"/>
		<feat xlink:href="#sSpan68" value="advcl"/>
		<feat xlink:href="#sSpan69" value="parataxis"/>
		<feat xlink:href="#sSpan70" value="conj"/>
		<feat xlink:href="#sSpan71" value="root"/>
		<feat xlink:href="#sSpan72" value="parataxis"/>
		<feat xlink:href="#sSpan73" value="conj"/>
		<feat xlink:href="#sSpan74" value="conj"/>
		<feat xlink:href="#sSpan75" value="parataxis"/>
		<feat xlink:href="#sSpan76" value="parataxis"/>
		<feat xlink:href="#sSpan77" value="parataxis"/>
		<feat xlink:href="#sSpan78" value="root"/>
		<feat xlink:href="#sSpan79" value="root"/>
		<feat xlink:href="#sSpan80" value="parataxis"/>
		<feat xlink:href="#sSpan81" value="root"/>
		<feat xlink:href="#sSpan82" value="parataxis"/>
		<feat xlink:href="#sSpan83" value="advcl"/>
		<feat xlink:href="#sSpan84" value="advcl"/>
		<feat xlink:href="#sSpan85" value="root"/>
		<feat xlink:href="#sSpan86" value="advcl"/>
		<feat xlink:href="#sSpan87" value="root"/>
		<feat xlink:href="#sSpan88" value="root"/>
		<feat xlink:href="#sSpan89" value="root"/>
		<feat xlink:href="#sSpan90" value="advcl"/>
		<feat xlink:href="#sSpan91" value="root"/>
		<feat xlink:href="#sSpan92" value="root"/>
		<feat xlink:href="#sSpan93" value="ccomp"/>
		<feat xlink:href="#sSpan94" value="root"/>
		<feat xlink:href="#sSpan95" value="parataxis"/>
		<feat xlink:href="#sSpan96" value="nsubj"/>
		<feat xlink:href="#sSpan97" value="acl:relcl"/>
		<feat xlink:href="#sSpan98" value="root"/>
		<feat xlink:href="#sSpan99" value="root"/>
		<feat xlink:href="#sSpan100" value="conj"/>
		<feat xlink:href="#sSpan101" value="parataxis"/>
		<feat xlink:href="#sSpan102" value="root"/>
		<feat xlink:href="#sSpan103" value="root"/>
		<feat xlink:href="#sSpan104" value="conj"/>
		<feat xlink:href="#sSpan105" value="parataxis"/>
		<feat xlink:href="#sSpan106" value="root"/>
		<feat xlink:href="#sSpan107" value="advcl"/>
		<feat xlink:href="#sSpan108" value="root"/>
		<feat xlink:href="#sSpan109" value="root"/>
		<feat xlink:href="#sSpan110" value="parataxis"/>
		<feat xlink:href="#sSpan111" value="root"/>
		<feat xlink:href="#sSpan112" value="iobj"/>
		<feat xlink:href="#sSpan113" value="acl"/>
		<feat xlink:href="#sSpan114" value="ccomp"/>
		<feat xlink:href="#sSpan115" value="root"/>
		<feat xlink:href="#sSpan116" value="root"/>
		<feat xlink:href="#sSpan117" value="advcl"/>
		<feat xlink:href="#sSpan118" value="acl:relcl"/>
		<feat xlink:href="#sSpan119" value="nsubj"/>
		<feat xlink:href="#sSpan120" value="conj"/>
		<feat xlink:href="#sSpan121" value="root"/>
		<feat xlink:href="#sSpan122" value="conj"/>
		<feat xlink:href="#sSpan123" value="root"/>
		<feat xlink:href="#sSpan124" value="conj"/>
		<feat xlink:href="#sSpan125" value="ccomp"/>
		<feat xlink:href="#sSpan126" value="obl"/>
		<feat xlink:href="#sSpan127" value="advcl"/>
		<feat xlink:href="#sSpan128" value="root"/>
		<feat xlink:href="#sSpan129" value="parataxis"/>
		<feat xlink:href="#sSpan130" value="root"/>
		<feat xlink:href="#sSpan131" value="parataxis"/>
		<feat xlink:href="#sSpan132" value="root"/>
		<feat xlink:href="#sSpan133" value="advcl"/>
		<feat xlink:href="#sSpan134" value="root"/>
		<feat xlink:href="#sSpan135" value="root"/>
		<feat xlink:href="#sSpan136" value="root"/>
		<feat xlink:href="#sSpan137" value="parataxis"/>
		<feat xlink:href="#sSpan138" value="root"/>
		<feat xlink:href="#sSpan139" value="advcl"/>
		<feat xlink:href="#sSpan140" value="root"/>
		<feat xlink:href="#sSpan141" value="ccomp"/>
		<feat xlink:href="#sSpan142" value="parataxis"/>
		<feat xlink:href="#sSpan143" value="root"/>
		<feat xlink:href="#sSpan144" value="root"/>
		<feat xlink:href="#sSpan145" value="parataxis"/>
		<feat xlink:href="#sSpan146" value="conj"/>
		<feat xlink:href="#sSpan147" value="root"/>
		<feat xlink:href="#sSpan148" value="advcl"/>
		<feat xlink:href="#sSpan149" value="advcl"/>
		<feat xlink:href="#sSpan150" value="root"/>
		<feat xlink:href="#sSpan151" value="parataxis"/>
		<feat xlink:href="#sSpan152" value="acl:relcl"/>
		<feat xlink:href="#sSpan153" value="root"/>
		<feat xlink:href="#sSpan154" value="root"/>
		<feat xlink:href="#sSpan155" value="advcl"/>
		<feat xlink:href="#sSpan156" value="ccomp"/>
		<feat xlink:href="#sSpan157" value="root"/>
		<feat xlink:href="#sSpan158" value="advcl"/>
		<feat xlink:href="#sSpan159" value="root"/>
		<feat xlink:href="#sSpan160" value="advcl"/>
		<feat xlink:href="#sSpan161" value="parataxis"/>
		<feat xlink:href="#sSpan162" value="root"/>
		<feat xlink:href="#sSpan163" value="root"/>
		<feat xlink:href="#sSpan164" value="root"/>
		<feat xlink:href="#sSpan165" value="root"/>
		<feat xlink:href="#sSpan166" value="root"/>
		<feat xlink:href="#sSpan167" value="root"/>
		<feat xlink:href="#sSpan168" value="ccomp"/>
		<feat xlink:href="#sSpan169" value="conj"/>
		<feat xlink:href="#sSpan170" value="root"/>
		<feat xlink:href="#sSpan171" value="advcl"/>
		<feat xlink:href="#sSpan172" value="parataxis"/>
		<feat xlink:href="#sSpan173" value="root"/>
		<feat xlink:href="#sSpan174" value="advcl"/>
		<feat xlink:href="#sSpan175" value="advcl"/></featList></paula>