<?xml version='1.0' encoding='UTF-8'?><!DOCTYPE paula SYSTEM "paula_feat.dtd">
<paula version="1.1">
	<header paula_id="rsd.GENTLE_esports_fortnite.rsd_func"/>
	<featList xmlns:xlink="http://www.w3.org/1999/xlink" type="func" xml:base="rsd.GENTLE_esports_fortnite.rsd.xml">
		<feat xlink:href="#sPointingRel1365" value="explanation-evidence_r"/>
		<feat xlink:href="#sPointingRel1366" value="adversative-antithesis_r"/>
		<feat xlink:href="#sPointingRel1367" value="context-background_r"/>
		<feat xlink:href="#sPointingRel1368" value="elaboration-attribute_r"/>
		<feat xlink:href="#sPointingRel1369" value="evaluation-comment_r"/>
		<feat xlink:href="#sPointingRel1370" value="joint-list_m"/>
		<feat xlink:href="#sPointingRel1371" value="elaboration-attribute_r"/>
		<feat xlink:href="#sPointingRel1372" value="organization-preparation_r"/>
		<feat xlink:href="#sPointingRel1373" value="restatement-partial_r"/>
		<feat xlink:href="#sPointingRel1374" value="elaboration-additional_r"/>
		<feat xlink:href="#sPointingRel1375" value="causal-result_r"/>
		<feat xlink:href="#sPointingRel1376" value="organization-preparation_r"/>
		<feat xlink:href="#sPointingRel1377" value="purpose-attribute_r"/>
		<feat xlink:href="#sPointingRel1378" value="joint-other_m"/>
		<feat xlink:href="#sPointingRel1379" value="joint-sequence_m"/>
		<feat xlink:href="#sPointingRel1380" value="context-background_r"/>
		<feat xlink:href="#sPointingRel1381" value="restatement-partial_r"/>
		<feat xlink:href="#sPointingRel1382" value="joint-other_m"/>
		<feat xlink:href="#sPointingRel1383" value="joint-disjunction_m"/>
		<feat xlink:href="#sPointingRel1384" value="causal-result_r"/>
		<feat xlink:href="#sPointingRel1385" value="context-background_r"/>
		<feat xlink:href="#sPointingRel1386" value="joint-other_m"/>
		<feat xlink:href="#sPointingRel1387" value="adversative-antithesis_r"/>
		<feat xlink:href="#sPointingRel1388" value="purpose-goal_r"/>
		<feat xlink:href="#sPointingRel1389" value="purpose-goal_r"/>
		<feat xlink:href="#sPointingRel1390" value="joint-other_m"/>
		<feat xlink:href="#sPointingRel1391" value="causal-result_r"/>
		<feat xlink:href="#sPointingRel1392" value="attribution-positive_r"/>
		<feat xlink:href="#sPointingRel1393" value="joint-sequence_m"/>
		<feat xlink:href="#sPointingRel1394" value="evaluation-comment_r"/>
		<feat xlink:href="#sPointingRel1395" value="organization-phatic_r"/>
		<feat xlink:href="#sPointingRel1396" value="adversative-antithesis_r"/>
		<feat xlink:href="#sPointingRel1397" value="contingency-condition_r"/>
		<feat xlink:href="#sPointingRel1398" value="topic-solutionhood_r"/>
		<feat xlink:href="#sPointingRel1399" value="evaluation-comment_r"/>
		<feat xlink:href="#sPointingRel1400" value="organization-phatic_r"/>
		<feat xlink:href="#sPointingRel1401" value="elaboration-additional_r"/>
		<feat xlink:href="#sPointingRel1402" value="attribution-positive_r"/>
		<feat xlink:href="#sPointingRel1403" value="same-unit_m"/>
		<feat xlink:href="#sPointingRel1404" value="joint-other_m"/>
		<feat xlink:href="#sPointingRel1405" value="context-circumstance_r"/>
		<feat xlink:href="#sPointingRel1406" value="elaboration-additional_r"/>
		<feat xlink:href="#sPointingRel1407" value="organization-preparation_r"/>
		<feat xlink:href="#sPointingRel1408" value="elaboration-additional_r"/>
		<feat xlink:href="#sPointingRel1409" value="joint-other_m"/>
		<feat xlink:href="#sPointingRel1410" value="elaboration-attribute_r"/>
		<feat xlink:href="#sPointingRel1411" value="same-unit_m"/>
		<feat xlink:href="#sPointingRel1412" value="elaboration-attribute_r"/>
		<feat xlink:href="#sPointingRel1413" value="restatement-partial_r"/>
		<feat xlink:href="#sPointingRel1414" value="organization-phatic_r"/>
		<feat xlink:href="#sPointingRel1415" value="context-circumstance_r"/>
		<feat xlink:href="#sPointingRel1416" value="elaboration-additional_r"/>
		<feat xlink:href="#sPointingRel1417" value="elaboration-attribute_r"/>
		<feat xlink:href="#sPointingRel1418" value="same-unit_m"/>
		<feat xlink:href="#sPointingRel1419" value="evaluation-comment_r"/>
		<feat xlink:href="#sPointingRel1420" value="elaboration-attribute_r"/>
		<feat xlink:href="#sPointingRel1421" value="same-unit_m"/>
		<feat xlink:href="#sPointingRel1422" value="evaluation-comment_r"/>
		<feat xlink:href="#sPointingRel1423" value="explanation-justify_r"/>
		<feat xlink:href="#sPointingRel1424" value="joint-sequence_m"/>
		<feat xlink:href="#sPointingRel1425" value="joint-sequence_m"/>
		<feat xlink:href="#sPointingRel1426" value="elaboration-additional_r"/>
		<feat xlink:href="#sPointingRel1427" value="elaboration-additional_r"/>
		<feat xlink:href="#sPointingRel1428" value="causal-cause_r"/>
		<feat xlink:href="#sPointingRel1429" value="evaluation-comment_r"/>
		<feat xlink:href="#sPointingRel1430" value="joint-list_m"/>
		<feat xlink:href="#sPointingRel1431" value="purpose-attribute_r"/>
		<feat xlink:href="#sPointingRel1432" value="elaboration-additional_r"/>
		<feat xlink:href="#sPointingRel1433" value="joint-list_m"/>
		<feat xlink:href="#sPointingRel1434" value="organization-preparation_r"/>
		<feat xlink:href="#sPointingRel1435" value="joint-sequence_m"/>
		<feat xlink:href="#sPointingRel1436" value="adversative-concession_r"/>
		<feat xlink:href="#sPointingRel1437" value="explanation-justify_r"/>
		<feat xlink:href="#sPointingRel1438" value="evaluation-comment_r"/>
		<feat xlink:href="#sPointingRel1439" value="restatement-partial_r"/>
		<feat xlink:href="#sPointingRel1440" value="elaboration-additional_r"/>
		<feat xlink:href="#sPointingRel1441" value="topic-question_r"/>
		<feat xlink:href="#sPointingRel1442" value="adversative-concession_r"/>
		<feat xlink:href="#sPointingRel1443" value="joint-sequence_m"/>
		<feat xlink:href="#sPointingRel1444" value="joint-sequence_m"/>
		<feat xlink:href="#sPointingRel1445" value="elaboration-additional_r"/>
		<feat xlink:href="#sPointingRel1446" value="purpose-goal_r"/>
		<feat xlink:href="#sPointingRel1447" value="joint-list_m"/>
		<feat xlink:href="#sPointingRel1448" value="attribution-positive_r"/>
		<feat xlink:href="#sPointingRel1449" value="joint-sequence_m"/>
		<feat xlink:href="#sPointingRel1450" value="organization-preparation_r"/>
		<feat xlink:href="#sPointingRel1451" value="context-background_r"/>
		<feat xlink:href="#sPointingRel1452" value="joint-other_m"/>
		<feat xlink:href="#sPointingRel1453" value="context-circumstance_r"/>
		<feat xlink:href="#sPointingRel1454" value="joint-sequence_m"/>
		<feat xlink:href="#sPointingRel1455" value="attribution-positive_r"/>
		<feat xlink:href="#sPointingRel1456" value="adversative-contrast_m"/>
		<feat xlink:href="#sPointingRel1457" value="joint-sequence_m"/>
		<feat xlink:href="#sPointingRel1458" value="evaluation-comment_r"/>
		<feat xlink:href="#sPointingRel1459" value="joint-sequence_m"/>
		<feat xlink:href="#sPointingRel1460" value="elaboration-attribute_r"/>
		<feat xlink:href="#sPointingRel1461" value="same-unit_m"/>
		<feat xlink:href="#sPointingRel1462" value="context-circumstance_r"/>
		<feat xlink:href="#sPointingRel1463" value="joint-sequence_m"/>
		<feat xlink:href="#sPointingRel1464" value="evaluation-comment_r"/>
		<feat xlink:href="#sPointingRel1465" value="joint-sequence_m"/>
		<feat xlink:href="#sPointingRel1466" value="evaluation-comment_r"/>
		<feat xlink:href="#sPointingRel1467" value="causal-result_r"/>
		<feat xlink:href="#sPointingRel1468" value="evaluation-comment_r"/>
		<feat xlink:href="#sPointingRel1469" value="adversative-concession_r"/>
		<feat xlink:href="#sPointingRel1470" value="context-circumstance_r"/>
		<feat xlink:href="#sPointingRel1471" value="context-background_r"/>
		<feat xlink:href="#sPointingRel1472" value="context-background_r"/>
		<feat xlink:href="#sPointingRel1473" value="purpose-goal_r"/>
		<feat xlink:href="#sPointingRel1474" value="attribution-positive_r"/>
		<feat xlink:href="#sPointingRel1475" value="context-circumstance_r"/>
		<feat xlink:href="#sPointingRel1476" value="elaboration-attribute_r"/>
		<feat xlink:href="#sPointingRel1477" value="context-background_r"/>
		<feat xlink:href="#sPointingRel1478" value="evaluation-comment_r"/>
		<feat xlink:href="#sPointingRel1479" value="elaboration-additional_r"/>
		<feat xlink:href="#sPointingRel1480" value="purpose-goal_r"/>
		<feat xlink:href="#sPointingRel1481" value="elaboration-attribute_r"/>
		<feat xlink:href="#sPointingRel1482" value="joint-sequence_m"/>
		<feat xlink:href="#sPointingRel1483" value="context-circumstance_r"/>
		<feat xlink:href="#sPointingRel1484" value="same-unit_m"/>
		<feat xlink:href="#sPointingRel1485" value="joint-sequence_m"/>
		<feat xlink:href="#sPointingRel1486" value="context-background_r"/>
		<feat xlink:href="#sPointingRel1487" value="attribution-positive_r"/>
		<feat xlink:href="#sPointingRel1488" value="evaluation-comment_r"/>
		<feat xlink:href="#sPointingRel1489" value="joint-sequence_m"/>
		<feat xlink:href="#sPointingRel1490" value="context-circumstance_r"/>
		<feat xlink:href="#sPointingRel1491" value="same-unit_m"/>
		<feat xlink:href="#sPointingRel1492" value="mode-means_r"/>
		<feat xlink:href="#sPointingRel1493" value="joint-sequence_m"/>
		<feat xlink:href="#sPointingRel1494" value="evaluation-comment_r"/>
		<feat xlink:href="#sPointingRel1495" value="mode-manner_r"/>
		<feat xlink:href="#sPointingRel1496" value="purpose-goal_r"/>
		<feat xlink:href="#sPointingRel1497" value="context-circumstance_r"/>
		<feat xlink:href="#sPointingRel1498" value="evaluation-comment_r"/>
		<feat xlink:href="#sPointingRel1499" value="joint-list_m"/>
		<feat xlink:href="#sPointingRel1500" value="restatement-repetition_m"/>
		<feat xlink:href="#sPointingRel1501" value="context-circumstance_r"/>
		<feat xlink:href="#sPointingRel1502" value="purpose-goal_r"/>
		<feat xlink:href="#sPointingRel1503" value="attribution-positive_r"/>
		<feat xlink:href="#sPointingRel1504" value="elaboration-additional_r"/>
		<feat xlink:href="#sPointingRel1505" value="joint-sequence_m"/>
		<feat xlink:href="#sPointingRel1506" value="causal-result_r"/>
		<feat xlink:href="#sPointingRel1507" value="joint-sequence_m"/>
		<feat xlink:href="#sPointingRel1508" value="joint-list_m"/>
		<feat xlink:href="#sPointingRel1509" value="adversative-contrast_m"/>
		<feat xlink:href="#sPointingRel1510" value="evaluation-comment_r"/>
		<feat xlink:href="#sPointingRel1511" value="mode-means_r"/>
		<feat xlink:href="#sPointingRel1512" value="purpose-goal_r"/>
		<feat xlink:href="#sPointingRel1513" value="attribution-positive_r"/>
		<feat xlink:href="#sPointingRel1514" value="joint-list_m"/>
		<feat xlink:href="#sPointingRel1515" value="elaboration-attribute_r"/>
		<feat xlink:href="#sPointingRel1516" value="context-circumstance_r"/>
		<feat xlink:href="#sPointingRel1517" value="adversative-contrast_m"/>
		<feat xlink:href="#sPointingRel1518" value="attribution-positive_r"/>
		<feat xlink:href="#sPointingRel1519" value="explanation-justify_r"/>
		<feat xlink:href="#sPointingRel1520" value="joint-sequence_m"/>
		<feat xlink:href="#sPointingRel1521" value="mode-manner_r"/>
		<feat xlink:href="#sPointingRel1522" value="evaluation-comment_r"/>
		<feat xlink:href="#sPointingRel1523" value="context-circumstance_r"/>
		<feat xlink:href="#sPointingRel1524" value="joint-sequence_m"/>
		<feat xlink:href="#sPointingRel1525" value="organization-phatic_r"/>
		<feat xlink:href="#sPointingRel1526" value="elaboration-additional_r"/>
		<feat xlink:href="#sPointingRel1527" value="joint-list_m"/>
		<feat xlink:href="#sPointingRel1528" value="organization-phatic_r"/>
		<feat xlink:href="#sPointingRel1529" value="joint-sequence_m"/>
		<feat xlink:href="#sPointingRel1530" value="attribution-positive_r"/>
		<feat xlink:href="#sPointingRel1531" value="explanation-evidence_r"/>
		<feat xlink:href="#sPointingRel1532" value="joint-list_m"/>
		<feat xlink:href="#sPointingRel1533" value="mode-means_r"/>
		<feat xlink:href="#sPointingRel1534" value="purpose-goal_r"/>
		<feat xlink:href="#sPointingRel1535" value="joint-sequence_m"/>
		<feat xlink:href="#sPointingRel1536" value="purpose-goal_r"/>
		<feat xlink:href="#sPointingRel1537" value="causal-cause_r"/>
		<feat xlink:href="#sPointingRel1538" value="context-circumstance_r"/></featList></paula>