<?xml version='1.0' encoding='UTF-8'?><!DOCTYPE paula SYSTEM "paula_feat.dtd">
<paula version="1.1">
	<header paula_id="rsd.GENTLE_esports_fortnite.mark_edu_num"/>
	<featList xmlns:xlink="http://www.w3.org/1999/xlink" type="edu_num" xml:base="rsd.GENTLE_esports_fortnite.mark.xml">
		<feat xlink:href="#sSpan964" value="1"/>
		<feat xlink:href="#sSpan965" value="2"/>
		<feat xlink:href="#sSpan966" value="3"/>
		<feat xlink:href="#sSpan967" value="4"/>
		<feat xlink:href="#sSpan968" value="5"/>
		<feat xlink:href="#sSpan969" value="6"/>
		<feat xlink:href="#sSpan970" value="7"/>
		<feat xlink:href="#sSpan971" value="8"/>
		<feat xlink:href="#sSpan972" value="9"/>
		<feat xlink:href="#sSpan973" value="10"/>
		<feat xlink:href="#sSpan974" value="11"/>
		<feat xlink:href="#sSpan975" value="12"/>
		<feat xlink:href="#sSpan976" value="13"/>
		<feat xlink:href="#sSpan977" value="14"/>
		<feat xlink:href="#sSpan978" value="15"/>
		<feat xlink:href="#sSpan979" value="16"/>
		<feat xlink:href="#sSpan980" value="17"/>
		<feat xlink:href="#sSpan981" value="18"/>
		<feat xlink:href="#sSpan982" value="19"/>
		<feat xlink:href="#sSpan983" value="20"/>
		<feat xlink:href="#sSpan984" value="21"/>
		<feat xlink:href="#sSpan985" value="22"/>
		<feat xlink:href="#sSpan986" value="23"/>
		<feat xlink:href="#sSpan987" value="24"/>
		<feat xlink:href="#sSpan988" value="25"/>
		<feat xlink:href="#sSpan989" value="26"/>
		<feat xlink:href="#sSpan990" value="27"/>
		<feat xlink:href="#sSpan991" value="28"/>
		<feat xlink:href="#sSpan992" value="29"/>
		<feat xlink:href="#sSpan993" value="30"/>
		<feat xlink:href="#sSpan994" value="31"/>
		<feat xlink:href="#sSpan995" value="32"/>
		<feat xlink:href="#sSpan996" value="33"/>
		<feat xlink:href="#sSpan997" value="34"/>
		<feat xlink:href="#sSpan998" value="35"/>
		<feat xlink:href="#sSpan999" value="36"/>
		<feat xlink:href="#sSpan1000" value="37"/>
		<feat xlink:href="#sSpan1001" value="38"/>
		<feat xlink:href="#sSpan1002" value="39"/>
		<feat xlink:href="#sSpan1003" value="40"/>
		<feat xlink:href="#sSpan1004" value="41"/>
		<feat xlink:href="#sSpan1005" value="42"/>
		<feat xlink:href="#sSpan1006" value="43"/>
		<feat xlink:href="#sSpan1007" value="44"/>
		<feat xlink:href="#sSpan1008" value="45"/>
		<feat xlink:href="#sSpan1009" value="46"/>
		<feat xlink:href="#sSpan1010" value="47"/>
		<feat xlink:href="#sSpan1011" value="48"/>
		<feat xlink:href="#sSpan1012" value="49"/>
		<feat xlink:href="#sSpan1013" value="50"/>
		<feat xlink:href="#sSpan1014" value="51"/>
		<feat xlink:href="#sSpan1015" value="52"/>
		<feat xlink:href="#sSpan1016" value="53"/>
		<feat xlink:href="#sSpan1017" value="54"/>
		<feat xlink:href="#sSpan1018" value="55"/>
		<feat xlink:href="#sSpan1019" value="56"/>
		<feat xlink:href="#sSpan1020" value="57"/>
		<feat xlink:href="#sSpan1021" value="58"/>
		<feat xlink:href="#sSpan1022" value="59"/>
		<feat xlink:href="#sSpan1023" value="60"/>
		<feat xlink:href="#sSpan1024" value="61"/>
		<feat xlink:href="#sSpan1025" value="62"/>
		<feat xlink:href="#sSpan1026" value="63"/>
		<feat xlink:href="#sSpan1027" value="64"/>
		<feat xlink:href="#sSpan1028" value="65"/>
		<feat xlink:href="#sSpan1029" value="66"/>
		<feat xlink:href="#sSpan1030" value="67"/>
		<feat xlink:href="#sSpan1031" value="68"/>
		<feat xlink:href="#sSpan1032" value="69"/>
		<feat xlink:href="#sSpan1033" value="70"/>
		<feat xlink:href="#sSpan1034" value="71"/>
		<feat xlink:href="#sSpan1035" value="72"/>
		<feat xlink:href="#sSpan1036" value="73"/>
		<feat xlink:href="#sSpan1037" value="74"/>
		<feat xlink:href="#sSpan1038" value="75"/>
		<feat xlink:href="#sSpan1039" value="76"/>
		<feat xlink:href="#sSpan1040" value="77"/>
		<feat xlink:href="#sSpan1041" value="78"/>
		<feat xlink:href="#sSpan1042" value="79"/>
		<feat xlink:href="#sSpan1043" value="80"/>
		<feat xlink:href="#sSpan1044" value="81"/>
		<feat xlink:href="#sSpan1045" value="82"/>
		<feat xlink:href="#sSpan1046" value="83"/>
		<feat xlink:href="#sSpan1047" value="84"/>
		<feat xlink:href="#sSpan1048" value="85"/>
		<feat xlink:href="#sSpan1049" value="86"/>
		<feat xlink:href="#sSpan1050" value="87"/>
		<feat xlink:href="#sSpan1051" value="88"/>
		<feat xlink:href="#sSpan1052" value="89"/>
		<feat xlink:href="#sSpan1053" value="90"/>
		<feat xlink:href="#sSpan1054" value="91"/>
		<feat xlink:href="#sSpan1055" value="92"/>
		<feat xlink:href="#sSpan1056" value="93"/>
		<feat xlink:href="#sSpan1057" value="94"/>
		<feat xlink:href="#sSpan1058" value="95"/>
		<feat xlink:href="#sSpan1059" value="96"/>
		<feat xlink:href="#sSpan1060" value="97"/>
		<feat xlink:href="#sSpan1061" value="98"/>
		<feat xlink:href="#sSpan1062" value="99"/>
		<feat xlink:href="#sSpan1063" value="100"/>
		<feat xlink:href="#sSpan1064" value="101"/>
		<feat xlink:href="#sSpan1065" value="102"/>
		<feat xlink:href="#sSpan1066" value="103"/>
		<feat xlink:href="#sSpan1067" value="104"/>
		<feat xlink:href="#sSpan1068" value="105"/>
		<feat xlink:href="#sSpan1069" value="106"/>
		<feat xlink:href="#sSpan1070" value="107"/>
		<feat xlink:href="#sSpan1071" value="108"/>
		<feat xlink:href="#sSpan1072" value="109"/>
		<feat xlink:href="#sSpan1073" value="110"/>
		<feat xlink:href="#sSpan1074" value="111"/>
		<feat xlink:href="#sSpan1075" value="112"/>
		<feat xlink:href="#sSpan1076" value="113"/>
		<feat xlink:href="#sSpan1077" value="114"/>
		<feat xlink:href="#sSpan1078" value="115"/>
		<feat xlink:href="#sSpan1079" value="116"/>
		<feat xlink:href="#sSpan1080" value="117"/>
		<feat xlink:href="#sSpan1081" value="118"/>
		<feat xlink:href="#sSpan1082" value="119"/>
		<feat xlink:href="#sSpan1083" value="120"/>
		<feat xlink:href="#sSpan1084" value="121"/>
		<feat xlink:href="#sSpan1085" value="122"/>
		<feat xlink:href="#sSpan1086" value="123"/>
		<feat xlink:href="#sSpan1087" value="124"/>
		<feat xlink:href="#sSpan1088" value="125"/>
		<feat xlink:href="#sSpan1089" value="126"/>
		<feat xlink:href="#sSpan1090" value="127"/>
		<feat xlink:href="#sSpan1091" value="128"/>
		<feat xlink:href="#sSpan1092" value="129"/>
		<feat xlink:href="#sSpan1093" value="130"/>
		<feat xlink:href="#sSpan1094" value="131"/>
		<feat xlink:href="#sSpan1095" value="132"/>
		<feat xlink:href="#sSpan1096" value="133"/>
		<feat xlink:href="#sSpan1097" value="134"/>
		<feat xlink:href="#sSpan1098" value="135"/>
		<feat xlink:href="#sSpan1099" value="136"/>
		<feat xlink:href="#sSpan1100" value="137"/>
		<feat xlink:href="#sSpan1101" value="138"/>
		<feat xlink:href="#sSpan1102" value="139"/>
		<feat xlink:href="#sSpan1103" value="140"/>
		<feat xlink:href="#sSpan1104" value="141"/>
		<feat xlink:href="#sSpan1105" value="142"/>
		<feat xlink:href="#sSpan1106" value="143"/>
		<feat xlink:href="#sSpan1107" value="144"/>
		<feat xlink:href="#sSpan1108" value="145"/>
		<feat xlink:href="#sSpan1109" value="146"/>
		<feat xlink:href="#sSpan1110" value="147"/>
		<feat xlink:href="#sSpan1111" value="148"/>
		<feat xlink:href="#sSpan1112" value="149"/>
		<feat xlink:href="#sSpan1113" value="150"/>
		<feat xlink:href="#sSpan1114" value="151"/>
		<feat xlink:href="#sSpan1115" value="152"/>
		<feat xlink:href="#sSpan1116" value="153"/>
		<feat xlink:href="#sSpan1117" value="154"/>
		<feat xlink:href="#sSpan1118" value="155"/>
		<feat xlink:href="#sSpan1119" value="156"/>
		<feat xlink:href="#sSpan1120" value="157"/>
		<feat xlink:href="#sSpan1121" value="158"/>
		<feat xlink:href="#sSpan1122" value="159"/>
		<feat xlink:href="#sSpan1123" value="160"/>
		<feat xlink:href="#sSpan1124" value="161"/>
		<feat xlink:href="#sSpan1125" value="162"/>
		<feat xlink:href="#sSpan1126" value="163"/>
		<feat xlink:href="#sSpan1127" value="164"/>
		<feat xlink:href="#sSpan1128" value="165"/>
		<feat xlink:href="#sSpan1129" value="166"/>
		<feat xlink:href="#sSpan1130" value="167"/>
		<feat xlink:href="#sSpan1131" value="168"/>
		<feat xlink:href="#sSpan1132" value="169"/>
		<feat xlink:href="#sSpan1133" value="170"/>
		<feat xlink:href="#sSpan1134" value="171"/>
		<feat xlink:href="#sSpan1135" value="172"/>
		<feat xlink:href="#sSpan1136" value="173"/>
		<feat xlink:href="#sSpan1137" value="174"/>
		<feat xlink:href="#sSpan1138" value="175"/></featList></paula>