<?xml version='1.0' encoding='UTF-8'?><!DOCTYPE paula SYSTEM "paula_feat.dtd">
<paula version="1.1">
	<header paula_id="rsd.GENTLE_esports_fortnite.mark_head_pos"/>
	<featList xmlns:xlink="http://www.w3.org/1999/xlink" type="head_pos" xml:base="rsd.GENTLE_esports_fortnite.mark.xml">
		<feat xlink:href="#sSpan1" value="VVN"/>
		<feat xlink:href="#sSpan2" value="VVZ"/>
		<feat xlink:href="#sSpan3" value="NNS"/>
		<feat xlink:href="#sSpan4" value="VVG"/>
		<feat xlink:href="#sSpan5" value="NN"/>
		<feat xlink:href="#sSpan6" value="NP"/>
		<feat xlink:href="#sSpan7" value="VVG"/>
		<feat xlink:href="#sSpan8" value="NN"/>
		<feat xlink:href="#sSpan9" value="VBZ"/>
		<feat xlink:href="#sSpan10" value="NNS"/>
		<feat xlink:href="#sSpan11" value="JJ"/>
		<feat xlink:href="#sSpan12" value="NN"/>
		<feat xlink:href="#sSpan13" value="NN"/>
		<feat xlink:href="#sSpan14" value="VVD"/>
		<feat xlink:href="#sSpan15" value="VVD"/>
		<feat xlink:href="#sSpan16" value="NN"/>
		<feat xlink:href="#sSpan17" value="VVN"/>
		<feat xlink:href="#sSpan18" value="VV"/>
		<feat xlink:href="#sSpan19" value="VV"/>
		<feat xlink:href="#sSpan20" value="VV"/>
		<feat xlink:href="#sSpan21" value="NP"/>
		<feat xlink:href="#sSpan22" value="VVD"/>
		<feat xlink:href="#sSpan23" value="VVD"/>
		<feat xlink:href="#sSpan24" value="VV"/>
		<feat xlink:href="#sSpan25" value="VV"/>
		<feat xlink:href="#sSpan26" value="VV"/>
		<feat xlink:href="#sSpan27" value="VVG"/>
		<feat xlink:href="#sSpan28" value="VV"/>
		<feat xlink:href="#sSpan29" value="VVP"/>
		<feat xlink:href="#sSpan30" value="VV"/>
		<feat xlink:href="#sSpan31" value="VVP"/>
		<feat xlink:href="#sSpan32" value="VV"/>
		<feat xlink:href="#sSpan33" value="VVZ"/>
		<feat xlink:href="#sSpan34" value="VVG"/>
		<feat xlink:href="#sSpan35" value="VVG"/>
		<feat xlink:href="#sSpan36" value="UH"/>
		<feat xlink:href="#sSpan37" value="VV"/>
		<feat xlink:href="#sSpan38" value="VVP"/>
		<feat xlink:href="#sSpan39" value="NN"/>
		<feat xlink:href="#sSpan40" value="VVD"/>
		<feat xlink:href="#sSpan41" value="NNS"/>
		<feat xlink:href="#sSpan42" value="VVZ"/>
		<feat xlink:href="#sSpan43" value="VVP"/>
		<feat xlink:href="#sSpan44" value="NN"/>
		<feat xlink:href="#sSpan45" value="CD"/>
		<feat xlink:href="#sSpan46" value="VV"/>
		<feat xlink:href="#sSpan47" value="NP"/>
		<feat xlink:href="#sSpan48" value="NN"/>
		<feat xlink:href="#sSpan49" value="VVN"/>
		<feat xlink:href="#sSpan50" value="VVP"/>
		<feat xlink:href="#sSpan51" value="VVZ"/>
		<feat xlink:href="#sSpan52" value="VV"/>
		<feat xlink:href="#sSpan53" value="VVN"/>
		<feat xlink:href="#sSpan54" value="NN"/>
		<feat xlink:href="#sSpan55" value="VVZ"/>
		<feat xlink:href="#sSpan56" value="NNS"/>
		<feat xlink:href="#sSpan57" value="VVN"/>
		<feat xlink:href="#sSpan58" value="VVN"/>
		<feat xlink:href="#sSpan59" value="JJ"/>
		<feat xlink:href="#sSpan60" value="VVZ"/>
		<feat xlink:href="#sSpan61" value="VVZ"/>
		<feat xlink:href="#sSpan62" value="RB"/>
		<feat xlink:href="#sSpan63" value="VVG"/>
		<feat xlink:href="#sSpan64" value="VVG"/>
		<feat xlink:href="#sSpan65" value="VV"/>
		<feat xlink:href="#sSpan66" value="NN"/>
		<feat xlink:href="#sSpan67" value="NN"/>
		<feat xlink:href="#sSpan68" value="VV"/>
		<feat xlink:href="#sSpan69" value="VVG"/>
		<feat xlink:href="#sSpan70" value="NN"/>
		<feat xlink:href="#sSpan71" value="VVP"/>
		<feat xlink:href="#sSpan72" value="NP"/>
		<feat xlink:href="#sSpan73" value="NNS"/>
		<feat xlink:href="#sSpan74" value="RB"/>
		<feat xlink:href="#sSpan75" value="VVP"/>
		<feat xlink:href="#sSpan76" value="VVP"/>
		<feat xlink:href="#sSpan77" value="VVN"/>
		<feat xlink:href="#sSpan78" value="RB"/>
		<feat xlink:href="#sSpan79" value="VVZ"/>
		<feat xlink:href="#sSpan80" value="JJ"/>
		<feat xlink:href="#sSpan81" value="VVG"/>
		<feat xlink:href="#sSpan82" value="VH"/>
		<feat xlink:href="#sSpan83" value="VV"/>
		<feat xlink:href="#sSpan84" value="VV"/>
		<feat xlink:href="#sSpan85" value="VVZ"/>
		<feat xlink:href="#sSpan86" value="VVG"/>
		<feat xlink:href="#sSpan87" value="VV"/>
		<feat xlink:href="#sSpan88" value="VVG"/>
		<feat xlink:href="#sSpan89" value="VVZ"/>
		<feat xlink:href="#sSpan90" value="VVG"/>
		<feat xlink:href="#sSpan91" value="VVG"/>
		<feat xlink:href="#sSpan92" value="VVG"/>
		<feat xlink:href="#sSpan93" value="VV"/>
		<feat xlink:href="#sSpan94" value="VVG"/>
		<feat xlink:href="#sSpan95" value="VVZ"/>
		<feat xlink:href="#sSpan96" value="NP"/>
		<feat xlink:href="#sSpan97" value="VVN"/>
		<feat xlink:href="#sSpan98" value="VVG"/>
		<feat xlink:href="#sSpan99" value="NN"/>
		<feat xlink:href="#sSpan100" value="VVZ"/>
		<feat xlink:href="#sSpan101" value="NN"/>
		<feat xlink:href="#sSpan102" value="VVP"/>
		<feat xlink:href="#sSpan103" value="JJ"/>
		<feat xlink:href="#sSpan104" value="VV"/>
		<feat xlink:href="#sSpan105" value="NN"/>
		<feat xlink:href="#sSpan106" value="VV"/>
		<feat xlink:href="#sSpan107" value="VVN"/>
		<feat xlink:href="#sSpan108" value="NN"/>
		<feat xlink:href="#sSpan109" value="VV"/>
		<feat xlink:href="#sSpan110" value="VV"/>
		<feat xlink:href="#sSpan111" value="VVN"/>
		<feat xlink:href="#sSpan112" value="VVG"/>
		<feat xlink:href="#sSpan113" value="NN"/>
		<feat xlink:href="#sSpan114" value="VV"/>
		<feat xlink:href="#sSpan115" value="VV"/>
		<feat xlink:href="#sSpan116" value="VV"/>
		<feat xlink:href="#sSpan117" value="RB"/>
		<feat xlink:href="#sSpan118" value="NP"/>
		<feat xlink:href="#sSpan119" value="VVN"/>
		<feat xlink:href="#sSpan120" value="VVG"/>
		<feat xlink:href="#sSpan121" value="VV"/>
		<feat xlink:href="#sSpan122" value="VVD"/>
		<feat xlink:href="#sSpan123" value="VVP"/>
		<feat xlink:href="#sSpan124" value="VVZ"/>
		<feat xlink:href="#sSpan125" value="NN"/>
		<feat xlink:href="#sSpan126" value="VVD"/>
		<feat xlink:href="#sSpan127" value="VVG"/>
		<feat xlink:href="#sSpan128" value="VVG"/>
		<feat xlink:href="#sSpan129" value="VV"/>
		<feat xlink:href="#sSpan130" value="VVG"/>
		<feat xlink:href="#sSpan131" value="VVD"/>
		<feat xlink:href="#sSpan132" value="VV"/>
		<feat xlink:href="#sSpan133" value="VVG"/>
		<feat xlink:href="#sSpan134" value="JJ"/>
		<feat xlink:href="#sSpan135" value="VVD"/>
		<feat xlink:href="#sSpan136" value="VVD"/>
		<feat xlink:href="#sSpan137" value="VVG"/>
		<feat xlink:href="#sSpan138" value="VV"/>
		<feat xlink:href="#sSpan139" value="VBD"/>
		<feat xlink:href="#sSpan140" value="VV"/>
		<feat xlink:href="#sSpan141" value="VV"/>
		<feat xlink:href="#sSpan142" value="VVZ"/>
		<feat xlink:href="#sSpan143" value="NP"/>
		<feat xlink:href="#sSpan144" value="NN"/>
		<feat xlink:href="#sSpan145" value="VVZ"/>
		<feat xlink:href="#sSpan146" value="VV"/>
		<feat xlink:href="#sSpan147" value="VVG"/>
		<feat xlink:href="#sSpan148" value="VV"/>
		<feat xlink:href="#sSpan149" value="VVN"/>
		<feat xlink:href="#sSpan150" value="VVD"/>
		<feat xlink:href="#sSpan151" value="VVN"/>
		<feat xlink:href="#sSpan152" value="NNS"/>
		<feat xlink:href="#sSpan153" value="VV"/>
		<feat xlink:href="#sSpan154" value="VVG"/>
		<feat xlink:href="#sSpan155" value="JJ"/>
		<feat xlink:href="#sSpan156" value="VVG"/>
		<feat xlink:href="#sSpan157" value="VVG"/>
		<feat xlink:href="#sSpan158" value="VVG"/>
		<feat xlink:href="#sSpan159" value="VVP"/>
		<feat xlink:href="#sSpan160" value="NN"/>
		<feat xlink:href="#sSpan161" value="UH"/>
		<feat xlink:href="#sSpan162" value="NN"/>
		<feat xlink:href="#sSpan163" value="NN"/>
		<feat xlink:href="#sSpan164" value="UH"/>
		<feat xlink:href="#sSpan165" value="VVG"/>
		<feat xlink:href="#sSpan166" value="VV"/>
		<feat xlink:href="#sSpan167" value="VVG"/>
		<feat xlink:href="#sSpan168" value="VVG"/>
		<feat xlink:href="#sSpan169" value="VV"/>
		<feat xlink:href="#sSpan170" value="VV"/>
		<feat xlink:href="#sSpan171" value="VVZ"/>
		<feat xlink:href="#sSpan172" value="VV"/>
		<feat xlink:href="#sSpan173" value="JJ"/>
		<feat xlink:href="#sSpan174" value="VVG"/></featList></paula>