<?xml version='1.0' encoding='UTF-8'?><!DOCTYPE paula SYSTEM "paula_feat.dtd">
<paula version="1.1">
	<header paula_id="rsd.GENTLE_esports_fortnite.mark_parent_pos"/>
	<featList xmlns:xlink="http://www.w3.org/1999/xlink" type="parent_pos" xml:base="rsd.GENTLE_esports_fortnite.mark.xml">
		<feat xlink:href="#sSpan1" value="_"/>
		<feat xlink:href="#sSpan3" value="_"/>
		<feat xlink:href="#sSpan6" value="_"/>
		<feat xlink:href="#sSpan8" value="_"/>
		<feat xlink:href="#sSpan10" value="_"/>
		<feat xlink:href="#sSpan12" value="_"/>
		<feat xlink:href="#sSpan16" value="_"/>
		<feat xlink:href="#sSpan17" value="_"/>
		<feat xlink:href="#sSpan18" value="_"/>
		<feat xlink:href="#sSpan21" value="_"/>
		<feat xlink:href="#sSpan23" value="_"/>
		<feat xlink:href="#sSpan26" value="_"/>
		<feat xlink:href="#sSpan36" value="_"/>
		<feat xlink:href="#sSpan37" value="_"/>
		<feat xlink:href="#sSpan40" value="_"/>
		<feat xlink:href="#sSpan43" value="_"/>
		<feat xlink:href="#sSpan47" value="_"/>
		<feat xlink:href="#sSpan52" value="_"/>
		<feat xlink:href="#sSpan55" value="_"/>
		<feat xlink:href="#sSpan59" value="_"/>
		<feat xlink:href="#sSpan61" value="_"/>
		<feat xlink:href="#sSpan64" value="_"/>
		<feat xlink:href="#sSpan66" value="_"/>
		<feat xlink:href="#sSpan67" value="_"/>
		<feat xlink:href="#sSpan71" value="_"/>
		<feat xlink:href="#sSpan78" value="_"/>
		<feat xlink:href="#sSpan79" value="_"/>
		<feat xlink:href="#sSpan81" value="_"/>
		<feat xlink:href="#sSpan85" value="_"/>
		<feat xlink:href="#sSpan87" value="_"/>
		<feat xlink:href="#sSpan88" value="_"/>
		<feat xlink:href="#sSpan89" value="_"/>
		<feat xlink:href="#sSpan91" value="_"/>
		<feat xlink:href="#sSpan92" value="_"/>
		<feat xlink:href="#sSpan94" value="_"/>
		<feat xlink:href="#sSpan98" value="_"/>
		<feat xlink:href="#sSpan99" value="_"/>
		<feat xlink:href="#sSpan102" value="_"/>
		<feat xlink:href="#sSpan103" value="_"/>
		<feat xlink:href="#sSpan106" value="_"/>
		<feat xlink:href="#sSpan108" value="_"/>
		<feat xlink:href="#sSpan109" value="_"/>
		<feat xlink:href="#sSpan111" value="_"/>
		<feat xlink:href="#sSpan114" value="_"/>
		<feat xlink:href="#sSpan115" value="_"/>
		<feat xlink:href="#sSpan120" value="_"/>
		<feat xlink:href="#sSpan122" value="_"/>
		<feat xlink:href="#sSpan127" value="_"/>
		<feat xlink:href="#sSpan129" value="_"/>
		<feat xlink:href="#sSpan131" value="_"/>
		<feat xlink:href="#sSpan133" value="_"/>
		<feat xlink:href="#sSpan134" value="_"/>
		<feat xlink:href="#sSpan135" value="_"/>
		<feat xlink:href="#sSpan137" value="_"/>
		<feat xlink:href="#sSpan139" value="_"/>
		<feat xlink:href="#sSpan142" value="_"/>
		<feat xlink:href="#sSpan143" value="_"/>
		<feat xlink:href="#sSpan146" value="_"/>
		<feat xlink:href="#sSpan149" value="_"/>
		<feat xlink:href="#sSpan152" value="_"/>
		<feat xlink:href="#sSpan153" value="_"/>
		<feat xlink:href="#sSpan156" value="_"/>
		<feat xlink:href="#sSpan158" value="_"/>
		<feat xlink:href="#sSpan161" value="_"/>
		<feat xlink:href="#sSpan162" value="_"/>
		<feat xlink:href="#sSpan163" value="_"/>
		<feat xlink:href="#sSpan164" value="_"/>
		<feat xlink:href="#sSpan165" value="_"/>
		<feat xlink:href="#sSpan166" value="_"/>
		<feat xlink:href="#sSpan169" value="_"/>
		<feat xlink:href="#sSpan172" value="_"/></featList></paula>