<?xml version='1.0' encoding='UTF-8'?><!DOCTYPE paula SYSTEM "paula_feat.dtd">
<paula version="1.1">
	<header paula_id="rsd.GENTLE_esports_fortnite.mark_head_id"/>
	<featList xmlns:xlink="http://www.w3.org/1999/xlink" type="head_id" xml:base="rsd.GENTLE_esports_fortnite.mark.xml">
		<feat xlink:href="#sSpan1" value="8"/>
		<feat xlink:href="#sSpan2" value="18"/>
		<feat xlink:href="#sSpan3" value="24"/>
		<feat xlink:href="#sSpan4" value="34"/>
		<feat xlink:href="#sSpan5" value="44"/>
		<feat xlink:href="#sSpan6" value="46"/>
		<feat xlink:href="#sSpan7" value="53"/>
		<feat xlink:href="#sSpan8" value="63"/>
		<feat xlink:href="#sSpan9" value="71"/>
		<feat xlink:href="#sSpan10" value="98"/>
		<feat xlink:href="#sSpan11" value="112"/>
		<feat xlink:href="#sSpan12" value="123"/>
		<feat xlink:href="#sSpan13" value="127"/>
		<feat xlink:href="#sSpan14" value="132"/>
		<feat xlink:href="#sSpan15" value="143"/>
		<feat xlink:href="#sSpan16" value="154"/>
		<feat xlink:href="#sSpan17" value="163"/>
		<feat xlink:href="#sSpan18" value="171"/>
		<feat xlink:href="#sSpan19" value="178"/>
		<feat xlink:href="#sSpan20" value="184"/>
		<feat xlink:href="#sSpan21" value="197"/>
		<feat xlink:href="#sSpan22" value="205"/>
		<feat xlink:href="#sSpan23" value="218"/>
		<feat xlink:href="#sSpan24" value="226"/>
		<feat xlink:href="#sSpan25" value="232"/>
		<feat xlink:href="#sSpan26" value="242"/>
		<feat xlink:href="#sSpan27" value="251"/>
		<feat xlink:href="#sSpan28" value="257"/>
		<feat xlink:href="#sSpan29" value="259"/>
		<feat xlink:href="#sSpan30" value="263"/>
		<feat xlink:href="#sSpan31" value="271"/>
		<feat xlink:href="#sSpan32" value="273"/>
		<feat xlink:href="#sSpan33" value="275"/>
		<feat xlink:href="#sSpan34" value="283"/>
		<feat xlink:href="#sSpan35" value="295"/>
		<feat xlink:href="#sSpan36" value="300"/>
		<feat xlink:href="#sSpan37" value="302"/>
		<feat xlink:href="#sSpan38" value="310"/>
		<feat xlink:href="#sSpan39" value="313"/>
		<feat xlink:href="#sSpan40" value="317"/>
		<feat xlink:href="#sSpan41" value="328"/>
		<feat xlink:href="#sSpan42" value="330"/>
		<feat xlink:href="#sSpan43" value="336"/>
		<feat xlink:href="#sSpan44" value="345"/>
		<feat xlink:href="#sSpan45" value="355"/>
		<feat xlink:href="#sSpan46" value="361"/>
		<feat xlink:href="#sSpan47" value="367"/>
		<feat xlink:href="#sSpan48" value="374"/>
		<feat xlink:href="#sSpan49" value="378"/>
		<feat xlink:href="#sSpan50" value="386"/>
		<feat xlink:href="#sSpan51" value="390"/>
		<feat xlink:href="#sSpan52" value="396"/>
		<feat xlink:href="#sSpan53" value="400"/>
		<feat xlink:href="#sSpan54" value="404"/>
		<feat xlink:href="#sSpan55" value="411"/>
		<feat xlink:href="#sSpan56" value="421"/>
		<feat xlink:href="#sSpan57" value="422"/>
		<feat xlink:href="#sSpan58" value="426"/>
		<feat xlink:href="#sSpan59" value="435"/>
		<feat xlink:href="#sSpan60" value="439"/>
		<feat xlink:href="#sSpan61" value="445"/>
		<feat xlink:href="#sSpan62" value="450"/>
		<feat xlink:href="#sSpan63" value="455"/>
		<feat xlink:href="#sSpan64" value="467"/>
		<feat xlink:href="#sSpan65" value="477"/>
		<feat xlink:href="#sSpan66" value="485"/>
		<feat xlink:href="#sSpan67" value="498"/>
		<feat xlink:href="#sSpan68" value="500"/>
		<feat xlink:href="#sSpan69" value="506"/>
		<feat xlink:href="#sSpan70" value="512"/>
		<feat xlink:href="#sSpan71" value="518"/>
		<feat xlink:href="#sSpan72" value="525"/>
		<feat xlink:href="#sSpan73" value="538"/>
		<feat xlink:href="#sSpan74" value="545"/>
		<feat xlink:href="#sSpan75" value="553"/>
		<feat xlink:href="#sSpan76" value="560"/>
		<feat xlink:href="#sSpan77" value="565"/>
		<feat xlink:href="#sSpan78" value="574"/>
		<feat xlink:href="#sSpan79" value="577"/>
		<feat xlink:href="#sSpan80" value="582"/>
		<feat xlink:href="#sSpan81" value="593"/>
		<feat xlink:href="#sSpan82" value="597"/>
		<feat xlink:href="#sSpan83" value="600"/>
		<feat xlink:href="#sSpan84" value="604"/>
		<feat xlink:href="#sSpan85" value="608"/>
		<feat xlink:href="#sSpan86" value="611"/>
		<feat xlink:href="#sSpan87" value="617"/>
		<feat xlink:href="#sSpan88" value="625"/>
		<feat xlink:href="#sSpan89" value="630"/>
		<feat xlink:href="#sSpan90" value="637"/>
		<feat xlink:href="#sSpan91" value="644"/>
		<feat xlink:href="#sSpan92" value="652"/>
		<feat xlink:href="#sSpan93" value="658"/>
		<feat xlink:href="#sSpan94" value="667"/>
		<feat xlink:href="#sSpan95" value="674"/>
		<feat xlink:href="#sSpan96" value="684"/>
		<feat xlink:href="#sSpan97" value="692"/>
		<feat xlink:href="#sSpan98" value="702"/>
		<feat xlink:href="#sSpan99" value="712"/>
		<feat xlink:href="#sSpan100" value="715"/>
		<feat xlink:href="#sSpan101" value="721"/>
		<feat xlink:href="#sSpan102" value="724"/>
		<feat xlink:href="#sSpan103" value="734"/>
		<feat xlink:href="#sSpan104" value="738"/>
		<feat xlink:href="#sSpan105" value="747"/>
		<feat xlink:href="#sSpan106" value="753"/>
		<feat xlink:href="#sSpan107" value="768"/>
		<feat xlink:href="#sSpan108" value="772"/>
		<feat xlink:href="#sSpan109" value="781"/>
		<feat xlink:href="#sSpan110" value="785"/>
		<feat xlink:href="#sSpan111" value="796"/>
		<feat xlink:href="#sSpan112" value="801"/>
		<feat xlink:href="#sSpan113" value="807"/>
		<feat xlink:href="#sSpan114" value="820"/>
		<feat xlink:href="#sSpan115" value="828"/>
		<feat xlink:href="#sSpan116" value="832"/>
		<feat xlink:href="#sSpan117" value="845"/>
		<feat xlink:href="#sSpan118" value="850"/>
		<feat xlink:href="#sSpan119" value="855"/>
		<feat xlink:href="#sSpan120" value="866"/>
		<feat xlink:href="#sSpan121" value="873"/>
		<feat xlink:href="#sSpan122" value="883"/>
		<feat xlink:href="#sSpan123" value="896"/>
		<feat xlink:href="#sSpan124" value="898"/>
		<feat xlink:href="#sSpan125" value="908"/>
		<feat xlink:href="#sSpan126" value="911"/>
		<feat xlink:href="#sSpan127" value="916"/>
		<feat xlink:href="#sSpan128" value="923"/>
		<feat xlink:href="#sSpan129" value="932"/>
		<feat xlink:href="#sSpan130" value="939"/>
		<feat xlink:href="#sSpan131" value="942"/>
		<feat xlink:href="#sSpan132" value="946"/>
		<feat xlink:href="#sSpan133" value="955"/>
		<feat xlink:href="#sSpan134" value="964"/>
		<feat xlink:href="#sSpan135" value="967"/>
		<feat xlink:href="#sSpan136" value="972"/>
		<feat xlink:href="#sSpan137" value="979"/>
		<feat xlink:href="#sSpan138" value="985"/>
		<feat xlink:href="#sSpan139" value="991"/>
		<feat xlink:href="#sSpan140" value="996"/>
		<feat xlink:href="#sSpan141" value="1005"/>
		<feat xlink:href="#sSpan142" value="1013"/>
		<feat xlink:href="#sSpan143" value="1017"/>
		<feat xlink:href="#sSpan144" value="1032"/>
		<feat xlink:href="#sSpan145" value="1037"/>
		<feat xlink:href="#sSpan146" value="1049"/>
		<feat xlink:href="#sSpan147" value="1056"/>
		<feat xlink:href="#sSpan148" value="1060"/>
		<feat xlink:href="#sSpan149" value="1068"/>
		<feat xlink:href="#sSpan150" value="1073"/>
		<feat xlink:href="#sSpan151" value="1082"/>
		<feat xlink:href="#sSpan152" value="1089"/>
		<feat xlink:href="#sSpan153" value="1097"/>
		<feat xlink:href="#sSpan154" value="1104"/>
		<feat xlink:href="#sSpan155" value="1111"/>
		<feat xlink:href="#sSpan156" value="1119"/>
		<feat xlink:href="#sSpan157" value="1126"/>
		<feat xlink:href="#sSpan158" value="1136"/>
		<feat xlink:href="#sSpan159" value="1147"/>
		<feat xlink:href="#sSpan160" value="1155"/>
		<feat xlink:href="#sSpan161" value="1157"/>
		<feat xlink:href="#sSpan162" value="1162"/>
		<feat xlink:href="#sSpan163" value="1166"/>
		<feat xlink:href="#sSpan164" value="1171"/>
		<feat xlink:href="#sSpan165" value="1175"/>
		<feat xlink:href="#sSpan166" value="1179"/>
		<feat xlink:href="#sSpan167" value="1181"/>
		<feat xlink:href="#sSpan168" value="1183"/>
		<feat xlink:href="#sSpan169" value="1186"/>
		<feat xlink:href="#sSpan170" value="1191"/>
		<feat xlink:href="#sSpan171" value="1198"/>
		<feat xlink:href="#sSpan172" value="1210"/>
		<feat xlink:href="#sSpan173" value="1219"/>
		<feat xlink:href="#sSpan174" value="1220"/></featList></paula>