<?xml version='1.0' encoding='UTF-8'?><!DOCTYPE paula SYSTEM "paula_feat.dtd">
<paula version="1.1">
	<header paula_id="rsd.GENTLE_esports_fortnite.mark_head_id"/>
	<featList xmlns:xlink="http://www.w3.org/1999/xlink" type="head_id" xml:base="rsd.GENTLE_esports_fortnite.mark.xml">
		<feat xlink:href="#sSpan964" value="8"/>
		<feat xlink:href="#sSpan965" value="18"/>
		<feat xlink:href="#sSpan966" value="24"/>
		<feat xlink:href="#sSpan967" value="34"/>
		<feat xlink:href="#sSpan968" value="44"/>
		<feat xlink:href="#sSpan969" value="46"/>
		<feat xlink:href="#sSpan970" value="53"/>
		<feat xlink:href="#sSpan971" value="63"/>
		<feat xlink:href="#sSpan972" value="71"/>
		<feat xlink:href="#sSpan973" value="98"/>
		<feat xlink:href="#sSpan974" value="112"/>
		<feat xlink:href="#sSpan975" value="123"/>
		<feat xlink:href="#sSpan976" value="127"/>
		<feat xlink:href="#sSpan977" value="132"/>
		<feat xlink:href="#sSpan978" value="143"/>
		<feat xlink:href="#sSpan979" value="154"/>
		<feat xlink:href="#sSpan980" value="163"/>
		<feat xlink:href="#sSpan981" value="171"/>
		<feat xlink:href="#sSpan982" value="178"/>
		<feat xlink:href="#sSpan983" value="184"/>
		<feat xlink:href="#sSpan984" value="197"/>
		<feat xlink:href="#sSpan985" value="205"/>
		<feat xlink:href="#sSpan986" value="218"/>
		<feat xlink:href="#sSpan987" value="226"/>
		<feat xlink:href="#sSpan988" value="232"/>
		<feat xlink:href="#sSpan989" value="242"/>
		<feat xlink:href="#sSpan990" value="251"/>
		<feat xlink:href="#sSpan991" value="257"/>
		<feat xlink:href="#sSpan992" value="259"/>
		<feat xlink:href="#sSpan993" value="263"/>
		<feat xlink:href="#sSpan994" value="271"/>
		<feat xlink:href="#sSpan995" value="273"/>
		<feat xlink:href="#sSpan996" value="275"/>
		<feat xlink:href="#sSpan997" value="283"/>
		<feat xlink:href="#sSpan998" value="295"/>
		<feat xlink:href="#sSpan999" value="300"/>
		<feat xlink:href="#sSpan1000" value="302"/>
		<feat xlink:href="#sSpan1001" value="310"/>
		<feat xlink:href="#sSpan1002" value="313"/>
		<feat xlink:href="#sSpan1003" value="317"/>
		<feat xlink:href="#sSpan1004" value="328"/>
		<feat xlink:href="#sSpan1005" value="330"/>
		<feat xlink:href="#sSpan1006" value="336"/>
		<feat xlink:href="#sSpan1007" value="345"/>
		<feat xlink:href="#sSpan1008" value="355"/>
		<feat xlink:href="#sSpan1009" value="361"/>
		<feat xlink:href="#sSpan1010" value="367"/>
		<feat xlink:href="#sSpan1011" value="374"/>
		<feat xlink:href="#sSpan1012" value="378"/>
		<feat xlink:href="#sSpan1013" value="386"/>
		<feat xlink:href="#sSpan1014" value="390"/>
		<feat xlink:href="#sSpan1015" value="396"/>
		<feat xlink:href="#sSpan1016" value="400"/>
		<feat xlink:href="#sSpan1017" value="404"/>
		<feat xlink:href="#sSpan1018" value="411"/>
		<feat xlink:href="#sSpan1019" value="421"/>
		<feat xlink:href="#sSpan1020" value="422"/>
		<feat xlink:href="#sSpan1021" value="426"/>
		<feat xlink:href="#sSpan1022" value="435"/>
		<feat xlink:href="#sSpan1023" value="439"/>
		<feat xlink:href="#sSpan1024" value="445"/>
		<feat xlink:href="#sSpan1025" value="450"/>
		<feat xlink:href="#sSpan1026" value="455"/>
		<feat xlink:href="#sSpan1027" value="467"/>
		<feat xlink:href="#sSpan1028" value="477"/>
		<feat xlink:href="#sSpan1029" value="485"/>
		<feat xlink:href="#sSpan1030" value="498"/>
		<feat xlink:href="#sSpan1031" value="500"/>
		<feat xlink:href="#sSpan1032" value="506"/>
		<feat xlink:href="#sSpan1033" value="512"/>
		<feat xlink:href="#sSpan1034" value="518"/>
		<feat xlink:href="#sSpan1035" value="525"/>
		<feat xlink:href="#sSpan1036" value="538"/>
		<feat xlink:href="#sSpan1037" value="545"/>
		<feat xlink:href="#sSpan1038" value="553"/>
		<feat xlink:href="#sSpan1039" value="560"/>
		<feat xlink:href="#sSpan1040" value="565"/>
		<feat xlink:href="#sSpan1041" value="574"/>
		<feat xlink:href="#sSpan1042" value="577"/>
		<feat xlink:href="#sSpan1043" value="582"/>
		<feat xlink:href="#sSpan1044" value="593"/>
		<feat xlink:href="#sSpan1045" value="597"/>
		<feat xlink:href="#sSpan1046" value="600"/>
		<feat xlink:href="#sSpan1047" value="604"/>
		<feat xlink:href="#sSpan1048" value="609"/>
		<feat xlink:href="#sSpan1049" value="611"/>
		<feat xlink:href="#sSpan1050" value="617"/>
		<feat xlink:href="#sSpan1051" value="625"/>
		<feat xlink:href="#sSpan1052" value="630"/>
		<feat xlink:href="#sSpan1053" value="637"/>
		<feat xlink:href="#sSpan1054" value="644"/>
		<feat xlink:href="#sSpan1055" value="652"/>
		<feat xlink:href="#sSpan1056" value="658"/>
		<feat xlink:href="#sSpan1057" value="667"/>
		<feat xlink:href="#sSpan1058" value="674"/>
		<feat xlink:href="#sSpan1059" value="684"/>
		<feat xlink:href="#sSpan1060" value="692"/>
		<feat xlink:href="#sSpan1061" value="702"/>
		<feat xlink:href="#sSpan1062" value="712"/>
		<feat xlink:href="#sSpan1063" value="715"/>
		<feat xlink:href="#sSpan1064" value="721"/>
		<feat xlink:href="#sSpan1065" value="724"/>
		<feat xlink:href="#sSpan1066" value="734"/>
		<feat xlink:href="#sSpan1067" value="738"/>
		<feat xlink:href="#sSpan1068" value="747"/>
		<feat xlink:href="#sSpan1069" value="753"/>
		<feat xlink:href="#sSpan1070" value="768"/>
		<feat xlink:href="#sSpan1071" value="772"/>
		<feat xlink:href="#sSpan1072" value="781"/>
		<feat xlink:href="#sSpan1073" value="785"/>
		<feat xlink:href="#sSpan1074" value="796"/>
		<feat xlink:href="#sSpan1075" value="798"/>
		<feat xlink:href="#sSpan1076" value="801"/>
		<feat xlink:href="#sSpan1077" value="807"/>
		<feat xlink:href="#sSpan1078" value="820"/>
		<feat xlink:href="#sSpan1079" value="828"/>
		<feat xlink:href="#sSpan1080" value="832"/>
		<feat xlink:href="#sSpan1081" value="845"/>
		<feat xlink:href="#sSpan1082" value="850"/>
		<feat xlink:href="#sSpan1083" value="855"/>
		<feat xlink:href="#sSpan1084" value="866"/>
		<feat xlink:href="#sSpan1085" value="873"/>
		<feat xlink:href="#sSpan1086" value="883"/>
		<feat xlink:href="#sSpan1087" value="896"/>
		<feat xlink:href="#sSpan1088" value="898"/>
		<feat xlink:href="#sSpan1089" value="908"/>
		<feat xlink:href="#sSpan1090" value="911"/>
		<feat xlink:href="#sSpan1091" value="916"/>
		<feat xlink:href="#sSpan1092" value="923"/>
		<feat xlink:href="#sSpan1093" value="932"/>
		<feat xlink:href="#sSpan1094" value="939"/>
		<feat xlink:href="#sSpan1095" value="942"/>
		<feat xlink:href="#sSpan1096" value="946"/>
		<feat xlink:href="#sSpan1097" value="955"/>
		<feat xlink:href="#sSpan1098" value="964"/>
		<feat xlink:href="#sSpan1099" value="967"/>
		<feat xlink:href="#sSpan1100" value="972"/>
		<feat xlink:href="#sSpan1101" value="979"/>
		<feat xlink:href="#sSpan1102" value="985"/>
		<feat xlink:href="#sSpan1103" value="991"/>
		<feat xlink:href="#sSpan1104" value="996"/>
		<feat xlink:href="#sSpan1105" value="1005"/>
		<feat xlink:href="#sSpan1106" value="1013"/>
		<feat xlink:href="#sSpan1107" value="1017"/>
		<feat xlink:href="#sSpan1108" value="1032"/>
		<feat xlink:href="#sSpan1109" value="1037"/>
		<feat xlink:href="#sSpan1110" value="1049"/>
		<feat xlink:href="#sSpan1111" value="1056"/>
		<feat xlink:href="#sSpan1112" value="1060"/>
		<feat xlink:href="#sSpan1113" value="1068"/>
		<feat xlink:href="#sSpan1114" value="1073"/>
		<feat xlink:href="#sSpan1115" value="1082"/>
		<feat xlink:href="#sSpan1116" value="1089"/>
		<feat xlink:href="#sSpan1117" value="1097"/>
		<feat xlink:href="#sSpan1118" value="1104"/>
		<feat xlink:href="#sSpan1119" value="1111"/>
		<feat xlink:href="#sSpan1120" value="1119"/>
		<feat xlink:href="#sSpan1121" value="1126"/>
		<feat xlink:href="#sSpan1122" value="1136"/>
		<feat xlink:href="#sSpan1123" value="1147"/>
		<feat xlink:href="#sSpan1124" value="1155"/>
		<feat xlink:href="#sSpan1125" value="1157"/>
		<feat xlink:href="#sSpan1126" value="1162"/>
		<feat xlink:href="#sSpan1127" value="1166"/>
		<feat xlink:href="#sSpan1128" value="1171"/>
		<feat xlink:href="#sSpan1129" value="1175"/>
		<feat xlink:href="#sSpan1130" value="1179"/>
		<feat xlink:href="#sSpan1131" value="1181"/>
		<feat xlink:href="#sSpan1132" value="1183"/>
		<feat xlink:href="#sSpan1133" value="1186"/>
		<feat xlink:href="#sSpan1134" value="1191"/>
		<feat xlink:href="#sSpan1135" value="1198"/>
		<feat xlink:href="#sSpan1136" value="1210"/>
		<feat xlink:href="#sSpan1137" value="1219"/>
		<feat xlink:href="#sSpan1138" value="1220"/></featList></paula>