<?xml version='1.0' encoding='UTF-8'?><!DOCTYPE paula SYSTEM "paula_feat.dtd">
<paula version="1.1">
	<header paula_id="rsd.GENTLE_esports_fortnite.mark_head_tok"/>
	<featList xmlns:xlink="http://www.w3.org/1999/xlink" type="head_tok" xml:base="rsd.GENTLE_esports_fortnite.mark.xml">
		<feat xlink:href="#sSpan1" value="launch"/>
		<feat xlink:href="#sSpan2" value="end"/>
		<feat xlink:href="#sSpan3" value="player"/>
		<feat xlink:href="#sSpan4" value="sit"/>
		<feat xlink:href="#sSpan5" value="lead"/>
		<feat xlink:href="#sSpan6" value="Kreo"/>
		<feat xlink:href="#sSpan7" value="fly"/>
		<feat xlink:href="#sSpan8" value="spread"/>
		<feat xlink:href="#sSpan9" value="be"/>
		<feat xlink:href="#sSpan10" value="placement"/>
		<feat xlink:href="#sSpan11" value="enough"/>
		<feat xlink:href="#sSpan12" value="thing"/>
		<feat xlink:href="#sSpan13" value="yesterday"/>
		<feat xlink:href="#sSpan14" value="hold"/>
		<feat xlink:href="#sSpan15" value="slip"/>
		<feat xlink:href="#sSpan16" value="lead"/>
		<feat xlink:href="#sSpan17" value="lose"/>
		<feat xlink:href="#sSpan18" value="suffer"/>
		<feat xlink:href="#sSpan19" value="close"/>
		<feat xlink:href="#sSpan20" value="remain"/>
		<feat xlink:href="#sSpan21" value="Pennsylvania"/>
		<feat xlink:href="#sSpan22" value="qualify"/>
		<feat xlink:href="#sSpan23" value="get"/>
		<feat xlink:href="#sSpan24" value="try"/>
		<feat xlink:href="#sSpan25" value="buy"/>
		<feat xlink:href="#sSpan26" value="walk"/>
		<feat xlink:href="#sSpan27" value="go"/>
		<feat xlink:href="#sSpan28" value="say"/>
		<feat xlink:href="#sSpan29" value="quit"/>
		<feat xlink:href="#sSpan30" value="wait"/>
		<feat xlink:href="#sSpan31" value="know"/>
		<feat xlink:href="#sSpan32" value="imagine"/>
		<feat xlink:href="#sSpan33" value="win"/>
		<feat xlink:href="#sSpan34" value="go"/>
		<feat xlink:href="#sSpan35" value="go"/>
		<feat xlink:href="#sSpan36" value="right"/>
		<feat xlink:href="#sSpan37" value="pay"/>
		<feat xlink:href="#sSpan38" value="guess"/>
		<feat xlink:href="#sSpan39" value="point"/>
		<feat xlink:href="#sSpan40" value="set"/>
		<feat xlink:href="#sSpan41" value="fight"/>
		<feat xlink:href="#sSpan42" value="see"/>
		<feat xlink:href="#sSpan43" value="look"/>
		<feat xlink:href="#sSpan44" value="rifle"/>
		<feat xlink:href="#sSpan45" value="one"/>
		<feat xlink:href="#sSpan46" value="go"/>
		<feat xlink:href="#sSpan47" value="Skite"/>
		<feat xlink:href="#sSpan48" value="place"/>
		<feat xlink:href="#sSpan49" value="go"/>
		<feat xlink:href="#sSpan50" value="do"/>
		<feat xlink:href="#sSpan51" value="throw"/>
		<feat xlink:href="#sSpan52" value="see"/>
		<feat xlink:href="#sSpan53" value="surround"/>
		<feat xlink:href="#sSpan54" value="side"/>
		<feat xlink:href="#sSpan55" value="continue"/>
		<feat xlink:href="#sSpan56" value="shot"/>
		<feat xlink:href="#sSpan57" value="leave"/>
		<feat xlink:href="#sSpan58" value="solve"/>
		<feat xlink:href="#sSpan59" value="good"/>
		<feat xlink:href="#sSpan60" value="count"/>
		<feat xlink:href="#sSpan61" value="continue"/>
		<feat xlink:href="#sSpan62" value="outside"/>
		<feat xlink:href="#sSpan63" value="fight"/>
		<feat xlink:href="#sSpan64" value="build"/>
		<feat xlink:href="#sSpan65" value="want"/>
		<feat xlink:href="#sSpan66" value="load"/>
		<feat xlink:href="#sSpan67" value="pickup"/>
		<feat xlink:href="#sSpan68" value="start"/>
		<feat xlink:href="#sSpan69" value="remain"/>
		<feat xlink:href="#sSpan70" value="gun"/>
		<feat xlink:href="#sSpan71" value="talk"/>
		<feat xlink:href="#sSpan72" value="BlastR"/>
		<feat xlink:href="#sSpan73" value="HP"/>
		<feat xlink:href="#sSpan74" value="far"/>
		<feat xlink:href="#sSpan75" value="get"/>
		<feat xlink:href="#sSpan76" value="go"/>
		<feat xlink:href="#sSpan77" value="get"/>
		<feat xlink:href="#sSpan78" value="up"/>
		<feat xlink:href="#sSpan79" value="come"/>
		<feat xlink:href="#sSpan80" value="able"/>
		<feat xlink:href="#sSpan81" value="heal"/>
		<feat xlink:href="#sSpan82" value="have"/>
		<feat xlink:href="#sSpan83" value="get"/>
		<feat xlink:href="#sSpan84" value="take"/>
		<feat xlink:href="#sSpan85" value="look"/>
		<feat xlink:href="#sSpan86" value="pick"/>
		<feat xlink:href="#sSpan87" value="see"/>
		<feat xlink:href="#sSpan88" value="remain"/>
		<feat xlink:href="#sSpan89" value="start"/>
		<feat xlink:href="#sSpan90" value="bandage"/>
		<feat xlink:href="#sSpan91" value="hang"/>
		<feat xlink:href="#sSpan92" value="go"/>
		<feat xlink:href="#sSpan93" value="take"/>
		<feat xlink:href="#sSpan94" value="go"/>
		<feat xlink:href="#sSpan95" value="look"/>
		<feat xlink:href="#sSpan96" value="JarkoS"/>
		<feat xlink:href="#sSpan97" value="face"/>
		<feat xlink:href="#sSpan98" value="go"/>
		<feat xlink:href="#sSpan99" value="angle"/>
		<feat xlink:href="#sSpan100" value="push"/>
		<feat xlink:href="#sSpan101" value="play"/>
		<feat xlink:href="#sSpan102" value="pick"/>
		<feat xlink:href="#sSpan103" value="clean"/>
		<feat xlink:href="#sSpan104" value="end"/>
		<feat xlink:href="#sSpan105" value="performance"/>
		<feat xlink:href="#sSpan106" value="see"/>
		<feat xlink:href="#sSpan107" value="say"/>
		<feat xlink:href="#sSpan108" value="reminder"/>
		<feat xlink:href="#sSpan109" value="use"/>
		<feat xlink:href="#sSpan110" value="get"/>
		<feat xlink:href="#sSpan111" value="say"/>
		<feat xlink:href="#sSpan112" value="million"/>
		<feat xlink:href="#sSpan113" value="watch"/>
		<feat xlink:href="#sSpan114" value="player"/>
		<feat xlink:href="#sSpan115" value="do"/>
		<feat xlink:href="#sSpan116" value="make"/>
		<feat xlink:href="#sSpan117" value="try"/>
		<feat xlink:href="#sSpan118" value="ahead"/>
		<feat xlink:href="#sSpan119" value="Pika"/>
		<feat xlink:href="#sSpan120" value="angle"/>
		<feat xlink:href="#sSpan121" value="go"/>
		<feat xlink:href="#sSpan122" value="try"/>
		<feat xlink:href="#sSpan123" value="earn"/>
		<feat xlink:href="#sSpan124" value="think"/>
		<feat xlink:href="#sSpan125" value="say"/>
		<feat xlink:href="#sSpan126" value="place"/>
		<feat xlink:href="#sSpan127" value="roll"/>
		<feat xlink:href="#sSpan128" value="try"/>
		<feat xlink:href="#sSpan129" value="push"/>
		<feat xlink:href="#sSpan130" value="get"/>
		<feat xlink:href="#sSpan131" value="kid"/>
		<feat xlink:href="#sSpan132" value="use"/>
		<feat xlink:href="#sSpan133" value="get"/>
		<feat xlink:href="#sSpan134" value="smack"/>
		<feat xlink:href="#sSpan135" value="unbelievable"/>
		<feat xlink:href="#sSpan136" value="call"/>
		<feat xlink:href="#sSpan137" value="call"/>
		<feat xlink:href="#sSpan138" value="try"/>
		<feat xlink:href="#sSpan139" value="secure"/>
		<feat xlink:href="#sSpan140" value="be"/>
		<feat xlink:href="#sSpan141" value="break"/>
		<feat xlink:href="#sSpan142" value="replace"/>
		<feat xlink:href="#sSpan143" value="do"/>
		<feat xlink:href="#sSpan144" value="Pika"/>
		<feat xlink:href="#sSpan145" value="assault"/>
		<feat xlink:href="#sSpan146" value="look"/>
		<feat xlink:href="#sSpan147" value="continue"/>
		<feat xlink:href="#sSpan148" value="use"/>
		<feat xlink:href="#sSpan149" value="try"/>
		<feat xlink:href="#sSpan150" value="say"/>
		<feat xlink:href="#sSpan151" value="surprise"/>
		<feat xlink:href="#sSpan152" value="see"/>
		<feat xlink:href="#sSpan153" value="HP"/>
		<feat xlink:href="#sSpan154" value="blame"/>
		<feat xlink:href="#sSpan155" value="know"/>
		<feat xlink:href="#sSpan156" value="sparse"/>
		<feat xlink:href="#sSpan157" value="try"/>
		<feat xlink:href="#sSpan158" value="rotate"/>
		<feat xlink:href="#sSpan159" value="go"/>
		<feat xlink:href="#sSpan160" value="know"/>
		<feat xlink:href="#sSpan161" value="loot"/>
		<feat xlink:href="#sSpan162" value="okay"/>
		<feat xlink:href="#sSpan163" value="rifle"/>
		<feat xlink:href="#sSpan164" value="end"/>
		<feat xlink:href="#sSpan165" value="okay"/>
		<feat xlink:href="#sSpan166" value="look"/>
		<feat xlink:href="#sSpan167" value="see"/>
		<feat xlink:href="#sSpan168" value="watch"/>
		<feat xlink:href="#sSpan169" value="wait"/>
		<feat xlink:href="#sSpan170" value="use"/>
		<feat xlink:href="#sSpan171" value="try"/>
		<feat xlink:href="#sSpan172" value="opt"/>
		<feat xlink:href="#sSpan173" value="get"/>
		<feat xlink:href="#sSpan174" value="insane"/>
		<feat xlink:href="#sSpan175" value="know"/></featList></paula>