<?xml version='1.0' encoding='UTF-8'?><!DOCTYPE paula SYSTEM "paula_feat.dtd">
<paula version="1.1">
	<header paula_id="rst.GENTLE_esports_fortnite.struct_relname"/>
	<featList xmlns:xlink="http://www.w3.org/1999/xlink" type="relname" xml:base="rst.GENTLE_esports_fortnite.struct.xml">
		<feat xlink:href="#sDomRel22" value="explanation-evidence"/>
		<feat xlink:href="#sDomRel23" value="span"/>
		<feat xlink:href="#sDomRel44" value="elaboration-attribute"/>
		<feat xlink:href="#sDomRel45" value="span"/>
		<feat xlink:href="#sDomRel54" value="explanation-justify"/>
		<feat xlink:href="#sDomRel55" value="span"/>
		<feat xlink:href="#sDomRel56" value="same-unit"/>
		<feat xlink:href="#sDomRel57" value="same-unit"/>
		<feat xlink:href="#sDomRel58" value="evaluation-comment"/>
		<feat xlink:href="#sDomRel59" value="span"/>
		<feat xlink:href="#sDomRel70" value="evaluation-comment"/>
		<feat xlink:href="#sDomRel71" value="span"/>
		<feat xlink:href="#sDomRel87" value="elaboration-additional"/>
		<feat xlink:href="#sDomRel110" value="causal-cause"/>
		<feat xlink:href="#sDomRel111" value="span"/>
		<feat xlink:href="#sDomRel112" value="span"/>
		<feat xlink:href="#sDomRel113" value="elaboration-additional"/>
		<feat xlink:href="#sDomRel134" value="purpose-attribute"/>
		<feat xlink:href="#sDomRel135" value="span"/>
		<feat xlink:href="#sDomRel136" value="joint-list"/>
		<feat xlink:href="#sDomRel137" value="joint-list"/>
		<feat xlink:href="#sDomRel138" value="span"/>
		<feat xlink:href="#sDomRel139" value="evaluation-comment"/>
		<feat xlink:href="#sDomRel153" value="joint-list"/>
		<feat xlink:href="#sDomRel154" value="joint-list"/>
		<feat xlink:href="#sDomRel155" value="span"/>
		<feat xlink:href="#sDomRel156" value="elaboration-additional"/>
		<feat xlink:href="#sDomRel157" value="span"/>
		<feat xlink:href="#sDomRel197" value="restatement-partial"/>
		<feat xlink:href="#sDomRel206" value="span"/>
		<feat xlink:href="#sDomRel207" value="elaboration-additional"/>
		<feat xlink:href="#sDomRel208" value="explanation-justify"/>
		<feat xlink:href="#sDomRel209" value="span"/>
		<feat xlink:href="#sDomRel210" value="adversative-concession"/>
		<feat xlink:href="#sDomRel211" value="span"/>
		<feat xlink:href="#sDomRel212" value="span"/>
		<feat xlink:href="#sDomRel221" value="evaluation-comment"/>
		<feat xlink:href="#sDomRel222" value="organization-preparation"/>
		<feat xlink:href="#sDomRel223" value="span"/>
		<feat xlink:href="#sDomRel224" value="span"/>
		<feat xlink:href="#sDomRel244" value="adversative-concession"/>
		<feat xlink:href="#sDomRel245" value="topic-question"/>
		<feat xlink:href="#sDomRel246" value="span"/>
		<feat xlink:href="#sDomRel247" value="span"/>
		<feat xlink:href="#sDomRel257" value="joint-list"/>
		<feat xlink:href="#sDomRel258" value="joint-list"/>
		<feat xlink:href="#sDomRel262" value="purpose-goal"/>
		<feat xlink:href="#sDomRel263" value="span"/>
		<feat xlink:href="#sDomRel269" value="elaboration-additional"/>
		<feat xlink:href="#sDomRel270" value="span"/>
		<feat xlink:href="#sDomRel279" value="attribution-positive"/>
		<feat xlink:href="#sDomRel301" value="organization-preparation"/>
		<feat xlink:href="#sDomRel302" value="joint-other"/>
		<feat xlink:href="#sDomRel303" value="joint-other"/>
		<feat xlink:href="#sDomRel304" value="span"/>
		<feat xlink:href="#sDomRel305" value="span"/>
		<feat xlink:href="#sDomRel306" value="context-background"/>
		<feat xlink:href="#sDomRel307" value="span"/>
		<feat xlink:href="#sDomRel319" value="context-circumstance"/>
		<feat xlink:href="#sDomRel320" value="span"/>
		<feat xlink:href="#sDomRel338" value="attribution-positive"/>
		<feat xlink:href="#sDomRel339" value="span"/>
		<feat xlink:href="#sDomRel340" value="adversative-contrast"/>
		<feat xlink:href="#sDomRel341" value="adversative-contrast"/>
		<feat xlink:href="#sDomRel359" value="evaluation-comment"/>
		<feat xlink:href="#sDomRel360" value="span"/>
		<feat xlink:href="#sDomRel388" value="elaboration-attribute"/>
		<feat xlink:href="#sDomRel389" value="span"/>
		<feat xlink:href="#sDomRel390" value="same-unit"/>
		<feat xlink:href="#sDomRel391" value="same-unit"/>
		<feat xlink:href="#sDomRel401" value="context-circumstance"/>
		<feat xlink:href="#sDomRel407" value="span"/>
		<feat xlink:href="#sDomRel408" value="evaluation-comment"/>
		<feat xlink:href="#sDomRel409" value="span"/>
		<feat xlink:href="#sDomRel422" value="evaluation-comment"/>
		<feat xlink:href="#sDomRel444" value="context-circumstance"/>
		<feat xlink:href="#sDomRel445" value="span"/>
		<feat xlink:href="#sDomRel451" value="adversative-concession"/>
		<feat xlink:href="#sDomRel452" value="span"/>
		<feat xlink:href="#sDomRel464" value="evaluation-comment"/>
		<feat xlink:href="#sDomRel465" value="span"/>
		<feat xlink:href="#sDomRel466" value="span"/>
		<feat xlink:href="#sDomRel467" value="causal-result"/>
		<feat xlink:href="#sDomRel468" value="span"/>
		<feat xlink:href="#sDomRel469" value="joint-sequence"/>
		<feat xlink:href="#sDomRel470" value="joint-sequence"/>
		<feat xlink:href="#sDomRel471" value="joint-sequence"/>
		<feat xlink:href="#sDomRel492" value="purpose-goal"/>
		<feat xlink:href="#sDomRel493" value="context-background"/>
		<feat xlink:href="#sDomRel494" value="span"/>
		<feat xlink:href="#sDomRel495" value="span"/>
		<feat xlink:href="#sDomRel496" value="joint-sequence"/>
		<feat xlink:href="#sDomRel497" value="joint-sequence"/>
		<feat xlink:href="#sDomRel498" value="joint-sequence"/>
		<feat xlink:href="#sDomRel499" value="joint-sequence"/>
		<feat xlink:href="#sDomRel500" value="joint-sequence"/>
		<feat xlink:href="#sDomRel501" value="joint-sequence"/>
		<feat xlink:href="#sDomRel502" value="joint-sequence"/>
		<feat xlink:href="#sDomRel503" value="joint-sequence"/>
		<feat xlink:href="#sDomRel504" value="joint-sequence"/>
		<feat xlink:href="#sDomRel505" value="joint-sequence"/>
		<feat xlink:href="#sDomRel506" value="context-background"/>
		<feat xlink:href="#sDomRel526" value="elaboration-attribute"/>
		<feat xlink:href="#sDomRel527" value="span"/>
		<feat xlink:href="#sDomRel533" value="purpose-goal"/>
		<feat xlink:href="#sDomRel534" value="span"/>
		<feat xlink:href="#sDomRel544" value="elaboration-additional"/>
		<feat xlink:href="#sDomRel552" value="elaboration-attribute"/>
		<feat xlink:href="#sDomRel553" value="span"/>
		<feat xlink:href="#sDomRel559" value="context-circumstance"/>
		<feat xlink:href="#sDomRel560" value="span"/>
		<feat xlink:href="#sDomRel574" value="attribution-positive"/>
		<feat xlink:href="#sDomRel575" value="span"/>
		<feat xlink:href="#sDomRel576" value="span"/>
		<feat xlink:href="#sDomRel577" value="context-background"/>
		<feat xlink:href="#sDomRel578" value="span"/>
		<feat xlink:href="#sDomRel579" value="span"/>
		<feat xlink:href="#sDomRel580" value="evaluation-comment"/>
		<feat xlink:href="#sDomRel581" value="span"/>
		<feat xlink:href="#sDomRel614" value="context-circumstance"/>
		<feat xlink:href="#sDomRel615" value="span"/>
		<feat xlink:href="#sDomRel616" value="same-unit"/>
		<feat xlink:href="#sDomRel617" value="same-unit"/>
		<feat xlink:href="#sDomRel630" value="attribution-positive"/>
		<feat xlink:href="#sDomRel631" value="span"/>
		<feat xlink:href="#sDomRel644" value="evaluation-comment"/>
		<feat xlink:href="#sDomRel645" value="span"/>
		<feat xlink:href="#sDomRel646" value="joint-sequence"/>
		<feat xlink:href="#sDomRel647" value="joint-sequence"/>
		<feat xlink:href="#sDomRel648" value="context-background"/>
		<feat xlink:href="#sDomRel649" value="span"/>
		<feat xlink:href="#sDomRel673" value="context-circumstance"/>
		<feat xlink:href="#sDomRel674" value="span"/>
		<feat xlink:href="#sDomRel675" value="same-unit"/>
		<feat xlink:href="#sDomRel676" value="mode-means"/>
		<feat xlink:href="#sDomRel677" value="same-unit"/>
		<feat xlink:href="#sDomRel678" value="span"/>
		<feat xlink:href="#sDomRel692" value="evaluation-comment"/>
		<feat xlink:href="#sDomRel702" value="purpose-goal"/>
		<feat xlink:href="#sDomRel712" value="span"/>
		<feat xlink:href="#sDomRel713" value="context-circumstance"/>
		<feat xlink:href="#sDomRel714" value="span"/>
		<feat xlink:href="#sDomRel715" value="span"/>
		<feat xlink:href="#sDomRel716" value="mode-manner"/>
		<feat xlink:href="#sDomRel733" value="restatement-repetition"/>
		<feat xlink:href="#sDomRel734" value="restatement-repetition"/>
		<feat xlink:href="#sDomRel735" value="joint-list"/>
		<feat xlink:href="#sDomRel736" value="joint-list"/>
		<feat xlink:href="#sDomRel737" value="span"/>
		<feat xlink:href="#sDomRel738" value="evaluation-comment"/>
		<feat xlink:href="#sDomRel758" value="purpose-goal"/>
		<feat xlink:href="#sDomRel759" value="span"/>
		<feat xlink:href="#sDomRel782" value="attribution-positive"/>
		<feat xlink:href="#sDomRel783" value="joint-sequence"/>
		<feat xlink:href="#sDomRel784" value="joint-sequence"/>
		<feat xlink:href="#sDomRel785" value="context-circumstance"/>
		<feat xlink:href="#sDomRel786" value="span"/>
		<feat xlink:href="#sDomRel787" value="causal-result"/>
		<feat xlink:href="#sDomRel788" value="span"/>
		<feat xlink:href="#sDomRel789" value="span"/>
		<feat xlink:href="#sDomRel790" value="span"/>
		<feat xlink:href="#sDomRel791" value="elaboration-additional"/>
		<feat xlink:href="#sDomRel792" value="span"/>
		<feat xlink:href="#sDomRel822" value="adversative-contrast"/>
		<feat xlink:href="#sDomRel823" value="adversative-contrast"/>
		<feat xlink:href="#sDomRel837" value="purpose-goal"/>
		<feat xlink:href="#sDomRel838" value="span"/>
		<feat xlink:href="#sDomRel848" value="mode-means"/>
		<feat xlink:href="#sDomRel849" value="span"/>
		<feat xlink:href="#sDomRel866" value="elaboration-attribute"/>
		<feat xlink:href="#sDomRel867" value="attribution-positive"/>
		<feat xlink:href="#sDomRel868" value="span"/>
		<feat xlink:href="#sDomRel869" value="span"/>
		<feat xlink:href="#sDomRel893" value="attribution-positive"/>
		<feat xlink:href="#sDomRel894" value="span"/>
		<feat xlink:href="#sDomRel905" value="explanation-justify"/>
		<feat xlink:href="#sDomRel906" value="context-circumstance"/>
		<feat xlink:href="#sDomRel907" value="span"/>
		<feat xlink:href="#sDomRel908" value="span"/>
		<feat xlink:href="#sDomRel909" value="adversative-contrast"/>
		<feat xlink:href="#sDomRel910" value="adversative-contrast"/>
		<feat xlink:href="#sDomRel911" value="joint-list"/>
		<feat xlink:href="#sDomRel912" value="joint-list"/>
		<feat xlink:href="#sDomRel913" value="joint-list"/>
		<feat xlink:href="#sDomRel914" value="joint-list"/>
		<feat xlink:href="#sDomRel915" value="evaluation-comment"/>
		<feat xlink:href="#sDomRel916" value="span"/>
		<feat xlink:href="#sDomRel933" value="mode-manner"/>
		<feat xlink:href="#sDomRel951" value="context-circumstance"/>
		<feat xlink:href="#sDomRel952" value="span"/>
		<feat xlink:href="#sDomRel953" value="span"/>
		<feat xlink:href="#sDomRel954" value="evaluation-comment"/>
		<feat xlink:href="#sDomRel955" value="span"/>
		<feat xlink:href="#sDomRel965" value="organization-phatic"/>
		<feat xlink:href="#sDomRel980" value="joint-list"/>
		<feat xlink:href="#sDomRel981" value="joint-list"/>
		<feat xlink:href="#sDomRel982" value="organization-phatic"/>
		<feat xlink:href="#sDomRel983" value="span"/>
		<feat xlink:href="#sDomRel984" value="span"/>
		<feat xlink:href="#sDomRel985" value="elaboration-additional"/>
		<feat xlink:href="#sDomRel986" value="span"/>
		<feat xlink:href="#sDomRel987" value="joint-sequence"/>
		<feat xlink:href="#sDomRel988" value="joint-sequence"/>
		<feat xlink:href="#sDomRel995" value="attribution-positive"/>
		<feat xlink:href="#sDomRel996" value="joint-list"/>
		<feat xlink:href="#sDomRel997" value="joint-list"/>
		<feat xlink:href="#sDomRel998" value="span"/>
		<feat xlink:href="#sDomRel1005" value="explanation-evidence"/>
		<feat xlink:href="#sDomRel1019" value="purpose-goal"/>
		<feat xlink:href="#sDomRel1020" value="span"/>
		<feat xlink:href="#sDomRel1021" value="span"/>
		<feat xlink:href="#sDomRel1022" value="mode-means"/>
		<feat xlink:href="#sDomRel1023" value="span"/>
		<feat xlink:href="#sDomRel1034" value="causal-cause"/>
		<feat xlink:href="#sDomRel1047" value="span"/>
		<feat xlink:href="#sDomRel1048" value="context-circumstance"/>
		<feat xlink:href="#sDomRel1049" value="span"/>
		<feat xlink:href="#sDomRel1062" value="purpose-goal"/>
		<feat xlink:href="#sDomRel1063" value="span"/>
		<feat xlink:href="#sDomRel1064" value="joint-sequence"/>
		<feat xlink:href="#sDomRel1065" value="joint-sequence"/>
		<feat xlink:href="#sDomRel1066" value="joint-sequence"/>
		<feat xlink:href="#sDomRel1067" value="joint-sequence"/>
		<feat xlink:href="#sDomRel1068" value="joint-sequence"/>
		<feat xlink:href="#sDomRel1069" value="joint-sequence"/>
		<feat xlink:href="#sDomRel1070" value="joint-sequence"/>
		<feat xlink:href="#sDomRel1071" value="joint-sequence"/>
		<feat xlink:href="#sDomRel1099" value="purpose-attribute"/>
		<feat xlink:href="#sDomRel1100" value="span"/>
		<feat xlink:href="#sDomRel1101" value="joint-sequence"/>
		<feat xlink:href="#sDomRel1102" value="joint-sequence"/>
		<feat xlink:href="#sDomRel1103" value="organization-preparation"/>
		<feat xlink:href="#sDomRel1104" value="span"/>
		<feat xlink:href="#sDomRel1117" value="evaluation-comment"/>
		<feat xlink:href="#sDomRel1118" value="span"/>
		<feat xlink:href="#sDomRel1131" value="elaboration-attribute"/>
		<feat xlink:href="#sDomRel1132" value="span"/>
		<feat xlink:href="#sDomRel1150" value="elaboration-attribute"/>
		<feat xlink:href="#sDomRel1151" value="span"/>
		<feat xlink:href="#sDomRel1186" value="organization-preparation"/>
		<feat xlink:href="#sDomRel1187" value="span"/>
		<feat xlink:href="#sDomRel1188" value="joint-list"/>
		<feat xlink:href="#sDomRel1189" value="joint-list"/>
		<feat xlink:href="#sDomRel1190" value="restatement-partial"/>
		<feat xlink:href="#sDomRel1216" value="causal-result"/>
		<feat xlink:href="#sDomRel1217" value="span"/>
		<feat xlink:href="#sDomRel1218" value="span"/>
		<feat xlink:href="#sDomRel1219" value="elaboration-additional"/>
		<feat xlink:href="#sDomRel1220" value="span"/>
		<feat xlink:href="#sDomRel1236" value="context-circumstance"/>
		<feat xlink:href="#sDomRel1242" value="span"/>
		<feat xlink:href="#sDomRel1243" value="elaboration-additional"/>
		<feat xlink:href="#sDomRel1262" value="organization-preparation"/>
		<feat xlink:href="#sDomRel1263" value="span"/>
		<feat xlink:href="#sDomRel1264" value="span"/>
		<feat xlink:href="#sDomRel1265" value="elaboration-additional"/>
		<feat xlink:href="#sDomRel1266" value="span"/>
		<feat xlink:href="#sDomRel1293" value="restatement-partial"/>
		<feat xlink:href="#sDomRel1294" value="span"/>
		<feat xlink:href="#sDomRel1310" value="causal-result"/>
		<feat xlink:href="#sDomRel1311" value="span"/>
		<feat xlink:href="#sDomRel1312" value="joint-disjunction"/>
		<feat xlink:href="#sDomRel1313" value="context-background"/>
		<feat xlink:href="#sDomRel1314" value="joint-disjunction"/>
		<feat xlink:href="#sDomRel1352" value="purpose-goal"/>
		<feat xlink:href="#sDomRel1353" value="span"/>
		<feat xlink:href="#sDomRel1364" value="purpose-goal"/>
		<feat xlink:href="#sDomRel1365" value="span"/>
		<feat xlink:href="#sDomRel1378" value="attribution-positive"/>
		<feat xlink:href="#sDomRel1379" value="span"/>
		<feat xlink:href="#sDomRel1380" value="joint-sequence"/>
		<feat xlink:href="#sDomRel1381" value="joint-sequence"/>
		<feat xlink:href="#sDomRel1394" value="causal-result"/>
		<feat xlink:href="#sDomRel1407" value="organization-phatic"/>
		<feat xlink:href="#sDomRel1408" value="span"/>
		<feat xlink:href="#sDomRel1409" value="span"/>
		<feat xlink:href="#sDomRel1410" value="evaluation-comment"/>
		<feat xlink:href="#sDomRel1419" value="adversative-antithesis"/>
		<feat xlink:href="#sDomRel1420" value="span"/>
		<feat xlink:href="#sDomRel1443" value="evaluation-comment"/>
		<feat xlink:href="#sDomRel1447" value="span"/>
		<feat xlink:href="#sDomRel1448" value="organization-phatic"/>
		<feat xlink:href="#sDomRel1449" value="span"/>
		<feat xlink:href="#sDomRel1459" value="attribution-positive"/>
		<feat xlink:href="#sDomRel1460" value="span"/>
		<feat xlink:href="#sDomRel1461" value="same-unit"/>
		<feat xlink:href="#sDomRel1462" value="topic-solutionhood"/>
		<feat xlink:href="#sDomRel1463" value="same-unit"/>
		<feat xlink:href="#sDomRel1464" value="contingency-condition"/>
		<feat xlink:href="#sDomRel1465" value="span"/>
		<feat xlink:href="#sDomRel1466" value="span"/>
		<feat xlink:href="#sDomRel1467" value="span"/>
		<feat xlink:href="#sDomRel1468" value="elaboration-additional"/>
		<feat xlink:href="#sDomRel1469" value="adversative-antithesis"/>
		<feat xlink:href="#sDomRel1470" value="span"/>
		<feat xlink:href="#sDomRel1471" value="span"/>
		<feat xlink:href="#sDomRel1472" value="joint-other"/>
		<feat xlink:href="#sDomRel1473" value="joint-other"/>
		<feat xlink:href="#sDomRel1474" value="joint-other"/>
		<feat xlink:href="#sDomRel1475" value="span"/>
		<feat xlink:href="#sDomRel1476" value="context-background"/>
		<feat xlink:href="#sDomRel1477" value="span"/>
		<feat xlink:href="#sDomRel1498" value="elaboration-attribute"/>
		<feat xlink:href="#sDomRel1499" value="span"/>
		<feat xlink:href="#sDomRel1511" value="elaboration-attribute"/>
		<feat xlink:href="#sDomRel1512" value="span"/>
		<feat xlink:href="#sDomRel1513" value="restatement-partial"/>
		<feat xlink:href="#sDomRel1514" value="same-unit"/>
		<feat xlink:href="#sDomRel1515" value="same-unit"/>
		<feat xlink:href="#sDomRel1531" value="elaboration-attribute"/>
		<feat xlink:href="#sDomRel1532" value="span"/>
		<feat xlink:href="#sDomRel1543" value="organization-phatic"/>
		<feat xlink:href="#sDomRel1544" value="span"/>
		<feat xlink:href="#sDomRel1545" value="same-unit"/>
		<feat xlink:href="#sDomRel1546" value="same-unit"/>
		<feat xlink:href="#sDomRel1547" value="context-circumstance"/>
		<feat xlink:href="#sDomRel1548" value="span"/>
		<feat xlink:href="#sDomRel1549" value="span"/>
		<feat xlink:href="#sDomRel1550" value="elaboration-additional"/>
		<feat xlink:href="#sDomRel1551" value="span"/>
		<feat xlink:href="#sDomRel1552" value="joint-other"/>
		<feat xlink:href="#sDomRel1553" value="joint-other"/>
		<feat xlink:href="#sDomRel1554" value="joint-other"/>
		<feat xlink:href="#sDomRel1555" value="joint-other"/>
		<feat xlink:href="#sDomRel1556" value="joint-other"/>
		<feat xlink:href="#sDomRel1557" value="joint-sequence"/>
		<feat xlink:href="#sDomRel1558" value="joint-sequence"/>
		<feat xlink:href="#sDomRel1559" value="context-background"/>
		<feat xlink:href="#sDomRel1560" value="adversative-antithesis"/>
		<feat xlink:href="#sDomRel1561" value="span"/>
		<feat xlink:href="#sDomRel1562" value="span"/></featList></paula>