<?xml version='1.0' encoding='UTF-8'?><!DOCTYPE paula SYSTEM "paula_feat.dtd">
<paula version="1.1">
	<header paula_id="rst.GENTLE_esports_fortnite.struct_type"/>
	<featList xmlns:xlink="http://www.w3.org/1999/xlink" type="type" xml:base="rst.GENTLE_esports_fortnite.struct.xml">
		<feat xlink:href="#structure1168" value="span"/>
		<feat xlink:href="#structure1173" value="span"/>
		<feat xlink:href="#structure1176" value="span"/>
		<feat xlink:href="#structure1177" value="multinuc"/>
		<feat xlink:href="#structure1178" value="span"/>
		<feat xlink:href="#structure1180" value="span"/>
		<feat xlink:href="#structure1185" value="span"/>
		<feat xlink:href="#structure1186" value="span"/>
		<feat xlink:href="#structure1190" value="span"/>
		<feat xlink:href="#structure1191" value="multinuc"/>
		<feat xlink:href="#structure1192" value="span"/>
		<feat xlink:href="#structure1195" value="multinuc"/>
		<feat xlink:href="#structure1196" value="span"/>
		<feat xlink:href="#structure1197" value="span"/>
		<feat xlink:href="#structure1204" value="span"/>
		<feat xlink:href="#structure1205" value="span"/>
		<feat xlink:href="#structure1206" value="span"/>
		<feat xlink:href="#structure1207" value="span"/>
		<feat xlink:href="#structure1209" value="span"/>
		<feat xlink:href="#structure1210" value="span"/>
		<feat xlink:href="#structure1214" value="span"/>
		<feat xlink:href="#structure1215" value="span"/>
		<feat xlink:href="#structure1218" value="multinuc"/>
		<feat xlink:href="#structure1220" value="span"/>
		<feat xlink:href="#structure1222" value="span"/>
		<feat xlink:href="#structure1228" value="multinuc"/>
		<feat xlink:href="#structure1229" value="span"/>
		<feat xlink:href="#structure1230" value="span"/>
		<feat xlink:href="#structure1231" value="span"/>
		<feat xlink:href="#structure1234" value="span"/>
		<feat xlink:href="#structure1237" value="span"/>
		<feat xlink:href="#structure1238" value="multinuc"/>
		<feat xlink:href="#structure1241" value="span"/>
		<feat xlink:href="#structure1245" value="span"/>
		<feat xlink:href="#structure1246" value="multinuc"/>
		<feat xlink:href="#structure1250" value="span"/>
		<feat xlink:href="#structure1251" value="span"/>
		<feat xlink:href="#structure1256" value="span"/>
		<feat xlink:href="#structure1258" value="span"/>
		<feat xlink:href="#structure1260" value="span"/>
		<feat xlink:href="#structure1261" value="span"/>
		<feat xlink:href="#structure1262" value="span"/>
		<feat xlink:href="#structure1263" value="multinuc"/>
		<feat xlink:href="#structure1267" value="span"/>
		<feat xlink:href="#structure1268" value="span"/>
		<feat xlink:href="#structure1269" value="multinuc"/>
		<feat xlink:href="#structure1272" value="span"/>
		<feat xlink:href="#structure1274" value="span"/>
		<feat xlink:href="#structure1278" value="span"/>
		<feat xlink:href="#structure1280" value="span"/>
		<feat xlink:href="#structure1282" value="span"/>
		<feat xlink:href="#structure1283" value="span"/>
		<feat xlink:href="#structure1284" value="span"/>
		<feat xlink:href="#structure1285" value="span"/>
		<feat xlink:href="#structure1286" value="span"/>
		<feat xlink:href="#structure1291" value="span"/>
		<feat xlink:href="#structure1292" value="multinuc"/>
		<feat xlink:href="#structure1295" value="span"/>
		<feat xlink:href="#structure1297" value="span"/>
		<feat xlink:href="#structure1298" value="multinuc"/>
		<feat xlink:href="#structure1299" value="span"/>
		<feat xlink:href="#structure1304" value="span"/>
		<feat xlink:href="#structure1305" value="multinuc"/>
		<feat xlink:href="#structure1306" value="span"/>
		<feat xlink:href="#structure1312" value="span"/>
		<feat xlink:href="#structure1313" value="span"/>
		<feat xlink:href="#structure1314" value="span"/>
		<feat xlink:href="#structure1318" value="multinuc"/>
		<feat xlink:href="#structure1319" value="multinuc"/>
		<feat xlink:href="#structure1320" value="span"/>
		<feat xlink:href="#structure1324" value="span"/>
		<feat xlink:href="#structure1328" value="multinuc"/>
		<feat xlink:href="#structure1329" value="span"/>
		<feat xlink:href="#structure1330" value="span"/>
		<feat xlink:href="#structure1331" value="span"/>
		<feat xlink:href="#structure1332" value="span"/>
		<feat xlink:href="#structure1333" value="span"/>
		<feat xlink:href="#structure1337" value="multinuc"/>
		<feat xlink:href="#structure1340" value="span"/>
		<feat xlink:href="#structure1342" value="span"/>
		<feat xlink:href="#structure1346" value="span"/>
		<feat xlink:href="#structure1347" value="span"/>
		<feat xlink:href="#structure1351" value="span"/>
		<feat xlink:href="#structure1353" value="span"/>
		<feat xlink:href="#structure1354" value="span"/>
		<feat xlink:href="#structure1355" value="multinuc"/>
		<feat xlink:href="#structure1356" value="multinuc"/>
		<feat xlink:href="#structure1357" value="multinuc"/>
		<feat xlink:href="#structure1358" value="span"/>
		<feat xlink:href="#structure1363" value="span"/>
		<feat xlink:href="#structure1364" value="span"/>
		<feat xlink:href="#structure1365" value="span"/>
		<feat xlink:href="#structure1371" value="multinuc"/>
		<feat xlink:href="#structure1372" value="span"/>
		<feat xlink:href="#structure1373" value="span"/>
		<feat xlink:href="#structure1374" value="span"/>
		<feat xlink:href="#structure1375" value="multinuc"/>
		<feat xlink:href="#structure1379" value="multinuc"/>
		<feat xlink:href="#structure1380" value="span"/>
		<feat xlink:href="#structure1384" value="span"/>
		<feat xlink:href="#structure1385" value="span"/>
		<feat xlink:href="#structure1386" value="span"/>
		<feat xlink:href="#structure1390" value="span"/>
		<feat xlink:href="#structure1391" value="span"/>
		<feat xlink:href="#structure1393" value="span"/>
		<feat xlink:href="#structure1394" value="multinuc"/>
		<feat xlink:href="#structure1395" value="multinuc"/>
		<feat xlink:href="#structure1400" value="span"/>
		<feat xlink:href="#structure1401" value="multinuc"/>
		<feat xlink:href="#structure1402" value="span"/>
		<feat xlink:href="#structure1405" value="span"/>
		<feat xlink:href="#structure1407" value="span"/>
		<feat xlink:href="#structure1410" value="span"/>
		<feat xlink:href="#structure1413" value="span"/>
		<feat xlink:href="#structure1414" value="multinuc"/>
		<feat xlink:href="#structure1417" value="span"/>
		<feat xlink:href="#structure1418" value="span"/>
		<feat xlink:href="#structure1419" value="span"/>
		<feat xlink:href="#structure1423" value="span"/>
		<feat xlink:href="#structure1426" value="span"/>
		<feat xlink:href="#structure1427" value="span"/>
		<feat xlink:href="#structure1428" value="span"/>
		<feat xlink:href="#structure1432" value="span"/>
		<feat xlink:href="#structure1435" value="span"/>
		<feat xlink:href="#structure1436" value="multinuc"/>
		<feat xlink:href="#structure1441" value="span"/>
		<feat xlink:href="#structure1443" value="span"/>
		<feat xlink:href="#structure1447" value="span"/>
		<feat xlink:href="#structure1448" value="multinuc"/>
		<feat xlink:href="#structure1452" value="span"/>
		<feat xlink:href="#structure1453" value="span"/>
		<feat xlink:href="#structure1456" value="span"/>
		<feat xlink:href="#structure1461" value="span"/>
		<feat xlink:href="#structure1462" value="span"/>
		<feat xlink:href="#structure1465" value="span"/>
		<feat xlink:href="#structure1466" value="multinuc"/>
		<feat xlink:href="#structure1467" value="span"/>
		<feat xlink:href="#structure1468" value="span"/>
		<feat xlink:href="#structure1469" value="span"/>
		<feat xlink:href="#structure1470" value="span"/>
		<feat xlink:href="#structure1471" value="span"/>
		<feat xlink:href="#structure1472" value="multinuc"/>
		<feat xlink:href="#structure1473" value="span"/>
		<feat xlink:href="#structure1474" value="span"/>
		<feat xlink:href="#structure1478" value="span"/>
		<feat xlink:href="#structure1481" value="span"/>
		<feat xlink:href="#structure1482" value="multinuc"/>
		<feat xlink:href="#structure1486" value="span"/>
		<feat xlink:href="#structure1489" value="span"/>
		<feat xlink:href="#structure1490" value="multinuc"/>
		<feat xlink:href="#structure1491" value="span"/>
		<feat xlink:href="#structure1492" value="span"/>
		<feat xlink:href="#structure1493" value="span"/>
		<feat xlink:href="#structure1494" value="multinuc"/>
		<feat xlink:href="#structure1495" value="multinuc"/>
		<feat xlink:href="#structure1496" value="span"/>
		<feat xlink:href="#structure1497" value="span"/></featList></paula>