<?xml version='1.0' encoding='UTF-8'?><!DOCTYPE paula SYSTEM "paula_feat.dtd">
<paula version="1.1">
	<header paula_id="rst.GENTLE_esports_fortnite.struct_type"/>
	<featList xmlns:xlink="http://www.w3.org/1999/xlink" type="type" xml:base="rst.GENTLE_esports_fortnite.struct.xml">
		<feat xlink:href="#structure3" value="span"/>
		<feat xlink:href="#structure8" value="span"/>
		<feat xlink:href="#structure11" value="span"/>
		<feat xlink:href="#structure12" value="multinuc"/>
		<feat xlink:href="#structure13" value="span"/>
		<feat xlink:href="#structure15" value="span"/>
		<feat xlink:href="#structure20" value="span"/>
		<feat xlink:href="#structure21" value="span"/>
		<feat xlink:href="#structure25" value="span"/>
		<feat xlink:href="#structure26" value="multinuc"/>
		<feat xlink:href="#structure27" value="span"/>
		<feat xlink:href="#structure30" value="multinuc"/>
		<feat xlink:href="#structure31" value="span"/>
		<feat xlink:href="#structure32" value="span"/>
		<feat xlink:href="#structure39" value="span"/>
		<feat xlink:href="#structure40" value="span"/>
		<feat xlink:href="#structure41" value="span"/>
		<feat xlink:href="#structure42" value="span"/>
		<feat xlink:href="#structure44" value="span"/>
		<feat xlink:href="#structure45" value="span"/>
		<feat xlink:href="#structure49" value="span"/>
		<feat xlink:href="#structure50" value="span"/>
		<feat xlink:href="#structure53" value="multinuc"/>
		<feat xlink:href="#structure55" value="span"/>
		<feat xlink:href="#structure57" value="span"/>
		<feat xlink:href="#structure63" value="multinuc"/>
		<feat xlink:href="#structure64" value="span"/>
		<feat xlink:href="#structure65" value="span"/>
		<feat xlink:href="#structure66" value="span"/>
		<feat xlink:href="#structure69" value="span"/>
		<feat xlink:href="#structure72" value="span"/>
		<feat xlink:href="#structure73" value="multinuc"/>
		<feat xlink:href="#structure76" value="span"/>
		<feat xlink:href="#structure80" value="span"/>
		<feat xlink:href="#structure81" value="multinuc"/>
		<feat xlink:href="#structure85" value="span"/>
		<feat xlink:href="#structure86" value="span"/>
		<feat xlink:href="#structure91" value="span"/>
		<feat xlink:href="#structure93" value="span"/>
		<feat xlink:href="#structure95" value="span"/>
		<feat xlink:href="#structure96" value="span"/>
		<feat xlink:href="#structure97" value="span"/>
		<feat xlink:href="#structure98" value="multinuc"/>
		<feat xlink:href="#structure102" value="span"/>
		<feat xlink:href="#structure103" value="span"/>
		<feat xlink:href="#structure104" value="multinuc"/>
		<feat xlink:href="#structure107" value="span"/>
		<feat xlink:href="#structure109" value="span"/>
		<feat xlink:href="#structure113" value="span"/>
		<feat xlink:href="#structure115" value="span"/>
		<feat xlink:href="#structure117" value="span"/>
		<feat xlink:href="#structure118" value="span"/>
		<feat xlink:href="#structure119" value="span"/>
		<feat xlink:href="#structure120" value="span"/>
		<feat xlink:href="#structure121" value="span"/>
		<feat xlink:href="#structure126" value="span"/>
		<feat xlink:href="#structure127" value="multinuc"/>
		<feat xlink:href="#structure130" value="span"/>
		<feat xlink:href="#structure132" value="span"/>
		<feat xlink:href="#structure133" value="multinuc"/>
		<feat xlink:href="#structure134" value="span"/>
		<feat xlink:href="#structure139" value="span"/>
		<feat xlink:href="#structure140" value="multinuc"/>
		<feat xlink:href="#structure141" value="span"/>
		<feat xlink:href="#structure147" value="span"/>
		<feat xlink:href="#structure148" value="span"/>
		<feat xlink:href="#structure149" value="span"/>
		<feat xlink:href="#structure153" value="multinuc"/>
		<feat xlink:href="#structure154" value="multinuc"/>
		<feat xlink:href="#structure155" value="span"/>
		<feat xlink:href="#structure159" value="span"/>
		<feat xlink:href="#structure163" value="multinuc"/>
		<feat xlink:href="#structure164" value="span"/>
		<feat xlink:href="#structure165" value="span"/>
		<feat xlink:href="#structure166" value="span"/>
		<feat xlink:href="#structure167" value="span"/>
		<feat xlink:href="#structure168" value="span"/>
		<feat xlink:href="#structure172" value="multinuc"/>
		<feat xlink:href="#structure175" value="span"/>
		<feat xlink:href="#structure177" value="span"/>
		<feat xlink:href="#structure181" value="span"/>
		<feat xlink:href="#structure182" value="span"/>
		<feat xlink:href="#structure186" value="span"/>
		<feat xlink:href="#structure188" value="span"/>
		<feat xlink:href="#structure189" value="span"/>
		<feat xlink:href="#structure190" value="multinuc"/>
		<feat xlink:href="#structure191" value="multinuc"/>
		<feat xlink:href="#structure192" value="multinuc"/>
		<feat xlink:href="#structure193" value="span"/>
		<feat xlink:href="#structure198" value="span"/>
		<feat xlink:href="#structure199" value="span"/>
		<feat xlink:href="#structure200" value="span"/>
		<feat xlink:href="#structure206" value="multinuc"/>
		<feat xlink:href="#structure207" value="span"/>
		<feat xlink:href="#structure208" value="span"/>
		<feat xlink:href="#structure209" value="span"/>
		<feat xlink:href="#structure210" value="multinuc"/>
		<feat xlink:href="#structure214" value="multinuc"/>
		<feat xlink:href="#structure215" value="span"/>
		<feat xlink:href="#structure219" value="span"/>
		<feat xlink:href="#structure220" value="span"/>
		<feat xlink:href="#structure221" value="span"/>
		<feat xlink:href="#structure225" value="span"/>
		<feat xlink:href="#structure226" value="span"/>
		<feat xlink:href="#structure228" value="span"/>
		<feat xlink:href="#structure229" value="multinuc"/>
		<feat xlink:href="#structure230" value="multinuc"/>
		<feat xlink:href="#structure235" value="span"/>
		<feat xlink:href="#structure236" value="multinuc"/>
		<feat xlink:href="#structure237" value="span"/>
		<feat xlink:href="#structure240" value="span"/>
		<feat xlink:href="#structure242" value="span"/>
		<feat xlink:href="#structure245" value="span"/>
		<feat xlink:href="#structure248" value="span"/>
		<feat xlink:href="#structure249" value="multinuc"/>
		<feat xlink:href="#structure252" value="span"/>
		<feat xlink:href="#structure253" value="span"/>
		<feat xlink:href="#structure254" value="span"/>
		<feat xlink:href="#structure258" value="span"/>
		<feat xlink:href="#structure261" value="span"/>
		<feat xlink:href="#structure262" value="span"/>
		<feat xlink:href="#structure263" value="span"/>
		<feat xlink:href="#structure267" value="span"/>
		<feat xlink:href="#structure270" value="span"/>
		<feat xlink:href="#structure271" value="multinuc"/>
		<feat xlink:href="#structure276" value="span"/>
		<feat xlink:href="#structure278" value="span"/>
		<feat xlink:href="#structure282" value="span"/>
		<feat xlink:href="#structure283" value="multinuc"/>
		<feat xlink:href="#structure287" value="span"/>
		<feat xlink:href="#structure288" value="span"/>
		<feat xlink:href="#structure291" value="span"/>
		<feat xlink:href="#structure296" value="span"/>
		<feat xlink:href="#structure297" value="span"/>
		<feat xlink:href="#structure300" value="span"/>
		<feat xlink:href="#structure301" value="multinuc"/>
		<feat xlink:href="#structure302" value="span"/>
		<feat xlink:href="#structure303" value="span"/>
		<feat xlink:href="#structure304" value="span"/>
		<feat xlink:href="#structure305" value="span"/>
		<feat xlink:href="#structure306" value="span"/>
		<feat xlink:href="#structure307" value="multinuc"/>
		<feat xlink:href="#structure308" value="span"/>
		<feat xlink:href="#structure309" value="span"/>
		<feat xlink:href="#structure313" value="span"/>
		<feat xlink:href="#structure316" value="span"/>
		<feat xlink:href="#structure317" value="multinuc"/>
		<feat xlink:href="#structure321" value="span"/>
		<feat xlink:href="#structure324" value="span"/>
		<feat xlink:href="#structure325" value="multinuc"/>
		<feat xlink:href="#structure326" value="span"/>
		<feat xlink:href="#structure327" value="span"/>
		<feat xlink:href="#structure328" value="span"/>
		<feat xlink:href="#structure329" value="multinuc"/>
		<feat xlink:href="#structure330" value="multinuc"/>
		<feat xlink:href="#structure331" value="span"/>
		<feat xlink:href="#structure332" value="span"/></featList></paula>