<?xml version='1.0' encoding='UTF-8'?><!DOCTYPE paula SYSTEM "paula_feat.dtd">
<paula version="1.1">
	<header paula_id="tei.GENTLE_esports_fortnite.mark_sp_who"/>
	<featList xmlns:xlink="http://www.w3.org/1999/xlink" type="sp_who" xml:base="tei.GENTLE_esports_fortnite.mark.xml">
		<feat xlink:href="#sSpan1140" value="#Speaker1"/>
		<feat xlink:href="#sSpan1142" value="#Jack"/>
		<feat xlink:href="#sSpan1152" value="#Speaker1"/>
		<feat xlink:href="#sSpan1154" value="#Jack"/>
		<feat xlink:href="#sSpan1161" value="#Speaker1"/>
		<feat xlink:href="#sSpan1163" value="#Jack"/>
		<feat xlink:href="#sSpan1167" value="#Speaker1"/>
		<feat xlink:href="#sSpan1173" value="#Jack"/>
		<feat xlink:href="#sSpan1196" value="#Speaker1"/>
		<feat xlink:href="#sSpan1220" value="#Jack"/>
		<feat xlink:href="#sSpan1226" value="#Speaker1"/>
		<feat xlink:href="#sSpan1228" value="#Jack"/>
		<feat xlink:href="#sSpan1230" value="#Speaker1"/>
		<feat xlink:href="#sSpan1233" value="#Jack"/>
		<feat xlink:href="#sSpan1236" value="#Jack"/></featList></paula>