<?xml version='1.0' encoding='UTF-8'?><!DOCTYPE paula SYSTEM "paula_mark.dtd">
<paula version="1.1">
	<header paula_id="tei.GENTLE_esports_fortnite.mark"/>
	<markList xmlns:xlink="http://www.w3.org/1999/xlink" type="tei" xml:base="GENTLE_esports_fortnite.tok.xml">
		<!--As in the game battle bus has launched one more time , the Fortnite World Cup Finals ends right here .-->
		<mark id="sSpan510" xlink:href="#sTok1 #sTok2 #sTok3 #sTok4 #sTok5 #sTok6 #sTok7 #sTok8 #sTok9 #sTok10 #sTok11 #sTok12 #sTok13 #sTok14 #sTok15 #sTok16 #sTok17 #sTok18 #sTok19 #sTok20 #sTok21"/>
		<!--As in the game battle bus has launched one more time , the Fortnite World Cup Finals ends right here .-->
		<mark id="sSpan511" xlink:href="#sTok1 #sTok2 #sTok3 #sTok4 #sTok5 #sTok6 #sTok7 #sTok8 #sTok9 #sTok10 #sTok11 #sTok12 #sTok13 #sTok14 #sTok15 #sTok16 #sTok17 #sTok18 #sTok19 #sTok20 #sTok21"/>
		<!--All 100 players on your screen there , Jack , Bugha , sitting out in front of everyone thus far a commanding lead .-->
		<mark id="sSpan512" xlink:href="#sTok22 #sTok23 #sTok24 #sTok25 #sTok26 #sTok27 #sTok28 #sTok29 #sTok30 #sTok31 #sTok32 #sTok33 #sTok34 #sTok35 #sTok36 #sTok37 #sTok38 #sTok39 #sTok40 #sTok41 #sTok42 #sTok43 #sTok44 #sTok45"/>
		<!--All 100 players on your screen there , Jack , Bugha , sitting out in front of everyone thus far a commanding lead . Kreo the winner of the previous game flying in there the northeast corner of the map . Spread of players across the screen , there 's your top ten on the left side , Bugha , Psalm , Kreo , Skite , Nayte , Riversan , Rhux and the rest . Average placements thus far of 25th for Kreo , only 8 eliminations but 30 points enough to put him in third place thus far . One thing to remember from yesterday , Nayte and Saf held on to the lead the first five games and it slipped away in Game six . Bugha has been in the lead for all five games . He has never lost the first place spot . Will he suffer the same fate or can he close it out right here to remain our Fortnite world champ ?-->
		<mark id="sSpan513" xlink:href="#sTok22 #sTok23 #sTok24 #sTok25 #sTok26 #sTok27 #sTok28 #sTok29 #sTok30 #sTok31 #sTok32 #sTok33 #sTok34 #sTok35 #sTok36 #sTok37 #sTok38 #sTok39 #sTok40 #sTok41 #sTok42 #sTok43 #sTok44 #sTok45 #sTok46 #sTok47 #sTok48 #sTok49 #sTok50 #sTok51 #sTok52 #sTok53 #sTok54 #sTok55 #sTok56 #sTok57 #sTok58 #sTok59 #sTok60 #sTok61 #sTok62 #sTok63 #sTok64 #sTok65 #sTok66 #sTok67 #sTok68 #sTok69 #sTok70 #sTok71 #sTok72 #sTok73 #sTok74 #sTok75 #sTok76 #sTok77 #sTok78 #sTok79 #sTok80 #sTok81 #sTok82 #sTok83 #sTok84 #sTok85 #sTok86 #sTok87 #sTok88 #sTok89 #sTok90 #sTok91 #sTok92 #sTok93 #sTok94 #sTok95 #sTok96 #sTok97 #sTok98 #sTok99 #sTok100 #sTok101 #sTok102 #sTok103 #sTok104 #sTok105 #sTok106 #sTok107 #sTok108 #sTok109 #sTok110 #sTok111 #sTok112 #sTok113 #sTok114 #sTok115 #sTok116 #sTok117 #sTok118 #sTok119 #sTok120 #sTok121 #sTok122 #sTok123 #sTok124 #sTok125 #sTok126 #sTok127 #sTok128 #sTok129 #sTok130 #sTok131 #sTok132 #sTok133 #sTok134 #sTok135 #sTok136 #sTok137 #sTok138 #sTok139 #sTok140 #sTok141 #sTok142 #sTok143 #sTok144 #sTok145 #sTok146 #sTok147 #sTok148 #sTok149 #sTok150 #sTok151 #sTok152 #sTok153 #sTok154 #sTok155 #sTok156 #sTok157 #sTok158 #sTok159 #sTok160 #sTok161 #sTok162 #sTok163 #sTok164 #sTok165 #sTok166 #sTok167 #sTok168 #sTok169 #sTok170 #sTok171 #sTok172 #sTok173 #sTok174 #sTok175 #sTok176 #sTok177 #sTok178 #sTok179 #sTok180 #sTok181 #sTok182 #sTok183 #sTok184 #sTok185 #sTok186 #sTok187 #sTok188 #sTok189"/>
		<!--Kreo the winner of the previous game flying in there the northeast corner of the map .-->
		<mark id="sSpan514" xlink:href="#sTok46 #sTok47 #sTok48 #sTok49 #sTok50 #sTok51 #sTok52 #sTok53 #sTok54 #sTok55 #sTok56 #sTok57 #sTok58 #sTok59 #sTok60 #sTok61 #sTok62"/>
		<!--Spread of players across the screen , there 's your top ten on the left side , Bugha , Psalm , Kreo , Skite , Nayte , Riversan , Rhux and the rest .-->
		<mark id="sSpan515" xlink:href="#sTok63 #sTok64 #sTok65 #sTok66 #sTok67 #sTok68 #sTok69 #sTok70 #sTok71 #sTok72 #sTok73 #sTok74 #sTok75 #sTok76 #sTok77 #sTok78 #sTok79 #sTok80 #sTok81 #sTok82 #sTok83 #sTok84 #sTok85 #sTok86 #sTok87 #sTok88 #sTok89 #sTok90 #sTok91 #sTok92 #sTok93 #sTok94 #sTok95 #sTok96"/>
		<!--Average placements thus far of 25th for Kreo , only 8 eliminations but 30 points enough to put him in third place thus far .-->
		<mark id="sSpan516" xlink:href="#sTok97 #sTok98 #sTok99 #sTok100 #sTok101 #sTok102 #sTok103 #sTok104 #sTok105 #sTok106 #sTok107 #sTok108 #sTok109 #sTok110 #sTok111 #sTok112 #sTok113 #sTok114 #sTok115 #sTok116 #sTok117 #sTok118 #sTok119 #sTok120 #sTok121"/>
		<!--One thing to remember from yesterday , Nayte and Saf held on to the lead the first five games and it slipped away in Game six .-->
		<mark id="sSpan517" xlink:href="#sTok122 #sTok123 #sTok124 #sTok125 #sTok126 #sTok127 #sTok128 #sTok129 #sTok130 #sTok131 #sTok132 #sTok133 #sTok134 #sTok135 #sTok136 #sTok137 #sTok138 #sTok139 #sTok140 #sTok141 #sTok142 #sTok143 #sTok144 #sTok145 #sTok146 #sTok147 #sTok148"/>
		<!--yesterday-->
		<mark id="sSpan518" xlink:href="#sTok127"/>
		<!--Bugha has been in the lead for all five games .-->
		<mark id="sSpan519" xlink:href="#sTok149 #sTok150 #sTok151 #sTok152 #sTok153 #sTok154 #sTok155 #sTok156 #sTok157 #sTok158 #sTok159"/>
		<!--He has never lost the first place spot .-->
		<mark id="sSpan520" xlink:href="#sTok160 #sTok161 #sTok162 #sTok163 #sTok164 #sTok165 #sTok166 #sTok167 #sTok168"/>
		<!--Will he suffer the same fate or can he close it out right here to remain our Fortnite world champ ?-->
		<mark id="sSpan521" xlink:href="#sTok169 #sTok170 #sTok171 #sTok172 #sTok173 #sTok174 #sTok175 #sTok176 #sTok177 #sTok178 #sTok179 #sTok180 #sTok181 #sTok182 #sTok183 #sTok184 #sTok185 #sTok186 #sTok187 #sTok188 #sTok189"/>
		<!--Bugha by the way he is from Pennsylvania 16 year old player , Sentinels , qualified the very first week for the World Cup .-->
		<mark id="sSpan522" xlink:href="#sTok190 #sTok191 #sTok192 #sTok193 #sTok194 #sTok195 #sTok196 #sTok197 #sTok198 #sTok199 #sTok200 #sTok201 #sTok202 #sTok203 #sTok204 #sTok205 #sTok206 #sTok207 #sTok208 #sTok209 #sTok210 #sTok211 #sTok212 #sTok213 #sTok214"/>
		<!--Bugha by the way he is from Pennsylvania 16 year old player , Sentinels , qualified the very first week for the World Cup .-->
		<mark id="sSpan523" xlink:href="#sTok190 #sTok191 #sTok192 #sTok193 #sTok194 #sTok195 #sTok196 #sTok197 #sTok198 #sTok199 #sTok200 #sTok201 #sTok202 #sTok203 #sTok204 #sTok205 #sTok206 #sTok207 #sTok208 #sTok209 #sTok210 #sTok211 #sTok212 #sTok213 #sTok214"/>
		<!--So he just got his first part - time job to try to start earning money to buy himself a car .-->
		<mark id="sSpan524" xlink:href="#sTok215 #sTok216 #sTok217 #sTok218 #sTok219 #sTok220 #sTok221 #sTok222 #sTok223 #sTok224 #sTok225 #sTok226 #sTok227 #sTok228 #sTok229 #sTok230 #sTok231 #sTok232 #sTok233 #sTok234 #sTok235 #sTok236"/>
		<!--So he just got his first part - time job to try to start earning money to buy himself a car . But instead after this could walk away with three million dollars , he 's gon na walk on in and say I quit , ca n't wait for him to get home , you know , imagine he wins three million dollars here , his parents gon na ask him to take the trash out and he 's gon na laugh .-->
		<mark id="sSpan525" xlink:href="#sTok215 #sTok216 #sTok217 #sTok218 #sTok219 #sTok220 #sTok221 #sTok222 #sTok223 #sTok224 #sTok225 #sTok226 #sTok227 #sTok228 #sTok229 #sTok230 #sTok231 #sTok232 #sTok233 #sTok234 #sTok235 #sTok236 #sTok237 #sTok238 #sTok239 #sTok240 #sTok241 #sTok242 #sTok243 #sTok244 #sTok245 #sTok246 #sTok247 #sTok248 #sTok249 #sTok250 #sTok251 #sTok252 #sTok253 #sTok254 #sTok255 #sTok256 #sTok257 #sTok258 #sTok259 #sTok260 #sTok261 #sTok262 #sTok263 #sTok264 #sTok265 #sTok266 #sTok267 #sTok268 #sTok269 #sTok270 #sTok271 #sTok272 #sTok273 #sTok274 #sTok275 #sTok276 #sTok277 #sTok278 #sTok279 #sTok280 #sTok281 #sTok282 #sTok283 #sTok284 #sTok285 #sTok286 #sTok287 #sTok288 #sTok289 #sTok290 #sTok291 #sTok292 #sTok293 #sTok294 #sTok295 #sTok296 #sTok297 #sTok298"/>
		<!--part - time-->
		<mark id="sSpan526" xlink:href="#sTok221 #sTok222 #sTok223"/>
		<!--But instead after this could walk away with three million dollars , he 's gon na walk on in and say I quit , ca n't wait for him to get home , you know , imagine he wins three million dollars here , his parents gon na ask him to take the trash out and he 's gon na laugh .-->
		<mark id="sSpan527" xlink:href="#sTok237 #sTok238 #sTok239 #sTok240 #sTok241 #sTok242 #sTok243 #sTok244 #sTok245 #sTok246 #sTok247 #sTok248 #sTok249 #sTok250 #sTok251 #sTok252 #sTok253 #sTok254 #sTok255 #sTok256 #sTok257 #sTok258 #sTok259 #sTok260 #sTok261 #sTok262 #sTok263 #sTok264 #sTok265 #sTok266 #sTok267 #sTok268 #sTok269 #sTok270 #sTok271 #sTok272 #sTok273 #sTok274 #sTok275 #sTok276 #sTok277 #sTok278 #sTok279 #sTok280 #sTok281 #sTok282 #sTok283 #sTok284 #sTok285 #sTok286 #sTok287 #sTok288 #sTok289 #sTok290 #sTok291 #sTok292 #sTok293 #sTok294 #sTok295 #sTok296 #sTok297 #sTok298"/>
		<!--gon na-->
		<mark id="sSpan528" xlink:href="#sTok251 #sTok252"/>
		<!--gon na-->
		<mark id="sSpan529" xlink:href="#sTok283 #sTok284"/>
		<!--gon na-->
		<mark id="sSpan530" xlink:href="#sTok295 #sTok296"/>
		<!--Yeah right .-->
		<mark id="sSpan531" xlink:href="#sTok299 #sTok300 #sTok301"/>
		<!--Yeah right .-->
		<mark id="sSpan532" xlink:href="#sTok299 #sTok300 #sTok301"/>
		<!--Pay his butler to do that , I guess at that point .-->
		<mark id="sSpan533" xlink:href="#sTok302 #sTok303 #sTok304 #sTok305 #sTok306 #sTok307 #sTok308 #sTok309 #sTok310 #sTok311 #sTok312 #sTok313 #sTok314"/>
		<!--Pay his butler to do that , I guess at that point . Celce currently set up many builds , one of these very early awkward fights , sees those as well . You look at those what he has , common infantry rifle 25 shots and a drum gun .-->
		<mark id="sSpan534" xlink:href="#sTok302 #sTok303 #sTok304 #sTok305 #sTok306 #sTok307 #sTok308 #sTok309 #sTok310 #sTok311 #sTok312 #sTok313 #sTok314 #sTok315 #sTok316 #sTok317 #sTok318 #sTok319 #sTok320 #sTok321 #sTok322 #sTok323 #sTok324 #sTok325 #sTok326 #sTok327 #sTok328 #sTok329 #sTok330 #sTok331 #sTok332 #sTok333 #sTok334 #sTok335 #sTok336 #sTok337 #sTok338 #sTok339 #sTok340 #sTok341 #sTok342 #sTok343 #sTok344 #sTok345 #sTok346 #sTok347 #sTok348 #sTok349 #sTok350 #sTok351 #sTok352"/>
		<!--Celce currently set up many builds , one of these very early awkward fights , sees those as well .-->
		<mark id="sSpan535" xlink:href="#sTok315 #sTok316 #sTok317 #sTok318 #sTok319 #sTok320 #sTok321 #sTok322 #sTok323 #sTok324 #sTok325 #sTok326 #sTok327 #sTok328 #sTok329 #sTok330 #sTok331 #sTok332 #sTok333 #sTok334"/>
		<!--You look at those what he has , common infantry rifle 25 shots and a drum gun .-->
		<mark id="sSpan536" xlink:href="#sTok335 #sTok336 #sTok337 #sTok338 #sTok339 #sTok340 #sTok341 #sTok342 #sTok343 #sTok344 #sTok345 #sTok346 #sTok347 #sTok348 #sTok349 #sTok350 #sTok351 #sTok352"/>
		<!--Jack , one of the first four to go down in this match is Skite , who was in the old place already , already gone from that top spot .-->
		<mark id="sSpan537" xlink:href="#sTok353 #sTok354 #sTok355 #sTok356 #sTok357 #sTok358 #sTok359 #sTok360 #sTok361 #sTok362 #sTok363 #sTok364 #sTok365 #sTok366 #sTok367 #sTok368 #sTok369 #sTok370 #sTok371 #sTok372 #sTok373 #sTok374 #sTok375 #sTok376 #sTok377 #sTok378 #sTok379 #sTok380 #sTok381 #sTok382 #sTok383"/>
		<!--Jack , one of the first four to go down in this match is Skite , who was in the old place already , already gone from that top spot . If I do – as he throws them down , can you see all the players surrounded outside the sunny side of the map ? Celce he continues to bounce around for a moment , any AR shots left , will get solved at the end , right ? Which 's good , anything good counts . The farming of stone continues , Maufin and Zayt outside of Loot Lake just fighting on the outskirts of it .-->
		<mark id="sSpan538" xlink:href="#sTok353 #sTok354 #sTok355 #sTok356 #sTok357 #sTok358 #sTok359 #sTok360 #sTok361 #sTok362 #sTok363 #sTok364 #sTok365 #sTok366 #sTok367 #sTok368 #sTok369 #sTok370 #sTok371 #sTok372 #sTok373 #sTok374 #sTok375 #sTok376 #sTok377 #sTok378 #sTok379 #sTok380 #sTok381 #sTok382 #sTok383 #sTok384 #sTok385 #sTok386 #sTok387 #sTok388 #sTok389 #sTok390 #sTok391 #sTok392 #sTok393 #sTok394 #sTok395 #sTok396 #sTok397 #sTok398 #sTok399 #sTok400 #sTok401 #sTok402 #sTok403 #sTok404 #sTok405 #sTok406 #sTok407 #sTok408 #sTok409 #sTok410 #sTok411 #sTok412 #sTok413 #sTok414 #sTok415 #sTok416 #sTok417 #sTok418 #sTok419 #sTok420 #sTok421 #sTok422 #sTok423 #sTok424 #sTok425 #sTok426 #sTok427 #sTok428 #sTok429 #sTok430 #sTok431 #sTok432 #sTok433 #sTok434 #sTok435 #sTok436 #sTok437 #sTok438 #sTok439 #sTok440 #sTok441 #sTok442 #sTok443 #sTok444 #sTok445 #sTok446 #sTok447 #sTok448 #sTok449 #sTok450 #sTok451 #sTok452 #sTok453 #sTok454 #sTok455 #sTok456 #sTok457 #sTok458 #sTok459 #sTok460 #sTok461"/>
		<!--If I do – as he throws them down , can you see all the players surrounded outside the sunny side of the map ?-->
		<mark id="sSpan539" xlink:href="#sTok384 #sTok385 #sTok386 #sTok387 #sTok388 #sTok389 #sTok390 #sTok391 #sTok392 #sTok393 #sTok394 #sTok395 #sTok396 #sTok397 #sTok398 #sTok399 #sTok400 #sTok401 #sTok402 #sTok403 #sTok404 #sTok405 #sTok406 #sTok407 #sTok408"/>
		<!--Celce he continues to bounce around for a moment , any AR shots left , will get solved at the end , right ?-->
		<mark id="sSpan540" xlink:href="#sTok409 #sTok410 #sTok411 #sTok412 #sTok413 #sTok414 #sTok415 #sTok416 #sTok417 #sTok418 #sTok419 #sTok420 #sTok421 #sTok422 #sTok423 #sTok424 #sTok425 #sTok426 #sTok427 #sTok428 #sTok429 #sTok430 #sTok431 #sTok432"/>
		<!--Which 's good , anything good counts .-->
		<mark id="sSpan541" xlink:href="#sTok433 #sTok434 #sTok435 #sTok436 #sTok437 #sTok438 #sTok439 #sTok440"/>
		<!--The farming of stone continues , Maufin and Zayt outside of Loot Lake just fighting on the outskirts of it .-->
		<mark id="sSpan542" xlink:href="#sTok441 #sTok442 #sTok443 #sTok444 #sTok445 #sTok446 #sTok447 #sTok448 #sTok449 #sTok450 #sTok451 #sTok452 #sTok453 #sTok454 #sTok455 #sTok456 #sTok457 #sTok458 #sTok459 #sTok460 #sTok461"/>
		<!--He 's just kind of building walling against any pressure from Zayt , does n't want to get caught on rotation .-->
		<mark id="sSpan543" xlink:href="#sTok462 #sTok463 #sTok464 #sTok465 #sTok466 #sTok467 #sTok468 #sTok469 #sTok470 #sTok471 #sTok472 #sTok473 #sTok474 #sTok475 #sTok476 #sTok477 #sTok478 #sTok479 #sTok480 #sTok481 #sTok482 #sTok483"/>
		<!--He 's just kind of building walling against any pressure from Zayt , does n't want to get caught on rotation . Interesting load , that gold combat very early . That 's a very solid pickup to start this match , single shockwave remaining , legendary grenade launcher drop gun and as well . We talk about a great starting inventory , BlastR in a fight , outside Pressure Plant but you 're only 73 HP , but again you 're this far to the tournament , you kind of get simpler , you just kind of go for it , you got to just forge and engage . What 's up ? Shot comes on through , not able to get it done as of yet . BlastR still healing up , will have bandages to get back up to take 75 HP . Looks like Tfue picking up in elimination . To see how things play out . 90 players remaining . The first circle starts to close in 50 seconds . Bandaging on the egg BlastR is just hanging out here . That player down below gon na see if he can take shots here in a second . Tchub was gon na roll all the way down looks like no engagement gon na happen . Here , JarkoS , letw1k3 , two players that have faced off against each other a number of times , gon na go for the wall . Yes , the angle inside and pushes on through a solid aggressive play . letw1k3 pick up his first elimination of Game six .-->
		<mark id="sSpan544" xlink:href="#sTok462 #sTok463 #sTok464 #sTok465 #sTok466 #sTok467 #sTok468 #sTok469 #sTok470 #sTok471 #sTok472 #sTok473 #sTok474 #sTok475 #sTok476 #sTok477 #sTok478 #sTok479 #sTok480 #sTok481 #sTok482 #sTok483 #sTok484 #sTok485 #sTok486 #sTok487 #sTok488 #sTok489 #sTok490 #sTok491 #sTok492 #sTok493 #sTok494 #sTok495 #sTok496 #sTok497 #sTok498 #sTok499 #sTok500 #sTok501 #sTok502 #sTok503 #sTok504 #sTok505 #sTok506 #sTok507 #sTok508 #sTok509 #sTok510 #sTok511 #sTok512 #sTok513 #sTok514 #sTok515 #sTok516 #sTok517 #sTok518 #sTok519 #sTok520 #sTok521 #sTok522 #sTok523 #sTok524 #sTok525 #sTok526 #sTok527 #sTok528 #sTok529 #sTok530 #sTok531 #sTok532 #sTok533 #sTok534 #sTok535 #sTok536 #sTok537 #sTok538 #sTok539 #sTok540 #sTok541 #sTok542 #sTok543 #sTok544 #sTok545 #sTok546 #sTok547 #sTok548 #sTok549 #sTok550 #sTok551 #sTok552 #sTok553 #sTok554 #sTok555 #sTok556 #sTok557 #sTok558 #sTok559 #sTok560 #sTok561 #sTok562 #sTok563 #sTok564 #sTok565 #sTok566 #sTok567 #sTok568 #sTok569 #sTok570 #sTok571 #sTok572 #sTok573 #sTok574 #sTok575 #sTok576 #sTok577 #sTok578 #sTok579 #sTok580 #sTok581 #sTok582 #sTok583 #sTok584 #sTok585 #sTok586 #sTok587 #sTok588 #sTok589 #sTok590 #sTok591 #sTok592 #sTok593 #sTok594 #sTok595 #sTok596 #sTok597 #sTok598 #sTok599 #sTok600 #sTok601 #sTok602 #sTok603 #sTok604 #sTok605 #sTok606 #sTok607 #sTok608 #sTok609 #sTok610 #sTok611 #sTok612 #sTok613 #sTok614 #sTok615 #sTok616 #sTok617 #sTok618 #sTok619 #sTok620 #sTok621 #sTok622 #sTok623 #sTok624 #sTok625 #sTok626 #sTok627 #sTok628 #sTok629 #sTok630 #sTok631 #sTok632 #sTok633 #sTok634 #sTok635 #sTok636 #sTok637 #sTok638 #sTok639 #sTok640 #sTok641 #sTok642 #sTok643 #sTok644 #sTok645 #sTok646 #sTok647 #sTok648 #sTok649 #sTok650 #sTok651 #sTok652 #sTok653 #sTok654 #sTok655 #sTok656 #sTok657 #sTok658 #sTok659 #sTok660 #sTok661 #sTok662 #sTok663 #sTok664 #sTok665 #sTok666 #sTok667 #sTok668 #sTok669 #sTok670 #sTok671 #sTok672 #sTok673 #sTok674 #sTok675 #sTok676 #sTok677 #sTok678 #sTok679 #sTok680 #sTok681 #sTok682 #sTok683 #sTok684 #sTok685 #sTok686 #sTok687 #sTok688 #sTok689 #sTok690 #sTok691 #sTok692 #sTok693 #sTok694 #sTok695 #sTok696 #sTok697 #sTok698 #sTok699 #sTok700 #sTok701 #sTok702 #sTok703 #sTok704 #sTok705 #sTok706 #sTok707 #sTok708 #sTok709 #sTok710 #sTok711 #sTok712 #sTok713 #sTok714 #sTok715 #sTok716 #sTok717 #sTok718 #sTok719 #sTok720 #sTok721 #sTok722 #sTok723 #sTok724 #sTok725 #sTok726 #sTok727 #sTok728 #sTok729 #sTok730 #sTok731 #sTok732"/>
		<!--Interesting load , that gold combat very early .-->
		<mark id="sSpan545" xlink:href="#sTok484 #sTok485 #sTok486 #sTok487 #sTok488 #sTok489 #sTok490 #sTok491 #sTok492"/>
		<!--That 's a very solid pickup to start this match , single shockwave remaining , legendary grenade launcher drop gun and as well .-->
		<mark id="sSpan546" xlink:href="#sTok493 #sTok494 #sTok495 #sTok496 #sTok497 #sTok498 #sTok499 #sTok500 #sTok501 #sTok502 #sTok503 #sTok504 #sTok505 #sTok506 #sTok507 #sTok508 #sTok509 #sTok510 #sTok511 #sTok512 #sTok513 #sTok514 #sTok515 #sTok516"/>
		<!--We talk about a great starting inventory , BlastR in a fight , outside Pressure Plant but you 're only 73 HP , but again you 're this far to the tournament , you kind of get simpler , you just kind of go for it , you got to just forge and engage .-->
		<mark id="sSpan547" xlink:href="#sTok517 #sTok518 #sTok519 #sTok520 #sTok521 #sTok522 #sTok523 #sTok524 #sTok525 #sTok526 #sTok527 #sTok528 #sTok529 #sTok530 #sTok531 #sTok532 #sTok533 #sTok534 #sTok535 #sTok536 #sTok537 #sTok538 #sTok539 #sTok540 #sTok541 #sTok542 #sTok543 #sTok544 #sTok545 #sTok546 #sTok547 #sTok548 #sTok549 #sTok550 #sTok551 #sTok552 #sTok553 #sTok554 #sTok555 #sTok556 #sTok557 #sTok558 #sTok559 #sTok560 #sTok561 #sTok562 #sTok563 #sTok564 #sTok565 #sTok566 #sTok567 #sTok568 #sTok569 #sTok570 #sTok571"/>
		<!--What 's up ?-->
		<mark id="sSpan548" xlink:href="#sTok572 #sTok573 #sTok574 #sTok575"/>
		<!--Shot comes on through , not able to get it done as of yet .-->
		<mark id="sSpan549" xlink:href="#sTok576 #sTok577 #sTok578 #sTok579 #sTok580 #sTok581 #sTok582 #sTok583 #sTok584 #sTok585 #sTok586 #sTok587 #sTok588 #sTok589 #sTok590"/>
		<!--BlastR still healing up , will have bandages to get back up to take 75 HP .-->
		<mark id="sSpan550" xlink:href="#sTok591 #sTok592 #sTok593 #sTok594 #sTok595 #sTok596 #sTok597 #sTok598 #sTok599 #sTok600 #sTok601 #sTok602 #sTok603 #sTok604 #sTok605 #sTok606 #sTok607"/>
		<!--Looks like Tfue picking up in elimination .-->
		<mark id="sSpan551" xlink:href="#sTok608 #sTok609 #sTok610 #sTok611 #sTok612 #sTok613 #sTok614 #sTok615"/>
		<!--To see how things play out .-->
		<mark id="sSpan552" xlink:href="#sTok616 #sTok617 #sTok618 #sTok619 #sTok620 #sTok621 #sTok622"/>
		<!--90 players remaining .-->
		<mark id="sSpan553" xlink:href="#sTok623 #sTok624 #sTok625 #sTok626"/>
		<!--The first circle starts to close in 50 seconds .-->
		<mark id="sSpan554" xlink:href="#sTok627 #sTok628 #sTok629 #sTok630 #sTok631 #sTok632 #sTok633 #sTok634 #sTok635 #sTok636"/>
		<!--Bandaging on the egg BlastR is just hanging out here .-->
		<mark id="sSpan555" xlink:href="#sTok637 #sTok638 #sTok639 #sTok640 #sTok641 #sTok642 #sTok643 #sTok644 #sTok645 #sTok646 #sTok647"/>
		<!--That player down below gon na see if he can take shots here in a second .-->
		<mark id="sSpan556" xlink:href="#sTok648 #sTok649 #sTok650 #sTok651 #sTok652 #sTok653 #sTok654 #sTok655 #sTok656 #sTok657 #sTok658 #sTok659 #sTok660 #sTok661 #sTok662 #sTok663 #sTok664"/>
		<!--gon na-->
		<mark id="sSpan557" xlink:href="#sTok652 #sTok653"/>
		<!--Tchub was gon na roll all the way down looks like no engagement gon na happen .-->
		<mark id="sSpan558" xlink:href="#sTok665 #sTok666 #sTok667 #sTok668 #sTok669 #sTok670 #sTok671 #sTok672 #sTok673 #sTok674 #sTok675 #sTok676 #sTok677 #sTok678 #sTok679 #sTok680 #sTok681"/>
		<!--gon na-->
		<mark id="sSpan559" xlink:href="#sTok667 #sTok668"/>
		<!--gon na-->
		<mark id="sSpan560" xlink:href="#sTok678 #sTok679"/>
		<!--Here , JarkoS , letw1k3 , two players that have faced off against each other a number of times , gon na go for the wall .-->
		<mark id="sSpan561" xlink:href="#sTok682 #sTok683 #sTok684 #sTok685 #sTok686 #sTok687 #sTok688 #sTok689 #sTok690 #sTok691 #sTok692 #sTok693 #sTok694 #sTok695 #sTok696 #sTok697 #sTok698 #sTok699 #sTok700 #sTok701 #sTok702 #sTok703 #sTok704 #sTok705 #sTok706 #sTok707 #sTok708"/>
		<!--gon na-->
		<mark id="sSpan562" xlink:href="#sTok702 #sTok703"/>
		<!--Yes , the angle inside and pushes on through a solid aggressive play .-->
		<mark id="sSpan563" xlink:href="#sTok709 #sTok710 #sTok711 #sTok712 #sTok713 #sTok714 #sTok715 #sTok716 #sTok717 #sTok718 #sTok719 #sTok720 #sTok721 #sTok722"/>
		<!--letw1k3 pick up his first elimination of Game six .-->
		<mark id="sSpan564" xlink:href="#sTok723 #sTok724 #sTok725 #sTok726 #sTok727 #sTok728 #sTok729 #sTok730 #sTok731 #sTok732"/>
		<!--pick-->
		<mark id="sSpan565" xlink:href="#sTok724"/>
		<!--Very clean and that will end JarkoS ' Fortnite World Cup run , solid performance earlier on .-->
		<mark id="sSpan566" xlink:href="#sTok733 #sTok734 #sTok735 #sTok736 #sTok737 #sTok738 #sTok739 #sTok740 #sTok741 #sTok742 #sTok743 #sTok744 #sTok745 #sTok746 #sTok747 #sTok748 #sTok749 #sTok750"/>
		<!--Very clean and that will end JarkoS ' Fortnite World Cup run , solid performance earlier on . We 'll see where he stacks up with the rest of this lobby when it 's all said and done . Reminder this is our final game here tonight . Use the hashtag #FortniteWorldCup get it trending just like yesterday . Well , I 've said the millions of people watching online , Psalm was our player as well near the top of the leaderboards . What could he do in this last game ? Could he make the trek to try to catch up to Bugha who was 15 points , 15 points ahead , in first . Pika one v. one and angled down through a handful of edits here at Megamall is gon na push around the side and try and make his way inside mall itself . Pika earned 12 of his total points in just the last match and I think that says a lot about what is possible . In 11th place when we rolled into this game Pika trying to find a way inside , pushing down through the outside . Does in fact get the wall replace , are you kidding me ? Used the shockwave to get down the wall . The player inside was smacking out of it . He , that 's unbelievable . He called the bluff , he called the bluff . The guy was trying to break the wall to secure for his own . Pika was like " okay , break the wall for me , I 'll just replace it with my own . " He does just that . Pika , full HP , two slurp juices , 6 minis , a very good assault for the shotgun but looks like the aggression does n't end here . He can just continue to play these box fights by using the shockwave to try to chomp down this opponent again . Said it once , it surprised you to use that same tactic you 've seen .-->
		<mark id="sSpan567" xlink:href="#sTok733 #sTok734 #sTok735 #sTok736 #sTok737 #sTok738 #sTok739 #sTok740 #sTok741 #sTok742 #sTok743 #sTok744 #sTok745 #sTok746 #sTok747 #sTok748 #sTok749 #sTok750 #sTok751 #sTok752 #sTok753 #sTok754 #sTok755 #sTok756 #sTok757 #sTok758 #sTok759 #sTok760 #sTok761 #sTok762 #sTok763 #sTok764 #sTok765 #sTok766 #sTok767 #sTok768 #sTok769 #sTok770 #sTok771 #sTok772 #sTok773 #sTok774 #sTok775 #sTok776 #sTok777 #sTok778 #sTok779 #sTok780 #sTok781 #sTok782 #sTok783 #sTok784 #sTok785 #sTok786 #sTok787 #sTok788 #sTok789 #sTok790 #sTok791 #sTok792 #sTok793 #sTok794 #sTok795 #sTok796 #sTok797 #sTok798 #sTok799 #sTok800 #sTok801 #sTok802 #sTok803 #sTok804 #sTok805 #sTok806 #sTok807 #sTok808 #sTok809 #sTok810 #sTok811 #sTok812 #sTok813 #sTok814 #sTok815 #sTok816 #sTok817 #sTok818 #sTok819 #sTok820 #sTok821 #sTok822 #sTok823 #sTok824 #sTok825 #sTok826 #sTok827 #sTok828 #sTok829 #sTok830 #sTok831 #sTok832 #sTok833 #sTok834 #sTok835 #sTok836 #sTok837 #sTok838 #sTok839 #sTok840 #sTok841 #sTok842 #sTok843 #sTok844 #sTok845 #sTok846 #sTok847 #sTok848 #sTok849 #sTok850 #sTok851 #sTok852 #sTok853 #sTok854 #sTok855 #sTok856 #sTok857 #sTok858 #sTok859 #sTok860 #sTok861 #sTok862 #sTok863 #sTok864 #sTok865 #sTok866 #sTok867 #sTok868 #sTok869 #sTok870 #sTok871 #sTok872 #sTok873 #sTok874 #sTok875 #sTok876 #sTok877 #sTok878 #sTok879 #sTok880 #sTok881 #sTok882 #sTok883 #sTok884 #sTok885 #sTok886 #sTok887 #sTok888 #sTok889 #sTok890 #sTok891 #sTok892 #sTok893 #sTok894 #sTok895 #sTok896 #sTok897 #sTok898 #sTok899 #sTok900 #sTok901 #sTok902 #sTok903 #sTok904 #sTok905 #sTok906 #sTok907 #sTok908 #sTok909 #sTok910 #sTok911 #sTok912 #sTok913 #sTok914 #sTok915 #sTok916 #sTok917 #sTok918 #sTok919 #sTok920 #sTok921 #sTok922 #sTok923 #sTok924 #sTok925 #sTok926 #sTok927 #sTok928 #sTok929 #sTok930 #sTok931 #sTok932 #sTok933 #sTok934 #sTok935 #sTok936 #sTok937 #sTok938 #sTok939 #sTok940 #sTok941 #sTok942 #sTok943 #sTok944 #sTok945 #sTok946 #sTok947 #sTok948 #sTok949 #sTok950 #sTok951 #sTok952 #sTok953 #sTok954 #sTok955 #sTok956 #sTok957 #sTok958 #sTok959 #sTok960 #sTok961 #sTok962 #sTok963 #sTok964 #sTok965 #sTok966 #sTok967 #sTok968 #sTok969 #sTok970 #sTok971 #sTok972 #sTok973 #sTok974 #sTok975 #sTok976 #sTok977 #sTok978 #sTok979 #sTok980 #sTok981 #sTok982 #sTok983 #sTok984 #sTok985 #sTok986 #sTok987 #sTok988 #sTok989 #sTok990 #sTok991 #sTok992 #sTok993 #sTok994 #sTok995 #sTok996 #sTok997 #sTok998 #sTok999 #sTok1000 #sTok1001 #sTok1002 #sTok1003 #sTok1004 #sTok1005 #sTok1006 #sTok1007 #sTok1008 #sTok1009 #sTok1010 #sTok1011 #sTok1012 #sTok1013 #sTok1014 #sTok1015 #sTok1016 #sTok1017 #sTok1018 #sTok1019 #sTok1020 #sTok1021 #sTok1022 #sTok1023 #sTok1024 #sTok1025 #sTok1026 #sTok1027 #sTok1028 #sTok1029 #sTok1030 #sTok1031 #sTok1032 #sTok1033 #sTok1034 #sTok1035 #sTok1036 #sTok1037 #sTok1038 #sTok1039 #sTok1040 #sTok1041 #sTok1042 #sTok1043 #sTok1044 #sTok1045 #sTok1046 #sTok1047 #sTok1048 #sTok1049 #sTok1050 #sTok1051 #sTok1052 #sTok1053 #sTok1054 #sTok1055 #sTok1056 #sTok1057 #sTok1058 #sTok1059 #sTok1060 #sTok1061 #sTok1062 #sTok1063 #sTok1064 #sTok1065 #sTok1066 #sTok1067 #sTok1068 #sTok1069 #sTok1070 #sTok1071 #sTok1072 #sTok1073 #sTok1074 #sTok1075 #sTok1076 #sTok1077 #sTok1078 #sTok1079 #sTok1080 #sTok1081 #sTok1082 #sTok1083"/>
		<!--We 'll see where he stacks up with the rest of this lobby when it 's all said and done .-->
		<mark id="sSpan568" xlink:href="#sTok751 #sTok752 #sTok753 #sTok754 #sTok755 #sTok756 #sTok757 #sTok758 #sTok759 #sTok760 #sTok761 #sTok762 #sTok763 #sTok764 #sTok765 #sTok766 #sTok767 #sTok768 #sTok769 #sTok770 #sTok771"/>
		<!--Reminder this is our final game here tonight .-->
		<mark id="sSpan569" xlink:href="#sTok772 #sTok773 #sTok774 #sTok775 #sTok776 #sTok777 #sTok778 #sTok779 #sTok780"/>
		<!--Use the hashtag #FortniteWorldCup get it trending just like yesterday .-->
		<mark id="sSpan570" xlink:href="#sTok781 #sTok782 #sTok783 #sTok784 #sTok785 #sTok786 #sTok787 #sTok788 #sTok789 #sTok790 #sTok791"/>
		<!--Well , I 've said the millions of people watching online , Psalm was our player as well near the top of the leaderboards .-->
		<mark id="sSpan571" xlink:href="#sTok792 #sTok793 #sTok794 #sTok795 #sTok796 #sTok797 #sTok798 #sTok799 #sTok800 #sTok801 #sTok802 #sTok803 #sTok804 #sTok805 #sTok806 #sTok807 #sTok808 #sTok809 #sTok810 #sTok811 #sTok812 #sTok813 #sTok814 #sTok815 #sTok816"/>
		<!--What could he do in this last game ?-->
		<mark id="sSpan572" xlink:href="#sTok817 #sTok818 #sTok819 #sTok820 #sTok821 #sTok822 #sTok823 #sTok824 #sTok825"/>
		<!--Could he make the trek to try to catch up to Bugha who was 15 points , 15 points ahead , in first .-->
		<mark id="sSpan573" xlink:href="#sTok826 #sTok827 #sTok828 #sTok829 #sTok830 #sTok831 #sTok832 #sTok833 #sTok834 #sTok835 #sTok836 #sTok837 #sTok838 #sTok839 #sTok840 #sTok841 #sTok842 #sTok843 #sTok844 #sTok845 #sTok846 #sTok847 #sTok848 #sTok849"/>
		<!--Pika one v. one and angled down through a handful of edits here at Megamall is gon na push around the side and try and make his way inside mall itself .-->
		<mark id="sSpan574" xlink:href="#sTok850 #sTok851 #sTok852 #sTok853 #sTok854 #sTok855 #sTok856 #sTok857 #sTok858 #sTok859 #sTok860 #sTok861 #sTok862 #sTok863 #sTok864 #sTok865 #sTok866 #sTok867 #sTok868 #sTok869 #sTok870 #sTok871 #sTok872 #sTok873 #sTok874 #sTok875 #sTok876 #sTok877 #sTok878 #sTok879 #sTok880 #sTok881"/>
		<!--gon na-->
		<mark id="sSpan575" xlink:href="#sTok866 #sTok867"/>
		<!--Pika earned 12 of his total points in just the last match and I think that says a lot about what is possible .-->
		<mark id="sSpan576" xlink:href="#sTok882 #sTok883 #sTok884 #sTok885 #sTok886 #sTok887 #sTok888 #sTok889 #sTok890 #sTok891 #sTok892 #sTok893 #sTok894 #sTok895 #sTok896 #sTok897 #sTok898 #sTok899 #sTok900 #sTok901 #sTok902 #sTok903 #sTok904 #sTok905"/>
		<!--In 11th place when we rolled into this game Pika trying to find a way inside , pushing down through the outside .-->
		<mark id="sSpan577" xlink:href="#sTok906 #sTok907 #sTok908 #sTok909 #sTok910 #sTok911 #sTok912 #sTok913 #sTok914 #sTok915 #sTok916 #sTok917 #sTok918 #sTok919 #sTok920 #sTok921 #sTok922 #sTok923 #sTok924 #sTok925 #sTok926 #sTok927 #sTok928"/>
		<!--Does in fact get the wall replace , are you kidding me ?-->
		<mark id="sSpan578" xlink:href="#sTok929 #sTok930 #sTok931 #sTok932 #sTok933 #sTok934 #sTok935 #sTok936 #sTok937 #sTok938 #sTok939 #sTok940 #sTok941"/>
		<!--Used the shockwave to get down the wall .-->
		<mark id="sSpan579" xlink:href="#sTok942 #sTok943 #sTok944 #sTok945 #sTok946 #sTok947 #sTok948 #sTok949 #sTok950"/>
		<!--The player inside was smacking out of it .-->
		<mark id="sSpan580" xlink:href="#sTok951 #sTok952 #sTok953 #sTok954 #sTok955 #sTok956 #sTok957 #sTok958 #sTok959"/>
		<!--He , that 's unbelievable .-->
		<mark id="sSpan581" xlink:href="#sTok960 #sTok961 #sTok962 #sTok963 #sTok964 #sTok965"/>
		<!--He called the bluff , he called the bluff .-->
		<mark id="sSpan582" xlink:href="#sTok966 #sTok967 #sTok968 #sTok969 #sTok970 #sTok971 #sTok972 #sTok973 #sTok974 #sTok975"/>
		<!--The guy was trying to break the wall to secure for his own .-->
		<mark id="sSpan583" xlink:href="#sTok976 #sTok977 #sTok978 #sTok979 #sTok980 #sTok981 #sTok982 #sTok983 #sTok984 #sTok985 #sTok986 #sTok987 #sTok988 #sTok989"/>
		<!--Pika was like " okay , break the wall for me , I 'll just replace it with my own . "-->
		<mark id="sSpan584" xlink:href="#sTok990 #sTok991 #sTok992 #sTok993 #sTok994 #sTok995 #sTok996 #sTok997 #sTok998 #sTok999 #sTok1000 #sTok1001 #sTok1002 #sTok1003 #sTok1004 #sTok1005 #sTok1006 #sTok1007 #sTok1008 #sTok1009 #sTok1010 #sTok1011"/>
		<!--" okay , break the wall for me , I 'll just replace it with my own . "-->
		<mark id="sSpan585" xlink:href="#sTok993 #sTok994 #sTok995 #sTok996 #sTok997 #sTok998 #sTok999 #sTok1000 #sTok1001 #sTok1002 #sTok1003 #sTok1004 #sTok1005 #sTok1006 #sTok1007 #sTok1008 #sTok1009 #sTok1010 #sTok1011"/>
		<!--He does just that .-->
		<mark id="sSpan586" xlink:href="#sTok1012 #sTok1013 #sTok1014 #sTok1015 #sTok1016"/>
		<!--Pika , full HP , two slurp juices , 6 minis , a very good assault for the shotgun but looks like the aggression does n't end here .-->
		<mark id="sSpan587" xlink:href="#sTok1017 #sTok1018 #sTok1019 #sTok1020 #sTok1021 #sTok1022 #sTok1023 #sTok1024 #sTok1025 #sTok1026 #sTok1027 #sTok1028 #sTok1029 #sTok1030 #sTok1031 #sTok1032 #sTok1033 #sTok1034 #sTok1035 #sTok1036 #sTok1037 #sTok1038 #sTok1039 #sTok1040 #sTok1041 #sTok1042 #sTok1043 #sTok1044 #sTok1045"/>
		<!--He can just continue to play these box fights by using the shockwave to try to chomp down this opponent again .-->
		<mark id="sSpan588" xlink:href="#sTok1046 #sTok1047 #sTok1048 #sTok1049 #sTok1050 #sTok1051 #sTok1052 #sTok1053 #sTok1054 #sTok1055 #sTok1056 #sTok1057 #sTok1058 #sTok1059 #sTok1060 #sTok1061 #sTok1062 #sTok1063 #sTok1064 #sTok1065 #sTok1066 #sTok1067"/>
		<!--Said it once , it surprised you to use that same tactic you 've seen .-->
		<mark id="sSpan589" xlink:href="#sTok1068 #sTok1069 #sTok1070 #sTok1071 #sTok1072 #sTok1073 #sTok1074 #sTok1075 #sTok1076 #sTok1077 #sTok1078 #sTok1079 #sTok1080 #sTok1081 #sTok1082 #sTok1083"/>
		<!--At this point , 100 HP , 100 shield .-->
		<mark id="sSpan590" xlink:href="#sTok1084 #sTok1085 #sTok1086 #sTok1087 #sTok1088 #sTok1089 #sTok1090 #sTok1091 #sTok1092 #sTok1093"/>
		<!--At this point , 100 HP , 100 shield . I do not blame him for being aggressive here , knowing that players may be a little sparse in terms of loot . He 's trying to track Kinstaar on the outside rotating around the edge of Megamall . These two players gon na end up on top of each other before you know it , oh my gosh , floor loot .-->
		<mark id="sSpan591" xlink:href="#sTok1084 #sTok1085 #sTok1086 #sTok1087 #sTok1088 #sTok1089 #sTok1090 #sTok1091 #sTok1092 #sTok1093 #sTok1094 #sTok1095 #sTok1096 #sTok1097 #sTok1098 #sTok1099 #sTok1100 #sTok1101 #sTok1102 #sTok1103 #sTok1104 #sTok1105 #sTok1106 #sTok1107 #sTok1108 #sTok1109 #sTok1110 #sTok1111 #sTok1112 #sTok1113 #sTok1114 #sTok1115 #sTok1116 #sTok1117 #sTok1118 #sTok1119 #sTok1120 #sTok1121 #sTok1122 #sTok1123 #sTok1124 #sTok1125 #sTok1126 #sTok1127 #sTok1128 #sTok1129 #sTok1130 #sTok1131 #sTok1132 #sTok1133 #sTok1134 #sTok1135 #sTok1136 #sTok1137 #sTok1138 #sTok1139 #sTok1140 #sTok1141 #sTok1142 #sTok1143 #sTok1144 #sTok1145 #sTok1146 #sTok1147 #sTok1148 #sTok1149 #sTok1150 #sTok1151 #sTok1152 #sTok1153 #sTok1154 #sTok1155 #sTok1156"/>
		<!--I do not blame him for being aggressive here , knowing that players may be a little sparse in terms of loot .-->
		<mark id="sSpan592" xlink:href="#sTok1094 #sTok1095 #sTok1096 #sTok1097 #sTok1098 #sTok1099 #sTok1100 #sTok1101 #sTok1102 #sTok1103 #sTok1104 #sTok1105 #sTok1106 #sTok1107 #sTok1108 #sTok1109 #sTok1110 #sTok1111 #sTok1112 #sTok1113 #sTok1114 #sTok1115 #sTok1116"/>
		<!--He 's trying to track Kinstaar on the outside rotating around the edge of Megamall .-->
		<mark id="sSpan593" xlink:href="#sTok1117 #sTok1118 #sTok1119 #sTok1120 #sTok1121 #sTok1122 #sTok1123 #sTok1124 #sTok1125 #sTok1126 #sTok1127 #sTok1128 #sTok1129 #sTok1130 #sTok1131 #sTok1132"/>
		<!--These two players gon na end up on top of each other before you know it , oh my gosh , floor loot .-->
		<mark id="sSpan594" xlink:href="#sTok1133 #sTok1134 #sTok1135 #sTok1136 #sTok1137 #sTok1138 #sTok1139 #sTok1140 #sTok1141 #sTok1142 #sTok1143 #sTok1144 #sTok1145 #sTok1146 #sTok1147 #sTok1148 #sTok1149 #sTok1150 #sTok1151 #sTok1152 #sTok1153 #sTok1154 #sTok1155 #sTok1156"/>
		<!--gon na-->
		<mark id="sSpan595" xlink:href="#sTok1136 #sTok1137"/>
		<!--Okay .-->
		<mark id="sSpan596" xlink:href="#sTok1157 #sTok1158"/>
		<!--Okay .-->
		<mark id="sSpan597" xlink:href="#sTok1157 #sTok1158"/>
		<!--A heavy sniper rifle .-->
		<mark id="sSpan598" xlink:href="#sTok1159 #sTok1160 #sTok1161 #sTok1162 #sTok1163"/>
		<!--A heavy sniper rifle .-->
		<mark id="sSpan599" xlink:href="#sTok1159 #sTok1160 #sTok1161 #sTok1162 #sTok1163"/>
		<!--That 's end of another slurp .-->
		<mark id="sSpan600" xlink:href="#sTok1164 #sTok1165 #sTok1166 #sTok1167 #sTok1168 #sTok1169 #sTok1170"/>
		<!--That 's end of another slurp . Okay .-->
		<mark id="sSpan601" xlink:href="#sTok1164 #sTok1165 #sTok1166 #sTok1167 #sTok1168 #sTok1169 #sTok1170 #sTok1171 #sTok1172"/>
		<!--Okay .-->
		<mark id="sSpan602" xlink:href="#sTok1171 #sTok1172"/>
		<!--He 's looking for it .-->
		<mark id="sSpan603" xlink:href="#sTok1173 #sTok1174 #sTok1175 #sTok1176 #sTok1177 #sTok1178"/>
		<!--He 's looking for it . See him watching , waiting .-->
		<mark id="sSpan604" xlink:href="#sTok1173 #sTok1174 #sTok1175 #sTok1176 #sTok1177 #sTok1178 #sTok1179 #sTok1180 #sTok1181 #sTok1182 #sTok1183 #sTok1184"/>
		<!--See him watching , waiting .-->
		<mark id="sSpan605" xlink:href="#sTok1179 #sTok1180 #sTok1181 #sTok1182 #sTok1183 #sTok1184"/>
		<!--Does use those audio cues to try and track down the opponent underneath opts to back out of the fight for just a second .-->
		<mark id="sSpan606" xlink:href="#sTok1185 #sTok1186 #sTok1187 #sTok1188 #sTok1189 #sTok1190 #sTok1191 #sTok1192 #sTok1193 #sTok1194 #sTok1195 #sTok1196 #sTok1197 #sTok1198 #sTok1199 #sTok1200 #sTok1201 #sTok1202 #sTok1203 #sTok1204 #sTok1205 #sTok1206 #sTok1207 #sTok1208 #sTok1209"/>
		<!--Does use those audio cues to try and track down the opponent underneath opts to back out of the fight for just a second . Get a different angle because awareness inside Megamall is insane knowing exactly where his opponents are and exactly when to push .-->
		<mark id="sSpan607" xlink:href="#sTok1185 #sTok1186 #sTok1187 #sTok1188 #sTok1189 #sTok1190 #sTok1191 #sTok1192 #sTok1193 #sTok1194 #sTok1195 #sTok1196 #sTok1197 #sTok1198 #sTok1199 #sTok1200 #sTok1201 #sTok1202 #sTok1203 #sTok1204 #sTok1205 #sTok1206 #sTok1207 #sTok1208 #sTok1209 #sTok1210 #sTok1211 #sTok1212 #sTok1213 #sTok1214 #sTok1215 #sTok1216 #sTok1217 #sTok1218 #sTok1219 #sTok1220 #sTok1221 #sTok1222 #sTok1223 #sTok1224 #sTok1225 #sTok1226 #sTok1227 #sTok1228 #sTok1229 #sTok1230 #sTok1231"/>
		<!--Get a different angle because awareness inside Megamall is insane knowing exactly where his opponents are and exactly when to push .-->
		<mark id="sSpan608" xlink:href="#sTok1210 #sTok1211 #sTok1212 #sTok1213 #sTok1214 #sTok1215 #sTok1216 #sTok1217 #sTok1218 #sTok1219 #sTok1220 #sTok1221 #sTok1222 #sTok1223 #sTok1224 #sTok1225 #sTok1226 #sTok1227 #sTok1228 #sTok1229 #sTok1230 #sTok1231"/></markList></paula>