<?xml version='1.0' encoding='UTF-8'?><!DOCTYPE paula SYSTEM "paula_feat.dtd">
<paula version="1.1">
	<header paula_id="tei.GENTLE_esports_fortnite.mark_s_transition"/>
	<featList xmlns:xlink="http://www.w3.org/1999/xlink" type="s_transition" xml:base="tei.GENTLE_esports_fortnite.mark.xml">
		<feat xlink:href="#sSpan511" value="establishment"/>
		<feat xlink:href="#sSpan513" value="null"/>
		<feat xlink:href="#sSpan515" value="null"/>
		<feat xlink:href="#sSpan516" value="null"/>
		<feat xlink:href="#sSpan517" value="establishment"/>
		<feat xlink:href="#sSpan518" value="zero"/>
		<feat xlink:href="#sSpan520" value="null"/>
		<feat xlink:href="#sSpan521" value="establishment"/>
		<feat xlink:href="#sSpan522" value="continue"/>
		<feat xlink:href="#sSpan523" value="continue"/>
		<feat xlink:href="#sSpan525" value="continue"/>
		<feat xlink:href="#sSpan528" value="continue"/>
		<feat xlink:href="#sSpan532" value="zero"/>
		<feat xlink:href="#sSpan534" value="zero"/>
		<feat xlink:href="#sSpan536" value="null"/>
		<feat xlink:href="#sSpan537" value="establishment"/>
		<feat xlink:href="#sSpan538" value="zero"/>
		<feat xlink:href="#sSpan540" value="establishment"/>
		<feat xlink:href="#sSpan541" value="smooth-shift"/>
		<feat xlink:href="#sSpan542" value="zero"/>
		<feat xlink:href="#sSpan543" value="null"/>
		<feat xlink:href="#sSpan544" value="establishment"/>
		<feat xlink:href="#sSpan546" value="zero"/>
		<feat xlink:href="#sSpan547" value="establishment"/>
		<feat xlink:href="#sSpan548" value="rough-shift"/>
		<feat xlink:href="#sSpan549" value="zero"/>
		<feat xlink:href="#sSpan550" value="zero"/>
		<feat xlink:href="#sSpan551" value="null"/>
		<feat xlink:href="#sSpan552" value="null"/>
		<feat xlink:href="#sSpan553" value="null"/>
		<feat xlink:href="#sSpan554" value="null"/>
		<feat xlink:href="#sSpan555" value="null"/>
		<feat xlink:href="#sSpan556" value="null"/>
		<feat xlink:href="#sSpan557" value="establishment"/>
		<feat xlink:href="#sSpan559" value="zero"/>
		<feat xlink:href="#sSpan562" value="null"/>
		<feat xlink:href="#sSpan564" value="null"/>
		<feat xlink:href="#sSpan565" value="null"/>
		<feat xlink:href="#sSpan567" value="establishment"/>
		<feat xlink:href="#sSpan569" value="smooth-shift"/>
		<feat xlink:href="#sSpan570" value="smooth-shift"/>
		<feat xlink:href="#sSpan571" value="zero"/>
		<feat xlink:href="#sSpan572" value="null"/>
		<feat xlink:href="#sSpan573" value="establishment"/>
		<feat xlink:href="#sSpan574" value="continue"/>
		<feat xlink:href="#sSpan575" value="zero"/>
		<feat xlink:href="#sSpan577" value="establishment"/>
		<feat xlink:href="#sSpan578" value="continue"/>
		<feat xlink:href="#sSpan579" value="zero"/>
		<feat xlink:href="#sSpan580" value="establishment"/>
		<feat xlink:href="#sSpan581" value="continue"/>
		<feat xlink:href="#sSpan582" value="zero"/>
		<feat xlink:href="#sSpan583" value="establishment"/>
		<feat xlink:href="#sSpan584" value="zero"/>
		<feat xlink:href="#sSpan585" value="establishment"/>
		<feat xlink:href="#sSpan587" value="smooth-shift"/>
		<feat xlink:href="#sSpan588" value="continue"/>
		<feat xlink:href="#sSpan589" value="continue"/>
		<feat xlink:href="#sSpan590" value="rough-shift"/>
		<feat xlink:href="#sSpan591" value="zero"/>
		<feat xlink:href="#sSpan593" value="null"/>
		<feat xlink:href="#sSpan594" value="establishment"/>
		<feat xlink:href="#sSpan595" value="zero"/>
		<feat xlink:href="#sSpan597" value="null"/>
		<feat xlink:href="#sSpan599" value="null"/>
		<feat xlink:href="#sSpan601" value="establishment"/>
		<feat xlink:href="#sSpan603" value="zero"/>
		<feat xlink:href="#sSpan604" value="zero"/>
		<feat xlink:href="#sSpan606" value="establishment"/>
		<feat xlink:href="#sSpan607" value="zero"/>
		<feat xlink:href="#sSpan609" value="null"/></featList></paula>